scene,item,score
scene_0,item_660,1.0
scene_0,item_4578,1.0
scene_0,item_7644,0.9411764705882353
scene_0,item_4311,0.9411764705882353
scene_0,item_7635,0.8823529411764706
scene_0,item_8856,0.8823529411764706
scene_0,item_9951,0.8235294117647058
scene_0,item_1074,0.8235294117647058
scene_0,item_6627,0.8235294117647058
scene_0,item_3843,0.8235294117647058
scene_0,item_5646,0.8235294117647058
scene_0,item_9870,0.8235294117647058
scene_0,item_7320,0.8235294117647058
scene_0,item_8697,0.7647058823529411
scene_0,item_7920,0.7647058823529411
scene_0,item_6411,0.7647058823529411
scene_0,item_5124,0.7647058823529411
scene_0,item_1272,0.7647058823529411
scene_0,item_8439,0.7647058823529411
scene_0,item_840,0.7058823529411765
scene_0,item_6264,0.7058823529411765
scene_0,item_9825,0.7058823529411765
scene_0,item_693,0.7058823529411765
scene_0,item_75,0.7058823529411765
scene_0,item_3393,0.7058823529411765
scene_0,item_6267,0.6470588235294118
scene_0,item_3459,0.6470588235294118
scene_0,item_708,0.6470588235294118
scene_0,item_3138,0.6470588235294118
scene_0,item_8133,0.6470588235294118
scene_0,item_8088,0.6470588235294118
scene_0,item_4257,0.6470588235294118
scene_0,item_2544,0.6470588235294118
scene_0,item_1698,0.6470588235294118
scene_0,item_6156,0.6470588235294118
scene_0,item_6501,0.6470588235294118
scene_0,item_9162,0.5882352941176471
scene_0,item_3858,0.5882352941176471
scene_0,item_5082,0.5882352941176471
scene_0,item_8115,0.5882352941176471
scene_0,item_6357,0.5882352941176471
scene_0,item_1026,0.5882352941176471
scene_0,item_3213,0.5882352941176471
scene_0,item_3828,0.5882352941176471
scene_0,item_390,0.5882352941176471
scene_0,item_1128,0.5882352941176471
scene_0,item_153,0.5882352941176471
scene_0,item_4410,0.5882352941176471
scene_0,item_1119,0.5882352941176471
scene_0,item_3525,0.5882352941176471
scene_0,item_786,0.5882352941176471
scene_0,item_1347,0.5882352941176471
scene_0,item_9045,0.5882352941176471
scene_0,item_861,0.5882352941176471
scene_0,item_4815,0.5882352941176471
scene_0,item_7791,0.5882352941176471
scene_0,item_615,0.5294117647058824
scene_0,item_4623,0.5294117647058824
scene_0,item_6177,0.5294117647058824
scene_0,item_2940,0.5294117647058824
scene_0,item_8100,0.5294117647058824
scene_0,item_1554,0.5294117647058824
scene_0,item_7269,0.5294117647058824
scene_0,item_5337,0.5294117647058824
scene_0,item_3,0.5294117647058824
scene_0,item_4335,0.5294117647058824
scene_0,item_2739,0.5294117647058824
scene_0,item_9393,0.5294117647058824
scene_0,item_7053,0.5294117647058824
scene_0,item_4860,0.5294117647058824
scene_0,item_2055,0.5294117647058824
scene_0,item_4362,0.5294117647058824
scene_0,item_7365,0.5294117647058824
scene_0,item_2955,0.5294117647058824
scene_0,item_6288,0.5294117647058824
scene_0,item_7710,0.5294117647058824
scene_0,item_2109,0.5294117647058824
scene_0,item_8847,0.47058823529411764
scene_0,item_1815,0.47058823529411764
scene_0,item_3885,0.47058823529411764
scene_0,item_1683,0.47058823529411764
scene_0,item_3054,0.47058823529411764
scene_0,item_8829,0.47058823529411764
scene_0,item_5142,0.47058823529411764
scene_0,item_5907,0.47058823529411764
scene_0,item_5667,0.47058823529411764
scene_0,item_1665,0.47058823529411764
scene_0,item_5970,0.47058823529411764
scene_0,item_4044,0.47058823529411764
scene_0,item_5910,0.47058823529411764
scene_0,item_1935,0.47058823529411764
scene_0,item_5817,0.47058823529411764
scene_0,item_942,0.47058823529411764
scene_0,item_7230,0.47058823529411764
scene_0,item_7917,0.47058823529411764
scene_0,item_7566,0.47058823529411764
scene_0,item_9963,0.47058823529411764
scene_0,item_1263,0.47058823529411764
scene_0,item_2814,0.47058823529411764
scene_0,item_2841,0.47058823529411764
scene_0,item_5049,0.47058823529411764
scene_0,item_444,0.47058823529411764
scene_0,item_3333,0.47058823529411764
scene_0,item_6558,0.47058823529411764
scene_0,item_9456,0.47058823529411764
scene_0,item_2409,0.47058823529411764
scene_0,item_2862,0.4117647058823529
scene_0,item_7887,0.4117647058823529
scene_0,item_8574,0.4117647058823529
scene_0,item_1545,0.4117647058823529
scene_0,item_582,0.4117647058823529
scene_0,item_3666,0.4117647058823529
scene_0,item_6384,0.4117647058823529
scene_0,item_1101,0.4117647058823529
scene_0,item_8496,0.4117647058823529
scene_0,item_8919,0.4117647058823529
scene_0,item_7761,0.4117647058823529
scene_0,item_4557,0.4117647058823529
scene_0,item_4608,0.4117647058823529
scene_0,item_8034,0.4117647058823529
scene_0,item_5979,0.4117647058823529
scene_0,item_8631,0.4117647058823529
scene_0,item_7578,0.4117647058823529
scene_0,item_5733,0.4117647058823529
scene_0,item_8037,0.4117647058823529
scene_0,item_7002,0.4117647058823529
scene_0,item_6546,0.4117647058823529
scene_0,item_1872,0.4117647058823529
scene_0,item_807,0.4117647058823529
scene_0,item_2004,0.4117647058823529
scene_0,item_3933,0.4117647058823529
scene_0,item_306,0.4117647058823529
scene_0,item_8469,0.4117647058823529
scene_0,item_4200,0.4117647058823529
scene_0,item_8640,0.4117647058823529
scene_0,item_1827,0.4117647058823529
scene_0,item_2331,0.4117647058823529
scene_0,item_3813,0.4117647058823529
scene_0,item_4788,0.4117647058823529
scene_0,item_1407,0.4117647058823529
scene_0,item_336,0.4117647058823529
scene_0,item_2556,0.4117647058823529
scene_0,item_4146,0.35294117647058826
scene_0,item_111,0.35294117647058826
scene_0,item_8592,0.35294117647058826
scene_0,item_5199,0.35294117647058826
scene_0,item_3165,0.35294117647058826
scene_0,item_5235,0.35294117647058826
scene_0,item_2100,0.35294117647058826
scene_0,item_3681,0.35294117647058826
scene_0,item_5619,0.35294117647058826
scene_0,item_6351,0.35294117647058826
scene_0,item_4878,0.35294117647058826
scene_0,item_8796,0.35294117647058826
scene_0,item_6972,0.35294117647058826
scene_0,item_6483,0.35294117647058826
scene_0,item_915,0.35294117647058826
scene_0,item_885,0.35294117647058826
scene_0,item_5298,0.35294117647058826
scene_0,item_2040,0.35294117647058826
scene_0,item_543,0.35294117647058826
scene_0,item_2751,0.35294117647058826
scene_0,item_828,0.35294117647058826
scene_0,item_4389,0.35294117647058826
scene_0,item_5604,0.35294117647058826
scene_0,item_3195,0.35294117647058826
scene_0,item_2283,0.35294117647058826
scene_0,item_264,0.35294117647058826
scene_0,item_1917,0.35294117647058826
scene_0,item_51,0.35294117647058826
scene_0,item_5745,0.35294117647058826
scene_0,item_6942,0.35294117647058826
scene_0,item_81,0.35294117647058826
scene_0,item_7467,0.35294117647058826
scene_0,item_4296,0.35294117647058826
scene_0,item_8784,0.35294117647058826
scene_0,item_8274,0.35294117647058826
scene_0,item_2550,0.35294117647058826
scene_0,item_7134,0.35294117647058826
scene_0,item_3474,0.35294117647058826
scene_0,item_462,0.35294117647058826
scene_0,item_8655,0.35294117647058826
scene_0,item_1488,0.35294117647058826
scene_0,item_9351,0.35294117647058826
scene_0,item_507,0.35294117647058826
scene_0,item_8643,0.35294117647058826
scene_0,item_5160,0.35294117647058826
scene_0,item_6684,0.35294117647058826
scene_0,item_7716,0.35294117647058826
scene_0,item_2121,0.35294117647058826
scene_0,item_3870,0.35294117647058826
scene_0,item_8322,0.35294117647058826
scene_0,item_3216,0.35294117647058826
scene_0,item_4482,0.35294117647058826
scene_0,item_9987,0.35294117647058826
scene_0,item_717,0.29411764705882354
scene_0,item_9555,0.29411764705882354
scene_0,item_3693,0.29411764705882354
scene_0,item_1065,0.29411764705882354
scene_0,item_579,0.29411764705882354
scene_0,item_4656,0.29411764705882354
scene_0,item_3225,0.29411764705882354
scene_0,item_4191,0.29411764705882354
scene_0,item_1596,0.29411764705882354
scene_0,item_5175,0.29411764705882354
scene_0,item_5478,0.29411764705882354
scene_0,item_738,0.29411764705882354
scene_0,item_6312,0.29411764705882354
scene_0,item_8988,0.29411764705882354
scene_0,item_4572,0.29411764705882354
scene_0,item_9498,0.29411764705882354
scene_0,item_4794,0.29411764705882354
scene_0,item_8658,0.29411764705882354
scene_0,item_8538,0.29411764705882354
scene_0,item_9306,0.29411764705882354
scene_0,item_8913,0.29411764705882354
scene_0,item_6228,0.29411764705882354
scene_0,item_867,0.29411764705882354
scene_0,item_9243,0.29411764705882354
scene_0,item_1080,0.29411764705882354
scene_0,item_6882,0.29411764705882354
scene_0,item_1035,0.29411764705882354
scene_0,item_4245,0.29411764705882354
scene_0,item_8181,0.29411764705882354
scene_0,item_8619,0.29411764705882354
scene_0,item_4107,0.29411764705882354
scene_0,item_8952,0.29411764705882354
scene_0,item_6132,0.29411764705882354
scene_0,item_678,0.29411764705882354
scene_0,item_9357,0.29411764705882354
scene_0,item_2442,0.29411764705882354
scene_0,item_4254,0.29411764705882354
scene_0,item_7014,0.29411764705882354
scene_0,item_4677,0.29411764705882354
scene_0,item_450,0.29411764705882354
scene_0,item_5931,0.29411764705882354
scene_0,item_8121,0.29411764705882354
scene_0,item_9264,0.29411764705882354
scene_0,item_9087,0.29411764705882354
scene_0,item_8160,0.29411764705882354
scene_0,item_3729,0.29411764705882354
scene_0,item_6891,0.29411764705882354
scene_0,item_9531,0.29411764705882354
scene_0,item_6834,0.29411764705882354
scene_0,item_99,0.29411764705882354
scene_0,item_7722,0.29411764705882354
scene_0,item_9777,0.29411764705882354
scene_0,item_1338,0.29411764705882354
scene_0,item_1860,0.29411764705882354
scene_0,item_7797,0.29411764705882354
scene_0,item_2952,0.29411764705882354
scene_0,item_3723,0.29411764705882354
scene_0,item_6792,0.29411764705882354
scene_0,item_3825,0.29411764705882354
scene_0,item_4302,0.29411764705882354
scene_0,item_6429,0.29411764705882354
scene_0,item_5838,0.29411764705882354
scene_0,item_1398,0.29411764705882354
scene_0,item_7086,0.29411764705882354
scene_0,item_4734,0.29411764705882354
scene_0,item_2766,0.29411764705882354
scene_0,item_3423,0.29411764705882354
scene_0,item_6306,0.29411764705882354
scene_0,item_2610,0.29411764705882354
scene_0,item_7386,0.29411764705882354
scene_0,item_6087,0.29411764705882354
scene_0,item_9603,0.29411764705882354
scene_0,item_3285,0.29411764705882354
scene_0,item_4329,0.29411764705882354
scene_0,item_1413,0.29411764705882354
scene_0,item_6213,0.29411764705882354
scene_0,item_7170,0.29411764705882354
scene_0,item_567,0.29411764705882354
scene_0,item_9375,0.29411764705882354
scene_0,item_6840,0.29411764705882354
scene_0,item_8688,0.29411764705882354
scene_0,item_5223,0.29411764705882354
scene_0,item_645,0.29411764705882354
scene_0,item_6996,0.29411764705882354
scene_0,item_6405,0.29411764705882354
scene_0,item_2532,0.29411764705882354
scene_0,item_4863,0.29411764705882354
scene_0,item_6912,0.29411764705882354
scene_0,item_5712,0.29411764705882354
scene_0,item_5409,0.29411764705882354
scene_0,item_8277,0.29411764705882354
scene_0,item_6687,0.29411764705882354
scene_0,item_132,0.29411764705882354
scene_0,item_5634,0.29411764705882354
scene_0,item_5550,0.29411764705882354
scene_0,item_2298,0.29411764705882354
scene_0,item_8046,0.29411764705882354
scene_0,item_5517,0.29411764705882354
scene_0,item_2643,0.29411764705882354
scene_0,item_4251,0.29411764705882354
scene_0,item_3816,0.29411764705882354
scene_0,item_6111,0.23529411764705882
scene_0,item_7173,0.23529411764705882
scene_0,item_996,0.23529411764705882
scene_0,item_7182,0.23529411764705882
scene_0,item_8379,0.23529411764705882
scene_0,item_5331,0.23529411764705882
scene_0,item_1281,0.23529411764705882
scene_0,item_8613,0.23529411764705882
scene_0,item_3873,0.23529411764705882
scene_0,item_4500,0.23529411764705882
scene_0,item_4308,0.23529411764705882
scene_0,item_9609,0.23529411764705882
scene_0,item_5466,0.23529411764705882
scene_0,item_6462,0.23529411764705882
scene_0,item_7815,0.23529411764705882
scene_0,item_7041,0.23529411764705882
scene_0,item_9483,0.23529411764705882
scene_0,item_1176,0.23529411764705882
scene_0,item_7059,0.23529411764705882
scene_0,item_2805,0.23529411764705882
scene_0,item_8763,0.23529411764705882
scene_0,item_3000,0.23529411764705882
scene_0,item_1887,0.23529411764705882
scene_0,item_9672,0.23529411764705882
scene_0,item_5541,0.23529411764705882
scene_0,item_9270,0.23529411764705882
scene_0,item_8481,0.23529411764705882
scene_0,item_4536,0.23529411764705882
scene_0,item_9282,0.23529411764705882
scene_0,item_7752,0.23529411764705882
scene_0,item_7845,0.23529411764705882
scene_0,item_6222,0.23529411764705882
scene_0,item_3249,0.23529411764705882
scene_0,item_2046,0.23529411764705882
scene_0,item_8976,0.23529411764705882
scene_0,item_402,0.23529411764705882
scene_0,item_1614,0.23529411764705882
scene_0,item_8337,0.23529411764705882
scene_0,item_9924,0.23529411764705882
scene_0,item_1710,0.23529411764705882
scene_0,item_9876,0.23529411764705882
scene_0,item_6648,0.23529411764705882
scene_0,item_2946,0.23529411764705882
scene_0,item_6993,0.23529411764705882
scene_0,item_5451,0.23529411764705882
scene_0,item_5208,0.23529411764705882
scene_0,item_3033,0.23529411764705882
scene_0,item_1776,0.23529411764705882
scene_0,item_1380,0.23529411764705882
scene_0,item_2727,0.23529411764705882
scene_0,item_3978,0.23529411764705882
scene_0,item_7098,0.23529411764705882
scene_0,item_2181,0.23529411764705882
scene_0,item_537,0.23529411764705882
scene_0,item_8775,0.23529411764705882
scene_0,item_5802,0.23529411764705882
scene_0,item_8634,0.23529411764705882
scene_0,item_5394,0.23529411764705882
scene_0,item_5922,0.23529411764705882
scene_0,item_5265,0.23529411764705882
scene_0,item_5985,0.23529411764705882
scene_0,item_6966,0.23529411764705882
scene_0,item_6723,0.23529411764705882
scene_0,item_2904,0.23529411764705882
scene_0,item_6315,0.23529411764705882
scene_0,item_7413,0.23529411764705882
scene_0,item_8367,0.23529411764705882
scene_0,item_4746,0.23529411764705882
scene_0,item_6717,0.23529411764705882
scene_0,item_1386,0.23529411764705882
scene_0,item_9030,0.23529411764705882
scene_0,item_8319,0.23529411764705882
scene_0,item_3123,0.23529411764705882
scene_0,item_5163,0.23529411764705882
scene_0,item_2622,0.23529411764705882
scene_0,item_6903,0.23529411764705882
scene_0,item_1806,0.23529411764705882
scene_0,item_1740,0.23529411764705882
scene_0,item_3906,0.23529411764705882
scene_0,item_4722,0.23529411764705882
scene_0,item_8043,0.23529411764705882
scene_0,item_4239,0.23529411764705882
scene_0,item_9303,0.23529411764705882
scene_0,item_4485,0.23529411764705882
scene_0,item_5334,0.23529411764705882
scene_0,item_9171,0.23529411764705882
scene_0,item_6084,0.23529411764705882
scene_0,item_8703,0.23529411764705882
scene_0,item_3354,0.23529411764705882
scene_0,item_2028,0.23529411764705882
scene_0,item_7068,0.23529411764705882
scene_0,item_4260,0.23529411764705882
scene_0,item_9420,0.23529411764705882
scene_0,item_9786,0.23529411764705882
scene_0,item_1434,0.23529411764705882
scene_0,item_9573,0.23529411764705882
scene_0,item_1977,0.23529411764705882
scene_0,item_5169,0.23529411764705882
scene_0,item_9165,0.23529411764705882
scene_0,item_1980,0.23529411764705882
scene_0,item_7749,0.23529411764705882
scene_0,item_2646,0.23529411764705882
scene_0,item_2262,0.23529411764705882
scene_0,item_5880,0.23529411764705882
scene_0,item_4305,0.23529411764705882
scene_0,item_6936,0.23529411764705882
scene_0,item_9123,0.23529411764705882
scene_0,item_3582,0.23529411764705882
scene_0,item_2910,0.23529411764705882
scene_0,item_4356,0.23529411764705882
scene_0,item_3447,0.23529411764705882
scene_0,item_9330,0.23529411764705882
scene_0,item_453,0.23529411764705882
scene_0,item_9906,0.23529411764705882
scene_0,item_1551,0.23529411764705882
scene_0,item_8373,0.23529411764705882
scene_0,item_9246,0.23529411764705882
scene_0,item_8832,0.23529411764705882
scene_0,item_8016,0.23529411764705882
scene_0,item_4704,0.23529411764705882
scene_0,item_7545,0.23529411764705882
scene_0,item_15,0.23529411764705882
scene_0,item_1374,0.23529411764705882
scene_0,item_2025,0.23529411764705882
scene_0,item_5964,0.23529411764705882
scene_0,item_3042,0.23529411764705882
scene_0,item_3108,0.23529411764705882
scene_0,item_192,0.23529411764705882
scene_0,item_8328,0.17647058823529413
scene_0,item_6837,0.17647058823529413
scene_0,item_4323,0.17647058823529413
scene_0,item_417,0.17647058823529413
scene_0,item_5094,0.17647058823529413
scene_0,item_2784,0.17647058823529413
scene_0,item_2286,0.17647058823529413
scene_0,item_8331,0.17647058823529413
scene_0,item_5601,0.17647058823529413
scene_0,item_5676,0.17647058823529413
scene_0,item_171,0.17647058823529413
scene_0,item_4827,0.17647058823529413
scene_0,item_7731,0.17647058823529413
scene_0,item_4332,0.17647058823529413
scene_0,item_3966,0.17647058823529413
scene_0,item_8907,0.17647058823529413
scene_0,item_9729,0.17647058823529413
scene_0,item_2445,0.17647058823529413
scene_0,item_4821,0.17647058823529413
scene_0,item_6162,0.17647058823529413
scene_0,item_8103,0.17647058823529413
scene_0,item_2454,0.17647058823529413
scene_0,item_2568,0.17647058823529413
scene_0,item_408,0.17647058823529413
scene_0,item_6765,0.17647058823529413
scene_0,item_573,0.17647058823529413
scene_0,item_6957,0.17647058823529413
scene_0,item_9093,0.17647058823529413
scene_0,item_1110,0.17647058823529413
scene_0,item_8445,0.17647058823529413
scene_0,item_7302,0.17647058823529413
scene_0,item_7332,0.17647058823529413
scene_0,item_6783,0.17647058823529413
scene_0,item_4167,0.17647058823529413
scene_0,item_3633,0.17647058823529413
scene_0,item_2829,0.17647058823529413
scene_0,item_7833,0.17647058823529413
scene_0,item_906,0.17647058823529413
scene_0,item_9954,0.17647058823529413
scene_0,item_3762,0.17647058823529413
scene_0,item_8031,0.17647058823529413
scene_0,item_1932,0.17647058823529413
scene_0,item_210,0.17647058823529413
scene_0,item_4437,0.17647058823529413
scene_0,item_273,0.17647058823529413
scene_0,item_6219,0.17647058823529413
scene_0,item_4080,0.17647058823529413
scene_0,item_2463,0.17647058823529413
scene_0,item_4347,0.17647058823529413
scene_0,item_1647,0.17647058823529413
scene_0,item_2754,0.17647058823529413
scene_0,item_4284,0.17647058823529413
scene_0,item_6870,0.17647058823529413
scene_0,item_2604,0.17647058823529413
scene_0,item_7668,0.17647058823529413
scene_0,item_3321,0.17647058823529413
scene_0,item_7890,0.17647058823529413
scene_0,item_6885,0.17647058823529413
scene_0,item_5997,0.17647058823529413
scene_0,item_3492,0.17647058823529413
scene_0,item_3186,0.17647058823529413
scene_0,item_9720,0.17647058823529413
scene_0,item_1005,0.17647058823529413
scene_0,item_6567,0.17647058823529413
scene_0,item_972,0.17647058823529413
scene_0,item_4272,0.17647058823529413
scene_0,item_3240,0.17647058823529413
scene_0,item_9576,0.17647058823529413
scene_0,item_117,0.17647058823529413
scene_0,item_4563,0.17647058823529413
scene_0,item_4518,0.17647058823529413
scene_0,item_6948,0.17647058823529413
scene_0,item_5934,0.17647058823529413
scene_0,item_4011,0.17647058823529413
scene_0,item_3456,0.17647058823529413
scene_0,item_8985,0.17647058823529413
scene_0,item_4467,0.17647058823529413
scene_0,item_4071,0.17647058823529413
scene_0,item_2565,0.17647058823529413
scene_0,item_3324,0.17647058823529413
scene_0,item_6714,0.17647058823529413
scene_0,item_3960,0.17647058823529413
scene_0,item_9897,0.17647058823529413
scene_0,item_5655,0.17647058823529413
scene_0,item_3861,0.17647058823529413
scene_0,item_3924,0.17647058823529413
scene_0,item_6270,0.17647058823529413
scene_0,item_6093,0.17647058823529413
scene_0,item_9249,0.17647058823529413
scene_0,item_2832,0.17647058823529413
scene_0,item_9012,0.17647058823529413
scene_0,item_7032,0.17647058823529413
scene_0,item_4017,0.17647058823529413
scene_0,item_6477,0.17647058823529413
scene_0,item_2043,0.17647058823529413
scene_0,item_7803,0.17647058823529413
scene_0,item_3603,0.17647058823529413
scene_0,item_5532,0.17647058823529413
scene_0,item_9336,0.17647058823529413
scene_0,item_6699,0.17647058823529413
scene_0,item_7533,0.17647058823529413
scene_0,item_3969,0.17647058823529413
scene_0,item_3426,0.17647058823529413
scene_0,item_3132,0.17647058823529413
scene_0,item_6201,0.17647058823529413
scene_0,item_7620,0.17647058823529413
scene_0,item_2997,0.17647058823529413
scene_0,item_1704,0.17647058823529413
scene_0,item_333,0.17647058823529413
scene_0,item_7296,0.17647058823529413
scene_0,item_6393,0.17647058823529413
scene_0,item_8295,0.17647058823529413
scene_0,item_2154,0.17647058823529413
scene_0,item_5475,0.17647058823529413
scene_0,item_5892,0.17647058823529413
scene_0,item_3501,0.17647058823529413
scene_0,item_7491,0.17647058823529413
scene_0,item_7272,0.17647058823529413
scene_0,item_7983,0.17647058823529413
scene_0,item_3369,0.17647058823529413
scene_0,item_2796,0.17647058823529413
scene_0,item_7560,0.17647058823529413
scene_0,item_900,0.17647058823529413
scene_0,item_804,0.17647058823529413
scene_0,item_7896,0.17647058823529413
scene_0,item_4977,0.17647058823529413
scene_0,item_9795,0.17647058823529413
scene_0,item_6006,0.17647058823529413
scene_0,item_201,0.17647058823529413
scene_0,item_189,0.17647058823529413
scene_0,item_3486,0.17647058823529413
scene_0,item_6660,0.17647058823529413
scene_0,item_3135,0.17647058823529413
scene_0,item_5499,0.17647058823529413
scene_0,item_9051,0.17647058823529413
scene_0,item_4464,0.17647058823529413
scene_0,item_2925,0.17647058823529413
scene_0,item_1470,0.17647058823529413
scene_0,item_7632,0.17647058823529413
scene_0,item_4590,0.17647058823529413
scene_0,item_4689,0.17647058823529413
scene_0,item_5385,0.17647058823529413
scene_0,item_3963,0.17647058823529413
scene_0,item_5361,0.17647058823529413
scene_0,item_2559,0.17647058823529413
scene_0,item_9,0.17647058823529413
scene_0,item_147,0.17647058823529413
scene_0,item_2016,0.17647058823529413
scene_0,item_7569,0.17647058823529413
scene_0,item_1725,0.17647058823529413
scene_0,item_8349,0.17647058823529413
scene_0,item_1269,0.17647058823529413
scene_0,item_8667,0.17647058823529413
scene_0,item_2838,0.17647058823529413
scene_0,item_1443,0.17647058823529413
scene_0,item_9894,0.17647058823529413
scene_0,item_7449,0.17647058823529413
scene_0,item_7959,0.17647058823529413
scene_0,item_8502,0.17647058823529413
scene_0,item_7656,0.17647058823529413
scene_0,item_5841,0.17647058823529413
scene_0,item_9108,0.17647058823529413
scene_0,item_7542,0.17647058823529413
scene_0,item_846,0.17647058823529413
scene_0,item_7434,0.17647058823529413
scene_0,item_144,0.17647058823529413
scene_0,item_3957,0.17647058823529413
scene_0,item_963,0.17647058823529413
scene_0,item_9048,0.17647058823529413
scene_0,item_5670,0.17647058823529413
scene_0,item_3342,0.17647058823529413
scene_0,item_2214,0.17647058823529413
scene_0,item_8448,0.17647058823529413
scene_0,item_5205,0.17647058823529413
scene_0,item_612,0.17647058823529413
scene_0,item_1944,0.17647058823529413
scene_0,item_4026,0.17647058823529413
scene_0,item_7470,0.17647058823529413
scene_0,item_9027,0.17647058823529413
scene_0,item_6090,0.17647058823529413
scene_0,item_9099,0.17647058823529413
scene_0,item_5658,0.17647058823529413
scene_0,item_8853,0.17647058823529413
scene_0,item_7404,0.17647058823529413
scene_0,item_7818,0.17647058823529413
scene_0,item_9039,0.17647058823529413
scene_0,item_1089,0.17647058823529413
scene_0,item_4923,0.17647058823529413
scene_0,item_3126,0.17647058823529413
scene_0,item_4476,0.17647058823529413
scene_0,item_7158,0.17647058823529413
scene_0,item_7785,0.17647058823529413
scene_0,item_4089,0.17647058823529413
scene_0,item_2520,0.17647058823529413
scene_0,item_1293,0.17647058823529413
scene_0,item_8520,0.17647058823529413
scene_0,item_6117,0.17647058823529413
scene_0,item_3753,0.17647058823529413
scene_0,item_8505,0.17647058823529413
scene_0,item_3330,0.17647058823529413
scene_0,item_126,0.17647058823529413
scene_0,item_8127,0.17647058823529413
scene_0,item_8166,0.17647058823529413
scene_0,item_8340,0.17647058823529413
scene_0,item_2457,0.17647058823529413
scene_0,item_8637,0.17647058823529413
scene_0,item_5610,0.17647058823529413
scene_0,item_1524,0.17647058823529413
scene_0,item_4020,0.17647058823529413
scene_0,item_2655,0.17647058823529413
scene_0,item_291,0.17647058823529413
scene_0,item_4986,0.11764705882352941
scene_0,item_9594,0.11764705882352941
scene_0,item_2571,0.11764705882352941
scene_0,item_3177,0.11764705882352941
scene_0,item_5616,0.11764705882352941
scene_0,item_5436,0.11764705882352941
scene_0,item_2151,0.11764705882352941
scene_0,item_2982,0.11764705882352941
scene_0,item_9360,0.11764705882352941
scene_0,item_414,0.11764705882352941
scene_0,item_1773,0.11764705882352941
scene_0,item_1008,0.11764705882352941
scene_0,item_8376,0.11764705882352941
scene_0,item_6813,0.11764705882352941
scene_0,item_2319,0.11764705882352941
scene_0,item_1620,0.11764705882352941
scene_0,item_6585,0.11764705882352941
scene_0,item_4281,0.11764705882352941
scene_0,item_1227,0.11764705882352941
scene_0,item_8850,0.11764705882352941
scene_0,item_8397,0.11764705882352941
scene_0,item_630,0.11764705882352941
scene_0,item_7266,0.11764705882352941
scene_0,item_5718,0.11764705882352941
scene_0,item_7647,0.11764705882352941
scene_0,item_6456,0.11764705882352941
scene_0,item_1188,0.11764705882352941
scene_0,item_4833,0.11764705882352941
scene_0,item_87,0.11764705882352941
scene_0,item_1014,0.11764705882352941
scene_0,item_966,0.11764705882352941
scene_0,item_7248,0.11764705882352941
scene_0,item_7950,0.11764705882352941
scene_0,item_4944,0.11764705882352941
scene_0,item_5739,0.11764705882352941
scene_0,item_1329,0.11764705882352941
scene_0,item_987,0.11764705882352941
scene_0,item_8616,0.11764705882352941
scene_0,item_8118,0.11764705882352941
scene_0,item_8172,0.11764705882352941
scene_0,item_4005,0.11764705882352941
scene_0,item_1284,0.11764705882352941
scene_0,item_7077,0.11764705882352941
scene_0,item_4779,0.11764705882352941
scene_0,item_1071,0.11764705882352941
scene_0,item_6012,0.11764705882352941
scene_0,item_2001,0.11764705882352941
scene_0,item_387,0.11764705882352941
scene_0,item_3243,0.11764705882352941
scene_0,item_69,0.11764705882352941
scene_0,item_7968,0.11764705882352941
scene_0,item_9918,0.11764705882352941
scene_0,item_7899,0.11764705882352941
scene_0,item_3006,0.11764705882352941
scene_0,item_3084,0.11764705882352941
scene_0,item_5793,0.11764705882352941
scene_0,item_4455,0.11764705882352941
scene_0,item_7851,0.11764705882352941
scene_0,item_324,0.11764705882352941
scene_0,item_9828,0.11764705882352941
scene_0,item_4320,0.11764705882352941
scene_0,item_1485,0.11764705882352941
scene_0,item_7863,0.11764705882352941
scene_0,item_4830,0.11764705882352941
scene_0,item_9801,0.11764705882352941
scene_0,item_8553,0.11764705882352941
scene_0,item_8970,0.11764705882352941
scene_0,item_1512,0.11764705882352941
scene_0,item_6198,0.11764705882352941
scene_0,item_9153,0.11764705882352941
scene_0,item_7161,0.11764705882352941
scene_0,item_1215,0.11764705882352941
scene_0,item_6606,0.11764705882352941
scene_0,item_423,0.11764705882352941
scene_0,item_7500,0.11764705882352941
scene_0,item_7926,0.11764705882352941
scene_0,item_9558,0.11764705882352941
scene_0,item_1440,0.11764705882352941
scene_0,item_6489,0.11764705882352941
scene_0,item_4287,0.11764705882352941
scene_0,item_78,0.11764705882352941
scene_0,item_1428,0.11764705882352941
scene_0,item_1164,0.11764705882352941
scene_0,item_4128,0.11764705882352941
scene_0,item_2343,0.11764705882352941
scene_0,item_5412,0.11764705882352941
scene_0,item_3738,0.11764705882352941
scene_0,item_3294,0.11764705882352941
scene_0,item_5904,0.11764705882352941
scene_0,item_8442,0.11764705882352941
scene_0,item_8430,0.11764705882352941
scene_0,item_5556,0.11764705882352941
scene_0,item_5247,0.11764705882352941
scene_0,item_9438,0.11764705882352941
scene_0,item_3780,0.11764705882352941
scene_0,item_252,0.11764705882352941
scene_0,item_6543,0.11764705882352941
scene_0,item_4104,0.11764705882352941
scene_0,item_3021,0.11764705882352941
scene_0,item_2682,0.11764705882352941
scene_0,item_5721,0.11764705882352941
scene_0,item_750,0.11764705882352941
scene_0,item_1911,0.11764705882352941
scene_0,item_3312,0.11764705882352941
scene_0,item_9684,0.11764705882352941
scene_0,item_1557,0.11764705882352941
scene_0,item_7065,0.11764705882352941
scene_0,item_1941,0.11764705882352941
scene_0,item_5703,0.11764705882352941
scene_0,item_7806,0.11764705882352941
scene_0,item_480,0.11764705882352941
scene_0,item_1746,0.11764705882352941
scene_0,item_3948,0.11764705882352941
scene_0,item_9006,0.11764705882352941
scene_0,item_6165,0.11764705882352941
scene_0,item_3438,0.11764705882352941
scene_0,item_5574,0.11764705882352941
scene_0,item_7881,0.11764705882352941
scene_0,item_8313,0.11764705882352941
scene_0,item_6924,0.11764705882352941
scene_0,item_504,0.11764705882352941
scene_0,item_5085,0.11764705882352941
scene_0,item_4206,0.11764705882352941
scene_0,item_315,0.11764705882352941
scene_0,item_9285,0.11764705882352941
scene_0,item_2718,0.11764705882352941
scene_0,item_7095,0.11764705882352941
scene_0,item_8370,0.11764705882352941
scene_0,item_909,0.11764705882352941
scene_0,item_3399,0.11764705882352941
scene_0,item_564,0.11764705882352941
scene_0,item_1950,0.11764705882352941
scene_0,item_2274,0.11764705882352941
scene_0,item_1914,0.11764705882352941
scene_0,item_9231,0.11764705882352941
scene_0,item_5595,0.11764705882352941
scene_0,item_8316,0.11764705882352941
scene_0,item_9339,0.11764705882352941
scene_0,item_1653,0.11764705882352941
scene_0,item_9003,0.11764705882352941
scene_0,item_4002,0.11764705882352941
scene_0,item_6510,0.11764705882352941
scene_0,item_6168,0.11764705882352941
scene_0,item_5115,0.11764705882352941
scene_0,item_483,0.11764705882352941
scene_0,item_8997,0.11764705882352941
scene_0,item_2223,0.11764705882352941
scene_0,item_1584,0.11764705882352941
scene_0,item_6192,0.11764705882352941
scene_0,item_7038,0.11764705882352941
scene_0,item_6552,0.11764705882352941
scene_0,item_9342,0.11764705882352941
scene_0,item_2928,0.11764705882352941
scene_0,item_6978,0.11764705882352941
scene_0,item_7005,0.11764705882352941
scene_0,item_6210,0.11764705882352941
scene_0,item_2601,0.11764705882352941
scene_0,item_8094,0.11764705882352941
scene_0,item_3576,0.11764705882352941
scene_0,item_3567,0.11764705882352941
scene_0,item_9219,0.11764705882352941
scene_0,item_3219,0.11764705882352941
scene_0,item_5715,0.11764705882352941
scene_0,item_621,0.11764705882352941
scene_0,item_5322,0.11764705882352941
scene_0,item_8025,0.11764705882352941
scene_0,item_7836,0.11764705882352941
scene_0,item_3663,0.11764705882352941
scene_0,item_8013,0.11764705882352941
scene_0,item_4341,0.11764705882352941
scene_0,item_8652,0.11764705882352941
scene_0,item_8793,0.11764705882352941
scene_0,item_5211,0.11764705882352941
scene_0,item_2211,0.11764705882352941
scene_0,item_7104,0.11764705882352941
scene_0,item_8451,0.11764705882352941
scene_0,item_1113,0.11764705882352941
scene_0,item_6825,0.11764705882352941
scene_0,item_7686,0.11764705882352941
scene_0,item_3702,0.11764705882352941
scene_0,item_1707,0.11764705882352941
scene_0,item_1011,0.11764705882352941
scene_0,item_1029,0.11764705882352941
scene_0,item_3300,0.11764705882352941
scene_0,item_3807,0.11764705882352941
scene_0,item_6603,0.11764705882352941
scene_0,item_7674,0.11764705882352941
scene_0,item_7509,0.11764705882352941
scene_0,item_7473,0.11764705882352941
scene_0,item_4083,0.11764705882352941
scene_0,item_8910,0.11764705882352941
scene_0,item_4227,0.11764705882352941
scene_0,item_9390,0.11764705882352941
scene_0,item_8862,0.11764705882352941
scene_0,item_2793,0.11764705882352941
scene_0,item_2415,0.11764705882352941
scene_0,item_9378,0.11764705882352941
scene_0,item_9969,0.11764705882352941
scene_0,item_7140,0.11764705882352941
scene_0,item_2976,0.11764705882352941
scene_0,item_5196,0.11764705882352941
scene_0,item_8877,0.11764705882352941
scene_0,item_8112,0.11764705882352941
scene_0,item_9177,0.11764705882352941
scene_0,item_4560,0.11764705882352941
scene_0,item_1536,0.11764705882352941
scene_0,item_9726,0.11764705882352941
scene_0,item_4653,0.11764705882352941
scene_0,item_7944,0.11764705882352941
scene_0,item_8307,0.11764705882352941
scene_0,item_7416,0.11764705882352941
scene_0,item_2760,0.11764705882352941
scene_0,item_4530,0.11764705882352941
scene_0,item_4758,0.11764705882352941
scene_0,item_6129,0.11764705882352941
scene_0,item_63,0.11764705882352941
scene_0,item_5493,0.11764705882352941
scene_0,item_1992,0.11764705882352941
scene_0,item_8649,0.11764705882352941
scene_0,item_8358,0.11764705882352941
scene_0,item_5028,0.11764705882352941
scene_0,item_3789,0.11764705882352941
scene_0,item_6390,0.11764705882352941
scene_0,item_9597,0.11764705882352941
scene_0,item_8781,0.11764705882352941
scene_0,item_2988,0.11764705882352941
scene_0,item_1332,0.11764705882352941
scene_0,item_6582,0.11764705882352941
scene_0,item_6930,0.11764705882352941
scene_0,item_8802,0.11764705882352941
scene_0,item_6354,0.11764705882352941
scene_0,item_5325,0.11764705882352941
scene_0,item_7371,0.11764705882352941
scene_0,item_6750,0.11764705882352941
scene_0,item_2475,0.11764705882352941
scene_0,item_5046,0.11764705882352941
scene_0,item_2916,0.11764705882352941
scene_0,item_6381,0.11764705882352941
scene_0,item_9372,0.11764705882352941
scene_0,item_8589,0.11764705882352941
scene_0,item_8280,0.11764705882352941
scene_0,item_8943,0.11764705882352941
scene_0,item_6915,0.11764705882352941
scene_0,item_4851,0.11764705882352941
scene_0,item_4551,0.11764705882352941
scene_0,item_8190,0.11764705882352941
scene_0,item_969,0.11764705882352941
scene_0,item_1296,0.11764705882352941
scene_0,item_4665,0.11764705882352941
scene_0,item_5706,0.11764705882352941
scene_0,item_7335,0.11764705882352941
scene_0,item_2676,0.11764705882352941
scene_0,item_8355,0.11764705882352941
scene_0,item_1179,0.11764705882352941
scene_0,item_7377,0.11764705882352941
scene_0,item_6504,0.11764705882352941
scene_0,item_6636,0.11764705882352941
scene_0,item_7524,0.11764705882352941
scene_0,item_5694,0.11764705882352941
scene_0,item_1266,0.11764705882352941
scene_0,item_4584,0.11764705882352941
scene_0,item_9063,0.11764705882352941
scene_0,item_9696,0.11764705882352941
scene_0,item_7071,0.11764705882352941
scene_0,item_1053,0.11764705882352941
scene_0,item_4593,0.11764705882352941
scene_0,item_3951,0.11764705882352941
scene_0,item_48,0.11764705882352941
scene_0,item_4065,0.11764705882352941
scene_0,item_8247,0.11764705882352941
scene_0,item_6225,0.11764705882352941
scene_0,item_6756,0.11764705882352941
scene_0,item_2247,0.11764705882352941
scene_0,item_5799,0.11764705882352941
scene_0,item_951,0.11764705882352941
scene_0,item_9915,0.11764705882352941
scene_0,item_8019,0.11764705882352941
scene_0,item_1062,0.11764705882352941
scene_0,item_756,0.11764705882352941
scene_0,item_3684,0.11764705882352941
scene_0,item_3102,0.11764705882352941
scene_0,item_7080,0.11764705882352941
scene_0,item_4263,0.11764705882352941
scene_0,item_5250,0.11764705882352941
scene_0,item_600,0.11764705882352941
scene_0,item_8766,0.11764705882352941
scene_0,item_1953,0.11764705882352941
scene_0,item_9657,0.11764705882352941
scene_0,item_7197,0.11764705882352941
scene_0,item_8175,0.11764705882352941
scene_0,item_1869,0.11764705882352941
scene_0,item_3792,0.11764705882352941
scene_0,item_456,0.11764705882352941
scene_0,item_7938,0.11764705882352941
scene_0,item_1140,0.11764705882352941
scene_0,item_9624,0.11764705882352941
scene_0,item_9363,0.11764705882352941
scene_0,item_9873,0.11764705882352941
scene_0,item_9225,0.11764705882352941
scene_0,item_1716,0.11764705882352941
scene_0,item_9495,0.11764705882352941
scene_0,item_1446,0.11764705882352941
scene_0,item_8139,0.11764705882352941
scene_0,item_9402,0.11764705882352941
scene_0,item_1083,0.11764705882352941
scene_0,item_5901,0.11764705882352941
scene_0,item_7398,0.11764705882352941
scene_0,item_6474,0.11764705882352941
scene_0,item_6105,0.11764705882352941
scene_0,item_9711,0.11764705882352941
scene_0,item_5925,0.11764705882352941
scene_0,item_8607,0.11764705882352941
scene_0,item_4041,0.11764705882352941
scene_0,item_5289,0.11764705882352941
scene_0,item_6588,0.11764705882352941
scene_0,item_9210,0.11764705882352941
scene_0,item_3621,0.11764705882352941
scene_0,item_6435,0.11764705882352941
scene_0,item_1749,0.11764705882352941
scene_0,item_5364,0.11764705882352941
scene_0,item_5358,0.11764705882352941
scene_0,item_6651,0.11764705882352941
scene_0,item_375,0.11764705882352941
scene_0,item_342,0.11764705882352941
scene_0,item_591,0.11764705882352941
scene_0,item_465,0.11764705882352941
scene_0,item_5391,0.11764705882352941
scene_0,item_7848,0.11764705882352941
scene_0,item_8532,0.11764705882352941
scene_0,item_8061,0.11764705882352941
scene_0,item_4725,0.11764705882352941
scene_0,item_8070,0.11764705882352941
scene_0,item_7626,0.11764705882352941
scene_0,item_7062,0.11764705882352941
scene_0,item_357,0.11764705882352941
scene_0,item_9738,0.11764705882352941
scene_0,item_285,0.11764705882352941
scene_0,item_7980,0.11764705882352941
scene_0,item_2007,0.11764705882352941
scene_0,item_2010,0.11764705882352941
scene_0,item_1422,0.11764705882352941
scene_0,item_8934,0.11764705882352941
scene_0,item_3534,0.11764705882352941
scene_0,item_6282,0.11764705882352941
scene_0,item_4074,0.11764705882352941
scene_0,item_5811,0.11764705882352941
scene_0,item_1632,0.11764705882352941
scene_0,item_8259,0.11764705882352941
scene_0,item_18,0.11764705882352941
scene_0,item_6255,0.11764705882352941
scene_0,item_7527,0.11764705882352941
scene_0,item_4902,0.11764705882352941
scene_0,item_7572,0.11764705882352941
scene_0,item_7779,0.11764705882352941
scene_0,item_9252,0.11764705882352941
scene_0,item_489,0.11764705882352941
scene_0,item_8343,0.11764705882352941
scene_0,item_8163,0.11764705882352941
scene_0,item_8268,0.11764705882352941
scene_0,item_4383,0.11764705882352941
scene_0,item_381,0.11764705882352941
scene_0,item_849,0.11764705882352941
scene_0,item_1791,0.11764705882352941
scene_0,item_1449,0.11764705882352941
scene_0,item_7596,0.11764705882352941
scene_0,item_4047,0.11764705882352941
scene_0,item_4236,0.11764705882352941
scene_0,item_2859,0.11764705882352941
scene_0,item_9207,0.11764705882352941
scene_0,item_7083,0.11764705882352941
scene_0,item_516,0.11764705882352941
scene_0,item_7704,0.11764705882352941
scene_0,item_2628,0.11764705882352941
scene_0,item_921,0.11764705882352941
scene_0,item_8961,0.11764705882352941
scene_0,item_3732,0.11764705882352941
scene_0,item_1974,0.11764705882352941
scene_0,item_2541,0.11764705882352941
scene_0,item_6768,0.058823529411764705
scene_0,item_7986,0.058823529411764705
scene_0,item_9819,0.058823529411764705
scene_0,item_1818,0.058823529411764705
scene_0,item_3555,0.058823529411764705
scene_0,item_3591,0.058823529411764705
scene_0,item_4683,0.058823529411764705
scene_0,item_4569,0.058823529411764705
scene_0,item_7689,0.058823529411764705
scene_0,item_174,0.058823529411764705
scene_0,item_657,0.058823529411764705
scene_0,item_7215,0.058823529411764705
scene_0,item_72,0.058823529411764705
scene_0,item_6303,0.058823529411764705
scene_0,item_8130,0.058823529411764705
scene_0,item_8982,0.058823529411764705
scene_0,item_4524,0.058823529411764705
scene_0,item_5127,0.058823529411764705
scene_0,item_5106,0.058823529411764705
scene_0,item_9780,0.058823529411764705
scene_0,item_753,0.058823529411764705
scene_0,item_7809,0.058823529411764705
scene_0,item_5766,0.058823529411764705
scene_0,item_1962,0.058823529411764705
scene_0,item_6828,0.058823529411764705
scene_0,item_1824,0.058823529411764705
scene_0,item_2874,0.058823529411764705
scene_0,item_1743,0.058823529411764705
scene_0,item_3879,0.058823529411764705
scene_0,item_7584,0.058823529411764705
scene_0,item_4086,0.058823529411764705
scene_0,item_7713,0.058823529411764705
scene_0,item_7971,0.058823529411764705
scene_0,item_5952,0.058823529411764705
scene_0,item_8838,0.058823529411764705
scene_0,item_3051,0.058823529411764705
scene_0,item_9537,0.058823529411764705
scene_0,item_3189,0.058823529411764705
scene_0,item_1986,0.058823529411764705
scene_0,item_9993,0.058823529411764705
scene_0,item_7530,0.058823529411764705
scene_0,item_4098,0.058823529411764705
scene_0,item_4509,0.058823529411764705
scene_0,item_8433,0.058823529411764705
scene_0,item_8664,0.058823529411764705
scene_0,item_243,0.058823529411764705
scene_0,item_2889,0.058823529411764705
scene_0,item_3639,0.058823529411764705
scene_0,item_5511,0.058823529411764705
scene_0,item_1527,0.058823529411764705
scene_0,item_1734,0.058823529411764705
scene_0,item_2523,0.058823529411764705
scene_0,item_552,0.058823529411764705
scene_0,item_435,0.058823529411764705
scene_0,item_486,0.058823529411764705
scene_0,item_5112,0.058823529411764705
scene_0,item_9345,0.058823529411764705
scene_0,item_2853,0.058823529411764705
scene_0,item_5580,0.058823529411764705
scene_0,item_6441,0.058823529411764705
scene_0,item_8091,0.058823529411764705
scene_0,item_5370,0.058823529411764705
scene_0,item_3786,0.058823529411764705
scene_0,item_2232,0.058823529411764705
scene_0,item_5283,0.058823529411764705
scene_0,item_8979,0.058823529411764705
scene_0,item_3687,0.058823529411764705
scene_0,item_8895,0.058823529411764705
scene_0,item_9036,0.058823529411764705
scene_0,item_6642,0.058823529411764705
scene_0,item_4617,0.058823529411764705
scene_0,item_4407,0.058823529411764705
scene_0,item_9348,0.058823529411764705
scene_0,item_9468,0.058823529411764705
scene_0,item_4119,0.058823529411764705
scene_0,item_1224,0.058823529411764705
scene_0,item_1908,0.058823529411764705
scene_0,item_7536,0.058823529411764705
scene_0,item_2175,0.058823529411764705
scene_0,item_7992,0.058823529411764705
scene_0,item_6624,0.058823529411764705
scene_0,item_741,0.058823529411764705
scene_0,item_8859,0.058823529411764705
scene_0,item_2244,0.058823529411764705
scene_0,item_9453,0.058823529411764705
scene_0,item_7167,0.058823529411764705
scene_0,item_7953,0.058823529411764705
scene_0,item_2508,0.058823529411764705
scene_0,item_5943,0.058823529411764705
scene_0,item_7206,0.058823529411764705
scene_0,item_546,0.058823529411764705
scene_0,item_6042,0.058823529411764705
scene_0,item_8427,0.058823529411764705
scene_0,item_4317,0.058823529411764705
scene_0,item_1875,0.058823529411764705
scene_0,item_4353,0.058823529411764705
scene_0,item_1230,0.058823529411764705
scene_0,item_7725,0.058823529411764705
scene_0,item_8199,0.058823529411764705
scene_0,item_9999,0.058823529411764705
scene_0,item_7143,0.058823529411764705
scene_0,item_6081,0.058823529411764705
scene_0,item_5772,0.058823529411764705
scene_0,item_2358,0.058823529411764705
scene_0,item_2337,0.058823529411764705
scene_0,item_6363,0.058823529411764705
scene_0,item_330,0.058823529411764705
scene_0,item_9042,0.058823529411764705
scene_0,item_783,0.058823529411764705
scene_0,item_7755,0.058823529411764705
scene_0,item_2322,0.058823529411764705
scene_0,item_7383,0.058823529411764705
scene_0,item_9540,0.058823529411764705
scene_0,item_1320,0.058823529411764705
scene_0,item_5229,0.058823529411764705
scene_0,item_597,0.058823529411764705
scene_0,item_6987,0.058823529411764705
scene_0,item_150,0.058823529411764705
scene_0,item_4575,0.058823529411764705
scene_0,item_1395,0.058823529411764705
scene_0,item_1752,0.058823529411764705
scene_0,item_5916,0.058823529411764705
scene_0,item_7485,0.058823529411764705
scene_0,item_9111,0.058823529411764705
scene_0,item_5607,0.058823529411764705
scene_0,item_2640,0.058823529411764705
scene_0,item_7125,0.058823529411764705
scene_0,item_570,0.058823529411764705
scene_0,item_3336,0.058823529411764705
scene_0,item_2304,0.058823529411764705
scene_0,item_2406,0.058823529411764705
scene_0,item_9441,0.058823529411764705
scene_0,item_990,0.058823529411764705
scene_0,item_2079,0.058823529411764705
scene_0,item_2721,0.058823529411764705
scene_0,item_5727,0.058823529411764705
scene_0,item_9435,0.058823529411764705
scene_0,item_6135,0.058823529411764705
scene_0,item_9201,0.058823529411764705
scene_0,item_5118,0.058823529411764705
scene_0,item_9279,0.058823529411764705
scene_0,item_930,0.058823529411764705
scene_0,item_7452,0.058823529411764705
scene_0,item_2394,0.058823529411764705
scene_0,item_2823,0.058823529411764705
scene_0,item_6009,0.058823529411764705
scene_0,item_5481,0.058823529411764705
scene_0,item_825,0.058823529411764705
scene_0,item_2826,0.058823529411764705
scene_0,item_4068,0.058823529411764705
scene_0,item_2730,0.058823529411764705
scene_0,item_5820,0.058823529411764705
scene_0,item_5037,0.058823529411764705
scene_0,item_9447,0.058823529411764705
scene_0,item_9717,0.058823529411764705
scene_0,item_2271,0.058823529411764705
scene_0,item_2706,0.058823529411764705
scene_0,item_7563,0.058823529411764705
scene_0,item_7152,0.058823529411764705
scene_0,item_7176,0.058823529411764705
scene_0,item_2226,0.058823529411764705
scene_0,item_8301,0.058823529411764705
scene_0,item_5244,0.058823529411764705
scene_0,item_240,0.058823529411764705
scene_0,item_8868,0.058823529411764705
scene_0,item_2592,0.058823529411764705
scene_0,item_9084,0.058823529411764705
scene_0,item_7329,0.058823529411764705
scene_0,item_9984,0.058823529411764705
scene_0,item_2064,0.058823529411764705
scene_0,item_9105,0.058823529411764705
scene_0,item_5457,0.058823529411764705
scene_0,item_8085,0.058823529411764705
scene_0,item_5859,0.058823529411764705
scene_0,item_7974,0.058823529411764705
scene_0,item_7116,0.058823529411764705
scene_0,item_7338,0.058823529411764705
scene_0,item_7692,0.058823529411764705
scene_0,item_2574,0.058823529411764705
scene_0,item_8178,0.058823529411764705
scene_0,item_7074,0.058823529411764705
scene_0,item_9321,0.058823529411764705
scene_0,item_8067,0.058823529411764705
scene_0,item_4374,0.058823529411764705
scene_0,item_8595,0.058823529411764705
scene_0,item_5883,0.058823529411764705
scene_0,item_5505,0.058823529411764705
scene_0,item_5004,0.058823529411764705
scene_0,item_6246,0.058823529411764705
scene_0,item_6849,0.058823529411764705
scene_0,item_4125,0.058823529411764705
scene_0,item_8526,0.058823529411764705
scene_0,item_4974,0.058823529411764705
scene_0,item_7677,0.058823529411764705
scene_0,item_7251,0.058823529411764705
scene_0,item_5589,0.058823529411764705
scene_0,item_6633,0.058823529411764705
scene_0,item_4134,0.058823529411764705
scene_0,item_1137,0.058823529411764705
scene_0,item_8568,0.058823529411764705
scene_0,item_84,0.058823529411764705
scene_0,item_219,0.058823529411764705
scene_0,item_222,0.058823529411764705
scene_0,item_7482,0.058823529411764705
scene_0,item_1881,0.058823529411764705
scene_0,item_9756,0.058823529411764705
scene_0,item_5514,0.058823529411764705
scene_0,item_5652,0.058823529411764705
scene_0,item_6408,0.058823529411764705
scene_0,item_5133,0.058823529411764705
scene_0,item_4431,0.058823529411764705
scene_0,item_2163,0.058823529411764705
scene_0,item_3081,0.058823529411764705
scene_0,item_3912,0.058823529411764705
scene_0,item_3918,0.058823529411764705
scene_0,item_9882,0.058823529411764705
scene_0,item_7776,0.058823529411764705
scene_0,item_1851,0.058823529411764705
scene_0,item_8457,0.058823529411764705
scene_0,item_3930,0.058823529411764705
scene_0,item_8484,0.058823529411764705
scene_0,item_2067,0.058823529411764705
scene_0,item_1491,0.058823529411764705
scene_0,item_8454,0.058823529411764705
scene_0,item_5913,0.058823529411764705
scene_0,item_1152,0.058823529411764705
scene_0,item_765,0.058823529411764705
scene_0,item_1248,0.058823529411764705
scene_0,item_5406,0.058823529411764705
scene_0,item_6039,0.058823529411764705
scene_0,item_2562,0.058823529411764705
scene_0,item_5241,0.058823529411764705
scene_0,item_5853,0.058823529411764705
scene_0,item_6855,0.058823529411764705
scene_0,item_3363,0.058823529411764705
scene_0,item_4380,0.058823529411764705
scene_0,item_9789,0.058823529411764705
scene_0,item_2052,0.058823529411764705
scene_0,item_8730,0.058823529411764705
scene_0,item_8577,0.058823529411764705
scene_0,item_1122,0.058823529411764705
scene_0,item_162,0.058823529411764705
scene_0,item_7830,0.058823529411764705
scene_0,item_3705,0.058823529411764705
scene_0,item_6747,0.058823529411764705
scene_0,item_1353,0.058823529411764705
scene_0,item_4224,0.058823529411764705
scene_0,item_3405,0.058823529411764705
scene_0,item_204,0.058823529411764705
scene_0,item_5700,0.058823529411764705
scene_0,item_7650,0.058823529411764705
scene_0,item_9612,0.058823529411764705
scene_0,item_8727,0.058823529411764705
scene_0,item_8283,0.058823529411764705
scene_0,item_1020,0.058823529411764705
scene_0,item_7902,0.058823529411764705
scene_0,item_1731,0.058823529411764705
scene_0,item_9081,0.058823529411764705
scene_0,item_9675,0.058823529411764705
scene_0,item_873,0.058823529411764705
scene_0,item_1350,0.058823529411764705
scene_0,item_9198,0.058823529411764705
scene_0,item_9768,0.058823529411764705
scene_0,item_6981,0.058823529411764705
scene_0,item_6591,0.058823529411764705
scene_0,item_3765,0.058823529411764705
scene_0,item_288,0.058823529411764705
scene_0,item_4947,0.058823529411764705
scene_0,item_9213,0.058823529411764705
scene_0,item_8691,0.058823529411764705
scene_0,item_2349,0.058823529411764705
scene_0,item_8418,0.058823529411764705
scene_0,item_9387,0.058823529411764705
scene_0,item_2802,0.058823529411764705
scene_0,item_5823,0.058823529411764705
scene_0,item_7194,0.058823529411764705
scene_0,item_9708,0.058823529411764705
scene_0,item_8517,0.058823529411764705
scene_0,item_4461,0.058823529411764705
scene_0,item_9798,0.058823529411764705
scene_0,item_2619,0.058823529411764705
scene_0,item_7908,0.058823529411764705
scene_0,item_9015,0.058823529411764705
scene_0,item_3060,0.058823529411764705
scene_0,item_9867,0.058823529411764705
scene_0,item_8724,0.058823529411764705
scene_0,item_5685,0.058823529411764705
scene_0,item_4896,0.058823529411764705
scene_0,item_4401,0.058823529411764705
scene_0,item_5307,0.058823529411764705
scene_0,item_1032,0.058823529411764705
scene_0,item_4110,0.058823529411764705
scene_0,item_561,0.058823529411764705
scene_0,item_8772,0.058823529411764705
scene_0,item_2670,0.058823529411764705
scene_0,item_1497,0.058823529411764705
scene_0,item_1926,0.058823529411764705
scene_0,item_3642,0.058823529411764705
scene_0,item_2886,0.058823529411764705
scene_0,item_4266,0.058823529411764705
scene_0,item_5061,0.058823529411764705
scene_0,item_891,0.058823529411764705
scene_0,item_4713,0.058823529411764705
scene_0,item_9186,0.058823529411764705
scene_0,item_2478,0.058823529411764705
scene_0,item_633,0.058823529411764705
scene_0,item_7344,0.058823529411764705
scene_0,item_4131,0.058823529411764705
scene_0,item_1194,0.058823529411764705
scene_0,item_5091,0.058823529411764705
scene_0,item_5349,0.058823529411764705
scene_0,item_2607,0.058823529411764705
scene_0,item_2922,0.058823529411764705
scene_0,item_2202,0.058823529411764705
scene_0,item_5631,0.058823529411764705
scene_0,item_6414,0.058823529411764705
scene_0,item_9843,0.058823529411764705
scene_0,item_1755,0.058823529411764705
scene_0,item_2355,0.058823529411764705
scene_0,item_5271,0.058823529411764705
scene_0,item_7023,0.058823529411764705
scene_0,item_8412,0.058823529411764705
scene_0,item_1245,0.058823529411764705
scene_0,item_2631,0.058823529411764705
scene_0,item_5649,0.058823529411764705
scene_0,item_8304,0.058823529411764705
scene_0,item_4290,0.058823529411764705
scene_0,item_6669,0.058823529411764705
scene_0,item_7149,0.058823529411764705
scene_0,item_3471,0.058823529411764705
scene_0,item_6708,0.058823529411764705
scene_0,item_8904,0.058823529411764705
scene_0,item_0,0.058823529411764705
scene_0,item_2403,0.058823529411764705
scene_0,item_3909,0.058823529411764705
scene_0,item_5382,0.058823529411764705
scene_0,item_3117,0.058823529411764705
scene_0,item_1302,0.058823529411764705
scene_0,item_2310,0.058823529411764705
scene_0,item_3201,0.058823529411764705
scene_0,item_7212,0.058823529411764705
scene_0,item_2991,0.058823529411764705
scene_0,item_4050,0.058823529411764705
scene_0,item_9234,0.058823529411764705
scene_0,item_4113,0.058823529411764705
scene_0,item_6450,0.058823529411764705
scene_0,item_6141,0.058823529411764705
scene_0,item_2715,0.058823529411764705
scene_0,item_1503,0.058823529411764705
scene_0,item_6702,0.058823529411764705
scene_0,item_6183,0.058823529411764705
scene_0,item_1077,0.058823529411764705
scene_0,item_6861,0.058823529411764705
scene_0,item_4638,0.058823529411764705
scene_0,item_6645,0.058823529411764705
scene_0,item_6495,0.058823529411764705
scene_0,item_3783,0.058823529411764705
scene_0,item_7395,0.058823529411764705
scene_0,item_5280,0.058823529411764705
scene_0,item_4215,0.058823529411764705
scene_0,item_2553,0.058823529411764705
scene_0,item_5121,0.058823529411764705
scene_0,item_894,0.058823529411764705
scene_0,item_198,0.058823529411764705
scene_0,item_4686,0.058823529411764705
scene_0,item_8646,0.058823529411764705
scene_0,item_5568,0.058823529411764705
scene_0,item_1023,0.058823529411764705
scene_0,item_2160,0.058823529411764705
scene_0,item_6807,0.058823529411764705
scene_0,item_8955,0.058823529411764705
scene_0,item_5103,0.058823529411764705
scene_0,item_4032,0.058823529411764705
scene_0,item_3768,0.058823529411764705
scene_0,item_9735,0.058823529411764705
scene_0,item_2667,0.058823529411764705
scene_0,item_7812,0.058823529411764705
scene_0,item_8757,0.058823529411764705
scene_0,item_6027,0.058823529411764705
scene_0,item_2736,0.058823529411764705
scene_0,item_3435,0.058823529411764705
scene_0,item_3396,0.058823529411764705
scene_0,item_1659,0.058823529411764705
scene_0,item_3645,0.058823529411764705
scene_0,item_609,0.058823529411764705
scene_0,item_7128,0.058823529411764705
scene_0,item_6744,0.058823529411764705
scene_0,item_6180,0.058823529411764705
scene_0,item_2346,0.058823529411764705
scene_0,item_4926,0.058823529411764705
scene_0,item_3444,0.058823529411764705
scene_0,item_4548,0.058823529411764705
scene_0,item_3939,0.058823529411764705
scene_0,item_4173,0.058823529411764705
scene_0,item_6729,0.058823529411764705
scene_0,item_1896,0.058823529411764705
scene_0,item_1260,0.058823529411764705
scene_0,item_2127,0.058823529411764705
scene_0,item_2367,0.058823529411764705
scene_0,item_3279,0.058823529411764705
scene_0,item_5520,0.058823529411764705
scene_0,item_8610,0.058823529411764705
scene_0,item_4797,0.058823529411764705
scene_0,item_3150,0.058823529411764705
scene_0,item_4428,0.058823529411764705
scene_0,item_1473,0.058823529411764705
scene_0,item_675,0.058823529411764705
scene_0,item_2772,0.058823529411764705
scene_0,item_8778,0.058823529411764705
scene_0,item_8628,0.058823529411764705
scene_0,item_5346,0.058823529411764705
scene_0,item_5145,0.058823529411764705
scene_0,item_237,0.058823529411764705
scene_0,item_348,0.058823529411764705
scene_0,item_585,0.058823529411764705
scene_0,item_7923,0.058823529411764705
scene_0,item_1107,0.058823529411764705
scene_0,item_9879,0.058823529411764705
scene_0,item_6318,0.058823529411764705
scene_0,item_1719,0.058823529411764705
scene_0,item_5097,0.058823529411764705
scene_0,item_2268,0.058823529411764705
scene_0,item_2679,0.058823529411764705
scene_0,item_8883,0.058823529411764705
scene_0,item_8844,0.058823529411764705
scene_0,item_6786,0.058823529411764705
scene_0,item_3105,0.058823529411764705
scene_0,item_4542,0.058823529411764705
scene_0,item_5502,0.058823529411764705
scene_0,item_9504,0.058823529411764705
scene_0,item_4680,0.058823529411764705
scene_0,item_7155,0.058823529411764705
scene_0,item_2115,0.058823529411764705
scene_0,item_7839,0.058823529411764705
scene_0,item_1173,0.058823529411764705
scene_0,item_3672,0.058823529411764705
scene_0,item_7575,0.058823529411764705
scene_0,item_4221,0.058823529411764705
scene_0,item_8673,0.058823529411764705
scene_0,item_2400,0.058823529411764705
scene_0,item_9189,0.058823529411764705
scene_0,item_1476,0.058823529411764705
scene_0,item_4938,0.058823529411764705
scene_0,item_774,0.058823529411764705
scene_0,item_129,0.058823529411764705
scene_0,item_8820,0.058823529411764705
scene_0,item_9561,0.058823529411764705
scene_0,item_216,0.058823529411764705
scene_0,item_810,0.058823529411764705
scene_0,item_7941,0.058823529411764705
scene_0,item_8232,0.058823529411764705
scene_0,item_9588,0.058823529411764705
scene_0,item_429,0.058823529411764705
scene_0,item_2937,0.058823529411764705
scene_0,item_3954,0.058823529411764705
scene_0,item_3990,0.058823529411764705
scene_0,item_5100,0.058823529411764705
scene_0,item_2097,0.058823529411764705
scene_0,item_4905,0.058823529411764705
scene_0,item_1098,0.058823529411764705
scene_0,item_9369,0.058823529411764705
scene_0,item_1494,0.058823529411764705
scene_0,item_24,0.058823529411764705
scene_0,item_1848,0.058823529411764705
scene_0,item_6492,0.058823529411764705
scene_0,item_6144,0.058823529411764705
scene_0,item_9837,0.058823529411764705
scene_0,item_7035,0.058823529411764705
scene_0,item_6519,0.058823529411764705
scene_0,item_7479,0.058823529411764705
scene_0,item_1500,0.058823529411764705
scene_0,item_4164,0.058823529411764705
scene_0,item_6498,0.058823529411764705
scene_0,item_945,0.058823529411764705
scene_0,item_2436,0.058823529411764705
scene_0,item_5850,0.058823529411764705
scene_0,item_2808,0.058823529411764705
scene_0,item_5622,0.058823529411764705
scene_0,item_555,0.058823529411764705
scene_0,item_9069,0.058823529411764705
scene_0,item_5415,0.058823529411764705
scene_0,item_6369,0.058823529411764705
scene_0,item_4611,0.058823529411764705
scene_0,item_6816,0.058823529411764705
scene_0,item_9792,0.058823529411764705
scene_0,item_4719,0.058823529411764705
scene_0,item_6639,0.058823529411764705
scene_0,item_8928,0.058823529411764705
scene_0,item_1104,0.058823529411764705
scene_0,item_864,0.058823529411764705
scene_0,item_5016,0.058823529411764705
scene_0,item_300,0.058823529411764705
scene_0,item_1770,0.058823529411764705
scene_0,item_249,0.058823529411764705
scene_0,item_9855,0.058823529411764705
scene_0,item_9255,0.058823529411764705
scene_0,item_7590,0.058823529411764705
scene_0,item_588,0.058823529411764705
scene_0,item_8841,0.058823529411764705
scene_0,item_1116,0.058823529411764705
scene_0,item_1371,0.058823529411764705
scene_0,item_6876,0.058823529411764705
scene_0,item_9750,0.058823529411764705
scene_0,item_8931,0.058823529411764705
scene_0,item_9096,0.058823529411764705
scene_0,item_2217,0.058823529411764705
scene_0,item_186,0.058823529411764705
scene_0,item_5088,0.058823529411764705
scene_0,item_3756,0.058823529411764705
scene_0,item_2811,0.058823529411764705
scene_0,item_123,0.058823529411764705
scene_0,item_7185,0.058823529411764705
scene_0,item_8262,0.058823529411764705
scene_0,item_2865,0.058823529411764705
scene_0,item_4674,0.058823529411764705
scene_0,item_2472,0.058823529411764705
scene_0,item_9957,0.058823529411764705
scene_0,item_627,0.058823529411764705
scene_0,item_3747,0.058823529411764705
scene_0,item_5661,0.058823529411764705
scene_0,item_9543,0.058823529411764705
scene_0,item_2733,0.058823529411764705
scene_0,item_1368,0.058823529411764705
scene_0,item_7239,0.058823529411764705
scene_0,item_4458,0.058823529411764705
scene_0,item_5796,0.058823529411764705
scene_0,item_9651,0.058823529411764705
scene_0,item_3795,0.058823529411764705
scene_0,item_8394,0.058823529411764705
scene_0,item_3351,0.058823529411764705
scene_0,item_3810,0.058823529411764705
scene_0,item_6024,0.058823529411764705
scene_0,item_156,0.058823529411764705
scene_0,item_6234,0.058823529411764705
scene_0,item_7758,0.058823529411764705
scene_0,item_4602,0.058823529411764705
scene_0,item_5577,0.058823529411764705
scene_0,item_5256,0.058823529411764705
scene_0,item_4857,0.058823529411764705
scene_0,item_7389,0.058823529411764705
scene_0,item_5949,0.058823529411764705
scene_0,item_4818,0.058823529411764705
scene_0,item_2184,0.058823529411764705
scene_0,item_6939,0.058823529411764705
scene_0,item_1359,0.058823529411764705
scene_0,item_4605,0.058823529411764705
scene_0,item_2748,0.058823529411764705
scene_0,item_5664,0.058823529411764705
scene_0,item_9741,0.058823529411764705
scene_0,item_393,0.058823529411764705
scene_0,item_699,0.058823529411764705
scene_0,item_7089,0.058823529411764705
scene_0,item_5193,0.058823529411764705
scene_0,item_3669,0.058823529411764705
scene_0,item_6459,0.058823529411764705
scene_0,item_4203,0.058823529411764705
scene_0,item_636,0.058823529411764705
scene_0,item_1602,0.058823529411764705
scene_0,item_5613,0.058823529411764705
scene_0,item_9429,0.058823529411764705
scene_0,item_2499,0.058823529411764705
scene_0,item_2847,0.058823529411764705
scene_0,item_8097,0.058823529411764705
scene_0,item_3522,0.058823529411764705
scene_0,item_2187,0.058823529411764705
scene_0,item_4188,0.058823529411764705
scene_0,item_6291,0.058823529411764705
scene_0,item_8136,0.058823529411764705
scene_0,item_2664,0.058823529411764705
scene_0,item_510,0.058823529411764705
scene_0,item_8550,0.058823529411764705
scene_0,item_4848,0.058823529411764705
scene_0,item_9237,0.058823529411764705
scene_0,item_207,0.058823529411764705
scene_0,item_3852,0.058823529411764705
scene_0,item_6906,0.058823529411764705
scene_0,item_1209,0.058823529411764705
scene_0,item_1905,0.058823529411764705
scene_0,item_4959,0.058823529411764705
scene_0,item_7200,0.058823529411764705
scene_0,item_4761,0.058823529411764705
scene_0,item_2529,0.058823529411764705
scene_0,item_2487,0.058823529411764705
scene_0,item_1146,0.058823529411764705
scene_0,item_8106,0.058823529411764705
scene_0,item_2787,0.058823529411764705
scene_0,item_7767,0.058823529411764705
scene_0,item_9057,0.058823529411764705
scene_0,item_6237,0.058823529411764705
scene_0,item_5994,0.058823529411764705
scene_0,item_1242,0.058823529411764705
scene_0,item_8334,0.058823529411764705
scene_0,item_2265,0.058823529411764705
scene_0,item_9654,0.058823529411764705
scene_0,item_8193,0.058823529411764705
scene_0,item_6075,0.058823529411764705
scene_0,item_96,0.058823529411764705
scene_0,item_3513,0.058823529411764705
scene_0,item_9681,0.058823529411764705
scene_0,item_5544,0.058823529411764705
scene_0,item_3891,0.058823529411764705
scene_0,item_2307,0.058823529411764705
scene_0,item_4701,0.058823529411764705
scene_0,item_8601,0.058823529411764705
scene_0,item_7794,0.058823529411764705
scene_0,item_888,0.058823529411764705
scene_0,item_723,0.058823529411764705
scene_0,item_4716,0.058823529411764705
scene_0,item_6726,0.058823529411764705
scene_0,item_5697,0.058823529411764705
scene_0,item_3660,0.058823529411764705
scene_0,item_6693,0.058823529411764705
scene_0,item_2709,0.058823529411764705
scene_0,item_1608,0.058823529411764705
scene_0,item_8805,0.058823529411764705
scene_0,item_4755,0.058823529411764705
scene_0,item_2460,0.058823529411764705
scene_0,item_4452,0.058823529411764705
scene_0,item_8514,0.058823529411764705
scene_0,item_4776,0.058823529411764705
scene_0,item_1212,0.058823529411764705
scene_0,item_3720,0.058823529411764705
scene_0,item_1326,0.058823529411764705
scene_0,item_4158,0.058823529411764705
scene_0,item_7356,0.058823529411764705
scene_0,item_9669,0.058823529411764705
scene_0,item_7719,0.058823529411764705
scene_0,item_1893,0.058823529411764705
scene_0,item_6153,0.058823529411764705
scene_0,item_7245,0.058823529411764705
scene_0,item_9168,0.058823529411764705
scene_0,item_3387,0.058823529411764705
scene_0,item_2073,0.058823529411764705
scene_0,item_4800,0.058823529411764705
scene_0,item_3675,0.058823529411764705
scene_0,item_21,0.058823529411764705
scene_0,item_8889,0.058823529411764705
scene_0,item_6120,0.058823529411764705
scene_0,item_3597,0.058823529411764705
scene_0,item_9117,0.058823529411764705
scene_0,item_2763,0.058823529411764705
scene_0,item_4377,0.058823529411764705
scene_0,item_9228,0.058823529411764705
scene_0,item_4488,0.058823529411764705
scene_0,item_3804,0.058823529411764705
scene_0,item_8001,0.058823529411764705
scene_0,item_4062,0.058823529411764705
scene_0,item_6798,0.058823529411764705
scene_0,item_3375,0.058823529411764705
scene_0,item_2781,0.058823529411764705
scene_0,item_3306,0.058823529411764705
scene_0,item_7947,0.058823529411764705
scene_0,item_1686,0.058823529411764705
scene_0,item_6675,0.058823529411764705
scene_0,item_7359,0.058823529411764705
scene_0,item_6753,0.058823529411764705
scene_0,item_4038,0.058823529411764705
scene_0,item_4995,0.058823529411764705
scene_0,item_3678,0.058823529411764705
scene_0,item_2229,0.058823529411764705
scene_0,item_4899,0.058823529411764705
scene_0,item_6843,0.058823529411764705
scene_0,item_999,0.058823529411764705
scene_0,item_1995,0.058823529411764705
scene_0,item_6189,0.058823529411764705
scene_0,item_8742,0.058823529411764705
scene_0,item_8562,0.058823529411764705
scene_0,item_7341,0.058823529411764705
scene_0,item_3777,0.058823529411764705
scene_0,item_6279,0.058823529411764705
scene_0,item_3867,0.058823529411764705
scene_0,item_4806,0.058823529411764705
scene_0,item_5379,0.058823529411764705
scene_0,item_6036,0.058823529411764705
scene_0,item_5217,0.058823529411764705
scene_0,item_12,0.058823529411764705
scene_0,item_8478,0.058823529411764705
scene_0,item_4932,0.058823529411764705
scene_0,item_5940,0.058823529411764705
scene_0,item_2370,0.058823529411764705
scene_0,item_4962,0.058823529411764705
scene_0,item_1629,0.058823529411764705
scene_0,item_681,0.058823529411764705
scene_0,item_5487,0.058823529411764705
scene_0,item_3171,0.058823529411764705
scene_0,item_5067,0.058823529411764705
scene_0,item_9417,0.058823529411764705
scene_0,item_7611,0.058823529411764705
scene_0,item_9450,0.058823529411764705
scene_0,item_2745,0.058823529411764705
scene_0,item_7281,0.058823529411764705
scene_0,item_3552,0.058823529411764705
scene_0,item_1251,0.058823529411764705
scene_0,item_8460,0.058823529411764705
scene_0,item_8865,0.058823529411764705
scene_0,item_6438,0.058823529411764705
scene_0,item_5946,0.058823529411764705
scene_0,item_5742,0.058823529411764705
scene_0,item_180,0.058823529411764705
scene_0,item_801,0.058823529411764705
scene_0,item_4434,0.058823529411764705
scene_0,item_4209,0.058823529411764705
scene_0,item_4035,0.058823529411764705
scene_0,item_8745,0.058823529411764705
scene_0,item_882,0.058823529411764705
scene_0,item_9267,0.058823529411764705
scene_0,item_2448,0.058823529411764705
scene_0,item_6927,0.058823529411764705
scene_0,item_6909,0.058823529411764705
scene_0,item_8808,0.058823529411764705
scene_0,item_1419,0.058823529411764705
scene_0,item_3303,0.058823529411764705
scene_0,item_672,0.058823529411764705
scene_0,item_5547,0.058823529411764705
scene_0,item_8298,0.058823529411764705
scene_0,item_411,0.058823529411764705
scene_0,item_6252,0.058823529411764705
scene_0,item_5130,0.058823529411764705
scene_0,item_4695,0.058823529411764705
scene_0,item_7221,0.058823529411764705
scene_0,item_1779,0.058823529411764705
scene_0,item_4743,0.058823529411764705
scene_0,item_4890,0.058823529411764705
scene_0,item_6423,0.058823529411764705
scene_0,item_3291,0.058823529411764705
scene_0,item_267,0.058823529411764705
scene_0,item_6186,0.058823529411764705
scene_0,item_9747,0.058823529411764705
scene_0,item_6576,0.058823529411764705
scene_0,item_7227,0.058823529411764705
scene_0,item_2580,0.058823529411764705
scene_0,item_3273,0.058823529411764705
scene_0,item_2280,0.058823529411764705
scene_0,item_4326,0.058823529411764705
scene_0,item_3402,0.058823529411764705
scene_0,item_5886,0.058823529411764705
scene_0,item_279,0.058823529411764705
scene_0,item_6321,0.058823529411764705
scene_0,item_7581,0.058823529411764705
scene_0,item_8709,0.058823529411764705
scene_0,item_2514,0.058823529411764705
scene_1,item_52,1.0
scene_1,item_4501,0.8421052631578947
scene_1,item_2161,0.8421052631578947
scene_1,item_1096,0.7894736842105263
scene_1,item_2080,0.7894736842105263
scene_1,item_8311,0.7894736842105263
scene_1,item_7339,0.7894736842105263
scene_1,item_2938,0.7368421052631579
scene_1,item_8551,0.7368421052631579
scene_1,item_2377,0.7368421052631579
scene_1,item_4087,0.6842105263157895
scene_1,item_8098,0.6842105263157895
scene_1,item_3991,0.6842105263157895
scene_1,item_607,0.6842105263157895
scene_1,item_3130,0.6842105263157895
scene_1,item_3481,0.6842105263157895
scene_1,item_1144,0.6842105263157895
scene_1,item_7048,0.6842105263157895
scene_1,item_7405,0.6842105263157895
scene_1,item_7024,0.6842105263157895
scene_1,item_7924,0.631578947368421
scene_1,item_2149,0.631578947368421
scene_1,item_835,0.631578947368421
scene_1,item_2536,0.631578947368421
scene_1,item_4471,0.631578947368421
scene_1,item_4555,0.631578947368421
scene_1,item_3154,0.631578947368421
scene_1,item_4060,0.631578947368421
scene_1,item_5008,0.631578947368421
scene_1,item_4141,0.631578947368421
scene_1,item_5254,0.631578947368421
scene_1,item_8077,0.631578947368421
scene_1,item_3181,0.631578947368421
scene_1,item_5815,0.5789473684210527
scene_1,item_3178,0.5789473684210527
scene_1,item_5542,0.5789473684210527
scene_1,item_3247,0.5789473684210527
scene_1,item_208,0.5789473684210527
scene_1,item_445,0.5789473684210527
scene_1,item_7435,0.5789473684210527
scene_1,item_7261,0.5789473684210527
scene_1,item_7111,0.5789473684210527
scene_1,item_5596,0.5789473684210527
scene_1,item_2053,0.5789473684210527
scene_1,item_9895,0.5789473684210527
scene_1,item_9124,0.5789473684210527
scene_1,item_4069,0.5789473684210527
scene_1,item_724,0.5789473684210527
scene_1,item_481,0.5789473684210527
scene_1,item_4873,0.5789473684210527
scene_1,item_4771,0.5789473684210527
scene_1,item_4825,0.5263157894736842
scene_1,item_1339,0.5263157894736842
scene_1,item_7819,0.5263157894736842
scene_1,item_1120,0.5263157894736842
scene_1,item_9373,0.5263157894736842
scene_1,item_8380,0.5263157894736842
scene_1,item_9745,0.5263157894736842
scene_1,item_1438,0.5263157894736842
scene_1,item_8779,0.5263157894736842
scene_1,item_9361,0.5263157894736842
scene_1,item_7105,0.5263157894736842
scene_1,item_6322,0.5263157894736842
scene_1,item_2752,0.5263157894736842
scene_1,item_7732,0.5263157894736842
scene_1,item_4996,0.5263157894736842
scene_1,item_6268,0.47368421052631576
scene_1,item_1441,0.47368421052631576
scene_1,item_6559,0.47368421052631576
scene_1,item_2713,0.47368421052631576
scene_1,item_3424,0.47368421052631576
scene_1,item_6694,0.47368421052631576
scene_1,item_9391,0.47368421052631576
scene_1,item_6451,0.47368421052631576
scene_1,item_8785,0.47368421052631576
scene_1,item_1141,0.47368421052631576
scene_1,item_4114,0.47368421052631576
scene_1,item_643,0.47368421052631576
scene_1,item_5941,0.47368421052631576
scene_1,item_9331,0.47368421052631576
scene_1,item_7762,0.47368421052631576
scene_1,item_5593,0.47368421052631576
scene_1,item_7669,0.47368421052631576
scene_1,item_9466,0.47368421052631576
scene_1,item_1195,0.47368421052631576
scene_1,item_8701,0.47368421052631576
scene_1,item_4600,0.47368421052631576
scene_1,item_4459,0.47368421052631576
scene_1,item_1117,0.47368421052631576
scene_1,item_8257,0.42105263157894735
scene_1,item_3415,0.42105263157894735
scene_1,item_7738,0.42105263157894735
scene_1,item_7681,0.42105263157894735
scene_1,item_8413,0.42105263157894735
scene_1,item_943,0.42105263157894735
scene_1,item_7597,0.42105263157894735
scene_1,item_4936,0.42105263157894735
scene_1,item_9577,0.42105263157894735
scene_1,item_7072,0.42105263157894735
scene_1,item_775,0.42105263157894735
scene_1,item_2902,0.42105263157894735
scene_1,item_6982,0.42105263157894735
scene_1,item_3691,0.42105263157894735
scene_1,item_6361,0.42105263157894735
scene_1,item_6844,0.42105263157894735
scene_1,item_9031,0.42105263157894735
scene_1,item_6127,0.42105263157894735
scene_1,item_1975,0.42105263157894735
scene_1,item_6709,0.42105263157894735
scene_1,item_4003,0.42105263157894735
scene_1,item_2539,0.42105263157894735
scene_1,item_6514,0.42105263157894735
scene_1,item_7864,0.42105263157894735
scene_1,item_3142,0.42105263157894735
scene_1,item_7729,0.42105263157894735
scene_1,item_3958,0.42105263157894735
scene_1,item_7438,0.42105263157894735
scene_1,item_2707,0.42105263157894735
scene_1,item_6103,0.42105263157894735
scene_1,item_5617,0.42105263157894735
scene_1,item_7234,0.42105263157894735
scene_1,item_3064,0.42105263157894735
scene_1,item_4915,0.42105263157894735
scene_1,item_1651,0.42105263157894735
scene_1,item_1555,0.42105263157894735
scene_1,item_8929,0.42105263157894735
scene_1,item_814,0.42105263157894735
scene_1,item_5317,0.42105263157894735
scene_1,item_7615,0.3684210526315789
scene_1,item_8926,0.3684210526315789
scene_1,item_4519,0.3684210526315789
scene_1,item_4441,0.3684210526315789
scene_1,item_5695,0.3684210526315789
scene_1,item_9394,0.3684210526315789
scene_1,item_4840,0.3684210526315789
scene_1,item_6706,0.3684210526315789
scene_1,item_8008,0.3684210526315789
scene_1,item_5314,0.3684210526315789
scene_1,item_661,0.3684210526315789
scene_1,item_6271,0.3684210526315789
scene_1,item_31,0.3684210526315789
scene_1,item_1627,0.3684210526315789
scene_1,item_2824,0.3684210526315789
scene_1,item_3688,0.3684210526315789
scene_1,item_2326,0.3684210526315789
scene_1,item_6409,0.3684210526315789
scene_1,item_4000,0.3684210526315789
scene_1,item_3103,0.3684210526315789
scene_1,item_5761,0.3684210526315789
scene_1,item_7897,0.3684210526315789
scene_1,item_1708,0.3684210526315789
scene_1,item_1702,0.3684210526315789
scene_1,item_3637,0.3684210526315789
scene_1,item_4201,0.3684210526315789
scene_1,item_460,0.3684210526315789
scene_1,item_1894,0.3684210526315789
scene_1,item_9211,0.3684210526315789
scene_1,item_5959,0.3684210526315789
scene_1,item_4966,0.3684210526315789
scene_1,item_2038,0.3684210526315789
scene_1,item_3265,0.3684210526315789
scene_1,item_2089,0.3684210526315789
scene_1,item_3586,0.3684210526315789
scene_1,item_2311,0.3157894736842105
scene_1,item_6373,0.3157894736842105
scene_1,item_2677,0.3157894736842105
scene_1,item_511,0.3157894736842105
scene_1,item_5068,0.3157894736842105
scene_1,item_6988,0.3157894736842105
scene_1,item_2320,0.3157894736842105
scene_1,item_4636,0.3157894736842105
scene_1,item_3328,0.3157894736842105
scene_1,item_2503,0.3157894736842105
scene_1,item_8122,0.3157894736842105
scene_1,item_2842,0.3157894736842105
scene_1,item_9490,0.3157894736842105
scene_1,item_6889,0.3157894736842105
scene_1,item_2026,0.3157894736842105
scene_1,item_1684,0.3157894736842105
scene_1,item_64,0.3157894736842105
scene_1,item_2956,0.3157894736842105
scene_1,item_8794,0.3157894736842105
scene_1,item_3742,0.3157894736842105
scene_1,item_7324,0.3157894736842105
scene_1,item_1690,0.3157894736842105
scene_1,item_2974,0.3157894736842105
scene_1,item_9778,0.3157894736842105
scene_1,item_3466,0.3157894736842105
scene_1,item_9748,0.3157894736842105
scene_1,item_9697,0.3157894736842105
scene_1,item_1717,0.3157894736842105
scene_1,item_3250,0.3157894736842105
scene_1,item_3769,0.3157894736842105
scene_1,item_3979,0.3157894736842105
scene_1,item_7495,0.3157894736842105
scene_1,item_9781,0.3157894736842105
scene_1,item_7585,0.3157894736842105
scene_1,item_6259,0.3157894736842105
scene_1,item_3853,0.3157894736842105
scene_1,item_8743,0.3157894736842105
scene_1,item_8158,0.3157894736842105
scene_1,item_7297,0.3157894736842105
scene_1,item_121,0.3157894736842105
scene_1,item_1285,0.3157894736842105
scene_1,item_4864,0.3157894736842105
scene_1,item_8239,0.3157894736842105
scene_1,item_4618,0.3157894736842105
scene_1,item_595,0.3157894736842105
scene_1,item_8593,0.3157894736842105
scene_1,item_9814,0.3157894736842105
scene_1,item_5380,0.3157894736842105
scene_1,item_5971,0.3157894736842105
scene_1,item_7579,0.3157894736842105
scene_1,item_8419,0.3157894736842105
scene_1,item_5704,0.3157894736842105
scene_1,item_7975,0.3157894736842105
scene_1,item_9382,0.3157894736842105
scene_1,item_9904,0.3157894736842105
scene_1,item_1981,0.3157894736842105
scene_1,item_9874,0.3157894736842105
scene_1,item_7063,0.3157894736842105
scene_1,item_7375,0.3157894736842105
scene_1,item_6673,0.3157894736842105
scene_1,item_4603,0.3157894736842105
scene_1,item_352,0.3157894736842105
scene_1,item_3361,0.3157894736842105
scene_1,item_7534,0.3157894736842105
scene_1,item_1387,0.3157894736842105
scene_1,item_4189,0.3157894736842105
scene_1,item_265,0.3157894736842105
scene_1,item_4756,0.3157894736842105
scene_1,item_8635,0.3157894736842105
scene_1,item_55,0.2631578947368421
scene_1,item_3823,0.2631578947368421
scene_1,item_2959,0.2631578947368421
scene_1,item_2050,0.2631578947368421
scene_1,item_9658,0.2631578947368421
scene_1,item_9739,0.2631578947368421
scene_1,item_1186,0.2631578947368421
scene_1,item_9121,0.2631578947368421
scene_1,item_826,0.2631578947368421
scene_1,item_3619,0.2631578947368421
scene_1,item_1516,0.2631578947368421
scene_1,item_2137,0.2631578947368421
scene_1,item_7828,0.2631578947368421
scene_1,item_3643,0.2631578947368421
scene_1,item_3667,0.2631578947368421
scene_1,item_3160,0.2631578947368421
scene_1,item_1135,0.2631578947368421
scene_1,item_6523,0.2631578947368421
scene_1,item_5368,0.2631578947368421
scene_1,item_7630,0.2631578947368421
scene_1,item_8893,0.2631578947368421
scene_1,item_6934,0.2631578947368421
scene_1,item_8476,0.2631578947368421
scene_1,item_799,0.2631578947368421
scene_1,item_5107,0.2631578947368421
scene_1,item_9733,0.2631578947368421
scene_1,item_8113,0.2631578947368421
scene_1,item_3976,0.2631578947368421
scene_1,item_6085,0.2631578947368421
scene_1,item_901,0.2631578947368421
scene_1,item_6670,0.2631578947368421
scene_1,item_7522,0.2631578947368421
scene_1,item_9730,0.2631578947368421
scene_1,item_2047,0.2631578947368421
scene_1,item_3856,0.2631578947368421
scene_1,item_2044,0.2631578947368421
scene_1,item_5581,0.2631578947368421
scene_1,item_9532,0.2631578947368421
scene_1,item_5917,0.2631578947368421
scene_1,item_9772,0.2631578947368421
scene_1,item_4333,0.2631578947368421
scene_1,item_2521,0.2631578947368421
scene_1,item_3514,0.2631578947368421
scene_1,item_9682,0.2631578947368421
scene_1,item_4357,0.2631578947368421
scene_1,item_43,0.2631578947368421
scene_1,item_5686,0.2631578947368421
scene_1,item_7966,0.2631578947368421
scene_1,item_2104,0.2631578947368421
scene_1,item_7132,0.2631578947368421
scene_1,item_3583,0.2631578947368421
scene_1,item_5782,0.2631578947368421
scene_1,item_7561,0.2631578947368421
scene_1,item_1504,0.2631578947368421
scene_1,item_673,0.2631578947368421
scene_1,item_3019,0.2631578947368421
scene_1,item_6871,0.2631578947368421
scene_1,item_2314,0.2631578947368421
scene_1,item_1636,0.2631578947368421
scene_1,item_1492,0.2631578947368421
scene_1,item_1300,0.2631578947368421
scene_1,item_8389,0.2631578947368421
scene_1,item_9640,0.2631578947368421
scene_1,item_8956,0.2631578947368421
scene_1,item_1759,0.2631578947368421
scene_1,item_6175,0.2631578947368421
scene_1,item_4705,0.2631578947368421
scene_1,item_1561,0.2631578947368421
scene_1,item_7045,0.2631578947368421
scene_1,item_2098,0.2631578947368421
scene_1,item_2512,0.2631578947368421
scene_1,item_514,0.2631578947368421
scene_1,item_9139,0.2631578947368421
scene_1,item_2680,0.2631578947368421
scene_1,item_2194,0.2631578947368421
scene_1,item_331,0.2631578947368421
scene_1,item_9016,0.2631578947368421
scene_1,item_2773,0.2631578947368421
scene_1,item_7603,0.2631578947368421
scene_1,item_9724,0.2631578947368421
scene_1,item_9880,0.21052631578947367
scene_1,item_8665,0.21052631578947367
scene_1,item_5470,0.21052631578947367
scene_1,item_6040,0.21052631578947367
scene_1,item_1630,0.21052631578947367
scene_1,item_2839,0.21052631578947367
scene_1,item_694,0.21052631578947367
scene_1,item_5494,0.21052631578947367
scene_1,item_6418,0.21052631578947367
scene_1,item_247,0.21052631578947367
scene_1,item_4960,0.21052631578947367
scene_1,item_8539,0.21052631578947367
scene_1,item_1531,0.21052631578947367
scene_1,item_5446,0.21052631578947367
scene_1,item_25,0.21052631578947367
scene_1,item_8461,0.21052631578947367
scene_1,item_7345,0.21052631578947367
scene_1,item_5275,0.21052631578947367
scene_1,item_4567,0.21052631578947367
scene_1,item_1876,0.21052631578947367
scene_1,item_217,0.21052631578947367
scene_1,item_2608,0.21052631578947367
scene_1,item_7468,0.21052631578947367
scene_1,item_5746,0.21052631578947367
scene_1,item_8611,0.21052631578947367
scene_1,item_4726,0.21052631578947367
scene_1,item_715,0.21052631578947367
scene_1,item_5719,0.21052631578947367
scene_1,item_1450,0.21052631578947367
scene_1,item_9655,0.21052631578947367
scene_1,item_559,0.21052631578947367
scene_1,item_6139,0.21052631578947367
scene_1,item_4762,0.21052631578947367
scene_1,item_1429,0.21052631578947367
scene_1,item_1693,0.21052631578947367
scene_1,item_1741,0.21052631578947367
scene_1,item_9736,0.21052631578947367
scene_1,item_4729,0.21052631578947367
scene_1,item_3778,0.21052631578947367
scene_1,item_8134,0.21052631578947367
scene_1,item_4924,0.21052631578947367
scene_1,item_1969,0.21052631578947367
scene_1,item_2716,0.21052631578947367
scene_1,item_6628,0.21052631578947367
scene_1,item_4366,0.21052631578947367
scene_1,item_151,0.21052631578947367
scene_1,item_4048,0.21052631578947367
scene_1,item_7948,0.21052631578947367
scene_1,item_1513,0.21052631578947367
scene_1,item_7852,0.21052631578947367
scene_1,item_1147,0.21052631578947367
scene_1,item_8725,0.21052631578947367
scene_1,item_973,0.21052631578947367
scene_1,item_2275,0.21052631578947367
scene_1,item_6847,0.21052631578947367
scene_1,item_4744,0.21052631578947367
scene_1,item_6097,0.21052631578947367
scene_1,item_3880,0.21052631578947367
scene_1,item_4138,0.21052631578947367
scene_1,item_1996,0.21052631578947367
scene_1,item_7156,0.21052631578947367
scene_1,item_4492,0.21052631578947367
scene_1,item_6682,0.21052631578947367
scene_1,item_5119,0.21052631578947367
scene_1,item_7702,0.21052631578947367
scene_1,item_8863,0.21052631578947367
scene_1,item_4810,0.21052631578947367
scene_1,item_7360,0.21052631578947367
scene_1,item_9721,0.21052631578947367
scene_1,item_1837,0.21052631578947367
scene_1,item_1786,0.21052631578947367
scene_1,item_9919,0.21052631578947367
scene_1,item_6856,0.21052631578947367
scene_1,item_6463,0.21052631578947367
scene_1,item_2287,0.21052631578947367
scene_1,item_7486,0.21052631578947367
scene_1,item_7915,0.21052631578947367
scene_1,item_7171,0.21052631578947367
scene_1,item_4279,0.21052631578947367
scene_1,item_727,0.21052631578947367
scene_1,item_8188,0.21052631578947367
scene_1,item_871,0.21052631578947367
scene_1,item_1165,0.21052631578947367
scene_1,item_7633,0.21052631578947367
scene_1,item_8449,0.21052631578947367
scene_1,item_7891,0.21052631578947367
scene_1,item_3928,0.21052631578947367
scene_1,item_3268,0.21052631578947367
scene_1,item_1567,0.21052631578947367
scene_1,item_4216,0.21052631578947367
scene_1,item_8995,0.21052631578947367
scene_1,item_9181,0.21052631578947367
scene_1,item_3982,0.21052631578947367
scene_1,item_1039,0.21052631578947367
scene_1,item_5203,0.21052631578947367
scene_1,item_1,0.21052631578947367
scene_1,item_3349,0.21052631578947367
scene_1,item_6379,0.21052631578947367
scene_1,item_4072,0.21052631578947367
scene_1,item_5017,0.21052631578947367
scene_1,item_6883,0.21052631578947367
scene_1,item_8485,0.21052631578947367
scene_1,item_319,0.21052631578947367
scene_1,item_4975,0.21052631578947367
scene_1,item_5215,0.21052631578947367
scene_1,item_8917,0.21052631578947367
scene_1,item_8716,0.21052631578947367
scene_1,item_2929,0.21052631578947367
scene_1,item_1543,0.21052631578947367
scene_1,item_9130,0.21052631578947367
scene_1,item_1474,0.21052631578947367
scene_1,item_5218,0.21052631578947367
scene_1,item_4792,0.21052631578947367
scene_1,item_5209,0.21052631578947367
scene_1,item_3037,0.21052631578947367
scene_1,item_742,0.21052631578947367
scene_1,item_9952,0.21052631578947367
scene_1,item_2947,0.21052631578947367
scene_1,item_7609,0.21052631578947367
scene_1,item_1498,0.21052631578947367
scene_1,item_8704,0.21052631578947367
scene_1,item_3673,0.21052631578947367
scene_1,item_6136,0.21052631578947367
scene_1,item_8524,0.21052631578947367
scene_1,item_8218,0.21052631578947367
scene_1,item_8776,0.21052631578947367
scene_1,item_829,0.21052631578947367
scene_1,item_8563,0.21052631578947367
scene_1,item_2944,0.21052631578947367
scene_1,item_5482,0.21052631578947367
scene_1,item_8143,0.21052631578947367
scene_1,item_8902,0.21052631578947367
scene_1,item_7939,0.21052631578947367
scene_1,item_3232,0.21052631578947367
scene_1,item_355,0.21052631578947367
scene_1,item_9079,0.21052631578947367
scene_1,item_8344,0.21052631578947367
scene_1,item_1054,0.21052631578947367
scene_1,item_4,0.21052631578947367
scene_1,item_5050,0.21052631578947367
scene_1,item_6907,0.21052631578947367
scene_1,item_4045,0.21052631578947367
scene_1,item_2761,0.21052631578947367
scene_1,item_6814,0.15789473684210525
scene_1,item_6244,0.15789473684210525
scene_1,item_9295,0.15789473684210525
scene_1,item_4516,0.15789473684210525
scene_1,item_1177,0.15789473684210525
scene_1,item_2251,0.15789473684210525
scene_1,item_1075,0.15789473684210525
scene_1,item_7645,0.15789473684210525
scene_1,item_2389,0.15789473684210525
scene_1,item_8881,0.15789473684210525
scene_1,item_9133,0.15789473684210525
scene_1,item_1123,0.15789473684210525
scene_1,item_8470,0.15789473684210525
scene_1,item_8941,0.15789473684210525
scene_1,item_7210,0.15789473684210525
scene_1,item_4318,0.15789473684210525
scene_1,item_9028,0.15789473684210525
scene_1,item_2590,0.15789473684210525
scene_1,item_6850,0.15789473684210525
scene_1,item_6916,0.15789473684210525
scene_1,item_7717,0.15789473684210525
scene_1,item_5653,0.15789473684210525
scene_1,item_1579,0.15789473684210525
scene_1,item_1723,0.15789473684210525
scene_1,item_5134,0.15789473684210525
scene_1,item_6922,0.15789473684210525
scene_1,item_58,0.15789473684210525
scene_1,item_6376,0.15789473684210525
scene_1,item_6142,0.15789473684210525
scene_1,item_8350,0.15789473684210525
scene_1,item_3541,0.15789473684210525
scene_1,item_6445,0.15789473684210525
scene_1,item_3478,0.15789473684210525
scene_1,item_9610,0.15789473684210525
scene_1,item_5344,0.15789473684210525
scene_1,item_328,0.15789473684210525
scene_1,item_7576,0.15789473684210525
scene_1,item_337,0.15789473684210525
scene_1,item_3532,0.15789473684210525
scene_1,item_502,0.15789473684210525
scene_1,item_712,0.15789473684210525
scene_1,item_6124,0.15789473684210525
scene_1,item_2884,0.15789473684210525
scene_1,item_7573,0.15789473684210525
scene_1,item_8434,0.15789473684210525
scene_1,item_67,0.15789473684210525
scene_1,item_5038,0.15789473684210525
scene_1,item_1978,0.15789473684210525
scene_1,item_3070,0.15789473684210525
scene_1,item_2785,0.15789473684210525
scene_1,item_8359,0.15789473684210525
scene_1,item_5188,0.15789473684210525
scene_1,item_9118,0.15789473684210525
scene_1,item_3907,0.15789473684210525
scene_1,item_3640,0.15789473684210525
scene_1,item_3943,0.15789473684210525
scene_1,item_9163,0.15789473684210525
scene_1,item_8044,0.15789473684210525
scene_1,item_3817,0.15789473684210525
scene_1,item_5053,0.15789473684210525
scene_1,item_7480,0.15789473684210525
scene_1,item_385,0.15789473684210525
scene_1,item_8260,0.15789473684210525
scene_1,item_8386,0.15789473684210525
scene_1,item_5332,0.15789473684210525
scene_1,item_1591,0.15789473684210525
scene_1,item_2419,0.15789473684210525
scene_1,item_1246,0.15789473684210525
scene_1,item_6679,0.15789473684210525
scene_1,item_6421,0.15789473684210525
scene_1,item_2560,0.15789473684210525
scene_1,item_5296,0.15789473684210525
scene_1,item_7927,0.15789473684210525
scene_1,item_4537,0.15789473684210525
scene_1,item_6808,0.15789473684210525
scene_1,item_5533,0.15789473684210525
scene_1,item_4900,0.15789473684210525
scene_1,item_1360,0.15789473684210525
scene_1,item_2788,0.15789473684210525
scene_1,item_316,0.15789473684210525
scene_1,item_1060,0.15789473684210525
scene_1,item_838,0.15789473684210525
scene_1,item_127,0.15789473684210525
scene_1,item_7552,0.15789473684210525
scene_1,item_7753,0.15789473684210525
scene_1,item_9073,0.15789473684210525
scene_1,item_3919,0.15789473684210525
scene_1,item_6967,0.15789473684210525
scene_1,item_7846,0.15789473684210525
scene_1,item_7090,0.15789473684210525
scene_1,item_3574,0.15789473684210525
scene_1,item_2029,0.15789473684210525
scene_1,item_6652,0.15789473684210525
scene_1,item_6337,0.15789473684210525
scene_1,item_904,0.15789473684210525
scene_1,item_9463,0.15789473684210525
scene_1,item_6031,0.15789473684210525
scene_1,item_76,0.15789473684210525
scene_1,item_2014,0.15789473684210525
scene_1,item_7321,0.15789473684210525
scene_1,item_5677,0.15789473684210525
scene_1,item_9109,0.15789473684210525
scene_1,item_1405,0.15789473684210525
scene_1,item_937,0.15789473684210525
scene_1,item_4204,0.15789473684210525
scene_1,item_2158,0.15789473684210525
scene_1,item_5752,0.15789473684210525
scene_1,item_9679,0.15789473684210525
scene_1,item_8101,0.15789473684210525
scene_1,item_1132,0.15789473684210525
scene_1,item_601,0.15789473684210525
scene_1,item_3004,0.15789473684210525
scene_1,item_6724,0.15789473684210525
scene_1,item_1345,0.15789473684210525
scene_1,item_2452,0.15789473684210525
scene_1,item_2152,0.15789473684210525
scene_1,item_5020,0.15789473684210525
scene_1,item_8332,0.15789473684210525
scene_1,item_9754,0.15789473684210525
scene_1,item_5452,0.15789473684210525
scene_1,item_9664,0.15789473684210525
scene_1,item_7555,0.15789473684210525
scene_1,item_6049,0.15789473684210525
scene_1,item_8017,0.15789473684210525
scene_1,item_3316,0.15789473684210525
scene_1,item_3364,0.15789473684210525
scene_1,item_1414,0.15789473684210525
scene_1,item_4753,0.15789473684210525
scene_1,item_9022,0.15789473684210525
scene_1,item_7120,0.15789473684210525
scene_1,item_5116,0.15789473684210525
scene_1,item_5278,0.15789473684210525
scene_1,item_5227,0.15789473684210525
scene_1,item_1027,0.15789473684210525
scene_1,item_6688,0.15789473684210525
scene_1,item_163,0.15789473684210525
scene_1,item_1705,0.15789473684210525
scene_1,item_820,0.15789473684210525
scene_1,item_9673,0.15789473684210525
scene_1,item_556,0.15789473684210525
scene_1,item_8506,0.15789473684210525
scene_1,item_5599,0.15789473684210525
scene_1,item_1912,0.15789473684210525
scene_1,item_7222,0.15789473684210525
scene_1,item_8068,0.15789473684210525
scene_1,item_4495,0.15789473684210525
scene_1,item_9550,0.15789473684210525
scene_1,item_1363,0.15789473684210525
scene_1,item_9352,0.15789473684210525
scene_1,item_5110,0.15789473684210525
scene_1,item_2392,0.15789473684210525
scene_1,item_394,0.15789473684210525
scene_1,item_2572,0.15789473684210525
scene_1,item_5230,0.15789473684210525
scene_1,item_8569,0.15789473684210525
scene_1,item_6958,0.15789473684210525
scene_1,item_8494,0.15789473684210525
scene_1,item_8230,0.15789473684210525
scene_1,item_6793,0.15789473684210525
scene_1,item_2575,0.15789473684210525
scene_1,item_2182,0.15789473684210525
scene_1,item_2173,0.15789473684210525
scene_1,item_7687,0.15789473684210525
scene_1,item_9004,0.15789473684210525
scene_1,item_9589,0.15789473684210525
scene_1,item_979,0.15789473684210525
scene_1,item_520,0.15789473684210525
scene_1,item_4261,0.15789473684210525
scene_1,item_6499,0.15789473684210525
scene_1,item_8845,0.15789473684210525
scene_1,item_4882,0.15789473684210525
scene_1,item_4354,0.15789473684210525
scene_1,item_9169,0.15789473684210525
scene_1,item_4507,0.15789473684210525
scene_1,item_1846,0.15789473684210525
scene_1,item_9400,0.15789473684210525
scene_1,item_7798,0.15789473684210525
scene_1,item_4351,0.15789473684210525
scene_1,item_3946,0.15789473684210525
scene_1,item_9670,0.15789473684210525
scene_1,item_7207,0.15789473684210525
scene_1,item_1672,0.15789473684210525
scene_1,item_5728,0.15789473684210525
scene_1,item_4933,0.15789473684210525
scene_1,item_577,0.15789473684210525
scene_1,item_442,0.15789473684210525
scene_1,item_5923,0.15789473684210525
scene_1,item_1309,0.15789473684210525
scene_1,item_1330,0.15789473684210525
scene_1,item_2353,0.15789473684210525
scene_1,item_8974,0.15789473684210525
scene_1,item_1408,0.15789473684210525
scene_1,item_3895,0.15789473684210525
scene_1,item_2062,0.15789473684210525
scene_1,item_7075,0.15789473684210525
scene_1,item_4270,0.15789473684210525
scene_1,item_3385,0.15789473684210525
scene_1,item_7357,0.15789473684210525
scene_1,item_5308,0.15789473684210525
scene_1,item_6646,0.15789473684210525
scene_1,item_6214,0.15789473684210525
scene_1,item_5908,0.15789473684210525
scene_1,item_9301,0.15789473684210525
scene_1,item_6697,0.15789473684210525
scene_1,item_4156,0.15789473684210525
scene_1,item_7396,0.15789473684210525
scene_1,item_6121,0.10526315789473684
scene_1,item_3355,0.10526315789473684
scene_1,item_9475,0.10526315789473684
scene_1,item_9484,0.10526315789473684
scene_1,item_9001,0.10526315789473684
scene_1,item_2458,0.10526315789473684
scene_1,item_4963,0.10526315789473684
scene_1,item_9439,0.10526315789473684
scene_1,item_9421,0.10526315789473684
scene_1,item_3118,0.10526315789473684
scene_1,item_781,0.10526315789473684
scene_1,item_6532,0.10526315789473684
scene_1,item_8056,0.10526315789473684
scene_1,item_5650,0.10526315789473684
scene_1,item_9634,0.10526315789473684
scene_1,item_1816,0.10526315789473684
scene_1,item_8590,0.10526315789473684
scene_1,item_2743,0.10526315789473684
scene_1,item_4054,0.10526315789473684
scene_1,item_1291,0.10526315789473684
scene_1,item_8788,0.10526315789473684
scene_1,item_6745,0.10526315789473684
scene_1,item_5641,0.10526315789473684
scene_1,item_3193,0.10526315789473684
scene_1,item_5887,0.10526315789473684
scene_1,item_565,0.10526315789473684
scene_1,item_6820,0.10526315789473684
scene_1,item_8179,0.10526315789473684
scene_1,item_6676,0.10526315789473684
scene_1,item_6811,0.10526315789473684
scene_1,item_7177,0.10526315789473684
scene_1,item_5992,0.10526315789473684
scene_1,item_7627,0.10526315789473684
scene_1,item_3106,0.10526315789473684
scene_1,item_3523,0.10526315789473684
scene_1,item_9967,0.10526315789473684
scene_1,item_3013,0.10526315789473684
scene_1,item_3649,0.10526315789473684
scene_1,item_7342,0.10526315789473684
scene_1,item_3832,0.10526315789473684
scene_1,item_8803,0.10526315789473684
scene_1,item_3031,0.10526315789473684
scene_1,item_8305,0.10526315789473684
scene_1,item_1585,0.10526315789473684
scene_1,item_2926,0.10526315789473684
scene_1,item_5404,0.10526315789473684
scene_1,item_4813,0.10526315789473684
scene_1,item_340,0.10526315789473684
scene_1,item_1225,0.10526315789473684
scene_1,item_3049,0.10526315789473684
scene_1,item_3145,0.10526315789473684
scene_1,item_2737,0.10526315789473684
scene_1,item_5242,0.10526315789473684
scene_1,item_7201,0.10526315789473684
scene_1,item_6634,0.10526315789473684
scene_1,item_9820,0.10526315789473684
scene_1,item_3655,0.10526315789473684
scene_1,item_1990,0.10526315789473684
scene_1,item_7837,0.10526315789473684
scene_1,item_34,0.10526315789473684
scene_1,item_8131,0.10526315789473684
scene_1,item_4624,0.10526315789473684
scene_1,item_7954,0.10526315789473684
scene_1,item_2890,0.10526315789473684
scene_1,item_8149,0.10526315789473684
scene_1,item_9055,0.10526315789473684
scene_1,item_9517,0.10526315789473684
scene_1,item_3589,0.10526315789473684
scene_1,item_9856,0.10526315789473684
scene_1,item_6304,0.10526315789473684
scene_1,item_5455,0.10526315789473684
scene_1,item_5803,0.10526315789473684
scene_1,item_1219,0.10526315789473684
scene_1,item_5794,0.10526315789473684
scene_1,item_1486,0.10526315789473684
scene_1,item_5491,0.10526315789473684
scene_1,item_3061,0.10526315789473684
scene_1,item_8005,0.10526315789473684
scene_1,item_8224,0.10526315789473684
scene_1,item_7825,0.10526315789473684
scene_1,item_2971,0.10526315789473684
scene_1,item_3406,0.10526315789473684
scene_1,item_3772,0.10526315789473684
scene_1,item_4888,0.10526315789473684
scene_1,item_5827,0.10526315789473684
scene_1,item_5689,0.10526315789473684
scene_1,item_3739,0.10526315789473684
scene_1,item_1666,0.10526315789473684
scene_1,item_7699,0.10526315789473684
scene_1,item_6301,0.10526315789473684
scene_1,item_7972,0.10526315789473684
scene_1,item_8407,0.10526315789473684
scene_1,item_5551,0.10526315789473684
scene_1,item_8323,0.10526315789473684
scene_1,item_1270,0.10526315789473684
scene_1,item_880,0.10526315789473684
scene_1,item_1840,0.10526315789473684
scene_1,item_8236,0.10526315789473684
scene_1,item_7507,0.10526315789473684
scene_1,item_4414,0.10526315789473684
scene_1,item_1243,0.10526315789473684
scene_1,item_6181,0.10526315789473684
scene_1,item_226,0.10526315789473684
scene_1,item_3892,0.10526315789473684
scene_1,item_9094,0.10526315789473684
scene_1,item_2359,0.10526315789473684
scene_1,item_6640,0.10526315789473684
scene_1,item_8437,0.10526315789473684
scene_1,item_8830,0.10526315789473684
scene_1,item_8848,0.10526315789473684
scene_1,item_6457,0.10526315789473684
scene_1,item_2293,0.10526315789473684
scene_1,item_118,0.10526315789473684
scene_1,item_7474,0.10526315789473684
scene_1,item_3100,0.10526315789473684
scene_1,item_6442,0.10526315789473684
scene_1,item_2593,0.10526315789473684
scene_1,item_8164,0.10526315789473684
scene_1,item_8206,0.10526315789473684
scene_1,item_1609,0.10526315789473684
scene_1,item_9076,0.10526315789473684
scene_1,item_2230,0.10526315789473684
scene_1,item_6565,0.10526315789473684
scene_1,item_2299,0.10526315789473684
scene_1,item_4255,0.10526315789473684
scene_1,item_7318,0.10526315789473684
scene_1,item_7636,0.10526315789473684
scene_1,item_2635,0.10526315789473684
scene_1,item_6472,0.10526315789473684
scene_1,item_9769,0.10526315789473684
scene_1,item_655,0.10526315789473684
scene_1,item_7123,0.10526315789473684
scene_1,item_2992,0.10526315789473684
scene_1,item_9625,0.10526315789473684
scene_1,item_9190,0.10526315789473684
scene_1,item_1558,0.10526315789473684
scene_1,item_952,0.10526315789473684
scene_1,item_7693,0.10526315789473684
scene_1,item_358,0.10526315789473684
scene_1,item_1033,0.10526315789473684
scene_1,item_9631,0.10526315789473684
scene_1,item_6571,0.10526315789473684
scene_1,item_5269,0.10526315789473684
scene_1,item_466,0.10526315789473684
scene_1,item_6493,0.10526315789473684
scene_1,item_2659,0.10526315789473684
scene_1,item_6481,0.10526315789473684
scene_1,item_4234,0.10526315789473684
scene_1,item_1093,0.10526315789473684
scene_1,item_4462,0.10526315789473684
scene_1,item_2725,0.10526315789473684
scene_1,item_7249,0.10526315789473684
scene_1,item_7606,0.10526315789473684
scene_1,item_3595,0.10526315789473684
scene_1,item_4039,0.10526315789473684
scene_1,item_5035,0.10526315789473684
scene_1,item_8545,0.10526315789473684
scene_1,item_9628,0.10526315789473684
scene_1,item_2710,0.10526315789473684
scene_1,item_5554,0.10526315789473684
scene_1,item_3598,0.10526315789473684
scene_1,item_9859,0.10526315789473684
scene_1,item_4042,0.10526315789473684
scene_1,item_4648,0.10526315789473684
scene_1,item_8908,0.10526315789473684
scene_1,item_8713,0.10526315789473684
scene_1,item_9460,0.10526315789473684
scene_1,item_7246,0.10526315789473684
scene_1,item_4549,0.10526315789473684
scene_1,item_5284,0.10526315789473684
scene_1,item_1726,0.10526315789473684
scene_1,item_6019,0.10526315789473684
scene_1,item_8944,0.10526315789473684
scene_1,item_2803,0.10526315789473684
scene_1,item_2776,0.10526315789473684
scene_1,item_8953,0.10526315789473684
scene_1,item_1825,0.10526315789473684
scene_1,item_1264,0.10526315789473684
scene_1,item_3646,0.10526315789473684
scene_1,item_1012,0.10526315789473684
scene_1,item_7192,0.10526315789473684
scene_1,item_9505,0.10526315789473684
scene_1,item_3973,0.10526315789473684
scene_1,item_13,0.10526315789473684
scene_1,item_3838,0.10526315789473684
scene_1,item_8584,0.10526315789473684
scene_1,item_3403,0.10526315789473684
scene_1,item_6769,0.10526315789473684
scene_1,item_5983,0.10526315789473684
scene_1,item_8599,0.10526315789473684
scene_1,item_2599,0.10526315789473684
scene_1,item_1861,0.10526315789473684
scene_1,item_2668,0.10526315789473684
scene_1,item_4132,0.10526315789473684
scene_1,item_2083,0.10526315789473684
scene_1,item_190,0.10526315789473684
scene_1,item_3190,0.10526315789473684
scene_1,item_2449,0.10526315789473684
scene_1,item_1900,0.10526315789473684
scene_1,item_2365,0.10526315789473684
scene_1,item_8518,0.10526315789473684
scene_1,item_6115,0.10526315789473684
scene_1,item_7612,0.10526315789473684
scene_1,item_985,0.10526315789473684
scene_1,item_94,0.10526315789473684
scene_1,item_8947,0.10526315789473684
scene_1,item_9199,0.10526315789473684
scene_1,item_7933,0.10526315789473684
scene_1,item_9274,0.10526315789473684
scene_1,item_9523,0.10526315789473684
scene_1,item_5170,0.10526315789473684
scene_1,item_8515,0.10526315789473684
scene_1,item_4450,0.10526315789473684
scene_1,item_682,0.10526315789473684
scene_1,item_3262,0.10526315789473684
scene_1,item_1798,0.10526315789473684
scene_1,item_7333,0.10526315789473684
scene_1,item_7420,0.10526315789473684
scene_1,item_3394,0.10526315789473684
scene_1,item_2290,0.10526315789473684
scene_1,item_3238,0.10526315789473684
scene_1,item_2851,0.10526315789473684
scene_1,item_6343,0.10526315789473684
scene_1,item_4843,0.10526315789473684
scene_1,item_9922,0.10526315789473684
scene_1,item_8353,0.10526315789473684
scene_1,item_4828,0.10526315789473684
scene_1,item_7084,0.10526315789473684
scene_1,item_8347,0.10526315789473684
scene_1,item_4348,0.10526315789473684
scene_1,item_6712,0.10526315789473684
scene_1,item_8578,0.10526315789473684
scene_1,item_3382,0.10526315789473684
scene_1,item_5569,0.10526315789473684
scene_1,item_8824,0.10526315789473684
scene_1,item_4129,0.10526315789473684
scene_1,item_1774,0.10526315789473684
scene_1,item_1069,0.10526315789473684
scene_1,item_8620,0.10526315789473684
scene_1,item_8527,0.10526315789473684
scene_1,item_289,0.10526315789473684
scene_1,item_4606,0.10526315789473684
scene_1,item_4795,0.10526315789473684
scene_1,item_604,0.10526315789473684
scene_1,item_9835,0.10526315789473684
scene_1,item_1237,0.10526315789473684
scene_1,item_1903,0.10526315789473684
scene_1,item_4297,0.10526315789473684
scene_1,item_4258,0.10526315789473684
scene_1,item_3016,0.10526315789473684
scene_1,item_9718,0.10526315789473684
scene_1,item_2281,0.10526315789473684
scene_1,item_3682,0.10526315789473684
scene_1,item_1687,0.10526315789473684
scene_1,item_8278,0.10526315789473684
scene_1,item_9994,0.10526315789473684
scene_1,item_1909,0.10526315789473684
scene_1,item_223,0.10526315789473684
scene_1,item_1255,0.10526315789473684
scene_1,item_3217,0.10526315789473684
scene_1,item_4738,0.10526315789473684
scene_1,item_8452,0.10526315789473684
scene_1,item_3427,0.10526315789473684
scene_1,item_3028,0.10526315789473684
scene_1,item_7477,0.10526315789473684
scene_1,item_1324,0.10526315789473684
scene_1,item_3373,0.10526315789473684
scene_1,item_6424,0.10526315789473684
scene_1,item_9868,0.10526315789473684
scene_1,item_6757,0.10526315789473684
scene_1,item_187,0.10526315789473684
scene_1,item_547,0.10526315789473684
scene_1,item_4480,0.10526315789473684
scene_1,item_6790,0.10526315789473684
scene_1,item_8629,0.10526315789473684
scene_1,item_70,0.10526315789473684
scene_1,item_6835,0.10526315789473684
scene_1,item_4153,0.10526315789473684
scene_1,item_1174,0.10526315789473684
scene_1,item_2092,0.10526315789473684
scene_1,item_5407,0.10526315789473684
scene_1,item_9937,0.10526315789473684
scene_1,item_9547,0.10526315789473684
scene_1,item_4732,0.10526315789473684
scene_1,item_7225,0.10526315789473684
scene_1,item_286,0.10526315789473684
scene_1,item_4021,0.10526315789473684
scene_1,item_5773,0.10526315789473684
scene_1,item_2482,0.10526315789473684
scene_1,item_1972,0.10526315789473684
scene_1,item_6928,0.10526315789473684
scene_1,item_8989,0.10526315789473684
scene_1,item_5011,0.10526315789473684
scene_1,item_8047,0.10526315789473684
scene_1,item_2548,0.10526315789473684
scene_1,item_6091,0.10526315789473684
scene_1,item_9850,0.10526315789473684
scene_1,item_469,0.10526315789473684
scene_1,item_376,0.10526315789473684
scene_1,item_2368,0.10526315789473684
scene_1,item_958,0.10526315789473684
scene_1,item_1351,0.10526315789473684
scene_1,item_2545,0.10526315789473684
scene_1,item_7714,0.10526315789473684
scene_1,item_3298,0.10526315789473684
scene_1,item_9613,0.10526315789473684
scene_1,item_9943,0.10526315789473684
scene_1,item_9310,0.10526315789473684
scene_1,item_5158,0.10526315789473684
scene_1,item_4819,0.10526315789473684
scene_1,item_5527,0.10526315789473684
scene_1,item_7834,0.10526315789473684
scene_1,item_625,0.10526315789473684
scene_1,item_8935,0.10526315789473684
scene_1,item_4192,0.10526315789473684
scene_1,item_6151,0.10526315789473684
scene_1,item_1042,0.10526315789473684
scene_1,item_8341,0.10526315789473684
scene_1,item_181,0.10526315789473684
scene_1,item_2758,0.10526315789473684
scene_1,item_9427,0.10526315789473684
scene_1,item_5065,0.10526315789473684
scene_1,item_4483,0.10526315789473684
scene_1,item_3442,0.10526315789473684
scene_1,item_1030,0.10526315789473684
scene_1,item_5176,0.10526315789473684
scene_1,item_3139,0.10526315789473684
scene_1,item_7657,0.10526315789473684
scene_1,item_8059,0.10526315789473684
scene_1,item_7720,0.10526315789473684
scene_1,item_9535,0.10526315789473684
scene_1,item_8326,0.10526315789473684
scene_1,item_6805,0.10526315789473684
scene_1,item_3322,0.10526315789473684
scene_1,item_9235,0.10526315789473684
scene_1,item_5320,0.10526315789473684
scene_1,item_9811,0.10526315789473684
scene_1,item_9007,0.10526315789473684
scene_1,item_7099,0.10526315789473684
scene_1,item_4486,0.10526315789473684
scene_1,item_6961,0.10526315789473684
scene_1,item_1435,0.10526315789473684
scene_1,item_9052,0.10526315789473684
scene_1,item_4438,0.10526315789473684
scene_1,item_9010,0.10526315789473684
scene_1,item_2722,0.10526315789473684
scene_1,item_1078,0.10526315789473684
scene_1,item_9370,0.10526315789473684
scene_1,item_7426,0.10526315789473684
scene_1,item_7519,0.10526315789473684
scene_1,item_5365,0.10526315789473684
scene_1,item_7993,0.10526315789473684
scene_1,item_1459,0.10526315789473684
scene_1,item_9964,0.10526315789473684
scene_1,item_5674,0.10526315789473684
scene_1,item_5602,0.10526315789473684
scene_1,item_2269,0.10526315789473684
scene_1,item_8146,0.10526315789473684
scene_1,item_7849,0.10526315789473684
scene_1,item_5743,0.10526315789473684
scene_1,item_4081,0.10526315789473684
scene_1,item_6556,0.10526315789473684
scene_1,item_4084,0.10526315789473684
scene_1,item_763,0.10526315789473684
scene_1,item_6253,0.10526315789473684
scene_1,item_7387,0.10526315789473684
scene_1,item_9823,0.10526315789473684
scene_1,item_5299,0.10526315789473684
scene_1,item_3463,0.10526315789473684
scene_1,item_8053,0.10526315789473684
scene_1,item_3988,0.10526315789473684
scene_1,item_9379,0.10526315789473684
scene_1,item_9916,0.10526315789473684
scene_1,item_832,0.10526315789473684
scene_1,item_3121,0.10526315789473684
scene_1,item_7639,0.10526315789473684
scene_1,item_2653,0.10526315789473684
scene_1,item_8254,0.10526315789473684
scene_1,item_9340,0.10526315789473684
scene_1,item_7183,0.05263157894736842
scene_1,item_4327,0.05263157894736842
scene_1,item_4621,0.05263157894736842
scene_1,item_3400,0.05263157894736842
scene_1,item_2164,0.05263157894736842
scene_1,item_5869,0.05263157894736842
scene_1,item_9328,0.05263157894736842
scene_1,item_7711,0.05263157894736842
scene_1,item_9238,0.05263157894736842
scene_1,item_9325,0.05263157894736842
scene_1,item_9649,0.05263157894736842
scene_1,item_3883,0.05263157894736842
scene_1,item_3469,0.05263157894736842
scene_1,item_130,0.05263157894736842
scene_1,item_5392,0.05263157894736842
scene_1,item_9808,0.05263157894736842
scene_1,item_9097,0.05263157894736842
scene_1,item_7873,0.05263157894736842
scene_1,item_4063,0.05263157894736842
scene_1,item_1822,0.05263157894736842
scene_1,item_1891,0.05263157894736842
scene_1,item_9829,0.05263157894736842
scene_1,item_3025,0.05263157894736842
scene_1,item_1612,0.05263157894736842
scene_1,item_1471,0.05263157894736842
scene_1,item_7135,0.05263157894736842
scene_1,item_1228,0.05263157894736842
scene_1,item_5926,0.05263157894736842
scene_1,item_3562,0.05263157894736842
scene_1,item_8074,0.05263157894736842
scene_1,item_634,0.05263157894736842
scene_1,item_8368,0.05263157894736842
scene_1,item_5584,0.05263157894736842
scene_1,item_676,0.05263157894736842
scene_1,item_1342,0.05263157894736842
scene_1,item_7186,0.05263157894736842
scene_1,item_5338,0.05263157894736842
scene_1,item_5341,0.05263157894736842
scene_1,item_8365,0.05263157894736842
scene_1,item_3454,0.05263157894736842
scene_1,item_5845,0.05263157894736842
scene_1,item_8203,0.05263157894736842
scene_1,item_3841,0.05263157894736842
scene_1,item_7402,0.05263157894736842
scene_1,item_2257,0.05263157894736842
scene_1,item_9949,0.05263157894736842
scene_1,item_8596,0.05263157894736842
scene_1,item_8791,0.05263157894736842
scene_1,item_7114,0.05263157894736842
scene_1,item_1357,0.05263157894736842
scene_1,item_6799,0.05263157894736842
scene_1,item_3886,0.05263157894736842
scene_1,item_2587,0.05263157894736842
scene_1,item_232,0.05263157894736842
scene_1,item_9355,0.05263157894736842
scene_1,item_1873,0.05263157894736842
scene_1,item_3166,0.05263157894736842
scene_1,item_5911,0.05263157894736842
scene_1,item_3241,0.05263157894736842
scene_1,item_5071,0.05263157894736842
scene_1,item_862,0.05263157894736842
scene_1,item_9271,0.05263157894736842
scene_1,item_3934,0.05263157894736842
scene_1,item_9157,0.05263157894736842
scene_1,item_5692,0.05263157894736842
scene_1,item_6742,0.05263157894736842
scene_1,item_9997,0.05263157894736842
scene_1,item_7033,0.05263157894736842
scene_1,item_4558,0.05263157894736842
scene_1,item_4702,0.05263157894736842
scene_1,item_4075,0.05263157894736842
scene_1,item_4804,0.05263157894736842
scene_1,item_9457,0.05263157894736842
scene_1,item_457,0.05263157894736842
scene_1,item_571,0.05263157894736842
scene_1,item_6094,0.05263157894736842
scene_1,item_6106,0.05263157894736842
scene_1,item_7378,0.05263157894736842
scene_1,item_8416,0.05263157894736842
scene_1,item_790,0.05263157894736842
scene_1,item_4033,0.05263157894736842
scene_1,item_3970,0.05263157894736842
scene_1,item_8770,0.05263157894736842
scene_1,item_6193,0.05263157894736842
scene_1,item_8119,0.05263157894736842
scene_1,item_3499,0.05263157894736842
scene_1,item_5623,0.05263157894736842
scene_1,item_6064,0.05263157894736842
scene_1,item_3502,0.05263157894736842
scene_1,item_2422,0.05263157894736842
scene_1,item_2443,0.05263157894736842
scene_1,item_9775,0.05263157894736842
scene_1,item_5920,0.05263157894736842
scene_1,item_2563,0.05263157894736842
scene_1,item_8866,0.05263157894736842
scene_1,item_6070,0.05263157894736842
scene_1,item_8722,0.05263157894736842
scene_1,item_4222,0.05263157894736842
scene_1,item_8152,0.05263157894736842
scene_1,item_7096,0.05263157894736842
scene_1,item_3094,0.05263157894736842
scene_1,item_112,0.05263157894736842
scene_1,item_1444,0.05263157894736842
scene_1,item_1099,0.05263157894736842
scene_1,item_6274,0.05263157894736842
scene_1,item_7885,0.05263157894736842
scene_1,item_7282,0.05263157894736842
scene_1,item_5083,0.05263157894736842
scene_1,item_475,0.05263157894736842
scene_1,item_2845,0.05263157894736842
scene_1,item_1192,0.05263157894736842
scene_1,item_2533,0.05263157894736842
scene_1,item_2380,0.05263157894736842
scene_1,item_259,0.05263157894736842
scene_1,item_238,0.05263157894736842
scene_1,item_8167,0.05263157894736842
scene_1,item_1897,0.05263157894736842
scene_1,item_1381,0.05263157894736842
scene_1,item_7159,0.05263157894736842
scene_1,item_2479,0.05263157894736842
scene_1,item_8920,0.05263157894736842
scene_1,item_2107,0.05263157894736842
scene_1,item_9061,0.05263157894736842
scene_1,item_1966,0.05263157894736842
scene_1,item_8977,0.05263157894736842
scene_1,item_850,0.05263157894736842
scene_1,item_5329,0.05263157894736842
scene_1,item_1720,0.05263157894736842
scene_1,item_886,0.05263157894736842
scene_1,item_6025,0.05263157894736842
scene_1,item_3844,0.05263157894736842
scene_1,item_997,0.05263157894736842
scene_1,item_4534,0.05263157894736842
scene_1,item_6250,0.05263157894736842
scene_1,item_9472,0.05263157894736842
scene_1,item_8329,0.05263157894736842
scene_1,item_8503,0.05263157894736842
scene_1,item_5812,0.05263157894736842
scene_1,item_2515,0.05263157894736842
scene_1,item_1411,0.05263157894736842
scene_1,item_2557,0.05263157894736842
scene_1,item_2035,0.05263157894736842
scene_1,item_109,0.05263157894736842
scene_1,item_5191,0.05263157894736842
scene_1,item_4696,0.05263157894736842
scene_1,item_1810,0.05263157894736842
scene_1,item_5521,0.05263157894736842
scene_1,item_307,0.05263157894736842
scene_1,item_8587,0.05263157894736842
scene_1,item_4831,0.05263157894736842
scene_1,item_3748,0.05263157894736842
scene_1,item_9268,0.05263157894736842
scene_1,item_415,0.05263157894736842
scene_1,item_7888,0.05263157894736842
scene_1,item_9685,0.05263157894736842
scene_1,item_874,0.05263157894736842
scene_1,item_9841,0.05263157894736842
scene_1,item_4579,0.05263157894736842
scene_1,item_8029,0.05263157894736842
scene_1,item_2233,0.05263157894736842
scene_1,item_8905,0.05263157894736842
scene_1,item_1087,0.05263157894736842
scene_1,item_6502,0.05263157894736842
scene_1,item_2857,0.05263157894736842
scene_1,item_7264,0.05263157894736842
scene_1,item_7960,0.05263157894736842
scene_1,item_172,0.05263157894736842
scene_1,item_4477,0.05263157894736842
scene_1,item_6550,0.05263157894736842
scene_1,item_274,0.05263157894736842
scene_1,item_8215,0.05263157894736842
scene_1,item_4927,0.05263157894736842
scene_1,item_9013,0.05263157894736842
scene_1,item_796,0.05263157894736842
scene_1,item_325,0.05263157894736842
scene_1,item_9175,0.05263157894736842
scene_1,item_5611,0.05263157894736842
scene_1,item_142,0.05263157894736842
scene_1,item_1015,0.05263157894736842
scene_1,item_5866,0.05263157894736842
scene_1,item_5353,0.05263157894736842
scene_1,item_8923,0.05263157894736842
scene_1,item_3433,0.05263157894736842
scene_1,item_4426,0.05263157894736842
scene_1,item_8110,0.05263157894736842
scene_1,item_2308,0.05263157894736842
scene_1,item_8455,0.05263157894736842
scene_1,item_7567,0.05263157894736842
scene_1,item_7588,0.05263157894736842
scene_1,item_7570,0.05263157894736842
scene_1,item_7483,0.05263157894736842
scene_1,item_3553,0.05263157894736842
scene_1,item_496,0.05263157894736842
scene_1,item_9166,0.05263157894736842
scene_1,item_3205,0.05263157894736842
scene_1,item_9313,0.05263157894736842
scene_1,item_5890,0.05263157894736842
scene_1,item_5644,0.05263157894736842
scene_1,item_3517,0.05263157894736842
scene_1,item_8557,0.05263157894736842
scene_1,item_9277,0.05263157894736842
scene_1,item_787,0.05263157894736842
scene_1,item_1942,0.05263157894736842
scene_1,item_1813,0.05263157894736842
scene_1,item_2125,0.05263157894736842
scene_1,item_2671,0.05263157894736842
scene_1,item_3871,0.05263157894736842
scene_1,item_736,0.05263157894736842
scene_1,item_7726,0.05263157894736842
scene_1,item_529,0.05263157894736842
scene_1,item_304,0.05263157894736842
scene_1,item_6595,0.05263157894736842
scene_1,item_8821,0.05263157894736842
scene_1,item_9838,0.05263157894736842
scene_1,item_3001,0.05263157894736842
scene_1,item_2305,0.05263157894736842
scene_1,item_1606,0.05263157894736842
scene_1,item_685,0.05263157894736842
scene_1,item_2506,0.05263157894736842
scene_1,item_4822,0.05263157894736842
scene_1,item_3370,0.05263157894736842
scene_1,item_1768,0.05263157894736842
scene_1,item_3088,0.05263157894736842
scene_1,item_256,0.05263157894736842
scene_1,item_1570,0.05263157894736842
scene_1,item_8212,0.05263157894736842
scene_1,item_5383,0.05263157894736842
scene_1,item_883,0.05263157894736842
scene_1,item_8842,0.05263157894736842
scene_1,item_6604,0.05263157894736842
scene_1,item_5143,0.05263157894736842
scene_1,item_6895,0.05263157894736842
scene_1,item_868,0.05263157894736842
scene_1,item_2581,0.05263157894736842
scene_1,item_4465,0.05263157894736842
scene_1,item_2410,0.05263157894736842
scene_1,item_9991,0.05263157894736842
scene_1,item_4147,0.05263157894736842
scene_1,item_3679,0.05263157894736842
scene_1,item_2554,0.05263157894736842
scene_1,item_1009,0.05263157894736842
scene_1,item_7408,0.05263157894736842
scene_1,item_4105,0.05263157894736842
scene_1,item_2893,0.05263157894736842
scene_1,item_4801,0.05263157894736842
scene_1,item_3235,0.05263157894736842
scene_1,item_8482,0.05263157894736842
scene_1,item_7900,0.05263157894736842
scene_1,item_5797,0.05263157894736842
scene_1,item_4912,0.05263157894736842
scene_1,item_1207,0.05263157894736842
scene_1,item_3790,0.05263157894736842
scene_1,item_1735,0.05263157894736842
scene_1,item_2644,0.05263157894736842
scene_1,item_1021,0.05263157894736842
scene_1,item_1081,0.05263157894736842
scene_1,item_1162,0.05263157894736842
scene_1,item_9592,0.05263157894736842
scene_1,item_5950,0.05263157894736842
scene_1,item_5461,0.05263157894736842
scene_1,item_6460,0.05263157894736842
scene_1,item_6310,0.05263157894736842
scene_1,item_6862,0.05263157894736842
scene_1,item_7822,0.05263157894736842
scene_1,item_4708,0.05263157894736842
scene_1,item_5851,0.05263157894736842
scene_1,item_6904,0.05263157894736842
scene_1,item_2209,0.05263157894736842
scene_1,item_910,0.05263157894736842
scene_1,item_6655,0.05263157894736842
scene_1,item_3244,0.05263157894736842
scene_1,item_1354,0.05263157894736842
scene_1,item_9292,0.05263157894736842
scene_1,item_5029,0.05263157894736842
scene_1,item_7909,0.05263157894736842
scene_1,item_2002,0.05263157894736842
scene_1,item_3256,0.05263157894736842
scene_1,item_4849,0.05263157894736842
scene_1,item_85,0.05263157894736842
scene_1,item_7651,0.05263157894736842
scene_1,item_7792,0.05263157894736842
scene_1,item_364,0.05263157894736842
scene_1,item_5884,0.05263157894736842
scene_1,item_7315,0.05263157894736842
scene_1,item_9478,0.05263157894736842
scene_1,item_6802,0.05263157894736842
scene_1,item_9643,0.05263157894736842
scene_1,item_4993,0.05263157894736842
scene_1,item_8560,0.05263157894736842
scene_1,item_2167,0.05263157894736842
scene_1,item_5422,0.05263157894736842
scene_1,item_9694,0.05263157894736842
scene_1,item_9847,0.05263157894736842
scene_1,item_8209,0.05263157894736842
scene_1,item_5629,0.05263157894736842
scene_1,item_4597,0.05263157894736842
scene_1,item_5560,0.05263157894736842
scene_1,item_9889,0.05263157894736842
scene_1,item_4468,0.05263157894736842
scene_1,item_7672,0.05263157894736842
scene_1,item_1234,0.05263157894736842
scene_1,item_2446,0.05263157894736842
scene_1,item_2074,0.05263157894736842
scene_1,item_9430,0.05263157894736842
scene_1,item_5041,0.05263157894736842
scene_1,item_4150,0.05263157894736842
scene_1,item_3292,0.05263157894736842
scene_1,item_6520,0.05263157894736842
scene_1,item_7147,0.05263157894736842
scene_1,item_2980,0.05263157894736842
scene_1,item_5311,0.05263157894736842
scene_1,item_6262,0.05263157894736842
scene_1,item_49,0.05263157894736842
scene_1,item_6205,0.05263157894736842
scene_1,item_7705,0.05263157894736842
scene_1,item_7087,0.05263157894736842
scene_1,item_4429,0.05263157894736842
scene_1,item_4852,0.05263157894736842
scene_1,item_9529,0.05263157894736842
scene_1,item_8875,0.05263157894736842
scene_1,item_3313,0.05263157894736842
scene_1,item_538,0.05263157894736842
scene_1,item_4540,0.05263157894736842
scene_1,item_9928,0.05263157894736842
scene_1,item_6955,0.05263157894736842
scene_1,item_1447,0.05263157894736842
scene_1,item_8137,0.05263157894736842
scene_1,item_205,0.05263157894736842
scene_1,item_7558,0.05263157894736842
scene_1,item_7774,0.05263157894736842
scene_1,item_6013,0.05263157894736842
scene_1,item_2848,0.05263157894736842
scene_1,item_2101,0.05263157894736842
scene_1,item_1744,0.05263157894736842
scene_1,item_8440,0.05263157894736842
scene_1,item_2395,0.05263157894736842
scene_1,item_3862,0.05263157894736842
scene_1,item_3319,0.05263157894736842
scene_1,item_6937,0.05263157894736842
scene_1,item_139,0.05263157894736842
scene_1,item_9025,0.05263157894736842
scene_1,item_4552,0.05263157894736842
scene_1,item_4159,0.05263157894736842
scene_1,item_472,0.05263157894736842
scene_1,item_4207,0.05263157894736842
scene_1,item_8092,0.05263157894736842
scene_1,item_1063,0.05263157894736842
scene_1,item_8536,0.05263157894736842
scene_1,item_9205,0.05263157894736842
scene_1,item_1006,0.05263157894736842
scene_1,item_7696,0.05263157894736842
scene_1,item_2095,0.05263157894736842
scene_1,item_2245,0.05263157894736842
scene_1,item_8656,0.05263157894736842
scene_1,item_4369,0.05263157894736842
scene_1,item_9931,0.05263157894736842
scene_1,item_8194,0.05263157894736842
scene_1,item_9184,0.05263157894736842
scene_1,item_8371,0.05263157894736842
scene_1,item_451,0.05263157894736842
scene_1,item_9085,0.05263157894736842
scene_1,item_808,0.05263157894736842
scene_1,item_1711,0.05263157894736842
scene_1,item_7117,0.05263157894736842
scene_1,item_3046,0.05263157894736842
scene_1,item_6592,0.05263157894736842
scene_1,item_5263,0.05263157894736842
scene_1,item_5791,0.05263157894736842
scene_1,item_5614,0.05263157894736842
scene_1,item_700,0.05263157894736842
scene_1,item_9913,0.05263157894736842
scene_1,item_7213,0.05263157894736842
scene_1,item_1831,0.05263157894736842
scene_1,item_7231,0.05263157894736842
scene_1,item_2386,0.05263157894736842
scene_1,item_4405,0.05263157894736842
scene_1,item_1057,0.05263157894736842
scene_1,item_9652,0.05263157894736842
scene_1,item_8671,0.05263157894736842
scene_1,item_6730,0.05263157894736842
scene_1,item_3199,0.05263157894736842
scene_1,item_1648,0.05263157894736842
scene_1,item_6544,0.05263157894736842
scene_1,item_2860,0.05263157894736842
scene_1,item_5374,0.05263157894736842
scene_1,item_7858,0.05263157894736842
scene_1,item_4417,0.05263157894736842
scene_1,item_1267,0.05263157894736842
scene_1,item_9604,0.05263157894736842
scene_1,item_1018,0.05263157894736842
scene_1,item_1282,0.05263157894736842
scene_1,item_6307,0.05263157894736842
scene_1,item_5737,0.05263157894736842
scene_1,item_982,0.05263157894736842
scene_1,item_7675,0.05263157894736842
scene_1,item_1780,0.05263157894736842
scene_1,item_418,0.05263157894736842
scene_1,item_9307,0.05263157894736842
scene_1,item_3865,0.05263157894736842
scene_1,item_5539,0.05263157894736842
scene_1,item_6226,0.05263157894736842
scene_1,item_6052,0.05263157894736842
scene_1,item_6346,0.05263157894736842
scene_1,item_1519,0.05263157894736842
scene_1,item_3412,0.05263157894736842
scene_1,item_136,0.05263157894736842
scene_1,item_5545,0.05263157894736842
scene_1,item_5221,0.05263157894736842
scene_1,item_4411,0.05263157894736842
scene_1,item_5842,0.05263157894736842
scene_1,item_3961,0.05263157894736842
scene_1,item_5476,0.05263157894736842
scene_1,item_7174,0.05263157894736842
scene_1,item_8281,0.05263157894736842
scene_1,item_7525,0.05263157894736842
scene_1,item_9763,0.05263157894736842
scene_1,item_3799,0.05263157894736842
scene_1,item_133,0.05263157894736842
scene_1,item_3535,0.05263157894736842
scene_1,item_2986,0.05263157894736842
scene_1,item_7267,0.05263157894736842
scene_1,item_5713,0.05263157894736842
scene_1,item_3301,0.05263157894736842
scene_1,item_7999,0.05263157894736842
scene_1,item_9469,0.05263157894736842
scene_1,item_7660,0.05263157894736842
scene_1,item_4909,0.05263157894736842
scene_1,item_3793,0.05263157894736842
scene_1,item_1534,0.05263157894736842
scene_1,item_802,0.05263157894736842
scene_1,item_5485,0.05263157894736842
scene_1,item_4816,0.05263157894736842
scene_1,item_4576,0.05263157894736842
scene_1,item_8542,0.05263157894736842
scene_1,item_4282,0.05263157894736842
scene_1,item_7414,0.05263157894736842
scene_1,item_3169,0.05263157894736842
scene_1,item_8533,0.05263157894736842
scene_1,item_4972,0.05263157894736842
scene_1,item_6853,0.05263157894736842
scene_1,item_1312,0.05263157894736842
scene_1,item_6199,0.05263157894736842
scene_1,item_6370,0.05263157894736842
scene_1,item_5434,0.05263157894736842
scene_1,item_373,0.05263157894736842
scene_1,item_4276,0.05263157894736842
scene_1,item_5449,0.05263157894736842
scene_1,item_5251,0.05263157894736842
scene_1,item_2854,0.05263157894736842
scene_1,item_5062,0.05263157894736842
scene_1,item_388,0.05263157894736842
scene_1,item_5860,0.05263157894736842
scene_1,item_4582,0.05263157894736842
scene_1,item_5131,0.05263157894736842
scene_1,item_6880,0.05263157894736842
scene_1,item_1753,0.05263157894736842
scene_1,item_3847,0.05263157894736842
scene_1,item_8314,0.05263157894736842
scene_1,item_7921,0.05263157894736842
scene_1,item_2323,0.05263157894736842
scene_1,item_4870,0.05263157894736842
scene_1,item_9955,0.05263157894736842
scene_1,item_6529,0.05263157894736842
scene_1,item_5293,0.05263157894736842
scene_1,item_7093,0.05263157894736842
scene_1,item_2569,0.05263157894736842
scene_1,item_6817,0.05263157894736842
scene_1,item_9832,0.05263157894736842
scene_1,item_9376,0.05263157894736842
scene_1,item_4213,0.05263157894736842
scene_1,item_6382,0.05263157894736842
scene_1,item_3067,0.05263157894736842
scene_1,item_2578,0.05263157894736842
scene_1,item_382,0.05263157894736842
scene_1,item_7348,0.05263157894736842
scene_1,item_4012,0.05263157894736842
scene_1,item_718,0.05263157894736842
scene_1,item_9691,0.05263157894736842
scene_1,item_9250,0.05263157894736842
scene_1,item_4639,0.05263157894736842
scene_1,item_6691,0.05263157894736842
scene_1,item_6292,0.05263157894736842
scene_1,item_7141,0.05263157894736842
scene_1,item_2437,0.05263157894736842
scene_1,item_7243,0.05263157894736842
scene_1,item_4717,0.05263157894736842
scene_1,item_5806,0.05263157894736842
scene_1,item_2440,0.05263157894736842
scene_1,item_4096,0.05263157894736842
scene_1,item_4243,0.05263157894736842
scene_1,item_4999,0.05263157894736842
scene_1,item_478,0.05263157894736842
scene_1,item_2383,0.05263157894736842
scene_1,item_7153,0.05263157894736842
scene_1,item_8251,0.05263157894736842
scene_1,item_3163,0.05263157894736842
scene_1,item_9541,0.05263157894736842
scene_1,item_6061,0.05263157894736842
scene_1,item_4837,0.05263157894736842
scene_1,item_6406,0.05263157894736842
scene_1,item_2641,0.05263157894736842
scene_1,item_8383,0.05263157894736842
scene_1,item_7162,0.05263157894736842
scene_1,item_7963,0.05263157894736842
scene_1,item_196,0.05263157894736842
scene_1,item_7984,0.05263157894736842
scene_1,item_1537,0.05263157894736842
scene_1,item_4615,0.05263157894736842
scene_1,item_8860,0.05263157894736842
scene_1,item_6661,0.05263157894736842
scene_1,item_8464,0.05263157894736842
scene_1,item_6190,0.05263157894736842
scene_1,item_7690,0.05263157894736842
scene_1,item_8086,0.05263157894736842
scene_1,item_409,0.05263157894736842
scene_1,item_535,0.05263157894736842
scene_1,item_6454,0.05263157894736842
scene_1,item_9262,0.05263157894736842
scene_1,item_1288,0.05263157894736842
scene_1,item_7513,0.05263157894736842
scene_1,item_7624,0.05263157894736842
scene_1,item_5089,0.05263157894736842
scene_1,item_5707,0.05263157894736842
scene_1,item_5146,0.05263157894736842
scene_1,item_5359,0.05263157894736842
scene_1,item_7618,0.05263157894736842
scene_1,item_7069,0.05263157894736842
scene_1,item_9511,0.05263157894736842
scene_1,item_3811,0.05263157894736842
scene_1,item_526,0.05263157894736842
scene_1,item_9127,0.05263157894736842
scene_1,item_6721,0.05263157894736842
scene_1,item_40,0.05263157894736842
scene_1,item_2485,0.05263157894736842
scene_1,item_8530,0.05263157894736842
scene_1,item_7204,0.05263157894736842
scene_1,item_6658,0.05263157894736842
scene_1,item_7882,0.05263157894736842
scene_1,item_322,0.05263157894736842
scene_1,item_2362,0.05263157894736842
scene_1,item_6598,0.05263157894736842
scene_1,item_9667,0.05263157894736842
scene_1,item_8689,0.05263157894736842
scene_1,item_6298,0.05263157894736842
scene_1,item_6700,0.05263157894736842
scene_1,item_8317,0.05263157894736842
scene_1,item_5557,0.05263157894736842
scene_1,item_2866,0.05263157894736842
scene_1,item_2809,0.05263157894736842
scene_1,item_9406,0.05263157894736842
scene_1,item_3274,0.05263157894736842
scene_1,item_3757,0.05263157894736842
scene_1,item_4387,0.05263157894736842
scene_1,item_253,0.05263157894736842
scene_1,item_6316,0.05263157894736842
scene_1,item_2887,0.05263157894736842
scene_1,item_4108,0.05263157894736842
scene_1,item_6589,0.05263157894736842
scene_1,item_5578,0.05263157894736842
scene_1,item_1885,0.05263157894736842
scene_1,item_2113,0.05263157894736842
scene_1,item_169,0.05263157894736842
scene_1,item_6088,0.05263157894736842
scene_1,item_8854,0.05263157894736842
scene_1,item_8632,0.05263157894736842
scene_1,item_853,0.05263157894736842
scene_1,item_4183,0.05263157894736842
scene_1,item_5290,0.05263157894736842
scene_1,item_3436,0.05263157894736842
scene_1,item_292,0.05263157894736842
scene_1,item_2542,0.05263157894736842
scene_1,item_6715,0.05263157894736842
scene_1,item_5857,0.05263157894736842
scene_1,item_703,0.05263157894736842
scene_1,item_295,0.05263157894736842
scene_1,item_2749,0.05263157894736842
scene_1,item_10,0.05263157894736842
scene_1,item_7336,0.05263157894736842
scene_1,item_3781,0.05263157894736842
scene_1,item_7546,0.05263157894736842
scene_1,item_3409,0.05263157894736842
scene_1,item_4786,0.05263157894736842
scene_1,item_1489,0.05263157894736842
scene_1,item_6994,0.05263157894736842
scene_1,item_1639,0.05263157894736842
scene_1,item_4339,0.05263157894736842
scene_1,item_6583,0.05263157894736842
scene_1,item_4456,0.05263157894736842
scene_1,item_2704,0.05263157894736842
scene_1,item_5032,0.05263157894736842
scene_1,item_589,0.05263157894736842
scene_1,item_7195,0.05263157894736842
scene_1,item_9574,0.05263157894736842
scene_1,item_9442,0.05263157894736842
scene_1,item_9082,0.05263157894736842
scene_1,item_6016,0.05263157894736842
scene_1,item_3916,0.05263157894736842
scene_1,item_4780,0.05263157894736842
scene_1,item_2626,0.05263157894736842
scene_1,item_751,0.05263157894736842
scene_1,item_7786,0.05263157894736842
scene_1,item_8269,0.05263157894736842
scene_1,item_988,0.05263157894736842
scene_1,item_8395,0.05263157894736842
scene_1,item_2335,0.05263157894736842
scene_1,item_7987,0.05263157894736842
scene_1,item_6349,0.05263157894736842
scene_1,item_9403,0.05263157894736842
scene_1,item_3271,0.05263157894736842
scene_1,item_4423,0.05263157894736842
scene_1,item_4432,0.05263157894736842
scene_1,item_9049,0.05263157894736842
scene_1,item_5566,0.05263157894736842
scene_1,item_7189,0.05263157894736842
scene_1,item_1582,0.05263157894736842
scene_1,item_2185,0.05263157894736842
scene_1,item_2806,0.05263157894736842
scene_1,item_1624,0.05263157894736842
scene_1,item_8896,0.05263157894736842
scene_1,item_5074,0.05263157894736842
scene_1,item_6649,0.05263157894736842
scene_1,item_3904,0.05263157894736842
scene_1,item_6130,0.05263157894736842
scene_1,item_7549,0.05263157894736842
scene_1,item_2518,0.05263157894736842
scene_1,item_2800,0.05263157894736842
scene_1,item_5236,0.05263157894736842
scene_1,item_1294,0.05263157894736842
scene_1,item_6496,0.05263157894736842
scene_1,item_4735,0.05263157894736842
scene_1,item_5398,0.05263157894736842
scene_1,item_487,0.05263157894736842
scene_1,item_9802,0.05263157894736842
scene_1,item_3802,0.05263157894736842
scene_1,item_9799,0.05263157894736842
scene_1,item_7594,0.05263157894736842
scene_1,item_1216,0.05263157894736842
scene_1,item_4390,0.05263157894736842
scene_1,item_4399,0.05263157894736842
scene_1,item_7708,0.05263157894736842
scene_1,item_9973,0.05263157894736842
scene_1,item_2260,0.05263157894736842
scene_1,item_946,0.05263157894736842
scene_1,item_8653,0.05263157894736842
scene_1,item_4249,0.05263157894736842
scene_1,item_7810,0.05263157894736842
scene_1,item_3391,0.05263157894736842
scene_1,item_6148,0.05263157894736842
scene_1,item_5506,0.05263157894736842
scene_1,item_1714,0.05263157894736842
scene_1,item_4906,0.05263157894736842
scene_1,item_7768,0.05263157894736842
scene_1,item_3556,0.05263157894736842
scene_1,item_8980,0.05263157894736842
scene_1,item_8815,0.05263157894736842
scene_1,item_4894,0.05263157894736842
scene_1,item_3604,0.05263157894736842
scene_1,item_6355,0.05263157894736842
scene_1,item_7816,0.05263157894736842
scene_1,item_8686,0.05263157894736842
scene_1,item_7807,0.05263157894736842
scene_1,item_3955,0.05263157894736842
scene_1,item_9100,0.05263157894736842
scene_1,item_3700,0.05263157894736842
scene_1,item_4306,0.05263157894736842
scene_1,item_3754,0.05263157894736842
scene_1,item_3175,0.05263157894736842
scene_1,item_5836,0.05263157894736842
scene_1,item_6238,0.05263157894736842
scene_1,item_9580,0.05263157894736842
scene_1,item_9766,0.05263157894736842
scene_1,item_8140,0.05263157894736842
scene_1,item_4210,0.05263157894736842
scene_1,item_3931,0.05263157894736842
scene_1,item_7801,0.05263157894736842
scene_1,item_436,0.05263157894736842
scene_1,item_6388,0.05263157894736842
scene_1,item_5770,0.05263157894736842
scene_1,item_3136,0.05263157894736842
scene_1,item_6553,0.05263157894736842
scene_1,item_6331,0.05263157894736842
scene_1,item_46,0.05263157894736842
scene_1,item_6247,0.05263157894736842
scene_1,item_2254,0.05263157894736842
scene_1,item_2953,0.05263157894736842
scene_1,item_2134,0.05263157894736842
scene_1,item_877,0.05263157894736842
scene_1,item_490,0.05263157894736842
scene_1,item_811,0.05263157894736842
scene_1,item_2215,0.05263157894736842
scene_1,item_9070,0.05263157894736842
scene_1,item_1618,0.05263157894736842
scene_1,item_9202,0.05263157894736842
scene_1,item_1483,0.05263157894736842
scene_1,item_9253,0.05263157894736842
scene_1,item_4120,0.05263157894736842
scene_1,item_637,0.05263157894736842
scene_1,item_5005,0.05263157894736842
scene_1,item_3745,0.05263157894736842
scene_1,item_1468,0.05263157894736842
scene_1,item_6160,0.05263157894736842
scene_1,item_8647,0.05263157894736842
scene_1,item_3376,0.05263157894736842
scene_1,item_2476,0.05263157894736842
scene_1,item_748,0.05263157894736842
scene_1,item_2998,0.05263157894736842
scene_1,item_5620,0.05263157894736842
scene_1,item_8032,0.05263157894736842
scene_1,item_2224,0.05263157894736842
scene_1,item_1984,0.05263157894736842
scene_1,item_9319,0.05263157894736842
scene_1,item_9853,0.05263157894736842
scene_1,item_3397,0.05263157894736842
scene_1,item_6385,0.05263157894736842
scene_1,item_6925,0.05263157894736842
scene_1,item_7009,0.05263157894736842
scene_1,item_1771,0.05263157894736842
scene_1,item_3796,0.05263157894736842
scene_1,item_4195,0.05263157894736842
scene_1,item_106,0.05263157894736842
scene_1,item_949,0.05263157894736842
scene_1,item_9961,0.05263157894736842
scene_1,item_2140,0.05263157894736842
scene_1,item_7516,0.05263157894736842
scene_1,item_3913,0.05263157894736842
scene_1,item_2017,0.05263157894736842
scene_1,item_4867,0.05263157894736842
scene_1,item_7126,0.05263157894736842
scene_1,item_8710,0.05263157894736842
scene_1,item_3784,0.05263157894736842
scene_1,item_6232,0.05263157894736842
scene_1,item_616,0.05263157894736842
scene_1,item_6367,0.05263157894736842
scene_1,item_2296,0.05263157894736842
scene_1,item_6832,0.05263157894736842
scene_1,item_1573,0.05263157894736842
scene_1,item_8356,0.05263157894736842
scene_1,item_100,0.05263157894736842
scene_1,item_7876,0.05263157894736842
scene_1,item_3490,0.05263157894736842
scene_1,item_8227,0.05263157894736842
scene_1,item_4669,0.05263157894736842
scene_1,item_5764,0.05263157894736842
scene_1,item_7855,0.05263157894736842
scene_1,item_2071,0.05263157894736842
scene_1,item_5092,0.05263157894736842
scene_1,item_3787,0.05263157894736842
scene_1,item_9415,0.05263157894736842
scene_1,item_721,0.05263157894736842
scene_1,item_3658,0.05263157894736842
scene_1,item_1678,0.05263157894736842
scene_2,item_899,1.0
scene_2,item_9749,0.8947368421052632
scene_2,item_2231,0.8421052631578947
scene_2,item_3908,0.8421052631578947
scene_2,item_3350,0.7894736842105263
scene_2,item_3473,0.7894736842105263
scene_2,item_2654,0.7894736842105263
scene_2,item_4304,0.7368421052631579
scene_2,item_8255,0.7368421052631579
scene_2,item_9080,0.7368421052631579
scene_2,item_3542,0.7368421052631579
scene_2,item_1100,0.7368421052631579
scene_2,item_2738,0.7368421052631579
scene_2,item_5648,0.7368421052631579
scene_2,item_1505,0.7368421052631579
scene_2,item_4091,0.7368421052631579
scene_2,item_8267,0.7368421052631579
scene_2,item_9995,0.6842105263157895
scene_2,item_5165,0.6842105263157895
scene_2,item_6347,0.6842105263157895
scene_2,item_1151,0.6842105263157895
scene_2,item_4022,0.631578947368421
scene_2,item_953,0.631578947368421
scene_2,item_5312,0.631578947368421
scene_2,item_3575,0.631578947368421
scene_2,item_8375,0.631578947368421
scene_2,item_9755,0.631578947368421
scene_2,item_6245,0.631578947368421
scene_2,item_5114,0.631578947368421
scene_2,item_6884,0.5789473684210527
scene_2,item_2513,0.5789473684210527
scene_2,item_5123,0.5789473684210527
scene_2,item_3608,0.5789473684210527
scene_2,item_8180,0.5789473684210527
scene_2,item_9341,0.5789473684210527
scene_2,item_4742,0.5789473684210527
scene_2,item_3314,0.5789473684210527
scene_2,item_6755,0.5789473684210527
scene_2,item_7391,0.5789473684210527
scene_2,item_5399,0.5789473684210527
scene_2,item_3839,0.5789473684210527
scene_2,item_449,0.5789473684210527
scene_2,item_3599,0.5789473684210527
scene_2,item_527,0.5263157894736842
scene_2,item_4673,0.5263157894736842
scene_2,item_5909,0.5263157894736842
scene_2,item_3221,0.5263157894736842
scene_2,item_5495,0.5263157894736842
scene_2,item_3863,0.5263157894736842
scene_2,item_5984,0.5263157894736842
scene_2,item_8699,0.5263157894736842
scene_2,item_7772,0.5263157894736842
scene_2,item_2351,0.5263157894736842
scene_2,item_29,0.5263157894736842
scene_2,item_1622,0.5263157894736842
scene_2,item_8786,0.5263157894736842
scene_2,item_1895,0.5263157894736842
scene_2,item_2315,0.5263157894736842
scene_2,item_8579,0.5263157894736842
scene_2,item_1976,0.5263157894736842
scene_2,item_3254,0.5263157894736842
scene_2,item_6824,0.5263157894736842
scene_2,item_7364,0.5263157894736842
scene_2,item_3998,0.47368421052631576
scene_2,item_8300,0.47368421052631576
scene_2,item_1286,0.47368421052631576
scene_2,item_6335,0.47368421052631576
scene_2,item_8756,0.47368421052631576
scene_2,item_2276,0.47368421052631576
scene_2,item_3905,0.47368421052631576
scene_2,item_4100,0.47368421052631576
scene_2,item_4730,0.47368421052631576
scene_2,item_2564,0.47368421052631576
scene_2,item_7049,0.47368421052631576
scene_2,item_7904,0.47368421052631576
scene_2,item_9248,0.47368421052631576
scene_2,item_8717,0.47368421052631576
scene_2,item_1592,0.47368421052631576
scene_2,item_2018,0.47368421052631576
scene_2,item_8537,0.47368421052631576
scene_2,item_7043,0.47368421052631576
scene_2,item_731,0.47368421052631576
scene_2,item_9839,0.47368421052631576
scene_2,item_7325,0.47368421052631576
scene_2,item_4043,0.47368421052631576
scene_2,item_2174,0.47368421052631576
scene_2,item_5057,0.47368421052631576
scene_2,item_4109,0.47368421052631576
scene_2,item_5036,0.47368421052631576
scene_2,item_248,0.47368421052631576
scene_2,item_2780,0.47368421052631576
scene_2,item_3047,0.42105263157894735
scene_2,item_8348,0.42105263157894735
scene_2,item_3944,0.42105263157894735
scene_2,item_4703,0.42105263157894735
scene_2,item_548,0.42105263157894735
scene_2,item_4721,0.42105263157894735
scene_2,item_7805,0.42105263157894735
scene_2,item_7913,0.42105263157894735
scene_2,item_9311,0.42105263157894735
scene_2,item_9122,0.42105263157894735
scene_2,item_7370,0.42105263157894735
scene_2,item_6392,0.42105263157894735
scene_2,item_4838,0.42105263157894735
scene_2,item_5570,0.42105263157894735
scene_2,item_9623,0.42105263157894735
scene_2,item_9590,0.42105263157894735
scene_2,item_4907,0.42105263157894735
scene_2,item_1844,0.42105263157894735
scene_2,item_3263,0.42105263157894735
scene_2,item_8444,0.42105263157894735
scene_2,item_1325,0.42105263157894735
scene_2,item_7475,0.42105263157894735
scene_2,item_8549,0.42105263157894735
scene_2,item_3674,0.42105263157894735
scene_2,item_950,0.42105263157894735
scene_2,item_6257,0.42105263157894735
scene_2,item_1304,0.42105263157894735
scene_2,item_6974,0.42105263157894735
scene_2,item_6260,0.42105263157894735
scene_2,item_3338,0.42105263157894735
scene_2,item_6686,0.42105263157894735
scene_2,item_1091,0.42105263157894735
scene_2,item_2309,0.42105263157894735
scene_2,item_4283,0.42105263157894735
scene_2,item_8330,0.42105263157894735
scene_2,item_9656,0.42105263157894735
scene_2,item_5084,0.42105263157894735
scene_2,item_1037,0.3684210526315789
scene_2,item_1439,0.3684210526315789
scene_2,item_1469,0.3684210526315789
scene_2,item_8846,0.3684210526315789
scene_2,item_1739,0.3684210526315789
scene_2,item_6737,0.3684210526315789
scene_2,item_5063,0.3684210526315789
scene_2,item_788,0.3684210526315789
scene_2,item_5588,0.3684210526315789
scene_2,item_8564,0.3684210526315789
scene_2,item_9707,0.3684210526315789
scene_2,item_8003,0.3684210526315789
scene_2,item_8561,0.3684210526315789
scene_2,item_182,0.3684210526315789
scene_2,item_5606,0.3684210526315789
scene_2,item_6845,0.3684210526315789
scene_2,item_3602,0.3684210526315789
scene_2,item_7640,0.3684210526315789
scene_2,item_5363,0.3684210526315789
scene_2,item_2006,0.3684210526315789
scene_2,item_3269,0.3684210526315789
scene_2,item_2036,0.3684210526315789
scene_2,item_9392,0.3684210526315789
scene_2,item_8099,0.3684210526315789
scene_2,item_674,0.3684210526315789
scene_2,item_6440,0.3684210526315789
scene_2,item_4436,0.3684210526315789
scene_2,item_4328,0.3684210526315789
scene_2,item_6842,0.3684210526315789
scene_2,item_3560,0.3684210526315789
scene_2,item_8993,0.3684210526315789
scene_2,item_3917,0.3684210526315789
scene_2,item_6758,0.3684210526315789
scene_2,item_7112,0.3684210526315789
scene_2,item_6536,0.3684210526315789
scene_2,item_5126,0.3684210526315789
scene_2,item_5696,0.3684210526315789
scene_2,item_215,0.3684210526315789
scene_2,item_9353,0.3684210526315789
scene_2,item_689,0.3684210526315789
scene_2,item_1400,0.3684210526315789
scene_2,item_5945,0.3684210526315789
scene_2,item_1904,0.3684210526315789
scene_2,item_8729,0.3684210526315789
scene_2,item_9650,0.3684210526315789
scene_2,item_2501,0.3684210526315789
scene_2,item_6956,0.3684210526315789
scene_2,item_8162,0.3684210526315789
scene_2,item_3236,0.3684210526315789
scene_2,item_854,0.3684210526315789
scene_2,item_7343,0.3684210526315789
scene_2,item_8198,0.3157894736842105
scene_2,item_8615,0.3157894736842105
scene_2,item_9239,0.3157894736842105
scene_2,item_5180,0.3157894736842105
scene_2,item_293,0.3157894736842105
scene_2,item_9086,0.3157894736842105
scene_2,item_6761,0.3157894736842105
scene_2,item_2396,0.3157894736842105
scene_2,item_8867,0.3157894736842105
scene_2,item_7148,0.3157894736842105
scene_2,item_3311,0.3157894736842105
scene_2,item_8543,0.3157894736842105
scene_2,item_3113,0.3157894736842105
scene_2,item_1688,0.3157894736842105
scene_2,item_4163,0.3157894736842105
scene_2,item_740,0.3157894736842105
scene_2,item_4739,0.3157894736842105
scene_2,item_443,0.3157894736842105
scene_2,item_3200,0.3157894736842105
scene_2,item_4439,0.3157894736842105
scene_2,item_7898,0.3157894736842105
scene_2,item_9287,0.3157894736842105
scene_2,item_2870,0.3157894736842105
scene_2,item_9044,0.3157894736842105
scene_2,item_4388,0.3157894736842105
scene_2,item_767,0.3157894736842105
scene_2,item_3992,0.3157894736842105
scene_2,item_8501,0.3157894736842105
scene_2,item_1205,0.3157894736842105
scene_2,item_9986,0.3157894736842105
scene_2,item_878,0.3157894736842105
scene_2,item_3812,0.3157894736842105
scene_2,item_1397,0.3157894736842105
scene_2,item_5576,0.3157894736842105
scene_2,item_3830,0.3157894736842105
scene_2,item_4661,0.3157894736842105
scene_2,item_8582,0.3157894736842105
scene_2,item_5393,0.3157894736842105
scene_2,item_659,0.3157894736842105
scene_2,item_1781,0.3157894736842105
scene_2,item_998,0.3157894736842105
scene_2,item_1256,0.3157894736842105
scene_2,item_350,0.3157894736842105
scene_2,item_518,0.3157894736842105
scene_2,item_4886,0.3157894736842105
scene_2,item_7019,0.3157894736842105
scene_2,item_8489,0.3157894736842105
scene_2,item_5501,0.3157894736842105
scene_2,item_3353,0.3157894736842105
scene_2,item_1766,0.3157894736842105
scene_2,item_6167,0.3157894736842105
scene_2,item_710,0.3157894736842105
scene_2,item_6872,0.3157894736842105
scene_2,item_5018,0.3157894736842105
scene_2,item_8081,0.3157894736842105
scene_2,item_3074,0.3157894736842105
scene_2,item_7271,0.3157894736842105
scene_2,item_9410,0.3157894736842105
scene_2,item_4682,0.3157894736842105
scene_2,item_917,0.3157894736842105
scene_2,item_9848,0.3157894736842105
scene_2,item_3119,0.2631578947368421
scene_2,item_7856,0.2631578947368421
scene_2,item_6083,0.2631578947368421
scene_2,item_1184,0.2631578947368421
scene_2,item_8084,0.2631578947368421
scene_2,item_1262,0.2631578947368421
scene_2,item_6656,0.2631578947368421
scene_2,item_8456,0.2631578947368421
scene_2,item_8930,0.2631578947368421
scene_2,item_7388,0.2631578947368421
scene_2,item_6020,0.2631578947368421
scene_2,item_9731,0.2631578947368421
scene_2,item_4532,0.2631578947368421
scene_2,item_7706,0.2631578947368421
scene_2,item_2519,0.2631578947368421
scene_2,item_7283,0.2631578947368421
scene_2,item_839,0.2631578947368421
scene_2,item_9428,0.2631578947368421
scene_2,item_9356,0.2631578947368421
scene_2,item_287,0.2631578947368421
scene_2,item_8015,0.2631578947368421
scene_2,item_4361,0.2631578947368421
scene_2,item_671,0.2631578947368421
scene_2,item_9482,0.2631578947368421
scene_2,item_284,0.2631578947368421
scene_2,item_2726,0.2631578947368421
scene_2,item_8231,0.2631578947368421
scene_2,item_8960,0.2631578947368421
scene_2,item_5837,0.2631578947368421
scene_2,item_7925,0.2631578947368421
scene_2,item_176,0.2631578947368421
scene_2,item_5306,0.2631578947368421
scene_2,item_8789,0.2631578947368421
scene_2,item_9608,0.2631578947368421
scene_2,item_1811,0.2631578947368421
scene_2,item_8927,0.2631578947368421
scene_2,item_2237,0.2631578947368421
scene_2,item_2759,0.2631578947368421
scene_2,item_8612,0.2631578947368421
scene_2,item_6491,0.2631578947368421
scene_2,item_1067,0.2631578947368421
scene_2,item_3500,0.2631578947368421
scene_2,item_167,0.2631578947368421
scene_2,item_4559,0.2631578947368421
scene_2,item_1871,0.2631578947368421
scene_2,item_1457,0.2631578947368421
scene_2,item_9209,0.2631578947368421
scene_2,item_3611,0.2631578947368421
scene_2,item_1673,0.2631578947368421
scene_2,item_5015,0.2631578947368421
scene_2,item_2039,0.2631578947368421
scene_2,item_1145,0.2631578947368421
scene_2,item_7682,0.2631578947368421
scene_2,item_5816,0.2631578947368421
scene_2,item_9137,0.2631578947368421
scene_2,item_3896,0.2631578947368421
scene_2,item_8780,0.2631578947368421
scene_2,item_7481,0.2631578947368421
scene_2,item_6425,0.2631578947368421
scene_2,item_1679,0.2631578947368421
scene_2,item_7379,0.2631578947368421
scene_2,item_7574,0.2631578947368421
scene_2,item_1508,0.2631578947368421
scene_2,item_8624,0.2631578947368421
scene_2,item_3647,0.2631578947368421
scene_2,item_3695,0.2631578947368421
scene_2,item_6389,0.2631578947368421
scene_2,item_8951,0.2631578947368421
scene_2,item_1787,0.2631578947368421
scene_2,item_2423,0.2631578947368421
scene_2,item_9899,0.2631578947368421
scene_2,item_6248,0.2631578947368421
scene_2,item_3209,0.2631578947368421
scene_2,item_1070,0.2631578947368421
scene_2,item_9668,0.2631578947368421
scene_2,item_9950,0.2631578947368421
scene_2,item_4967,0.2631578947368421
scene_2,item_7511,0.2631578947368421
scene_2,item_749,0.2631578947368421
scene_2,item_6398,0.2631578947368421
scene_2,item_5291,0.2631578947368421
scene_2,item_311,0.2631578947368421
scene_2,item_3356,0.2631578947368421
scene_2,item_2273,0.2631578947368421
scene_2,item_3659,0.2631578947368421
scene_2,item_8480,0.2631578947368421
scene_2,item_8648,0.2631578947368421
scene_2,item_1937,0.2631578947368421
scene_2,item_7316,0.2631578947368421
scene_2,item_8645,0.2631578947368421
scene_2,item_9110,0.2631578947368421
scene_2,item_7367,0.2631578947368421
scene_2,item_4226,0.2631578947368421
scene_2,item_5876,0.2631578947368421
scene_2,item_5381,0.2631578947368421
scene_2,item_8897,0.2631578947368421
scene_2,item_9218,0.2631578947368421
scene_2,item_3707,0.2631578947368421
scene_2,item_4844,0.2631578947368421
scene_2,item_5147,0.2631578947368421
scene_2,item_9791,0.2631578947368421
scene_2,item_2156,0.2631578947368421
scene_2,item_9404,0.2631578947368421
scene_2,item_5666,0.2631578947368421
scene_2,item_2084,0.2631578947368421
scene_2,item_1727,0.21052631578947367
scene_2,item_9758,0.21052631578947367
scene_2,item_4796,0.21052631578947367
scene_2,item_6716,0.21052631578947367
scene_2,item_3704,0.21052631578947367
scene_2,item_4424,0.21052631578947367
scene_2,item_6416,0.21052631578947367
scene_2,item_9095,0.21052631578947367
scene_2,item_5948,0.21052631578947367
scene_2,item_3431,0.21052631578947367
scene_2,item_1493,0.21052631578947367
scene_2,item_2420,0.21052631578947367
scene_2,item_9440,0.21052631578947367
scene_2,item_8183,0.21052631578947367
scene_2,item_4355,0.21052631578947367
scene_2,item_9821,0.21052631578947367
scene_2,item_1805,0.21052631578947367
scene_2,item_644,0.21052631578947367
scene_2,item_5738,0.21052631578947367
scene_2,item_2822,0.21052631578947367
scene_2,item_3929,0.21052631578947367
scene_2,item_62,0.21052631578947367
scene_2,item_3173,0.21052631578947367
scene_2,item_1961,0.21052631578947367
scene_2,item_5120,0.21052631578947367
scene_2,item_6713,0.21052631578947367
scene_2,item_3302,0.21052631578947367
scene_2,item_9305,0.21052631578947367
scene_2,item_3290,0.21052631578947367
scene_2,item_2213,0.21052631578947367
scene_2,item_3116,0.21052631578947367
scene_2,item_6023,0.21052631578947367
scene_2,item_4217,0.21052631578947367
scene_2,item_8033,0.21052631578947367
scene_2,item_8891,0.21052631578947367
scene_2,item_1109,0.21052631578947367
scene_2,item_7469,0.21052631578947367
scene_2,item_2873,0.21052631578947367
scene_2,item_7304,0.21052631578947367
scene_2,item_827,0.21052631578947367
scene_2,item_2750,0.21052631578947367
scene_2,item_8609,0.21052631578947367
scene_2,item_5828,0.21052631578947367
scene_2,item_3392,0.21052631578947367
scene_2,item_692,0.21052631578947367
scene_2,item_8570,0.21052631578947367
scene_2,item_5522,0.21052631578947367
scene_2,item_3206,0.21052631578947367
scene_2,item_6437,0.21052631578947367
scene_2,item_5786,0.21052631578947367
scene_2,item_4265,0.21052631578947367
scene_2,item_6029,0.21052631578947367
scene_2,item_1607,0.21052631578947367
scene_2,item_9776,0.21052631578947367
scene_2,item_8942,0.21052631578947367
scene_2,item_965,0.21052631578947367
scene_2,item_4274,0.21052631578947367
scene_2,item_1058,0.21052631578947367
scene_2,item_506,0.21052631578947367
scene_2,item_6962,0.21052631578947367
scene_2,item_9680,0.21052631578947367
scene_2,item_1991,0.21052631578947367
scene_2,item_5384,0.21052631578947367
scene_2,item_5135,0.21052631578947367
scene_2,item_5444,0.21052631578947367
scene_2,item_6062,0.21052631578947367
scene_2,item_9581,0.21052631578947367
scene_2,item_725,0.21052631578947367
scene_2,item_3023,0.21052631578947367
scene_2,item_8078,0.21052631578947367
scene_2,item_7553,0.21052631578947367
scene_2,item_5558,0.21052631578947367
scene_2,item_9125,0.21052631578947367
scene_2,item_4133,0.21052631578947367
scene_2,item_4157,0.21052631578947367
scene_2,item_5954,0.21052631578947367
scene_2,item_2372,0.21052631578947367
scene_2,item_464,0.21052631578947367
scene_2,item_7448,0.21052631578947367
scene_2,item_9962,0.21052631578947367
scene_2,item_9947,0.21052631578947367
scene_2,item_5318,0.21052631578947367
scene_2,item_2729,0.21052631578947367
scene_2,item_8201,0.21052631578947367
scene_2,item_3842,0.21052631578947367
scene_2,item_9173,0.21052631578947367
scene_2,item_1709,0.21052631578947367
scene_2,item_8153,0.21052631578947367
scene_2,item_5744,0.21052631578947367
scene_2,item_6236,0.21052631578947367
scene_2,item_308,0.21052631578947367
scene_2,item_8678,0.21052631578947367
scene_2,item_956,0.21052631578947367
scene_2,item_6290,0.21052631578947367
scene_2,item_1550,0.21052631578947367
scene_2,item_2666,0.21052631578947367
scene_2,item_107,0.21052631578947367
scene_2,item_8573,0.21052631578947367
scene_2,item_1307,0.21052631578947367
scene_2,item_1460,0.21052631578947367
scene_2,item_5438,0.21052631578947367
scene_2,item_4019,0.21052631578947367
scene_2,item_5693,0.21052631578947367
scene_2,item_4121,0.21052631578947367
scene_2,item_8705,0.21052631578947367
scene_2,item_7757,0.21052631578947367
scene_2,item_212,0.21052631578947367
scene_2,item_3155,0.21052631578947367
scene_2,item_4850,0.21052631578947367
scene_2,item_6515,0.21052631578947367
scene_2,item_3257,0.21052631578947367
scene_2,item_1310,0.21052631578947367
scene_2,item_3725,0.21052631578947367
scene_2,item_3098,0.21052631578947367
scene_2,item_1730,0.21052631578947367
scene_2,item_9023,0.21052631578947367
scene_2,item_5504,0.21052631578947367
scene_2,item_1565,0.21052631578947367
scene_2,item_9083,0.21052631578947367
scene_2,item_4046,0.21052631578947367
scene_2,item_5888,0.21052631578947367
scene_2,item_9578,0.21052631578947367
scene_2,item_2639,0.21052631578947367
scene_2,item_662,0.21052631578947367
scene_2,item_602,0.21052631578947367
scene_2,item_3686,0.21052631578947367
scene_2,item_9026,0.21052631578947367
scene_2,item_9425,0.21052631578947367
scene_2,item_7259,0.15789473684210525
scene_2,item_4352,0.15789473684210525
scene_2,item_6551,0.15789473684210525
scene_2,item_1337,0.15789473684210525
scene_2,item_1142,0.15789473684210525
scene_2,item_2444,0.15789473684210525
scene_2,item_3434,0.15789473684210525
scene_2,item_1985,0.15789473684210525
scene_2,item_9197,0.15789473684210525
scene_2,item_101,0.15789473684210525
scene_2,item_4007,0.15789473684210525
scene_2,item_8132,0.15789473684210525
scene_2,item_3458,0.15789473684210525
scene_2,item_5192,0.15789473684210525
scene_2,item_9431,0.15789473684210525
scene_2,item_8471,0.15789473684210525
scene_2,item_5252,0.15789473684210525
scene_2,item_6992,0.15789473684210525
scene_2,item_6281,0.15789473684210525
scene_2,item_7742,0.15789473684210525
scene_2,item_1601,0.15789473684210525
scene_2,item_6611,0.15789473684210525
scene_2,item_812,0.15789473684210525
scene_2,item_7499,0.15789473684210525
scene_2,item_7877,0.15789473684210525
scene_2,item_8396,0.15789473684210525
scene_2,item_2699,0.15789473684210525
scene_2,item_3479,0.15789473684210525
scene_2,item_2660,0.15789473684210525
scene_2,item_6878,0.15789473684210525
scene_2,item_8225,0.15789473684210525
scene_2,item_2114,0.15789473684210525
scene_2,item_3167,0.15789473684210525
scene_2,item_5714,0.15789473684210525
scene_2,item_1691,0.15789473684210525
scene_2,item_9485,0.15789473684210525
scene_2,item_8621,0.15789473684210525
scene_2,item_8585,0.15789473684210525
scene_2,item_2555,0.15789473684210525
scene_2,item_5681,0.15789473684210525
scene_2,item_2537,0.15789473684210525
scene_2,item_2387,0.15789473684210525
scene_2,item_5699,0.15789473684210525
scene_2,item_3212,0.15789473684210525
scene_2,item_4475,0.15789473684210525
scene_2,item_7778,0.15789473684210525
scene_2,item_4382,0.15789473684210525
scene_2,item_9098,0.15789473684210525
scene_2,item_9446,0.15789473684210525
scene_2,item_4625,0.15789473684210525
scene_2,item_1196,0.15789473684210525
scene_2,item_4745,0.15789473684210525
scene_2,item_1211,0.15789473684210525
scene_2,item_3926,0.15789473684210525
scene_2,item_3590,0.15789473684210525
scene_2,item_3083,0.15789473684210525
scene_2,item_9476,0.15789473684210525
scene_2,item_9332,0.15789473684210525
scene_2,item_6554,0.15789473684210525
scene_2,item_3008,0.15789473684210525
scene_2,item_4244,0.15789473684210525
scene_2,item_2126,0.15789473684210525
scene_2,item_6476,0.15789473684210525
scene_2,item_6104,0.15789473684210525
scene_2,item_8639,0.15789473684210525
scene_2,item_9506,0.15789473684210525
scene_2,item_1694,0.15789473684210525
scene_2,item_1367,0.15789473684210525
scene_2,item_6914,0.15789473684210525
scene_2,item_2135,0.15789473684210525
scene_2,item_3140,0.15789473684210525
scene_2,item_7418,0.15789473684210525
scene_2,item_5843,0.15789473684210525
scene_2,item_8261,0.15789473684210525
scene_2,item_6344,0.15789473684210525
scene_2,item_4403,0.15789473684210525
scene_2,item_8090,0.15789473684210525
scene_2,item_1046,0.15789473684210525
scene_2,item_8324,0.15789473684210525
scene_2,item_9149,0.15789473684210525
scene_2,item_479,0.15789473684210525
scene_2,item_4862,0.15789473684210525
scene_2,item_554,0.15789473684210525
scene_2,item_4364,0.15789473684210525
scene_2,item_8108,0.15789473684210525
scene_2,item_5957,0.15789473684210525
scene_2,item_2198,0.15789473684210525
scene_2,item_7967,0.15789473684210525
scene_2,item_6038,0.15789473684210525
scene_2,item_4340,0.15789473684210525
scene_2,item_3803,0.15789473684210525
scene_2,item_9560,0.15789473684210525
scene_2,item_7790,0.15789473684210525
scene_2,item_2561,0.15789473684210525
scene_2,item_3845,0.15789473684210525
scene_2,item_4955,0.15789473684210525
scene_2,item_8399,0.15789473684210525
scene_2,item_1442,0.15789473684210525
scene_2,item_1562,0.15789473684210525
scene_2,item_5162,0.15789473684210525
scene_2,item_830,0.15789473684210525
scene_2,item_8186,0.15789473684210525
scene_2,item_8795,0.15789473684210525
scene_2,item_746,0.15789473684210525
scene_2,item_2342,0.15789473684210525
scene_2,item_5705,0.15789473684210525
scene_2,item_701,0.15789473684210525
scene_2,item_6251,0.15789473684210525
scene_2,item_4889,0.15789473684210525
scene_2,item_6179,0.15789473684210525
scene_2,item_278,0.15789473684210525
scene_2,item_6359,0.15789473684210525
scene_2,item_1415,0.15789473684210525
scene_2,item_1868,0.15789473684210525
scene_2,item_7556,0.15789473684210525
scene_2,item_9437,0.15789473684210525
scene_2,item_5726,0.15789473684210525
scene_2,item_5111,0.15789473684210525
scene_2,item_5102,0.15789473684210525
scene_2,item_8147,0.15789473684210525
scene_2,item_3557,0.15789473684210525
scene_2,item_3275,0.15789473684210525
scene_2,item_5024,0.15789473684210525
scene_2,item_5540,0.15789473684210525
scene_2,item_3086,0.15789473684210525
scene_2,item_9881,0.15789473684210525
scene_2,item_962,0.15789473684210525
scene_2,item_1886,0.15789473684210525
scene_2,item_7592,0.15789473684210525
scene_2,item_4079,0.15789473684210525
scene_2,item_2432,0.15789473684210525
scene_2,item_7814,0.15789473684210525
scene_2,item_608,0.15789473684210525
scene_2,item_6614,0.15789473684210525
scene_2,item_8432,0.15789473684210525
scene_2,item_4706,0.15789473684210525
scene_2,item_6365,0.15789473684210525
scene_2,item_5996,0.15789473684210525
scene_2,item_3716,0.15789473684210525
scene_2,item_9368,0.15789473684210525
scene_2,item_533,0.15789473684210525
scene_2,item_5969,0.15789473684210525
scene_2,item_9557,0.15789473684210525
scene_2,item_515,0.15789473684210525
scene_2,item_1802,0.15789473684210525
scene_2,item_4997,0.15789473684210525
scene_2,item_5483,0.15789473684210525
scene_2,item_1373,0.15789473684210525
scene_2,item_4946,0.15789473684210525
scene_2,item_3143,0.15789473684210525
scene_2,item_188,0.15789473684210525
scene_2,item_6638,0.15789473684210525
scene_2,item_2756,0.15789473684210525
scene_2,item_2813,0.15789473684210525
scene_2,item_7124,0.15789473684210525
scene_2,item_6113,0.15789473684210525
scene_2,item_5336,0.15789473684210525
scene_2,item_704,0.15789473684210525
scene_2,item_1823,0.15789473684210525
scene_2,item_2048,0.15789473684210525
scene_2,item_4958,0.15789473684210525
scene_2,item_9179,0.15789473684210525
scene_2,item_6407,0.15789473684210525
scene_2,item_4151,0.15789473684210525
scene_2,item_9104,0.15789473684210525
scene_2,item_233,0.15789473684210525
scene_2,item_743,0.15789473684210525
scene_2,item_1448,0.15789473684210525
scene_2,item_3476,0.15789473684210525
scene_2,item_3680,0.15789473684210525
scene_2,item_9563,0.15789473684210525
scene_2,item_8288,0.15789473684210525
scene_2,item_347,0.15789473684210525
scene_2,item_6143,0.15789473684210525
scene_2,item_6206,0.15789473684210525
scene_2,item_6470,0.15789473684210525
scene_2,item_1931,0.15789473684210525
scene_2,item_8900,0.15789473684210525
scene_2,item_161,0.15789473684210525
scene_2,item_9488,0.15789473684210525
scene_2,item_2534,0.15789473684210525
scene_2,item_4472,0.15789473684210525
scene_2,item_6989,0.15789473684210525
scene_2,item_9500,0.15789473684210525
scene_2,item_1532,0.15789473684210525
scene_2,item_7373,0.15789473684210525
scene_2,item_1793,0.15789473684210525
scene_2,item_1736,0.15789473684210525
scene_2,item_842,0.15789473684210525
scene_2,item_7130,0.15789473684210525
scene_2,item_992,0.15789473684210525
scene_2,item_6221,0.15789473684210525
scene_2,item_9464,0.15789473684210525
scene_2,item_2960,0.15789473684210525
scene_2,item_1463,0.15789473684210525
scene_2,item_2300,0.15789473684210525
scene_2,item_5090,0.15789473684210525
scene_2,item_9764,0.15789473684210525
scene_2,item_7853,0.15789473684210525
scene_2,item_95,0.15789473684210525
scene_2,item_8096,0.15789473684210525
scene_2,item_5231,0.15789473684210525
scene_2,item_8750,0.15789473684210525
scene_2,item_7169,0.15789473684210525
scene_2,item_92,0.15789473684210525
scene_2,item_8117,0.15789473684210525
scene_2,item_7601,0.15789473684210525
scene_2,item_5177,0.15789473684210525
scene_2,item_1244,0.10526315789473684
scene_2,item_2069,0.10526315789473684
scene_2,item_1637,0.10526315789473684
scene_2,item_7322,0.10526315789473684
scene_2,item_8252,0.10526315789473684
scene_2,item_8762,0.10526315789473684
scene_2,item_7616,0.10526315789473684
scene_2,item_3815,0.10526315789473684
scene_2,item_7472,0.10526315789473684
scene_2,item_2177,0.10526315789473684
scene_2,item_5834,0.10526315789473684
scene_2,item_3953,0.10526315789473684
scene_2,item_3170,0.10526315789473684
scene_2,item_8831,0.10526315789473684
scene_2,item_6095,0.10526315789473684
scene_2,item_9416,0.10526315789473684
scene_2,item_8468,0.10526315789473684
scene_2,item_4016,0.10526315789473684
scene_2,item_5840,0.10526315789473684
scene_2,item_3176,0.10526315789473684
scene_2,item_9626,0.10526315789473684
scene_2,item_1271,0.10526315789473684
scene_2,item_2294,0.10526315789473684
scene_2,item_7604,0.10526315789473684
scene_2,item_8210,0.10526315789473684
scene_2,item_6998,0.10526315789473684
scene_2,item_8939,0.10526315789473684
scene_2,item_5597,0.10526315789473684
scene_2,item_9188,0.10526315789473684
scene_2,item_6650,0.10526315789473684
scene_2,item_530,0.10526315789473684
scene_2,item_7247,0.10526315789473684
scene_2,item_7940,0.10526315789473684
scene_2,item_6683,0.10526315789473684
scene_2,item_665,0.10526315789473684
scene_2,item_8036,0.10526315789473684
scene_2,item_1814,0.10526315789473684
scene_2,item_3359,0.10526315789473684
scene_2,item_2735,0.10526315789473684
scene_2,item_8360,0.10526315789473684
scene_2,item_2429,0.10526315789473684
scene_2,item_5747,0.10526315789473684
scene_2,item_6353,0.10526315789473684
scene_2,item_5924,0.10526315789473684
scene_2,item_4622,0.10526315789473684
scene_2,item_7964,0.10526315789473684
scene_2,item_5039,0.10526315789473684
scene_2,item_563,0.10526315789473684
scene_2,item_7199,0.10526315789473684
scene_2,item_8534,0.10526315789473684
scene_2,item_497,0.10526315789473684
scene_2,item_8009,0.10526315789473684
scene_2,item_3017,0.10526315789473684
scene_2,item_5510,0.10526315789473684
scene_2,item_8066,0.10526315789473684
scene_2,item_2792,0.10526315789473684
scene_2,item_4619,0.10526315789473684
scene_2,item_2162,0.10526315789473684
scene_2,item_3182,0.10526315789473684
scene_2,item_8696,0.10526315789473684
scene_2,item_5171,0.10526315789473684
scene_2,item_3593,0.10526315789473684
scene_2,item_3920,0.10526315789473684
scene_2,item_9782,0.10526315789473684
scene_2,item_4367,0.10526315789473684
scene_2,item_4010,0.10526315789473684
scene_2,item_5912,0.10526315789473684
scene_2,item_5204,0.10526315789473684
scene_2,item_9863,0.10526315789473684
scene_2,item_7028,0.10526315789473684
scene_2,item_5546,0.10526315789473684
scene_2,item_9902,0.10526315789473684
scene_2,item_317,0.10526315789473684
scene_2,item_8318,0.10526315789473684
scene_2,item_1763,0.10526315789473684
scene_2,item_5567,0.10526315789473684
scene_2,item_7922,0.10526315789473684
scene_2,item_9725,0.10526315789473684
scene_2,item_4349,0.10526315789473684
scene_2,item_5672,0.10526315789473684
scene_2,item_7667,0.10526315789473684
scene_2,item_7781,0.10526315789473684
scene_2,item_4868,0.10526315789473684
scene_2,item_2078,0.10526315789473684
scene_2,item_6797,0.10526315789473684
scene_2,item_5669,0.10526315789473684
scene_2,item_8630,0.10526315789473684
scene_2,item_6137,0.10526315789473684
scene_2,item_4451,0.10526315789473684
scene_2,item_6125,0.10526315789473684
scene_2,item_6566,0.10526315789473684
scene_2,item_4628,0.10526315789473684
scene_2,item_4166,0.10526315789473684
scene_2,item_1376,0.10526315789473684
scene_2,item_2963,0.10526315789473684
scene_2,item_539,0.10526315789473684
scene_2,item_911,0.10526315789473684
scene_2,item_2411,0.10526315789473684
scene_2,item_9128,0.10526315789473684
scene_2,item_3152,0.10526315789473684
scene_2,item_3587,0.10526315789473684
scene_2,item_5684,0.10526315789473684
scene_2,item_9698,0.10526315789473684
scene_2,item_3299,0.10526315789473684
scene_2,item_1322,0.10526315789473684
scene_2,item_9443,0.10526315789473684
scene_2,item_1589,0.10526315789473684
scene_2,item_6482,0.10526315789473684
scene_2,item_65,0.10526315789473684
scene_2,item_5117,0.10526315789473684
scene_2,item_2117,0.10526315789473684
scene_2,item_8105,0.10526315789473684
scene_2,item_3335,0.10526315789473684
scene_2,item_2951,0.10526315789473684
scene_2,item_8477,0.10526315789473684
scene_2,item_5009,0.10526315789473684
scene_2,item_4259,0.10526315789473684
scene_2,item_2876,0.10526315789473684
scene_2,item_3884,0.10526315789473684
scene_2,item_5264,0.10526315789473684
scene_2,item_7886,0.10526315789473684
scene_2,item_599,0.10526315789473684
scene_2,item_128,0.10526315789473684
scene_2,item_5966,0.10526315789473684
scene_2,item_2354,0.10526315789473684
scene_2,item_815,0.10526315789473684
scene_2,item_2303,0.10526315789473684
scene_2,item_5159,0.10526315789473684
scene_2,item_698,0.10526315789473684
scene_2,item_5156,0.10526315789473684
scene_2,item_3104,0.10526315789473684
scene_2,item_5513,0.10526315789473684
scene_2,item_5423,0.10526315789473684
scene_2,item_7736,0.10526315789473684
scene_2,item_905,0.10526315789473684
scene_2,item_1901,0.10526315789473684
scene_2,item_2612,0.10526315789473684
scene_2,item_422,0.10526315789473684
scene_2,item_4709,0.10526315789473684
scene_2,item_8849,0.10526315789473684
scene_2,item_593,0.10526315789473684
scene_2,item_1799,0.10526315789473684
scene_2,item_9116,0.10526315789473684
scene_2,item_5324,0.10526315789473684
scene_2,item_8165,0.10526315789473684
scene_2,item_1967,0.10526315789473684
scene_2,item_4220,0.10526315789473684
scene_2,item_4442,0.10526315789473684
scene_2,item_1655,0.10526315789473684
scene_2,item_3053,0.10526315789473684
scene_2,item_5276,0.10526315789473684
scene_2,item_2609,0.10526315789473684
scene_2,item_2336,0.10526315789473684
scene_2,item_6578,0.10526315789473684
scene_2,item_7787,0.10526315789473684
scene_2,item_4583,0.10526315789473684
scene_2,item_7346,0.10526315789473684
scene_2,item_2624,0.10526315789473684
scene_2,item_5144,0.10526315789473684
scene_2,item_680,0.10526315789473684
scene_2,item_6134,0.10526315789473684
scene_2,item_1877,0.10526315789473684
scene_2,item_7991,0.10526315789473684
scene_2,item_7460,0.10526315789473684
scene_2,item_8498,0.10526315789473684
scene_2,item_1430,0.10526315789473684
scene_2,item_4595,0.10526315789473684
scene_2,item_1064,0.10526315789473684
scene_2,item_1583,0.10526315789473684
scene_2,item_4280,0.10526315789473684
scene_2,item_7631,0.10526315789473684
scene_2,item_4055,0.10526315789473684
scene_2,item_6734,0.10526315789473684
scene_2,item_2381,0.10526315789473684
scene_2,item_473,0.10526315789473684
scene_2,item_6935,0.10526315789473684
scene_2,item_4952,0.10526315789473684
scene_2,item_7637,0.10526315789473684
scene_2,item_1169,0.10526315789473684
scene_2,item_5618,0.10526315789473684
scene_2,item_6122,0.10526315789473684
scene_2,item_7517,0.10526315789473684
scene_2,item_7151,0.10526315789473684
scene_2,item_7301,0.10526315789473684
scene_2,item_5246,0.10526315789473684
scene_2,item_8933,0.10526315789473684
scene_2,item_500,0.10526315789473684
scene_2,item_6596,0.10526315789473684
scene_2,item_5225,0.10526315789473684
scene_2,item_8999,0.10526315789473684
scene_2,item_1094,0.10526315789473684
scene_2,item_365,0.10526315789473684
scene_2,item_7382,0.10526315789473684
scene_2,item_1028,0.10526315789473684
scene_2,item_3134,0.10526315789473684
scene_2,item_7490,0.10526315789473684
scene_2,item_8051,0.10526315789473684
scene_2,item_821,0.10526315789473684
scene_2,item_1280,0.10526315789473684
scene_2,item_7817,0.10526315789473684
scene_2,item_8873,0.10526315789473684
scene_2,item_9704,0.10526315789473684
scene_2,item_4196,0.10526315789473684
scene_2,item_6380,0.10526315789473684
scene_2,item_8525,0.10526315789473684
scene_2,item_2528,0.10526315789473684
scene_2,item_2888,0.10526315789473684
scene_2,item_6443,0.10526315789473684
scene_2,item_9314,0.10526315789473684
scene_2,item_8093,0.10526315789473684
scene_2,item_2375,0.10526315789473684
scene_2,item_7838,0.10526315789473684
scene_2,item_2522,0.10526315789473684
scene_2,item_2771,0.10526315789473684
scene_2,item_59,0.10526315789473684
scene_2,item_2996,0.10526315789473684
scene_2,item_9293,0.10526315789473684
scene_2,item_3317,0.10526315789473684
scene_2,item_4145,0.10526315789473684
scene_2,item_4991,0.10526315789473684
scene_2,item_1412,0.10526315789473684
scene_2,item_9320,0.10526315789473684
scene_2,item_1547,0.10526315789473684
scene_2,item_6944,0.10526315789473684
scene_2,item_8321,0.10526315789473684
scene_2,item_5720,0.10526315789473684
scene_2,item_8606,0.10526315789473684
scene_2,item_3380,0.10526315789473684
scene_2,item_5870,0.10526315789473684
scene_2,item_5054,0.10526315789473684
scene_2,item_7766,0.10526315789473684
scene_2,item_3215,0.10526315789473684
scene_2,item_7622,0.10526315789473684
scene_2,item_6530,0.10526315789473684
scene_2,item_2426,0.10526315789473684
scene_2,item_6080,0.10526315789473684
scene_2,item_8576,0.10526315789473684
scene_2,item_8825,0.10526315789473684
scene_2,item_6446,0.10526315789473684
scene_2,item_1049,0.10526315789473684
scene_2,item_2687,0.10526315789473684
scene_2,item_4499,0.10526315789473684
scene_2,item_629,0.10526315789473684
scene_2,item_485,0.10526315789473684
scene_2,item_3485,0.10526315789473684
scene_2,item_3371,0.10526315789473684
scene_2,item_8918,0.10526315789473684
scene_2,item_5735,0.10526315789473684
scene_2,item_6266,0.10526315789473684
scene_2,item_3785,0.10526315789473684
scene_2,item_3923,0.10526315789473684
scene_2,item_6602,0.10526315789473684
scene_2,item_9041,0.10526315789473684
scene_2,item_3050,0.10526315789473684
scene_2,item_9059,0.10526315789473684
scene_2,item_7949,0.10526315789473684
scene_2,item_4271,0.10526315789473684
scene_2,item_3965,0.10526315789473684
scene_2,item_4211,0.10526315789473684
scene_2,item_50,0.10526315789473684
scene_2,item_6626,0.10526315789473684
scene_2,item_7676,0.10526315789473684
scene_2,item_2255,0.10526315789473684
scene_2,item_14,0.10526315789473684
scene_2,item_9263,0.10526315789473684
scene_2,item_4295,0.10526315789473684
scene_2,item_9923,0.10526315789473684
scene_2,item_7643,0.10526315789473684
scene_2,item_7082,0.10526315789473684
scene_2,item_7823,0.10526315789473684
scene_2,item_3875,0.10526315789473684
scene_2,item_9845,0.10526315789473684
scene_2,item_2087,0.10526315789473684
scene_2,item_4052,0.10526315789473684
scene_2,item_7166,0.10526315789473684
scene_2,item_1025,0.10526315789473684
scene_2,item_9734,0.10526315789473684
scene_2,item_2834,0.10526315789473684
scene_2,item_5321,0.10526315789473684
scene_2,item_6293,0.10526315789473684
scene_2,item_7232,0.10526315789473684
scene_2,item_3329,0.10526315789473684
scene_2,item_6503,0.10526315789473684
scene_2,item_1913,0.10526315789473684
scene_2,item_3746,0.10526315789473684
scene_2,item_3818,0.10526315789473684
scene_2,item_8351,0.10526315789473684
scene_2,item_7730,0.10526315789473684
scene_2,item_5603,0.10526315789473684
scene_2,item_2252,0.10526315789473684
scene_2,item_5366,0.10526315789473684
scene_2,item_6086,0.10526315789473684
scene_2,item_9989,0.10526315789473684
scene_2,item_5021,0.10526315789473684
scene_2,item_6641,0.10526315789473684
scene_2,item_2021,0.10526315789473684
scene_2,item_7133,0.10526315789473684
scene_2,item_8507,0.10526315789473684
scene_2,item_8282,0.10526315789473684
scene_2,item_6929,0.10526315789473684
scene_2,item_3488,0.10526315789473684
scene_2,item_7058,0.10526315789473684
scene_2,item_5243,0.10526315789473684
scene_2,item_7001,0.10526315789473684
scene_2,item_4292,0.10526315789473684
scene_2,item_2441,0.10526315789473684
scene_2,item_3230,0.10526315789473684
scene_2,item_6464,0.10526315789473684
scene_2,item_929,0.10526315789473684
scene_2,item_4592,0.10526315789473684
scene_2,item_7031,0.10526315789473684
scene_2,item_4223,0.10526315789473684
scene_2,item_9842,0.10526315789473684
scene_2,item_3941,0.10526315789473684
scene_2,item_9980,0.10526315789473684
scene_2,item_5132,0.10526315789473684
scene_2,item_1988,0.10526315789473684
scene_2,item_8357,0.10526315789473684
scene_2,item_3179,0.10526315789473684
scene_2,item_2732,0.10526315789473684
scene_2,item_11,0.10526315789473684
scene_2,item_8558,0.10526315789473684
scene_2,item_2405,0.10526315789473684
scene_2,item_5261,0.10526315789473684
scene_2,item_9833,0.10526315789473684
scene_2,item_8042,0.10526315789473684
scene_2,item_8120,0.10526315789473684
scene_2,item_2891,0.10526315789473684
scene_2,item_4517,0.10526315789473684
scene_2,item_6233,0.10526315789473684
scene_2,item_8369,0.10526315789473684
scene_2,item_7811,0.10526315789473684
scene_2,item_2054,0.10526315789473684
scene_2,item_170,0.10526315789473684
scene_2,item_4610,0.10526315789473684
scene_2,item_392,0.10526315789473684
scene_2,item_1580,0.10526315789473684
scene_2,item_8207,0.10526315789473684
scene_2,item_536,0.10526315789473684
scene_2,item_4934,0.10526315789473684
scene_2,item_1277,0.10526315789473684
scene_2,item_482,0.10526315789473684
scene_2,item_296,0.10526315789473684
scene_2,item_9227,0.10526315789473684
scene_2,item_8219,0.10526315789473684
scene_2,item_2747,0.10526315789473684
scene_2,item_5594,0.10526315789473684
scene_2,item_4325,0.10526315789473684
scene_2,item_6188,0.10526315789473684
scene_2,item_7337,0.10526315789473684
scene_2,item_371,0.10526315789473684
scene_2,item_6110,0.10526315789473684
scene_2,item_1874,0.10526315789473684
scene_2,item_3683,0.10526315789473684
scene_2,item_68,0.10526315789473684
scene_2,item_7496,0.10526315789473684
scene_2,item_5210,0.10526315789473684
scene_2,item_2885,0.10526315789473684
scene_2,item_7751,0.10526315789473684
scene_2,item_2585,0.10526315789473684
scene_2,item_8633,0.10526315789473684
scene_2,item_2531,0.10526315789473684
scene_2,item_20,0.10526315789473684
scene_2,item_5000,0.10526315789473684
scene_2,item_4865,0.10526315789473684
scene_2,item_4214,0.10526315789473684
scene_2,item_80,0.10526315789473684
scene_2,item_5234,0.10526315789473684
scene_2,item_578,0.10526315789473684
scene_2,item_7718,0.10526315789473684
scene_2,item_3035,0.10526315789473684
scene_2,item_7415,0.10526315789473684
scene_2,item_1934,0.10526315789473684
scene_2,item_6707,0.10526315789473684
scene_2,item_9434,0.10526315789473684
scene_2,item_179,0.10526315789473684
scene_2,item_1745,0.10526315789473684
scene_2,item_3782,0.10526315789473684
scene_2,item_989,0.10526315789473684
scene_2,item_8243,0.10526315789473684
scene_2,item_3989,0.10526315789473684
scene_2,item_9140,0.10526315789473684
scene_2,item_6965,0.10526315789473684
scene_2,item_6494,0.10526315789473684
scene_2,item_6896,0.10526315789473684
scene_2,item_257,0.10526315789473684
scene_2,item_9722,0.10526315789473684
scene_2,item_125,0.10526315789473684
scene_2,item_6632,0.10526315789473684
scene_2,item_7463,0.05263157894736842
scene_2,item_1382,0.05263157894736842
scene_2,item_7070,0.05263157894736842
scene_2,item_7715,0.05263157894736842
scene_2,item_9017,0.05263157894736842
scene_2,item_7619,0.05263157894736842
scene_2,item_8327,0.05263157894736842
scene_2,item_5960,0.05263157894736842
scene_2,item_5723,0.05263157894736842
scene_2,item_6131,0.05263157894736842
scene_2,item_3056,0.05263157894736842
scene_2,item_3995,0.05263157894736842
scene_2,item_5936,0.05263157894736842
scene_2,item_32,0.05263157894736842
scene_2,item_686,0.05263157894736842
scene_2,item_7934,0.05263157894736842
scene_2,item_8159,0.05263157894736842
scene_2,item_4427,0.05263157894736842
scene_2,item_7628,0.05263157894736842
scene_2,item_3758,0.05263157894736842
scene_2,item_7973,0.05263157894736842
scene_2,item_8915,0.05263157894736842
scene_2,item_1052,0.05263157894736842
scene_2,item_2120,0.05263157894736842
scene_2,item_569,0.05263157894736842
scene_2,item_2339,0.05263157894736842
scene_2,item_89,0.05263157894736842
scene_2,item_9785,0.05263157894736842
scene_2,item_803,0.05263157894736842
scene_2,item_9344,0.05263157894736842
scene_2,item_4616,0.05263157894736842
scene_2,item_3002,0.05263157894736842
scene_2,item_1220,0.05263157894736842
scene_2,item_3881,0.05263157894736842
scene_2,item_6863,0.05263157894736842
scene_2,item_1241,0.05263157894736842
scene_2,item_3422,0.05263157894736842
scene_2,item_3836,0.05263157894736842
scene_2,item_9524,0.05263157894736842
scene_2,item_6545,0.05263157894736842
scene_2,item_5879,0.05263157894736842
scene_2,item_1265,0.05263157894736842
scene_2,item_1175,0.05263157894736842
scene_2,item_2582,0.05263157894736842
scene_2,item_4397,0.05263157894736842
scene_2,item_791,0.05263157894736842
scene_2,item_947,0.05263157894736842
scene_2,item_6623,0.05263157894736842
scene_2,item_8123,0.05263157894736842
scene_2,item_9566,0.05263157894736842
scene_2,item_4940,0.05263157894736842
scene_2,item_4421,0.05263157894736842
scene_2,item_4856,0.05263157894736842
scene_2,item_3869,0.05263157894736842
scene_2,item_131,0.05263157894736842
scene_2,item_653,0.05263157894736842
scene_2,item_5783,0.05263157894736842
scene_2,item_5219,0.05263157894736842
scene_2,item_206,0.05263157894736842
scene_2,item_4898,0.05263157894736842
scene_2,item_254,0.05263157894736842
scene_2,item_8111,0.05263157894736842
scene_2,item_719,0.05263157894736842
scene_2,item_5342,0.05263157894736842
scene_2,item_6320,0.05263157894736842
scene_2,item_7598,0.05263157894736842
scene_2,item_3947,0.05263157894736842
scene_2,item_9467,0.05263157894736842
scene_2,item_7505,0.05263157894736842
scene_2,item_4247,0.05263157894736842
scene_2,item_3443,0.05263157894736842
scene_2,item_4310,0.05263157894736842
scene_2,item_9107,0.05263157894736842
scene_2,item_3797,0.05263157894736842
scene_2,item_8597,0.05263157894736842
scene_2,item_2978,0.05263157894736842
scene_2,item_8600,0.05263157894736842
scene_2,item_2072,0.05263157894736842
scene_2,item_8819,0.05263157894736842
scene_2,item_1829,0.05263157894736842
scene_2,item_8552,0.05263157894736842
scene_2,item_3239,0.05263157894736842
scene_2,item_9602,0.05263157894736842
scene_2,item_3773,0.05263157894736842
scene_2,item_1670,0.05263157894736842
scene_2,item_2642,0.05263157894736842
scene_2,item_9953,0.05263157894736842
scene_2,item_9587,0.05263157894736842
scene_2,item_9596,0.05263157894736842
scene_2,item_266,0.05263157894736842
scene_2,item_6152,0.05263157894736842
scene_2,item_8492,0.05263157894736842
scene_2,item_1034,0.05263157894736842
scene_2,item_6533,0.05263157894736842
scene_2,item_1841,0.05263157894736842
scene_2,item_8870,0.05263157894736842
scene_2,item_7799,0.05263157894736842
scene_2,item_3731,0.05263157894736842
scene_2,item_2711,0.05263157894736842
scene_2,item_1511,0.05263157894736842
scene_2,item_3650,0.05263157894736842
scene_2,item_4289,0.05263157894736842
scene_2,item_6254,0.05263157894736842
scene_2,item_3440,0.05263157894736842
scene_2,item_2825,0.05263157894736842
scene_2,item_1757,0.05263157894736842
scene_2,item_1658,0.05263157894736842
scene_2,item_368,0.05263157894736842
scene_2,item_2480,0.05263157894736842
scene_2,item_761,0.05263157894736842
scene_2,item_140,0.05263157894736842
scene_2,item_4577,0.05263157894736842
scene_2,item_3527,0.05263157894736842
scene_2,item_8144,0.05263157894736842
scene_2,item_1424,0.05263157894736842
scene_2,item_8168,0.05263157894736842
scene_2,item_3491,0.05263157894736842
scene_2,item_299,0.05263157894736842
scene_2,item_5468,0.05263157894736842
scene_2,item_4013,0.05263157894736842
scene_2,item_6599,0.05263157894736842
scene_2,item_3020,0.05263157894736842
scene_2,item_9617,0.05263157894736842
scene_2,item_977,0.05263157894736842
scene_2,item_2975,0.05263157894736842
scene_2,item_1721,0.05263157894736842
scene_2,item_7154,0.05263157894736842
scene_2,item_617,0.05263157894736842
scene_2,item_1157,0.05263157894736842
scene_2,item_1742,0.05263157894736842
scene_2,item_3065,0.05263157894736842
scene_2,item_9824,0.05263157894736842
scene_2,item_4253,0.05263157894736842
scene_2,item_4469,0.05263157894736842
scene_2,item_5480,0.05263157894736842
scene_2,item_3938,0.05263157894736842
scene_2,item_2321,0.05263157894736842
scene_2,item_587,0.05263157894736842
scene_2,item_4859,0.05263157894736842
scene_2,item_9161,0.05263157894736842
scene_2,item_7310,0.05263157894736842
scene_2,item_1328,0.05263157894736842
scene_2,item_3278,0.05263157894736842
scene_2,item_4496,0.05263157894736842
scene_2,item_1925,0.05263157894736842
scene_2,item_7268,0.05263157894736842
scene_2,item_6806,0.05263157894736842
scene_2,item_7691,0.05263157894736842
scene_2,item_6422,0.05263157894736842
scene_2,item_2327,0.05263157894736842
scene_2,item_1148,0.05263157894736842
scene_2,item_2549,0.05263157894736842
scene_2,item_7841,0.05263157894736842
scene_2,item_7961,0.05263157894736842
scene_2,item_6908,0.05263157894736842
scene_2,item_4406,0.05263157894736842
scene_2,item_4697,0.05263157894736842
scene_2,item_2603,0.05263157894736842
scene_2,item_8240,0.05263157894736842
scene_2,item_5792,0.05263157894736842
scene_2,item_4541,0.05263157894736842
scene_2,item_9629,0.05263157894736842
scene_2,item_6146,0.05263157894736842
scene_2,item_6950,0.05263157894736842
scene_2,item_4457,0.05263157894736842
scene_2,item_6563,0.05263157894736842
scene_2,item_4037,0.05263157894736842
scene_2,item_6899,0.05263157894736842
scene_2,item_3365,0.05263157894736842
scene_2,item_2027,0.05263157894736842
scene_2,item_4184,0.05263157894736842
scene_2,item_7217,0.05263157894736842
scene_2,item_3026,0.05263157894736842
scene_2,item_4064,0.05263157894736842
scene_2,item_8291,0.05263157894736842
scene_2,item_3419,0.05263157894736842
scene_2,item_5915,0.05263157894736842
scene_2,item_2645,0.05263157894736842
scene_2,item_5087,0.05263157894736842
scene_2,item_2597,0.05263157894736842
scene_2,item_6527,0.05263157894736842
scene_2,item_2909,0.05263157894736842
scene_2,item_2939,0.05263157894736842
scene_2,item_6983,0.05263157894736842
scene_2,item_1496,0.05263157894736842
scene_2,item_2090,0.05263157894736842
scene_2,item_4097,0.05263157894736842
scene_2,item_806,0.05263157894736842
scene_2,item_2591,0.05263157894736842
scene_2,item_8276,0.05263157894736842
scene_2,item_9119,0.05263157894736842
scene_2,item_4277,0.05263157894736842
scene_2,item_5774,0.05263157894736842
scene_2,item_9884,0.05263157894736842
scene_2,item_9548,0.05263157894736842
scene_2,item_386,0.05263157894736842
scene_2,item_5657,0.05263157894736842
scene_2,item_3914,0.05263157894736842
scene_2,item_1130,0.05263157894736842
scene_2,item_6341,0.05263157894736842
scene_2,item_3332,0.05263157894736842
scene_2,item_8411,0.05263157894736842
scene_2,item_5867,0.05263157894736842
scene_2,item_824,0.05263157894736842
scene_2,item_6419,0.05263157894736842
scene_2,item_5633,0.05263157894736842
scene_2,item_3581,0.05263157894736842
scene_2,item_146,0.05263157894736842
scene_2,item_734,0.05263157894736842
scene_2,item_8030,0.05263157894736842
scene_2,item_8657,0.05263157894736842
scene_2,item_8774,0.05263157894736842
scene_2,item_74,0.05263157894736842
scene_2,item_1520,0.05263157894736842
scene_2,item_1319,0.05263157894736842
scene_2,item_9635,0.05263157894736842
scene_2,item_1445,0.05263157894736842
scene_2,item_8393,0.05263157894736842
scene_2,item_9800,0.05263157894736842
scene_2,item_6410,0.05263157894736842
scene_2,item_5822,0.05263157894736842
scene_2,item_7226,0.05263157894736842
scene_2,item_6461,0.05263157894736842
scene_2,item_1541,0.05263157894736842
scene_2,item_383,0.05263157894736842
scene_2,item_2357,0.05263157894736842
scene_2,item_2075,0.05263157894736842
scene_2,item_4376,0.05263157894736842
scene_2,item_3110,0.05263157894736842
scene_2,item_6239,0.05263157894736842
scene_2,item_8684,0.05263157894736842
scene_2,item_4916,0.05263157894736842
scene_2,item_5249,0.05263157894736842
scene_2,item_3389,0.05263157894736842
scene_2,item_6890,0.05263157894736842
scene_2,item_3227,0.05263157894736842
scene_2,item_8975,0.05263157894736842
scene_2,item_8213,0.05263157894736842
scene_2,item_5048,0.05263157894736842
scene_2,item_2915,0.05263157894736842
scene_2,item_7688,0.05263157894736842
scene_2,item_3125,0.05263157894736842
scene_2,item_4379,0.05263157894736842
scene_2,item_6695,0.05263157894736842
scene_2,item_200,0.05263157894736842
scene_2,item_863,0.05263157894736842
scene_2,item_2012,0.05263157894736842
scene_2,item_8438,0.05263157894736842
scene_2,item_5294,0.05263157894736842
scene_2,item_7583,0.05263157894736842
scene_2,item_2807,0.05263157894736842
scene_2,item_7181,0.05263157894736842
scene_2,item_2567,0.05263157894736842
scene_2,item_2804,0.05263157894736842
scene_2,item_2105,0.05263157894736842
scene_2,item_7712,0.05263157894736842
scene_2,item_3011,0.05263157894736842
scene_2,item_9275,0.05263157894736842
scene_2,item_1355,0.05263157894736842
scene_2,item_7010,0.05263157894736842
scene_2,item_3761,0.05263157894736842
scene_2,item_797,0.05263157894736842
scene_2,item_605,0.05263157894736842
scene_2,item_5012,0.05263157894736842
scene_2,item_7952,0.05263157894736842
scene_2,item_1226,0.05263157894736842
scene_2,item_7052,0.05263157894736842
scene_2,item_638,0.05263157894736842
scene_2,item_5579,0.05263157894736842
scene_2,item_1190,0.05263157894736842
scene_2,item_425,0.05263157894736842
scene_2,item_2183,0.05263157894736842
scene_2,item_3962,0.05263157894736842
scene_2,item_6836,0.05263157894736842
scene_2,item_1490,0.05263157894736842
scene_2,item_9131,0.05263157894736842
scene_2,item_9938,0.05263157894736842
scene_2,item_4973,0.05263157894736842
scene_2,item_3308,0.05263157894736842
scene_2,item_1040,0.05263157894736842
scene_2,item_773,0.05263157894736842
scene_2,item_7760,0.05263157894736842
scene_2,item_2627,0.05263157894736842
scene_2,item_2942,0.05263157894736842
scene_2,item_1139,0.05263157894736842
scene_2,item_4790,0.05263157894736842
scene_2,item_6977,0.05263157894736842
scene_2,item_5402,0.05263157894736842
scene_2,item_683,0.05263157894736842
scene_2,item_6053,0.05263157894736842
scene_2,item_7163,0.05263157894736842
scene_2,item_488,0.05263157894736842
scene_2,item_6173,0.05263157894736842
scene_2,item_2051,0.05263157894736842
scene_2,item_1754,0.05263157894736842
scene_2,item_7754,0.05263157894736842
scene_2,item_6662,0.05263157894736842
scene_2,item_9317,0.05263157894736842
scene_2,item_3383,0.05263157894736842
scene_2,item_647,0.05263157894736842
scene_2,item_7202,0.05263157894736842
scene_2,item_8135,0.05263157894736842
scene_2,item_395,0.05263157894736842
scene_2,item_2630,0.05263157894736842
scene_2,item_968,0.05263157894736842
scene_2,item_5894,0.05263157894736842
scene_2,item_7331,0.05263157894736842
scene_2,item_6671,0.05263157894736842
scene_2,item_9008,0.05263157894736842
scene_2,item_9383,0.05263157894736842
scene_2,item_6500,0.05263157894736842
scene_2,item_6812,0.05263157894736842
scene_2,item_6161,0.05263157894736842
scene_2,item_2777,0.05263157894736842
scene_2,item_2450,0.05263157894736842
scene_2,item_8018,0.05263157894736842
scene_2,item_6995,0.05263157894736842
scene_2,item_1418,0.05263157894736842
scene_2,item_6230,0.05263157894736842
scene_2,item_3461,0.05263157894736842
scene_2,item_8063,0.05263157894736842
scene_2,item_8759,0.05263157894736842
scene_2,item_4514,0.05263157894736842
scene_2,item_7577,0.05263157894736842
scene_2,item_4763,0.05263157894736842
scene_2,item_7175,0.05263157894736842
scene_2,item_4142,0.05263157894736842
scene_2,item_7040,0.05263157894736842
scene_2,item_1544,0.05263157894736842
scene_2,item_1598,0.05263157894736842
scene_2,item_9665,0.05263157894736842
scene_2,item_1127,0.05263157894736842
scene_2,item_2936,0.05263157894736842
scene_2,item_6722,0.05263157894736842
scene_2,item_6635,0.05263157894736842
scene_2,item_2141,0.05263157894736842
scene_2,item_314,0.05263157894736842
scene_2,item_4061,0.05263157894736842
scene_2,item_6731,0.05263157894736842
scene_2,item_6473,0.05263157894736842
scene_2,item_3698,0.05263157894736842
scene_2,item_3266,0.05263157894736842
scene_2,item_8954,0.05263157894736842
scene_2,item_9689,0.05263157894736842
scene_2,item_9806,0.05263157894736842
scene_2,item_7946,0.05263157894736842
scene_2,item_1859,0.05263157894736842
scene_2,item_5078,0.05263157894736842
scene_2,item_2360,0.05263157894736842
scene_2,item_4835,0.05263157894736842
scene_2,item_446,0.05263157894736842
scene_2,item_7394,0.05263157894736842
scene_2,item_2795,0.05263157894736842
scene_2,item_8864,0.05263157894736842
scene_2,item_8129,0.05263157894736842
scene_2,item_4943,0.05263157894736842
scene_2,item_9347,0.05263157894736842
scene_2,item_1283,0.05263157894736842
scene_2,item_1202,0.05263157894736842
scene_2,item_8270,0.05263157894736842
scene_2,item_986,0.05263157894736842
scene_2,item_7319,0.05263157894736842
scene_2,item_752,0.05263157894736842
scene_2,item_3242,0.05263157894736842
scene_2,item_6116,0.05263157894736842
scene_2,item_5675,0.05263157894736842
scene_2,item_5354,0.05263157894736842
scene_2,item_5,0.05263157894736842
scene_2,item_3857,0.05263157894736842
scene_2,item_6710,0.05263157894736842
scene_2,item_9575,0.05263157894736842
scene_2,item_1349,0.05263157894736842
scene_2,item_6371,0.05263157894736842
scene_2,item_7295,0.05263157894736842
scene_2,item_5369,0.05263157894736842
scene_2,item_8642,0.05263157894736842
scene_2,item_728,0.05263157894736842
scene_2,item_6323,0.05263157894736842
scene_2,item_6497,0.05263157894736842
scene_2,item_572,0.05263157894736842
scene_2,item_2744,0.05263157894736842
scene_2,item_7832,0.05263157894736842
scene_2,item_9266,0.05263157894736842
scene_2,item_6794,0.05263157894736842
scene_2,item_1313,0.05263157894736842
scene_2,item_3092,0.05263157894736842
scene_2,item_8054,0.05263157894736842
scene_2,item_9371,0.05263157894736842
scene_2,item_341,0.05263157894736842
scene_2,item_737,0.05263157894736842
scene_2,item_3503,0.05263157894736842
scene_2,item_5927,0.05263157894736842
scene_2,item_4664,0.05263157894736842
scene_2,item_1997,0.05263157894736842
scene_2,item_4148,0.05263157894736842
scene_2,item_1919,0.05263157894736842
scene_2,item_8753,0.05263157894736842
scene_2,item_4034,0.05263157894736842
scene_2,item_6593,0.05263157894736842
scene_2,item_3029,0.05263157894736842
scene_2,item_3437,0.05263157894736842
scene_2,item_3605,0.05263157894736842
scene_2,item_7037,0.05263157894736842
scene_2,item_3548,0.05263157894736842
scene_2,item_1250,0.05263157894736842
scene_2,item_8990,0.05263157894736842
scene_2,item_4370,0.05263157894736842
scene_2,item_9683,0.05263157894736842
scene_2,item_5651,0.05263157894736842
scene_2,item_8150,0.05263157894736842
scene_2,item_3644,0.05263157894736842
scene_2,item_6833,0.05263157894736842
scene_2,item_1016,0.05263157894736842
scene_2,item_5711,0.05263157894736842
scene_2,item_1472,0.05263157894736842
scene_2,item_4733,0.05263157894736842
scene_2,item_1775,0.05263157894736842
scene_2,item_2195,0.05263157894736842
scene_2,item_1232,0.05263157894736842
scene_2,item_3059,0.05263157894736842
scene_2,item_2546,0.05263157894736842
scene_2,item_8312,0.05263157894736842
scene_2,item_4808,0.05263157894736842
scene_2,item_1682,0.05263157894736842
scene_2,item_7439,0.05263157894736842
scene_2,item_5129,0.05263157894736842
scene_2,item_1478,0.05263157894736842
scene_2,item_8516,0.05263157894736842
scene_2,item_7763,0.05263157894736842
scene_2,item_1559,0.05263157894736842
scene_2,item_1715,0.05263157894736842
scene_2,item_3518,0.05263157894736842
scene_2,item_4343,0.05263157894736842
scene_2,item_4571,0.05263157894736842
scene_2,item_8963,0.05263157894736842
scene_2,item_8987,0.05263157894736842
scene_2,item_9713,0.05263157894736842
scene_2,item_1421,0.05263157894736842
scene_2,item_5882,0.05263157894736842
scene_2,item_5780,0.05263157894736842
scene_2,item_8264,0.05263157894736842
scene_2,item_7007,0.05263157894736842
scene_2,item_6887,0.05263157894736842
scene_2,item_6719,0.05263157894736842
scene_2,item_8336,0.05263157894736842
scene_2,item_2987,0.05263157894736842
scene_2,item_575,0.05263157894736842
scene_2,item_9521,0.05263157894736842
scene_2,item_5612,0.05263157894736842
scene_2,item_7646,0.05263157894736842
scene_2,item_23,0.05263157894736842
scene_2,item_890,0.05263157894736842
scene_2,item_2192,0.05263157894736842
scene_2,item_3854,0.05263157894736842
scene_2,item_2867,0.05263157894736842
scene_2,item_596,0.05263157894736842
scene_2,item_5873,0.05263157894736842
scene_2,item_8921,0.05263157894736842
scene_2,item_9533,0.05263157894736842
scene_2,item_1154,0.05263157894736842
scene_2,item_6857,0.05263157894736842
scene_2,item_641,0.05263157894736842
scene_2,item_581,0.05263157894736842
scene_2,item_7580,0.05263157894736842
scene_2,item_2786,0.05263157894736842
scene_2,item_4490,0.05263157894736842
scene_2,item_5975,0.05263157894736842
scene_2,item_3971,0.05263157894736842
scene_2,item_2147,0.05263157894736842
scene_2,item_2153,0.05263157894736842
scene_2,item_881,0.05263157894736842
scene_2,item_3554,0.05263157894736842
scene_2,item_623,0.05263157894736842
scene_2,item_7664,0.05263157894736842
scene_2,item_3521,0.05263157894736842
scene_2,item_8408,0.05263157894736842
scene_2,item_8879,0.05263157894736842
scene_2,item_4748,0.05263157894736842
scene_2,item_1364,0.05263157894736842
scene_2,item_404,0.05263157894736842
scene_2,item_251,0.05263157894736842
scene_2,item_2993,0.05263157894736842
scene_2,item_3404,0.05263157894736842
scene_2,item_1499,0.05263157894736842
scene_2,item_7433,0.05263157894736842
scene_2,item_6395,0.05263157894736842
scene_2,item_6800,0.05263157894736842
scene_2,item_5804,0.05263157894736842
scene_2,item_4049,0.05263157894736842
scene_2,item_9242,0.05263157894736842
scene_2,item_389,0.05263157894736842
scene_2,item_3800,0.05263157894736842
scene_2,item_3719,0.05263157894736842
scene_2,item_8909,0.05263157894736842
scene_2,item_5642,0.05263157894736842
scene_2,item_1076,0.05263157894736842
scene_2,item_1595,0.05263157894736842
scene_2,item_9350,0.05263157894736842
scene_2,item_9191,0.05263157894736842
scene_2,item_5813,0.05263157894736842
scene_2,item_9647,0.05263157894736842
scene_2,item_1853,0.05263157894736842
scene_2,item_9452,0.05263157894736842
scene_2,item_4454,0.05263157894736842
scene_2,item_4826,0.05263157894736842
scene_2,item_3740,0.05263157894736842
scene_2,item_7508,0.05263157894736842
scene_2,item_5027,0.05263157894736842
scene_2,item_158,0.05263157894736842
scene_2,item_8402,0.05263157894736842
scene_2,item_9671,0.05263157894736842
scene_2,item_7220,0.05263157894736842
scene_2,item_6854,0.05263157894736842
scene_2,item_1835,0.05263157894736842
scene_2,item_9068,0.05263157894736842
scene_2,item_2957,0.05263157894736842
scene_2,item_5333,0.05263157894736842
scene_2,item_9929,0.05263157894736842
scene_2,item_4643,0.05263157894736842
scene_2,item_8378,0.05263157894736842
scene_2,item_3470,0.05263157894736842
scene_2,item_227,0.05263157894736842
scene_2,item_326,0.05263157894736842
scene_2,item_836,0.05263157894736842
scene_2,item_6185,0.05263157894736842
scene_2,item_4766,0.05263157894736842
scene_2,item_7994,0.05263157894736842
scene_2,item_6743,0.05263157894736842
scene_2,item_3185,0.05263157894736842
scene_2,item_440,0.05263157894736842
scene_2,item_3638,0.05263157894736842
scene_2,item_7610,0.05263157894736842
scene_2,item_9701,0.05263157894736842
scene_2,item_5564,0.05263157894736842
scene_2,item_3509,0.05263157894736842
scene_2,item_5105,0.05263157894736842
scene_2,item_1820,0.05263157894736842
scene_2,item_5408,0.05263157894736842
scene_2,item_3563,0.05263157894736842
scene_2,item_1451,0.05263157894736842
scene_2,item_3911,0.05263157894736842
scene_2,item_5528,0.05263157894736842
scene_2,item_6926,0.05263157894736842
scene_2,item_224,0.05263157894736842
scene_2,item_338,0.05263157894736842
scene_2,item_6689,0.05263157894736842
scene_2,item_551,0.05263157894736842
scene_2,item_1097,0.05263157894736842
scene_2,item_7685,0.05263157894736842
scene_2,item_9077,0.05263157894736842
scene_2,item_1703,0.05263157894736842
scene_2,item_4205,0.05263157894736842
scene_2,item_6197,0.05263157894736842
scene_2,item_7865,0.05263157894736842
scene_2,item_848,0.05263157894736842
scene_2,item_7544,0.05263157894736842
scene_2,item_4604,0.05263157894736842
scene_2,item_5981,0.05263157894736842
scene_2,item_4586,0.05263157894736842
scene_2,item_7535,0.05263157894736842
scene_2,item_9959,0.05263157894736842
scene_2,item_4979,0.05263157894736842
scene_2,item_9272,0.05263157894736842
scene_2,item_7658,0.05263157894736842
scene_2,item_5030,0.05263157894736842
scene_2,item_9152,0.05263157894736842
scene_2,item_2618,0.05263157894736842
scene_2,item_9014,0.05263157894736842
scene_2,item_1772,0.05263157894736842
scene_2,item_6860,0.05263157894736842
scene_2,item_7880,0.05263157894736842
scene_2,item_3860,0.05263157894736842
scene_2,item_6917,0.05263157894736842
scene_2,item_8837,0.05263157894736842
scene_2,item_116,0.05263157894736842
scene_2,item_3968,0.05263157894736842
scene_2,item_8459,0.05263157894736842
scene_2,item_1943,0.05263157894736842
scene_2,item_7670,0.05263157894736842
scene_2,item_4784,0.05263157894736842
scene_2,item_9032,0.05263157894736842
scene_2,item_9572,0.05263157894736842
scene_2,item_5096,0.05263157894736842
scene_2,item_7109,0.05263157894736842
scene_2,item_8708,0.05263157894736842
scene_2,item_7514,0.05263157894736842
scene_2,item_4076,0.05263157894736842
scene_2,item_3512,0.05263157894736842
scene_2,item_9338,0.05263157894736842
scene_2,item_1952,0.05263157894736842
scene_2,item_4598,0.05263157894736842
scene_2,item_9638,0.05263157894736842
scene_2,item_6326,0.05263157894736842
scene_2,item_5183,0.05263157894736842
scene_2,item_6182,0.05263157894736842
scene_2,item_2057,0.05263157894736842
scene_2,item_8957,0.05263157894736842
scene_2,item_5777,0.05263157894736842
scene_2,item_1121,0.05263157894736842
scene_2,item_1973,0.05263157894736842
scene_2,item_2690,0.05263157894736842
scene_2,item_7091,0.05263157894736842
scene_2,item_8861,0.05263157894736842
scene_2,item_9641,0.05263157894736842
scene_2,item_3779,0.05263157894736842
scene_2,item_8885,0.05263157894736842
scene_2,item_845,0.05263157894736842
scene_2,item_7430,0.05263157894736842
scene_2,item_4814,0.05263157894736842
scene_2,item_4883,0.05263157894736842
scene_2,item_5543,0.05263157894736842
scene_2,item_8450,0.05263157894736842
scene_2,item_9977,0.05263157894736842
scene_2,item_9794,0.05263157894736842
scene_2,item_2552,0.05263157894736842
scene_2,item_5426,0.05263157894736842
scene_2,item_8234,0.05263157894736842
scene_2,item_7079,0.05263157894736842
scene_2,item_5198,0.05263157894736842
scene_2,item_9326,0.05263157894736842
scene_2,item_9461,0.05263157894736842
scene_2,item_5471,0.05263157894736842
scene_2,item_4088,0.05263157894736842
scene_2,item_7826,0.05263157894736842
scene_2,item_9830,0.05263157894736842
scene_2,item_2864,0.05263157894736842
scene_2,item_9395,0.05263157894736842
scene_2,item_8141,0.05263157894736842
scene_2,item_3677,0.05263157894736842
scene_2,item_8012,0.05263157894736842
scene_2,item_872,0.05263157894736842
scene_2,item_9773,0.05263157894736842
scene_2,item_5108,0.05263157894736842
scene_2,item_7532,0.05263157894736842
scene_2,item_1502,0.05263157894736842
scene_2,item_3032,0.05263157894736842
scene_2,item_4817,0.05263157894736842
scene_2,item_6164,0.05263157894736842
scene_2,item_3467,0.05263157894736842
scene_2,item_470,0.05263157894736842
scene_2,item_7253,0.05263157894736842
scene_2,item_9956,0.05263157894736842
scene_2,item_260,0.05263157894736842
scene_2,item_269,0.05263157894736842
scene_2,item_1433,0.05263157894736842
scene_2,item_6617,0.05263157894736842
scene_2,item_7208,0.05263157894736842
scene_2,item_5042,0.05263157894736842
scene_2,item_3080,0.05263157894736842
scene_2,item_8594,0.05263157894736842
scene_2,item_2912,0.05263157894736842
scene_2,item_3137,0.05263157894736842
scene_2,item_8984,0.05263157894736842
scene_2,item_8798,0.05263157894736842
scene_2,item_2063,0.05263157894736842
scene_2,item_6488,0.05263157894736842
scene_2,item_9944,0.05263157894736842
scene_2,item_7205,0.05263157894736842
scene_2,item_6557,0.05263157894736842
scene_2,item_5453,0.05263157894736842
scene_2,item_7403,0.05263157894736842
scene_2,item_3935,0.05263157894736842
scene_2,item_5771,0.05263157894736842
scene_2,item_7883,0.05263157894736842
scene_2,item_3701,0.05263157894736842
scene_2,item_6539,0.05263157894736842
scene_2,item_5708,0.05263157894736842
scene_2,item_7547,0.05263157894736842
scene_2,item_7859,0.05263157894736842
scene_2,item_5207,0.05263157894736842
scene_2,item_4160,0.05263157894736842
scene_2,item_8279,0.05263157894736842
scene_2,item_7085,0.05263157894736842
scene_2,item_6644,0.05263157894736842
scene_2,item_4358,0.05263157894736842
scene_2,item_1229,0.05263157894736842
scene_2,item_410,0.05263157894736842
scene_2,item_1946,0.05263157894736842
scene_2,item_677,0.05263157894736842
scene_2,item_5033,0.05263157894736842
scene_2,item_1223,0.05263157894736842
scene_2,item_7421,0.05263157894736842
scene_2,item_4118,0.05263157894736842
scene_2,item_4685,0.05263157894736842
scene_2,item_1916,0.05263157894736842
scene_2,item_9329,0.05263157894736842
scene_2,item_3662,0.05263157894736842
scene_2,item_5987,0.05263157894736842
scene_2,item_2042,0.05263157894736842
scene_2,item_869,0.05263157894736842
scene_2,item_1001,0.05263157894736842
scene_2,item_2159,0.05263157894736842
scene_2,item_7412,0.05263157894736842
scene_2,item_1862,0.05263157894736842
scene_2,item_6746,0.05263157894736842
scene_2,item_4346,0.05263157894736842
scene_2,item_5507,0.05263157894736842
scene_2,item_8486,0.05263157894736842
scene_2,item_3776,0.05263157894736842
scene_2,item_8978,0.05263157894736842
scene_2,item_302,0.05263157894736842
scene_2,item_920,0.05263157894736842
scene_2,item_9323,0.05263157894736842
scene_2,item_7796,0.05263157894736842
scene_2,item_4130,0.05263157894736842
scene_2,item_5903,0.05263157894736842
scene_2,item_2717,0.05263157894736842
scene_2,item_8417,0.05263157894736842
scene_2,item_7229,0.05263157894736842
scene_2,item_9050,0.05263157894736842
scene_2,item_1949,0.05263157894736842
scene_2,item_8258,0.05263157894736842
scene_2,item_9875,0.05263157894736842
scene_2,item_8126,0.05263157894736842
scene_2,item_5732,0.05263157894736842
scene_2,item_5687,0.05263157894736842
scene_2,item_5654,0.05263157894736842
scene_2,item_9422,0.05263157894736842
scene_2,item_458,0.05263157894736842
scene_2,item_5690,0.05263157894736842
scene_2,item_521,0.05263157894736842
scene_2,item_6386,0.05263157894736842
scene_2,item_1883,0.05263157894736842
scene_2,item_1556,0.05263157894736842
scene_2,item_9926,0.05263157894736842
scene_2,item_9236,0.05263157894736842
scene_2,item_6458,0.05263157894736842
scene_2,item_3164,0.05263157894736842
scene_2,item_9284,0.05263157894736842
scene_2,item_9857,0.05263157894736842
scene_2,item_6014,0.05263157894736842
scene_2,item_4337,0.05263157894736842
scene_2,item_8936,0.05263157894736842
scene_2,item_1346,0.05263157894736842
scene_2,item_8654,0.05263157894736842
scene_2,item_7721,0.05263157894736842
scene_2,item_3959,0.05263157894736842
scene_2,item_3506,0.05263157894736842
