scene,left_item,right_item,score
scene_0,item_7197,item_5451,0.2360380423273507
scene_0,item_7197,item_3933,0.17842798855677358
scene_0,item_7197,item_4200,0.17842798855677358
scene_0,item_7197,item_7365,0.1573586948849005
scene_0,item_7197,item_1128,0.1492835656403319
scene_0,item_7197,item_5094,0.13627662727668824
scene_0,item_7197,item_5331,0.11801902116367535
scene_0,item_7197,item_660,0.11449526825643284
scene_0,item_7197,item_6942,0.09636212726457788
scene_0,item_7197,item_5979,0.08921399427838679
scene_0,item_7197,item_5049,0.08345205017383352
scene_0,item_7197,item_3885,0.08345205017383352
scene_0,item_660,item_5451,0.16192076119579304
scene_0,item_660,item_3021,0.15610473950771406
scene_0,item_660,item_483,0.15610473950771406
scene_0,item_660,item_3933,0.12240059034924171
scene_0,item_660,item_4200,0.12240059034924171
scene_0,item_660,item_7197,0.11449526825643284
scene_0,item_660,item_7365,0.1079471741305287
scene_0,item_660,item_1128,0.10240768116938306
scene_0,item_660,item_5094,0.09348499506378022
scene_0,item_660,item_5331,0.08096038059789652
scene_0,item_660,item_6942,0.06610387394878993
scene_0,item_660,item_5979,0.061200295174620854
scene_0,item_660,item_5049,0.05724763412821642
scene_0,item_660,item_3885,0.05724763412821642
scene_0,item_1128,item_7944,0.32259641822295604
scene_0,item_1128,item_5451,0.21111884316797155
scene_0,item_1128,item_3933,0.15959084460060013
scene_0,item_1128,item_4200,0.15959084460060013
scene_0,item_1128,item_7197,0.1492835656403319
scene_0,item_1128,item_7365,0.14074589544531438
scene_0,item_1128,item_5094,0.12188952093403076
scene_0,item_1128,item_5331,0.10555942158398578
scene_0,item_1128,item_660,0.10240768116938306
scene_0,item_1128,item_6942,0.08618890680803279
scene_0,item_1128,item_5979,0.07979542230030007
scene_0,item_1128,item_5049,0.07464178282016595
scene_0,item_1128,item_3885,0.07464178282016595
scene_0,item_3933,item_5451,0.25233528132394056
scene_0,item_3933,item_4200,0.1907475432544766
scene_0,item_3933,item_7197,0.17842798855677358
scene_0,item_3933,item_7365,0.16822352088262707
scene_0,item_3933,item_1128,0.15959084460060013
scene_0,item_3933,item_5094,0.14568584259841705
scene_0,item_3933,item_5331,0.12616764066197028
scene_0,item_3933,item_660,0.12240059034924171
scene_0,item_3933,item_6942,0.10301544722421668
scene_0,item_3933,item_6411,0.09541899790623994
scene_0,item_3933,item_5979,0.0953737716272383
scene_0,item_3933,item_5049,0.08921399427838679
scene_0,item_3933,item_3885,0.08921399427838679
scene_0,item_5049,item_828,0.13138171562999032
scene_0,item_5049,item_5451,0.11801902116367535
scene_0,item_5049,item_8439,0.08925629958861248
scene_0,item_5049,item_3933,0.08921399427838679
scene_0,item_5049,item_4200,0.08921399427838679
scene_0,item_5049,item_7197,0.08345205017383352
scene_0,item_5049,item_7365,0.07867934744245025
scene_0,item_5049,item_1128,0.07464178282016595
scene_0,item_5049,item_5094,0.06813831363834412
scene_0,item_5049,item_5331,0.059009510581837676
scene_0,item_5049,item_660,0.05724763412821642
scene_0,item_5049,item_6942,0.04818106363228894
scene_0,item_5049,item_5979,0.044606997139193395
scene_0,item_5049,item_3885,0.04172602508691676
scene_0,item_3885,item_5478,0.19648335830400424
scene_0,item_3885,item_8988,0.14392145858854952
scene_0,item_3885,item_4302,0.14392145858854952
scene_0,item_3885,item_7332,0.12682946241971887
scene_0,item_3885,item_5451,0.11801902116367535
scene_0,item_3885,item_3933,0.08921399427838679
scene_0,item_3885,item_4200,0.08921399427838679
scene_0,item_3885,item_7197,0.08345205017383352
scene_0,item_3885,item_7365,0.07867934744245025
scene_0,item_3885,item_1128,0.07464178282016595
scene_0,item_3885,item_5094,0.06813831363834412
scene_0,item_3885,item_5331,0.059009510581837676
scene_0,item_3885,item_660,0.05724763412821642
scene_0,item_3885,item_6942,0.04818106363228894
scene_0,item_3885,item_5979,0.044606997139193395
scene_0,item_3885,item_5049,0.04172602508691676
scene_0,item_4200,item_5451,0.25233528132394056
scene_0,item_4200,item_3933,0.1907475432544766
scene_0,item_4200,item_7197,0.17842798855677358
scene_0,item_4200,item_3042,0.17201904480216956
scene_0,item_4200,item_7365,0.16822352088262707
scene_0,item_4200,item_1128,0.15959084460060013
scene_0,item_4200,item_5094,0.14568584259841705
scene_0,item_4200,item_5331,0.12616764066197028
scene_0,item_4200,item_660,0.12240059034924171
scene_0,item_4200,item_6156,0.1037313869825694
scene_0,item_4200,item_6942,0.10301544722421668
scene_0,item_4200,item_5979,0.0953737716272383
scene_0,item_4200,item_5049,0.08921399427838679
scene_0,item_4200,item_3885,0.08921399427838679
scene_0,item_5094,item_5451,0.19272425452915576
scene_0,item_5094,item_3933,0.14568584259841705
scene_0,item_5094,item_4200,0.14568584259841705
scene_0,item_5094,item_7197,0.13627662727668824
scene_0,item_5094,item_7365,0.1284828363527705
scene_0,item_5094,item_1128,0.12188952093403076
scene_0,item_5094,item_5331,0.09636212726457788
scene_0,item_5094,item_660,0.09348499506378022
scene_0,item_5094,item_6942,0.07867934744245025
scene_0,item_5094,item_5979,0.07284292129920852
scene_0,item_5094,item_5049,0.06813831363834412
scene_0,item_5094,item_3885,0.06813831363834412
scene_0,item_5331,item_6267,0.2174944607970515
scene_0,item_5331,item_5451,0.16690410034766703
scene_0,item_5331,item_3933,0.12616764066197028
scene_0,item_5331,item_4200,0.12616764066197028
scene_0,item_5331,item_7197,0.11801902116367535
scene_0,item_5331,item_7365,0.11126940023177802
scene_0,item_5331,item_1128,0.10555942158398578
scene_0,item_5331,item_5094,0.09636212726457788
scene_0,item_5331,item_660,0.08096038059789652
scene_0,item_5331,item_6942,0.06813831363834412
scene_0,item_5331,item_5979,0.06308382033098514
scene_0,item_5331,item_5049,0.059009510581837676
scene_0,item_5331,item_3885,0.059009510581837676
scene_0,item_5451,item_3933,0.25233528132394056
scene_0,item_5451,item_4200,0.25233528132394056
scene_0,item_5451,item_7197,0.2360380423273507
scene_0,item_5451,item_7365,0.22253880046355604
scene_0,item_5451,item_1128,0.21111884316797155
scene_0,item_5451,item_5094,0.19272425452915576
scene_0,item_5451,item_5331,0.16690410034766703
scene_0,item_5451,item_660,0.16192076119579304
scene_0,item_5451,item_6942,0.13627662727668824
scene_0,item_5451,item_5979,0.12616764066197028
scene_0,item_5451,item_5049,0.11801902116367535
scene_0,item_5451,item_3885,0.11801902116367535
scene_0,item_5979,item_1227,0.19278823416444013
scene_0,item_5979,item_9672,0.13632186771065563
scene_0,item_5979,item_5451,0.12616764066197028
scene_0,item_5979,item_3933,0.0953737716272383
scene_0,item_5979,item_4200,0.0953737716272383
scene_0,item_5979,item_7197,0.08921399427838679
scene_0,item_5979,item_7365,0.08411176044131354
scene_0,item_5979,item_1128,0.07979542230030007
scene_0,item_5979,item_5094,0.07284292129920852
scene_0,item_5979,item_5331,0.06308382033098514
scene_0,item_5979,item_660,0.061200295174620854
scene_0,item_5979,item_6942,0.05150772361210834
scene_0,item_5979,item_5049,0.044606997139193395
scene_0,item_5979,item_3885,0.044606997139193395
scene_0,item_6942,item_4173,0.5889777841036123
scene_0,item_6942,item_7656,0.17002324109946493
scene_0,item_6942,item_612,0.17002324109946493
scene_0,item_6942,item_5451,0.13627662727668824
scene_0,item_6942,item_3933,0.10301544722421668
scene_0,item_6942,item_4200,0.10301544722421668
scene_0,item_6942,item_7197,0.09636212726457788
scene_0,item_6942,item_7365,0.09085108485112547
scene_0,item_6942,item_1128,0.08618890680803279
scene_0,item_6942,item_5094,0.07867934744245025
scene_0,item_6942,item_5331,0.06813831363834412
scene_0,item_6942,item_660,0.06610387394878993
scene_0,item_6942,item_5979,0.05150772361210834
scene_0,item_6942,item_5049,0.04818106363228894
scene_0,item_6942,item_3885,0.04818106363228894
scene_0,item_7365,item_5451,0.22253880046355604
scene_0,item_7365,item_4455,0.2145454432166118
scene_0,item_7365,item_6117,0.17517562083998708
scene_0,item_7365,item_3933,0.16822352088262707
scene_0,item_7365,item_4200,0.16822352088262707
scene_0,item_7365,item_7197,0.1573586948849005
scene_0,item_7365,item_1128,0.14074589544531438
scene_0,item_7365,item_5094,0.1284828363527705
scene_0,item_7365,item_5331,0.11126940023177802
scene_0,item_7365,item_660,0.1079471741305287
scene_0,item_7365,item_6942,0.09085108485112547
scene_0,item_7365,item_5979,0.08411176044131354
scene_0,item_7365,item_5049,0.07867934744245025
scene_0,item_7365,item_3885,0.07867934744245025
scene_0,item_3858,item_8913,0.12872726592996706
scene_0,item_4167,item_5241,0.4164701851078906
scene_0,item_4167,item_9801,0.2944888920518062
scene_0,item_9603,item_774,0.40707135730488897
scene_0,item_2904,item_9735,0.45511961331341866
scene_0,item_2904,item_1470,0.26276343125998064
scene_0,item_2904,item_2121,0.18580180409177757
scene_0,item_9735,item_2904,0.45511961331341866
scene_0,item_828,item_6606,0.4164701851078906
scene_0,item_828,item_5049,0.13138171562999032
scene_0,item_4617,item_5364,0.6436363296498353
scene_0,item_5364,item_4617,0.6436363296498353
scene_0,item_7032,item_579,0.23502275771936396
scene_0,item_3693,item_4089,0.5307519257711045
scene_0,item_3693,item_8727,0.45964465082528916
scene_0,item_3693,item_1281,0.20353567865244448
scene_0,item_3693,item_153,0.14535240109207073
scene_0,item_6093,item_840,0.15170653777113954
scene_0,item_1074,item_1848,0.24327166614569326
scene_0,item_1074,item_4656,0.10879439650028087
scene_0,item_1074,item_4245,0.10879439650028087
scene_0,item_1074,item_4608,0.09194804709283362
scene_0,item_1074,item_5337,0.08109055538189774
scene_0,item_4608,item_753,0.5452874708426225
scene_0,item_4608,item_7359,0.3440380896043391
scene_0,item_4608,item_5619,0.14045296193542475
scene_0,item_4608,item_1074,0.09194804709283362
scene_0,item_8655,item_8166,0.34004648219892986
scene_0,item_8655,item_1065,0.2633988724985744
scene_0,item_6264,item_8247,0.18580180409177757
scene_0,item_6264,item_8133,0.07922615546506354
scene_0,item_840,item_6093,0.15170653777113954
scene_0,item_840,item_9777,0.11751137885968198
scene_0,item_840,item_2004,0.0993152418222749
scene_0,item_5745,item_6723,0.18580180409177757
scene_0,item_5745,item_8613,0.18580180409177757
scene_0,item_6765,item_9117,0.4164701851078906
scene_0,item_6765,item_4923,0.2404491734814939
scene_0,item_6765,item_8688,0.23502275771936396
scene_0,item_3165,item_3,0.1963259280345374
scene_0,item_972,item_4080,0.3034130755422791
scene_0,item_9738,item_132,0.45622022982388755
scene_0,item_3525,item_1851,0.45622022982388755
scene_0,item_3525,item_7569,0.16618618571652527
scene_0,item_3525,item_2046,0.14392145858854952
scene_0,item_3525,item_6156,0.13755557491777667
scene_0,item_3525,item_8697,0.1265327255026148
scene_0,item_8829,item_8724,0.32181816482491765
scene_0,item_8829,item_3324,0.25365892483943775
scene_0,item_8829,item_3354,0.21967507280760062
scene_0,item_5838,item_8919,0.1538585110408932
scene_0,item_8133,item_6264,0.07922615546506354
scene_0,item_1992,item_8280,0.36067376022224085
scene_0,item_1992,item_4389,0.2082350925539453
scene_0,item_4389,item_4125,0.37160360818355515
scene_0,item_4389,item_1992,0.2082350925539453
scene_0,item_4389,item_8280,0.2082350925539453
scene_0,item_8280,item_5088,0.6436363296498353
scene_0,item_8280,item_1992,0.36067376022224085
scene_0,item_8280,item_4389,0.2082350925539453
scene_0,item_7920,item_4437,0.23101609340130438
scene_0,item_7920,item_87,0.17851259917722495
scene_0,item_7920,item_8574,0.15123553353778083
scene_0,item_8574,item_4044,0.19278823416444013
scene_0,item_8574,item_7920,0.15123553353778083
scene_0,item_4320,item_306,0.38557646832888026
scene_0,item_861,item_6405,0.3157150469493277
scene_0,item_861,item_4575,0.28784291717709903
scene_0,item_861,item_9363,0.24959465998671754
scene_0,item_861,item_7749,0.19648335830400424
scene_0,item_861,item_1551,0.14392145858854952
scene_0,item_861,item_7674,0.13893471504706753
scene_0,item_1551,item_861,0.14392145858854952
scene_0,item_3474,item_8646,0.37160360818355515
scene_0,item_5298,item_1023,0.37160360818355515
scene_0,item_2403,item_5163,0.45511961331341866
scene_0,item_5163,item_2403,0.45511961331341866
scene_0,item_5163,item_8616,0.32181816482491765
scene_0,item_6906,item_9051,0.5255268625199613
scene_0,item_9051,item_6906,0.5255268625199613
scene_0,item_3249,item_3666,0.17201904480216956
scene_0,item_3021,item_660,0.15610473950771406
scene_0,item_4239,item_5646,0.19278823416444013
scene_0,item_9483,item_4257,0.1372237265538407
scene_0,item_1815,item_5604,0.35872789172491043
scene_0,item_1815,item_3291,0.32181816482491765
scene_0,item_1815,item_8295,0.18580180409177757
scene_0,item_1815,item_9906,0.16090908241245883
scene_0,item_1815,item_3213,0.10176783932622224
scene_0,item_9906,item_1815,0.16090908241245883
scene_0,item_4689,item_4686,0.4164701851078906
scene_0,item_4689,item_8172,0.2944888920518062
scene_0,item_8172,item_4686,0.5100697232983947
scene_0,item_8172,item_4689,0.2944888920518062
scene_0,item_8172,item_2298,0.28784291717709903
scene_0,item_4686,item_8172,0.5100697232983947
scene_0,item_4686,item_4689,0.4164701851078906
scene_0,item_7467,item_8277,0.45375887923239416
scene_0,item_7467,item_6381,0.2082350925539453
scene_0,item_7467,item_6792,0.1316994362492872
scene_0,item_6792,item_6381,0.22811011491194377
scene_0,item_6792,item_5907,0.14392145858854952
scene_0,item_6792,item_7467,0.1316994362492872
scene_0,item_6381,item_6792,0.22811011491194377
scene_0,item_6381,item_5667,0.22755980665670933
scene_0,item_6381,item_7467,0.2082350925539453
scene_0,item_2940,item_3747,0.3034130755422791
scene_0,item_2940,item_7176,0.2404491734814939
scene_0,item_2940,item_9246,0.2404491734814939
scene_0,item_2940,item_4146,0.1963259280345374
scene_0,item_2940,item_6288,0.0801497244938313
scene_0,item_4311,item_5904,0.25503486164919736
scene_0,item_4311,item_7818,0.13138171562999032
scene_0,item_4311,item_7569,0.13138171562999032
scene_0,item_2331,item_6039,0.5452874708426225
scene_0,item_2331,item_8988,0.12192998520830386
scene_0,item_2331,item_7917,0.09639411708222007
scene_0,item_8988,item_6717,0.20353567865244448
scene_0,item_8988,item_3885,0.14392145858854952
scene_0,item_8988,item_2331,0.12192998520830386
scene_0,item_8988,item_7917,0.11405505745597189
scene_0,item_1146,item_5946,0.9102392266268373
scene_0,item_5946,item_1146,0.9102392266268373
scene_0,item_8913,item_9012,0.1604279902644168
scene_0,item_8913,item_2805,0.13893471504706753
scene_0,item_8913,item_3858,0.12872726592996706
scene_0,item_8913,item_7710,0.0926231433647117
scene_0,item_516,item_1881,0.6436363296498353
scene_0,item_1698,item_4410,0.23696784619757927
scene_0,item_1698,item_6027,0.2174944607970515
scene_0,item_1698,item_3084,0.19406365517181853
scene_0,item_1698,item_5160,0.08879174180575594
scene_0,item_6027,item_5160,0.2944888920518062
scene_0,item_6027,item_1698,0.2174944607970515
scene_0,item_5160,item_6027,0.2944888920518062
scene_0,item_5160,item_7644,0.1472444460259031
scene_0,item_5160,item_1698,0.08879174180575594
scene_0,item_6477,item_8952,0.23502275771936396
scene_0,item_6477,item_7917,0.18580180409177757
scene_0,item_7917,item_2322,0.5100697232983947
scene_0,item_7917,item_2367,0.32181816482491765
scene_0,item_7917,item_6477,0.18580180409177757
scene_0,item_7917,item_8988,0.11405505745597189
scene_0,item_7917,item_2331,0.09639411708222007
scene_0,item_1974,item_4107,0.28784291717709903
scene_0,item_4107,item_1974,0.28784291717709903
scene_0,item_4107,item_8631,0.1538585110408932
scene_0,item_4107,item_4335,0.13569045243496297
scene_0,item_6684,item_4878,0.2404491734814939
scene_0,item_6684,item_4815,0.18625112890063278
scene_0,item_7230,item_4380,0.5100697232983947
scene_0,item_7230,item_3813,0.19278823416444013
scene_0,item_2556,item_7470,0.31482186807671836
scene_0,item_2556,item_7389,0.23484253110304637
scene_0,item_2556,item_5199,0.19174812370205052
scene_0,item_2556,item_8295,0.15741093403835918
scene_0,item_2556,item_9246,0.13632186771065563
scene_0,item_111,item_5085,0.26276343125998064
scene_0,item_111,item_2100,0.2404491734814939
scene_0,item_7992,item_8100,0.3034130755422791
scene_0,item_8100,item_6636,0.34004648219892986
scene_0,item_8100,item_7992,0.3034130755422791
scene_0,item_8100,item_7386,0.13569045243496297
scene_0,item_8100,item_5733,0.11467936320144637
scene_0,item_9963,item_3177,0.22755980665670933
scene_0,item_9963,item_7182,0.21967507280760062
scene_0,item_9963,item_2997,0.12682946241971887
scene_0,item_6117,item_7365,0.17517562083998708
scene_0,item_5712,item_6996,0.28853900817779266
scene_0,item_5712,item_6312,0.18204784532536747
scene_0,item_708,item_72,0.16827668543460464
scene_0,item_708,item_81,0.13739733830720516
scene_0,item_708,item_2445,0.09715458963400697
scene_0,item_6723,item_6288,0.2790553132756236
scene_0,item_6723,item_804,0.26276343125998064
scene_0,item_6723,item_5745,0.18580180409177757
scene_0,item_6723,item_8439,0.0773960185158406
scene_0,item_9330,item_4905,0.45511961331341866
scene_0,item_4578,item_9252,0.24742015830457115
scene_0,item_4578,item_8190,0.21311612435317348
scene_0,item_4578,item_4851,0.21311612435317348
scene_0,item_4578,item_2154,0.12745898607466183
scene_0,item_582,item_2733,0.3440380896043391
scene_0,item_582,item_5532,0.1986304836445498
scene_0,item_7134,item_9882,0.2944888920518062
scene_0,item_7134,item_4041,0.26276343125998064
scene_0,item_7134,item_2838,0.2145454432166118
scene_0,item_7134,item_1935,0.10411754627697264
scene_0,item_9882,item_7134,0.2944888920518062
scene_0,item_9882,item_1935,0.25503486164919736
scene_0,item_1935,item_9882,0.25503486164919736
scene_0,item_1935,item_7134,0.10411754627697264
scene_0,item_2814,item_9924,0.25503486164919736
scene_0,item_2814,item_9393,0.1072727216083059
scene_0,item_6501,item_465,0.19406365517181853
scene_0,item_6501,item_7569,0.15845231093012707
scene_0,item_6501,item_1887,0.1372237265538407
scene_0,item_6501,item_6213,0.12273663228009231
scene_0,item_9162,item_7143,0.35298015324911725
scene_0,item_9162,item_564,0.32259641822295604
scene_0,item_9162,item_9336,0.2633988724985744
scene_0,item_9162,item_7833,0.2037931864969732
scene_0,item_9162,item_4746,0.17649007662455862
scene_0,item_8274,item_7950,0.4164701851078906
scene_0,item_7887,item_2610,0.24385997041660773
scene_0,item_7413,item_4704,0.22755980665670933
scene_0,item_2409,item_9369,0.5100697232983947
scene_0,item_2409,item_8859,0.32181816482491765
scene_0,item_2409,item_7041,0.25503486164919736
scene_0,item_2409,item_5718,0.18033688011112042
scene_0,item_2409,item_9351,0.13138171562999032
scene_0,item_2409,item_1434,0.12751743082459868
scene_0,item_7053,item_4557,0.1565616874020309
scene_0,item_7053,item_7791,0.15207340994129584
scene_0,item_7053,item_8037,0.07828084370101546
scene_0,item_5337,item_3813,0.11467936320144637
scene_0,item_5337,item_3333,0.1072727216083059
scene_0,item_5337,item_1074,0.08109055538189774
scene_0,item_5337,item_7644,0.07585326888556977
scene_0,item_7644,item_3918,0.31066746727980593
scene_0,item_7644,item_5160,0.1472444460259031
scene_0,item_7644,item_9573,0.11377990332835466
scene_0,item_7644,item_7098,0.11377990332835466
scene_0,item_7644,item_2955,0.10355582242660198
scene_0,item_7644,item_1860,0.10176783932622224
scene_0,item_7644,item_6972,0.09290090204588879
scene_0,item_7644,item_5337,0.07585326888556977
scene_0,item_4041,item_7134,0.26276343125998064
scene_0,item_8259,item_3978,0.32181816482491765
scene_0,item_9870,item_3825,0.17243503874153418
scene_0,item_9870,item_3843,0.1030496457777831
scene_0,item_9870,item_7635,0.09955541603514831
scene_0,item_543,item_3243,0.4164701851078906
scene_0,item_2454,item_462,0.2145454432166118
scene_0,item_390,item_1302,0.28784291717709903
scene_0,item_390,item_8796,0.18625112890063278
scene_0,item_390,item_3957,0.16618618571652527
scene_0,item_1272,item_1905,0.25245493881090375
scene_0,item_1272,item_3702,0.14146788780108396
scene_0,item_1272,item_8640,0.09541899790623994
scene_0,item_1272,item_9555,0.08947214824491491
scene_0,item_1272,item_4257,0.07611802804617263
scene_0,item_4257,item_9561,0.562018594656616
scene_0,item_4257,item_9483,0.1372237265538407
scene_0,item_4257,item_1272,0.07611802804617263
scene_0,item_2121,item_2904,0.18580180409177757
scene_0,item_8532,item_4401,0.43935014561520125
scene_0,item_8532,item_6510,0.31066746727980593
scene_0,item_8532,item_69,0.31066746727980593
scene_0,item_8061,item_8589,0.7213475204444817
scene_0,item_8589,item_8061,0.7213475204444817
scene_0,item_9573,item_7644,0.11377990332835466
scene_0,item_3675,item_579,0.40707135730488897
scene_0,item_579,item_3675,0.40707135730488897
scene_0,item_579,item_3870,0.2633988724985744
scene_0,item_579,item_7032,0.23502275771936396
scene_0,item_7791,item_6006,0.16618618571652527
scene_0,item_7791,item_7053,0.15207340994129584
scene_0,item_8034,item_6492,0.23484253110304637
scene_0,item_8034,item_2004,0.13003417523240532
scene_0,item_8034,item_8856,0.12127216159243946
scene_0,item_2004,item_969,0.38557646832888026
scene_0,item_2004,item_6270,0.31482186807671836
scene_0,item_2004,item_8127,0.1986304836445498
scene_0,item_2004,item_1035,0.1538585110408932
scene_0,item_2004,item_8034,0.13003417523240532
scene_0,item_2004,item_840,0.0993152418222749
scene_0,item_4356,item_5721,0.5100697232983947
scene_0,item_264,item_9984,0.37160360818355515
scene_0,item_264,item_5880,0.2944888920518062
scene_0,item_5880,item_264,0.2944888920518062
scene_0,item_2910,item_750,0.32181816482491765
scene_0,item_2910,item_3333,0.16090908241245883
scene_0,item_1293,item_4410,0.16618618571652527
scene_0,item_7635,item_84,0.37250225780126556
scene_0,item_7635,item_9867,0.23502275771936396
scene_0,item_7635,item_8448,0.21506427881530404
scene_0,item_7635,item_6162,0.13569045243496297
scene_0,item_7635,item_9870,0.09955541603514831
scene_0,item_6717,item_8988,0.20353567865244448
scene_0,item_4329,item_3666,0.21004954542180815
scene_0,item_4329,item_63,0.19648335830400424
scene_0,item_6972,item_8139,0.26276343125998064
scene_0,item_6972,item_8919,0.14045296193542475
scene_0,item_6972,item_7644,0.09290090204588879
scene_0,item_6912,item_2853,0.40707135730488897
scene_0,item_6912,item_4020,0.37250225780126556
scene_0,item_6912,item_3906,0.20353567865244448
scene_0,item_6912,item_9243,0.18204784532536747
scene_0,item_7434,item_8775,0.26276343125998064
scene_0,item_4878,item_4902,0.26276343125998064
scene_0,item_4878,item_6684,0.2404491734814939
scene_0,item_3459,item_1080,0.33512314193895826
scene_0,item_3459,item_5124,0.2800293312921191
scene_0,item_3459,item_7206,0.2174944607970515
scene_0,item_3459,item_615,0.07249815359901716
scene_0,item_5334,item_9081,0.6213349345596119
scene_0,item_5334,item_4206,0.43935014561520125
scene_0,item_5334,item_5124,0.12622746940545188
scene_0,item_6012,item_5802,0.32181816482491765
scene_0,item_5082,item_6675,0.28784291717709903
scene_0,item_5082,item_219,0.28784291717709903
scene_0,item_1911,item_504,0.45511961331341866
scene_0,item_4335,item_4107,0.13569045243496297
scene_0,item_4335,item_6882,0.10753213940765202
scene_0,item_4335,item_5907,0.08501162054973246
scene_0,item_9351,item_7125,0.37160360818355515
scene_0,item_9351,item_2409,0.13138171562999032
scene_0,item_2952,item_7002,0.1538585110408932
scene_0,item_1281,item_8505,0.26276343125998064
scene_0,item_1281,item_3693,0.20353567865244448
scene_0,item_8505,item_3102,0.5889777841036123
scene_0,item_8505,item_1281,0.26276343125998064
scene_0,item_9672,item_1227,0.25503486164919736
scene_0,item_9672,item_2028,0.22755980665670933
scene_0,item_9672,item_5979,0.13632186771065563
scene_0,item_1227,item_9672,0.25503486164919736
scene_0,item_1227,item_5979,0.19278823416444013
scene_0,item_6213,item_9372,0.28784291717709903
scene_0,item_6213,item_6501,0.12273663228009231
scene_0,item_1725,item_9498,0.23502275771936396
scene_0,item_8919,item_5271,0.5452874708426225
scene_0,item_8919,item_5838,0.1538585110408932
scene_0,item_8919,item_6972,0.14045296193542475
scene_0,item_8919,item_2841,0.12163583307284663
scene_0,item_3576,item_7716,0.26276343125998064
scene_0,item_7716,item_1953,0.4164701851078906
scene_0,item_7716,item_3576,0.26276343125998064
scene_0,item_7386,item_4923,0.23502275771936396
scene_0,item_7386,item_3666,0.1538585110408932
scene_0,item_7386,item_8100,0.13569045243496297
scene_0,item_3666,item_63,0.3321174925079536
scene_0,item_3666,item_9576,0.2711727970990338
scene_0,item_3666,item_4329,0.21004954542180815
scene_0,item_3666,item_3249,0.17201904480216956
scene_0,item_3666,item_7386,0.1538585110408932
scene_0,item_3666,item_8160,0.1538585110408932
scene_0,item_3666,item_6558,0.0830293731269884
scene_0,item_5361,item_4227,0.37160360818355515
scene_0,item_8115,item_3804,0.28784291717709903
scene_0,item_8115,item_6177,0.15207340994129584
scene_0,item_8115,item_4815,0.09102392266268373
scene_0,item_8481,item_9165,0.36067376022224085
scene_0,item_9393,item_6558,0.17002324109946493
scene_0,item_9393,item_3354,0.15170653777113954
scene_0,item_9393,item_2814,0.1072727216083059
scene_0,item_4815,item_6684,0.18625112890063278
scene_0,item_4815,item_8166,0.16618618571652527
scene_0,item_4815,item_8115,0.09102392266268373
scene_0,item_5124,item_3459,0.2800293312921191
scene_0,item_5124,item_4224,0.25245493881090375
scene_0,item_5124,item_99,0.17894429648982982
scene_0,item_5124,item_5334,0.12622746940545188
scene_0,item_2442,item_8841,0.6451928364459121
scene_0,item_3150,item_5841,0.5255268625199613
scene_0,item_5841,item_3150,0.5255268625199613
scene_0,item_3828,item_87,0.32259641822295604
scene_0,item_3828,item_9087,0.2040278893193579
scene_0,item_3828,item_7002,0.17243503874153418
scene_0,item_3828,item_2754,0.16618618571652527
scene_0,item_4410,item_3891,0.28784291717709903
scene_0,item_4410,item_1698,0.23696784619757927
scene_0,item_4410,item_5211,0.20353567865244448
scene_0,item_4410,item_3330,0.16618618571652527
scene_0,item_4410,item_1293,0.16618618571652527
scene_0,item_4410,item_8856,0.11779555682072246
scene_0,item_3330,item_4410,0.16618618571652527
scene_0,item_69,item_4401,0.43935014561520125
scene_0,item_69,item_6510,0.31066746727980593
scene_0,item_69,item_8532,0.31066746727980593
scene_0,item_9894,item_1434,0.26276343125998064
scene_0,item_5142,item_186,0.32181816482491765
scene_0,item_5142,item_8856,0.22687943961619708
scene_0,item_2829,item_5646,0.2226126777828642
scene_0,item_8418,item_7578,0.27264373542131126
scene_0,item_8418,item_9456,0.25503486164919736
scene_0,item_9456,item_8418,0.25503486164919736
scene_0,item_9456,item_7578,0.09639411708222007
scene_0,item_7578,item_8418,0.27264373542131126
scene_0,item_7578,item_9456,0.09639411708222007
scene_0,item_6036,item_9234,0.9102392266268373
scene_0,item_9234,item_6036,0.9102392266268373
scene_0,item_1347,item_3639,0.39296671660800847
scene_0,item_1347,item_5901,0.27786943009413506
scene_0,item_1347,item_4305,0.22811011491194377
scene_0,item_1347,item_3000,0.14392145858854952
scene_0,item_1347,item_1806,0.14392145858854952
scene_0,item_1347,item_9987,0.11751137885968198
scene_0,item_9165,item_7923,0.7213475204444817
scene_0,item_9165,item_8481,0.36067376022224085
scene_0,item_9165,item_51,0.18580180409177757
scene_0,item_7923,item_9165,0.7213475204444817
scene_0,item_5595,item_8793,0.45511961331341866
scene_0,item_8793,item_5595,0.45511961331341866
scene_0,item_4827,item_4833,0.37160360818355515
scene_0,item_4827,item_678,0.23502275771936396
scene_0,item_678,item_4827,0.23502275771936396
scene_0,item_678,item_4860,0.13569045243496297
scene_0,item_1872,item_4377,0.27264373542131126
scene_0,item_1872,item_132,0.12192998520830386
scene_0,item_6312,item_8703,0.32259641822295604
scene_0,item_6312,item_5712,0.18204784532536747
scene_0,item_8832,item_6198,0.32181816482491765
scene_0,item_4260,item_894,0.45511961331341866
scene_0,item_4260,item_7863,0.32181816482491765
scene_0,item_894,item_4260,0.45511961331341866
scene_0,item_5820,item_3,0.3034130755422791
scene_0,item_3,item_6756,0.34004648219892986
scene_0,item_3,item_5820,0.3034130755422791
scene_0,item_3,item_3165,0.1963259280345374
scene_0,item_3342,item_2739,0.47830385563321387
scene_0,item_2739,item_3342,0.47830385563321387
scene_0,item_9498,item_1725,0.23502275771936396
scene_0,item_8160,item_4305,0.20353567865244448
scene_0,item_8160,item_3666,0.1538585110408932
scene_0,item_5922,item_7566,0.16090908241245883
scene_0,item_5907,item_8496,0.19278823416444013
scene_0,item_5907,item_6792,0.14392145858854952
scene_0,item_5907,item_6882,0.11405505745597189
scene_0,item_5907,item_4335,0.08501162054973246
scene_0,item_7926,item_4557,0.24327166614569326
scene_0,item_4746,item_7143,0.2790553132756236
scene_0,item_4746,item_9162,0.17649007662455862
scene_0,item_4746,item_7833,0.16111266023847665
scene_0,item_1524,item_4089,0.3034130755422791
scene_0,item_1065,item_8655,0.2633988724985744
scene_0,item_1065,item_867,0.18204784532536747
scene_0,item_5322,item_1101,0.38557646832888026
scene_0,item_1101,item_5322,0.38557646832888026
scene_0,item_2040,item_4086,0.37160360818355515
scene_0,item_2040,item_9789,0.37160360818355515
scene_0,item_4086,item_2040,0.37160360818355515
scene_0,item_3729,item_5487,0.6451928364459121
scene_0,item_3729,item_5910,0.22811011491194377
scene_0,item_3729,item_645,0.18204784532536747
scene_0,item_3729,item_3843,0.10879439650028087
scene_0,item_5487,item_3729,0.6451928364459121
scene_0,item_5733,item_6087,0.1538585110408932
scene_0,item_5733,item_8100,0.11467936320144637
scene_0,item_6087,item_2415,0.28784291717709903
scene_0,item_6087,item_5733,0.1538585110408932
scene_0,item_7320,item_216,0.38557646832888026
scene_0,item_7320,item_621,0.27264373542131126
scene_0,item_7320,item_7848,0.27264373542131126
scene_0,item_7320,item_1755,0.24327166614569326
scene_0,item_7320,item_9537,0.1660587462539768
scene_0,item_7320,item_1338,0.14852745795291228
scene_0,item_7320,item_8043,0.12163583307284663
scene_0,item_621,item_4026,0.37160360818355515
scene_0,item_621,item_7320,0.27264373542131126
scene_0,item_615,item_7206,0.2404491734814939
scene_0,item_615,item_6156,0.14499630719803433
scene_0,item_615,item_3459,0.07249815359901716
scene_0,item_4455,item_7365,0.2145454432166118
scene_0,item_6558,item_9576,0.25365892483943775
scene_0,item_6558,item_2544,0.19870357971731334
scene_0,item_6558,item_336,0.19278823416444013
scene_0,item_6558,item_9393,0.17002324109946493
scene_0,item_6558,item_3138,0.1324690531448756
scene_0,item_6558,item_3666,0.0830293731269884
scene_0,item_6558,item_8640,0.0830293731269884
scene_0,item_9576,item_3666,0.2711727970990338
scene_0,item_9576,item_6558,0.25365892483943775
scene_0,item_8631,item_5652,0.3440380896043391
scene_0,item_8631,item_4107,0.1538585110408932
scene_0,item_8856,item_6492,0.3208559805288336
scene_0,item_8856,item_9378,0.2633988724985744
scene_0,item_8856,item_1215,0.2633988724985744
scene_0,item_8856,item_5142,0.22687943961619708
scene_0,item_8856,item_8340,0.1852462867294234
scene_0,item_8856,item_8034,0.12127216159243946
scene_0,item_8856,item_4410,0.11779555682072246
scene_0,item_8856,item_996,0.0802139951322084
scene_0,item_9378,item_6825,0.7213475204444817
scene_0,item_9378,item_8856,0.2633988724985744
scene_0,item_5970,item_2730,0.25503486164919736
scene_0,item_5970,item_909,0.22755980665670933
scene_0,item_5970,item_4296,0.2082350925539453
scene_0,item_5970,item_6714,0.1472444460259031
scene_0,item_8118,item_1941,0.36067376022224085
scene_0,item_8118,item_9918,0.36067376022224085
scene_0,item_1941,item_8118,0.36067376022224085
scene_0,item_1941,item_9918,0.36067376022224085
scene_0,item_9918,item_2016,0.37160360818355515
scene_0,item_9918,item_8118,0.36067376022224085
scene_0,item_9918,item_1941,0.36067376022224085
scene_0,item_4302,item_5580,0.40707135730488897
scene_0,item_4302,item_8469,0.24385997041660773
scene_0,item_4302,item_915,0.16618618571652527
scene_0,item_4302,item_3885,0.14392145858854952
scene_0,item_5085,item_111,0.26276343125998064
scene_0,item_5802,item_2787,0.7213475204444817
scene_0,item_5802,item_6012,0.32181816482491765
scene_0,item_1953,item_7716,0.4164701851078906
scene_0,item_5697,item_3126,0.5255268625199613
scene_0,item_3126,item_5697,0.5255268625199613
scene_0,item_336,item_6558,0.19278823416444013
scene_0,item_1263,item_8847,0.18033688011112042
scene_0,item_8847,item_1263,0.18033688011112042
scene_0,item_3333,item_2910,0.16090908241245883
scene_0,item_3333,item_5337,0.1072727216083059
scene_0,item_9777,item_6783,0.23502275771936396
scene_0,item_9777,item_840,0.11751137885968198
scene_0,item_1749,item_7041,0.32181816482491765
scene_0,item_9795,item_6627,0.2226126777828642
scene_0,item_7338,item_4281,0.6436363296498353
scene_0,item_4281,item_7338,0.6436363296498353
scene_0,item_2571,item_9855,0.6436363296498353
scene_0,item_9855,item_2571,0.6436363296498353
scene_0,item_6660,item_4164,0.5255268625199613
scene_0,item_4164,item_6660,0.5255268625199613
scene_0,item_7170,item_945,0.6451928364459121
scene_0,item_7170,item_9951,0.17243503874153418
scene_0,item_4656,item_9402,0.45622022982388755
scene_0,item_4656,item_1074,0.10879439650028087
scene_0,item_2109,item_9207,0.34004648219892986
scene_0,item_2646,item_7068,0.22755980665670933
scene_0,item_7014,item_5016,0.40707135730488897
scene_0,item_7014,item_8322,0.2633988724985744
scene_0,item_8322,item_7014,0.2633988724985744
scene_0,item_8322,item_3138,0.17758348361151188
scene_0,item_5211,item_3825,0.28784291717709903
scene_0,item_5211,item_4410,0.20353567865244448
scene_0,item_4683,item_2181,0.45511961331341866
scene_0,item_2181,item_4683,0.45511961331341866
scene_0,item_4323,item_1260,0.5255268625199613
scene_0,item_4323,item_2622,0.26276343125998064
scene_0,item_2622,item_4323,0.26276343125998064
scene_0,item_8469,item_4302,0.24385997041660773
scene_0,item_8469,item_8139,0.24327166614569326
scene_0,item_7269,item_7851,0.2145454432166118
scene_0,item_7269,item_909,0.2145454432166118
scene_0,item_804,item_6714,0.3034130755422791
scene_0,item_804,item_6723,0.26276343125998064
scene_0,item_6714,item_6849,0.5255268625199613
scene_0,item_6714,item_2730,0.4164701851078906
scene_0,item_6714,item_804,0.3034130755422791
scene_0,item_6714,item_5970,0.1472444460259031
scene_0,item_2718,item_2262,0.32181816482491765
scene_0,item_2262,item_2718,0.32181816482491765
scene_0,item_2262,item_1557,0.32181816482491765
scene_0,item_1110,item_1779,0.5255268625199613
scene_0,item_9420,item_8658,0.32259641822295604
scene_0,item_8658,item_1104,0.40707135730488897
scene_0,item_8658,item_9420,0.32259641822295604
scene_0,item_7620,item_9048,0.4808983469629878
scene_0,item_9048,item_7620,0.4808983469629878
scene_0,item_6996,item_5712,0.28853900817779266
scene_0,item_6996,item_192,0.20353567865244448
scene_0,item_192,item_6996,0.20353567865244448
scene_0,item_3825,item_5211,0.28784291717709903
scene_0,item_3825,item_9870,0.17243503874153418
scene_0,item_5931,item_8865,0.8336082902824052
scene_0,item_8865,item_5931,0.8336082902824052
scene_0,item_3177,item_9963,0.22755980665670933
scene_0,item_2982,item_9729,0.37160360818355515
scene_0,item_9729,item_2982,0.37160360818355515
scene_0,item_9729,item_3321,0.3034130755422791
scene_0,item_2610,item_6282,0.28784291717709903
scene_0,item_2610,item_7887,0.24385997041660773
scene_0,item_87,item_3828,0.32259641822295604
scene_0,item_87,item_7920,0.17851259917722495
scene_0,item_2925,item_8703,0.7174557834498209
scene_0,item_8703,item_2925,0.7174557834498209
scene_0,item_8703,item_6312,0.32259641822295604
scene_0,item_5667,item_846,0.2944888920518062
scene_0,item_5667,item_6381,0.22755980665670933
scene_0,item_7725,item_6177,0.3034130755422791
scene_0,item_6177,item_7725,0.3034130755422791
scene_0,item_6177,item_8115,0.15207340994129584
scene_0,item_6177,item_8784,0.12386786939451837
scene_0,item_7566,item_2997,0.18580180409177757
scene_0,item_7566,item_5922,0.16090908241245883
scene_0,item_5169,item_8766,0.32181816482491765
scene_0,item_5169,item_8331,0.26276343125998064
scene_0,item_5169,item_3486,0.26276343125998064
scene_0,item_8331,item_1116,0.4164701851078906
scene_0,item_8331,item_849,0.2944888920518062
scene_0,item_8331,item_5169,0.26276343125998064
scene_0,item_6645,item_342,0.5100697232983947
scene_0,item_6645,item_6111,0.36067376022224085
scene_0,item_342,item_6645,0.5100697232983947
scene_0,item_342,item_6111,0.25503486164919736
scene_0,item_6111,item_6645,0.36067376022224085
scene_0,item_6111,item_342,0.25503486164919736
scene_0,item_6111,item_5223,0.20353567865244448
scene_0,item_4863,item_1062,0.45622022982388755
scene_0,item_4863,item_2274,0.28784291717709903
scene_0,item_4902,item_9417,0.6436363296498353
scene_0,item_4902,item_4878,0.26276343125998064
scene_0,item_462,item_2454,0.2145454432166118
scene_0,item_462,item_3843,0.15741093403835918
scene_0,item_3213,item_5247,0.20353567865244448
scene_0,item_3213,item_1614,0.14392145858854952
scene_0,item_3213,item_1815,0.10176783932622224
scene_0,item_4002,item_3906,0.5100697232983947
scene_0,item_3906,item_4002,0.5100697232983947
scene_0,item_3906,item_6495,0.45511961331341866
scene_0,item_3906,item_6912,0.20353567865244448
scene_0,item_4026,item_621,0.37160360818355515
scene_0,item_6288,item_6723,0.2790553132756236
scene_0,item_6288,item_7176,0.2404491734814939
scene_0,item_6288,item_8439,0.15479203703168118
scene_0,item_6288,item_6993,0.15170653777113954
scene_0,item_6288,item_9303,0.15170653777113954
scene_0,item_6288,item_2940,0.0801497244938313
scene_0,item_8439,item_7833,0.23101609340130438
scene_0,item_8439,item_4158,0.20006580556856823
scene_0,item_8439,item_4407,0.20006580556856823
scene_0,item_8439,item_1080,0.17894429648982982
scene_0,item_8439,item_6288,0.15479203703168118
scene_0,item_8439,item_5049,0.08925629958861248
scene_0,item_8439,item_6723,0.0773960185158406
scene_0,item_8037,item_6687,0.21004954542180815
scene_0,item_8037,item_4557,0.17752426701703197
scene_0,item_8037,item_8502,0.1355863985495169
scene_0,item_8037,item_7053,0.07828084370101546
scene_0,item_4557,item_5256,0.3440380896043391
scene_0,item_4557,item_7926,0.24327166614569326
scene_0,item_4557,item_8037,0.17752426701703197
scene_0,item_4557,item_7053,0.1565616874020309
scene_0,item_7482,item_4146,0.37160360818355515
scene_0,item_4146,item_7482,0.37160360818355515
scene_0,item_4146,item_3924,0.34004648219892986
scene_0,item_4146,item_2940,0.1963259280345374
scene_0,item_4347,item_7710,0.17517562083998708
scene_0,item_693,item_6798,0.26276343125998064
scene_0,item_693,item_1113,0.18580180409177757
scene_0,item_8181,item_1980,0.32259641822295604
scene_0,item_4467,item_8277,0.37250225780126556
scene_0,item_5631,item_6624,0.9102392266268373
scene_0,item_6624,item_5631,0.9102392266268373
scene_0,item_2946,item_573,0.4164701851078906
scene_0,item_2346,item_1332,0.6436363296498353
scene_0,item_1332,item_2346,0.6436363296498353
scene_0,item_9357,item_1503,0.40707135730488897
scene_0,item_9357,item_3813,0.1538585110408932
scene_0,item_6567,item_6438,0.5255268625199613
scene_0,item_6438,item_6567,0.5255268625199613
scene_0,item_6675,item_5082,0.28784291717709903
scene_0,item_942,item_8979,0.32181816482491765
scene_0,item_942,item_5910,0.18033688011112042
scene_0,item_8979,item_942,0.32181816482491765
scene_0,item_4251,item_7713,0.32259641822295604
scene_0,item_4251,item_3861,0.18625112890063278
scene_0,item_6351,item_8553,0.26276343125998064
scene_0,item_4536,item_8976,0.36067376022224085
scene_0,item_537,item_1407,0.27264373542131126
scene_0,item_537,item_2754,0.26276343125998064
scene_0,item_2754,item_537,0.26276343125998064
scene_0,item_2754,item_3828,0.16618618571652527
scene_0,item_1062,item_4863,0.45622022982388755
scene_0,item_7980,item_9267,0.6436363296498353
scene_0,item_9267,item_7980,0.6436363296498353
scene_0,item_9951,item_2175,0.24327166614569326
scene_0,item_9951,item_7170,0.17243503874153418
scene_0,item_6837,item_7761,0.31482186807671836
scene_0,item_9243,item_6912,0.18204784532536747
scene_0,item_5409,item_1476,0.6451928364459121
scene_0,item_5409,item_2025,0.20353567865244448
scene_0,item_2862,item_555,0.27264373542131126
scene_0,item_2862,item_4665,0.19278823416444013
scene_0,item_2862,item_5604,0.14045296193542475
scene_0,item_5604,item_2394,0.37160360818355515
scene_0,item_5604,item_1815,0.35872789172491043
scene_0,item_5604,item_2751,0.15170653777113954
scene_0,item_5604,item_2862,0.14045296193542475
scene_0,item_9303,item_6288,0.15170653777113954
scene_0,item_9303,item_6267,0.1372237265538407
scene_0,item_6834,item_6129,0.28784291717709903
scene_0,item_6834,item_8697,0.11290128088734613
scene_0,item_9306,item_9696,0.28784291717709903
scene_0,item_9306,item_3294,0.22811011491194377
scene_0,item_9306,item_480,0.22811011491194377
scene_0,item_9264,item_5115,0.45622022982388755
scene_0,item_9264,item_8127,0.37250225780126556
scene_0,item_7845,item_2889,0.45511961331341866
scene_0,item_1860,item_3447,0.32259641822295604
scene_0,item_1860,item_9,0.23502275771936396
scene_0,item_1860,item_7644,0.10176783932622224
scene_0,item_3447,item_1860,0.32259641822295604
scene_0,item_9285,item_6876,0.6436363296498353
scene_0,item_6876,item_9285,0.6436363296498353
scene_0,item_1338,item_9537,0.5557388601882701
scene_0,item_1338,item_7320,0.14852745795291228
scene_0,item_4722,item_672,0.36067376022224085
scene_0,item_4722,item_2565,0.2082350925539453
scene_0,item_3354,item_8829,0.21967507280760062
scene_0,item_3354,item_3324,0.17936394586245522
scene_0,item_3354,item_9393,0.15170653777113954
scene_0,item_1269,item_9957,0.5255268625199613
scene_0,item_7731,item_867,0.23502275771936396
scene_0,item_3813,item_7230,0.19278823416444013
scene_0,item_3813,item_9357,0.1538585110408932
scene_0,item_3813,item_5337,0.11467936320144637
scene_0,item_3813,item_9045,0.10879439650028087
scene_0,item_5799,item_6357,0.20353567865244448
scene_0,item_1089,item_8025,0.2944888920518062
scene_0,item_1089,item_4044,0.1472444460259031
scene_0,item_8025,item_1089,0.2944888920518062
scene_0,item_8025,item_4044,0.18033688011112042
scene_0,item_4044,item_8574,0.19278823416444013
scene_0,item_4044,item_8025,0.18033688011112042
scene_0,item_4044,item_1089,0.1472444460259031
scene_0,item_2832,item_6270,0.3034130755422791
scene_0,item_6270,item_2004,0.31482186807671836
scene_0,item_6270,item_2832,0.3034130755422791
scene_0,item_8496,item_2991,0.46968506220609274
scene_0,item_8496,item_7089,0.46968506220609274
scene_0,item_8496,item_8697,0.19540079712733394
scene_0,item_8496,item_5907,0.19278823416444013
scene_0,item_5247,item_3213,0.20353567865244448
scene_0,item_7086,item_4074,0.45622022982388755
scene_0,item_7086,item_2922,0.40707135730488897
scene_0,item_6282,item_2610,0.28784291717709903
scene_0,item_2568,item_7542,0.2404491734814939
scene_0,item_2568,item_1005,0.2404491734814939
scene_0,item_756,item_4362,0.34004648219892986
scene_0,item_1917,item_8688,0.16618618571652527
scene_0,item_6162,item_7635,0.13569045243496297
scene_0,item_7710,item_8961,0.2145454432166118
scene_0,item_7710,item_4347,0.17517562083998708
scene_0,item_7710,item_1887,0.15170653777113954
scene_0,item_7710,item_9012,0.11957596390830347
scene_0,item_7710,item_2805,0.10355582242660198
scene_0,item_7710,item_8913,0.0926231433647117
scene_0,item_6411,item_8046,0.11290128088734613
scene_0,item_6411,item_3933,0.09541899790623994
scene_0,item_3216,item_2247,0.26276343125998064
scene_0,item_2055,item_1320,0.4808983469629878
scene_0,item_2055,item_1428,0.2145454432166118
scene_0,item_9045,item_561,0.28784291717709903
scene_0,item_9045,item_3813,0.10879439650028087
scene_0,item_612,item_7656,0.2404491734814939
scene_0,item_612,item_6942,0.17002324109946493
scene_0,item_5619,item_4038,0.37160360818355515
scene_0,item_5619,item_9429,0.37160360818355515
scene_0,item_5619,item_4608,0.14045296193542475
scene_0,item_1887,item_7710,0.15170653777113954
scene_0,item_1887,item_6501,0.1372237265538407
scene_0,item_4296,item_5970,0.2082350925539453
scene_0,item_5655,item_3621,0.37160360818355515
scene_0,item_5655,item_987,0.2944888920518062
scene_0,item_5655,item_1596,0.18625112890063278
scene_0,item_9768,item_306,0.5452874708426225
scene_0,item_306,item_9768,0.5452874708426225
scene_0,item_306,item_4320,0.38557646832888026
scene_0,item_9987,item_5502,0.37160360818355515
scene_0,item_9987,item_1347,0.11751137885968198
scene_0,item_9987,item_6627,0.0993152418222749
scene_0,item_1665,item_423,0.6213349345596119
scene_0,item_1665,item_7812,0.32181816482491765
scene_0,item_8961,item_7710,0.2145454432166118
scene_0,item_8640,item_5511,0.3440380896043391
scene_0,item_8640,item_3138,0.14161537463384957
scene_0,item_8640,item_1272,0.09541899790623994
scene_0,item_8640,item_6558,0.0830293731269884
scene_0,item_4860,item_1545,0.18176249028087418
scene_0,item_4860,item_678,0.13569045243496297
scene_0,item_8775,item_7434,0.26276343125998064
scene_0,item_8775,item_8046,0.20353567865244448
scene_0,item_1407,item_4548,0.5452874708426225
scene_0,item_1407,item_537,0.27264373542131126
scene_0,item_4548,item_1407,0.5452874708426225
scene_0,item_8121,item_9111,0.40707135730488897
scene_0,item_4017,item_1710,0.26276343125998064
scene_0,item_5904,item_8520,0.2944888920518062
scene_0,item_5904,item_4590,0.2944888920518062
scene_0,item_5904,item_4311,0.25503486164919736
scene_0,item_8520,item_5904,0.2944888920518062
scene_0,item_8520,item_4590,0.2404491734814939
scene_0,item_4590,item_5904,0.2944888920518062
scene_0,item_4590,item_8520,0.2404491734814939
scene_0,item_5517,item_9969,0.45622022982388755
scene_0,item_5517,item_5607,0.40707135730488897
scene_0,item_5517,item_2592,0.40707135730488897
scene_0,item_5517,item_786,0.12872726592996706
scene_0,item_5607,item_5517,0.40707135730488897
scene_0,item_7722,item_7536,0.40707135730488897
scene_0,item_132,item_9738,0.45622022982388755
scene_0,item_132,item_4377,0.32259641822295604
scene_0,item_132,item_1872,0.12192998520830386
scene_0,item_2853,item_6912,0.40707135730488897
scene_0,item_3843,item_462,0.15741093403835918
scene_0,item_3843,item_3729,0.10879439650028087
scene_0,item_3843,item_9870,0.1030496457777831
scene_0,item_9873,item_2100,0.26276343125998064
scene_0,item_3978,item_9084,0.45511961331341866
scene_0,item_3978,item_8259,0.32181816482491765
scene_0,item_3978,item_6840,0.20353567865244448
scene_0,item_5241,item_9801,0.5100697232983947
scene_0,item_5241,item_4167,0.4164701851078906
scene_0,item_9801,item_5241,0.5100697232983947
scene_0,item_9801,item_4167,0.2944888920518062
scene_0,item_3369,item_3138,0.2511409709768604
scene_0,item_2100,item_315,0.4164701851078906
scene_0,item_2100,item_9873,0.26276343125998064
scene_0,item_2100,item_111,0.2404491734814939
scene_0,item_2805,item_9012,0.17936394586245522
scene_0,item_2805,item_8913,0.13893471504706753
scene_0,item_2805,item_7710,0.10355582242660198
scene_0,item_6648,item_2460,0.45511961331341866
scene_0,item_6489,item_3138,0.19406365517181853
scene_0,item_3138,item_3369,0.2511409709768604
scene_0,item_3138,item_6489,0.19406365517181853
scene_0,item_3138,item_8322,0.17758348361151188
scene_0,item_3138,item_8640,0.14161537463384957
scene_0,item_3138,item_6558,0.1324690531448756
scene_0,item_4821,item_1005,0.4808983469629878
scene_0,item_1005,item_4821,0.4808983469629878
scene_0,item_1005,item_5997,0.3034130755422791
scene_0,item_1005,item_2568,0.2404491734814939
scene_0,item_1005,item_7542,0.2404491734814939
scene_0,item_2028,item_9672,0.22755980665670933
scene_0,item_2028,item_7068,0.22755980665670933
scene_0,item_8553,item_6351,0.26276343125998064
scene_0,item_5652,item_8631,0.3440380896043391
scene_0,item_9093,item_2640,0.5255268625199613
scene_0,item_8277,item_7467,0.45375887923239416
scene_0,item_8277,item_4467,0.37250225780126556
scene_0,item_6840,item_3978,0.20353567865244448
scene_0,item_126,item_1380,0.26276343125998064
scene_0,item_9555,item_3702,0.22811011491194377
scene_0,item_9555,item_1272,0.08947214824491491
scene_0,item_4227,item_5361,0.37160360818355515
scene_0,item_5088,item_8280,0.6436363296498353
scene_0,item_5901,item_3639,0.43935014561520125
scene_0,item_5901,item_1347,0.27786943009413506
scene_0,item_3123,item_7449,0.4164701851078906
scene_0,item_3957,item_3873,0.4164701851078906
scene_0,item_3957,item_390,0.16618618571652527
scene_0,item_9030,item_786,0.14392145858854952
scene_0,item_8046,item_8775,0.20353567865244448
scene_0,item_8046,item_6411,0.11290128088734613
scene_0,item_7848,item_2859,0.36067376022224085
scene_0,item_7848,item_7320,0.27264373542131126
scene_0,item_7848,item_5478,0.22811011491194377
scene_0,item_3738,item_210,0.37160360818355515
scene_0,item_210,item_3738,0.37160360818355515
scene_0,item_210,item_3870,0.2145454432166118
scene_0,item_4788,item_6543,0.24327166614569326
scene_0,item_5646,item_8394,0.24327166614569326
scene_0,item_5646,item_2829,0.2226126777828642
scene_0,item_5646,item_4239,0.19278823416444013
scene_0,item_8139,item_6972,0.26276343125998064
scene_0,item_8139,item_8469,0.24327166614569326
scene_0,item_7125,item_9351,0.37160360818355515
scene_0,item_6357,item_9063,0.5557388601882701
scene_0,item_6357,item_3399,0.32259641822295604
scene_0,item_6357,item_5799,0.20353567865244448
scene_0,item_6357,item_5694,0.20353567865244448
scene_0,item_6357,item_8697,0.1265327255026148
scene_0,item_3285,item_1329,0.45622022982388755
scene_0,item_4173,item_6942,0.5889777841036123
scene_0,item_8295,item_9246,0.2082350925539453
scene_0,item_8295,item_1815,0.18580180409177757
scene_0,item_8295,item_2556,0.15741093403835918
scene_0,item_6816,item_6498,0.9102392266268373
scene_0,item_6498,item_6816,0.9102392266268373
scene_0,item_507,item_951,0.26276343125998064
scene_0,item_2520,item_8883,0.5255268625199613
scene_0,item_4794,item_2808,0.40707135730488897
scene_0,item_4794,item_7950,0.28784291717709903
scene_0,item_7950,item_8274,0.4164701851078906
scene_0,item_7950,item_4794,0.28784291717709903
scene_0,item_1704,item_171,0.3034130755422791
scene_0,item_4623,item_3324,0.17517562083998708
scene_0,item_6546,item_6180,0.3440380896043391
scene_0,item_4725,item_3000,0.5100697232983947
scene_0,item_7938,item_393,0.6436363296498353
scene_0,item_2286,item_2838,0.3034130755422791
scene_0,item_2286,item_51,0.2145454432166118
scene_0,item_5478,item_279,0.40707135730488897
scene_0,item_5478,item_7332,0.3208559805288336
scene_0,item_5478,item_7848,0.22811011491194377
scene_0,item_5478,item_2859,0.22811011491194377
scene_0,item_5478,item_3885,0.19648335830400424
scene_0,item_8766,item_5169,0.32181816482491765
scene_0,item_8850,item_906,0.37160360818355515
scene_0,item_906,item_8850,0.37160360818355515
scene_0,item_8163,item_5091,0.6436363296498353
scene_0,item_5091,item_8163,0.6436363296498353
scene_0,item_1248,item_5892,0.5255268625199613
scene_0,item_5892,item_1248,0.5255268625199613
scene_0,item_219,item_5082,0.28784291717709903
scene_0,item_9246,item_7524,0.5100697232983947
scene_0,item_9246,item_2940,0.2404491734814939
scene_0,item_9246,item_8295,0.2082350925539453
scene_0,item_9246,item_2556,0.13632186771065563
scene_0,item_7524,item_9246,0.5100697232983947
scene_0,item_2247,item_3216,0.26276343125998064
scene_0,item_2445,item_72,0.3222253204769533
scene_0,item_2445,item_81,0.26309587245777316
scene_0,item_2445,item_708,0.09715458963400697
scene_0,item_7248,item_9954,0.37160360818355515
scene_0,item_8688,item_6765,0.23502275771936396
scene_0,item_8688,item_1917,0.16618618571652527
scene_0,item_7470,item_5715,0.37160360818355515
scene_0,item_7470,item_2556,0.31482186807671836
scene_0,item_2322,item_7917,0.5100697232983947
scene_0,item_1449,item_381,0.45511961331341866
scene_0,item_7002,item_9717,0.5452874708426225
scene_0,item_7002,item_3828,0.17243503874153418
scene_0,item_7002,item_2952,0.1538585110408932
scene_0,item_1434,item_9894,0.26276343125998064
scene_0,item_1434,item_5718,0.25503486164919736
scene_0,item_1434,item_2409,0.12751743082459868
scene_0,item_1950,item_8307,0.45511961331341866
scene_0,item_8307,item_1950,0.45511961331341866
scene_0,item_1113,item_693,0.18580180409177757
scene_0,item_4704,item_7413,0.22755980665670933
scene_0,item_2394,item_5604,0.37160360818355515
scene_0,item_6651,item_8376,0.45511961331341866
scene_0,item_8376,item_6651,0.45511961331341866
scene_0,item_6483,item_6084,0.5073178496788755
scene_0,item_6483,item_6141,0.37160360818355515
scene_0,item_8970,item_5676,0.45569541835852434
scene_0,item_8970,item_6081,0.39464380868665966
scene_0,item_8970,item_7128,0.39464380868665966
scene_0,item_6006,item_7791,0.16618618571652527
scene_0,item_6798,item_693,0.26276343125998064
scene_0,item_5493,item_7941,0.6436363296498353
scene_0,item_7173,item_4611,0.45511961331341866
scene_0,item_7173,item_8328,0.26276343125998064
scene_0,item_171,item_1704,0.3034130755422791
scene_0,item_18,item_3702,0.45511961331341866
scene_0,item_3084,item_1698,0.19406365517181853
scene_0,item_2841,item_8919,0.12163583307284663
scene_0,item_2544,item_5859,0.2744474531076814
scene_0,item_2544,item_6558,0.19870357971731334
scene_0,item_2544,item_153,0.13755557491777667
scene_0,item_5466,item_7839,0.45511961331341866
scene_0,item_5466,item_153,0.14392145858854952
scene_0,item_153,item_4089,0.18764914292028356
scene_0,item_153,item_8727,0.1625089247673424
scene_0,item_153,item_3693,0.14535240109207073
scene_0,item_153,item_5466,0.14392145858854952
scene_0,item_153,item_2544,0.13755557491777667
scene_0,item_153,item_567,0.12872726592996706
scene_0,item_6129,item_6834,0.28784291717709903
scene_0,item_6129,item_8796,0.26276343125998064
scene_0,item_8796,item_6129,0.26276343125998064
scene_0,item_8796,item_390,0.18625112890063278
scene_0,item_3042,item_4200,0.17201904480216956
scene_0,item_6627,item_51,0.2711727970990338
scene_0,item_6627,item_9795,0.2226126777828642
scene_0,item_6627,item_9987,0.0993152418222749
scene_0,item_6267,item_5358,0.3974071594346267
scene_0,item_6267,item_6363,0.2744474531076814
scene_0,item_6267,item_5331,0.2174944607970515
scene_0,item_6267,item_9303,0.1372237265538407
scene_0,item_5634,item_1176,0.32259641822295604
scene_0,item_5634,item_8538,0.24853397382384473
scene_0,item_5634,item_5670,0.23502275771936396
scene_0,item_5634,item_63,0.19648335830400424
scene_0,item_5532,item_582,0.1986304836445498
scene_0,item_7041,item_1749,0.32181816482491765
scene_0,item_7041,item_2409,0.25503486164919736
scene_0,item_2457,item_333,0.3034130755422791
scene_0,item_1386,item_3426,0.4164701851078906
scene_0,item_8319,item_1602,0.7213475204444817
scene_0,item_1602,item_8319,0.7213475204444817
scene_0,item_3000,item_4725,0.5100697232983947
scene_0,item_3000,item_1347,0.14392145858854952
scene_0,item_4305,item_1347,0.22811011491194377
scene_0,item_4305,item_8160,0.20353567865244448
scene_0,item_9207,item_2109,0.34004648219892986
scene_0,item_9207,item_4245,0.28784291717709903
scene_0,item_8928,item_9177,0.6436363296498353
scene_0,item_9177,item_8928,0.6436363296498353
scene_0,item_4986,item_4263,0.45511961331341866
scene_0,item_3684,item_2886,0.5100697232983947
scene_0,item_3684,item_1683,0.18033688011112042
scene_0,item_63,item_8538,0.39296671660800847
scene_0,item_63,item_3666,0.3321174925079536
scene_0,item_63,item_5634,0.19648335830400424
scene_0,item_63,item_4329,0.19648335830400424
scene_0,item_8538,item_63,0.39296671660800847
scene_0,item_8538,item_5634,0.24853397382384473
scene_0,item_7812,item_1665,0.32181816482491765
scene_0,item_9255,item_5199,0.37160360818355515
scene_0,item_5199,item_7389,0.5073178496788755
scene_0,item_5199,item_9255,0.37160360818355515
scene_0,item_5199,item_5811,0.26276343125998064
scene_0,item_5199,item_2556,0.19174812370205052
scene_0,item_4263,item_4986,0.45511961331341866
scene_0,item_3969,item_9,0.3034130755422791
scene_0,item_9,item_1230,0.4164701851078906
scene_0,item_9,item_9057,0.4164701851078906
scene_0,item_9,item_3969,0.3034130755422791
scene_0,item_9,item_1860,0.23502275771936396
scene_0,item_1869,item_2001,0.45511961331341866
scene_0,item_2001,item_1869,0.45511961331341866
scene_0,item_3924,item_4146,0.34004648219892986
scene_0,item_2154,item_3642,0.5255268625199613
scene_0,item_2154,item_4578,0.12745898607466183
scene_0,item_8784,item_2370,0.2944888920518062
scene_0,item_8784,item_6177,0.12386786939451837
scene_0,item_8784,item_807,0.1113063388914321
scene_0,item_2733,item_582,0.3440380896043391
scene_0,item_567,item_7335,0.28784291717709903
scene_0,item_567,item_153,0.12872726592996706
scene_0,item_8976,item_4536,0.36067376022224085
scene_0,item_8976,item_8619,0.20353567865244448
scene_0,item_1614,item_3213,0.14392145858854952
scene_0,item_3486,item_5169,0.26276343125998064
scene_0,item_8697,item_7344,0.25245493881090375
scene_0,item_8697,item_8496,0.19540079712733394
scene_0,item_8697,item_3525,0.1265327255026148
scene_0,item_8697,item_6357,0.1265327255026148
scene_0,item_8697,item_6834,0.11290128088734613
scene_0,item_7344,item_8697,0.25245493881090375
scene_0,item_4485,item_7533,0.26276343125998064
scene_0,item_8442,item_2298,0.28784291717709903
scene_0,item_4401,item_6510,0.43935014561520125
scene_0,item_4401,item_8532,0.43935014561520125
scene_0,item_4401,item_69,0.43935014561520125
scene_0,item_6510,item_4401,0.43935014561520125
scene_0,item_6510,item_8532,0.31066746727980593
scene_0,item_6510,item_69,0.31066746727980593
scene_0,item_1710,item_5766,0.45511961331341866
scene_0,item_1710,item_4017,0.26276343125998064
scene_0,item_5766,item_1710,0.45511961331341866
scene_0,item_1755,item_7320,0.24327166614569326
scene_0,item_6783,item_9777,0.23502275771936396
scene_0,item_6090,item_4605,0.5255268625199613
scene_0,item_7071,item_8664,0.6436363296498353
scene_0,item_8664,item_7071,0.6436363296498353
scene_0,item_480,item_3294,0.36067376022224085
scene_0,item_480,item_9306,0.22811011491194377
scene_0,item_4206,item_9081,0.43935014561520125
scene_0,item_4206,item_5334,0.43935014561520125
scene_0,item_7473,item_6936,0.32181816482491765
scene_0,item_8883,item_2520,0.5255268625199613
scene_0,item_6156,item_615,0.14499630719803433
scene_0,item_6156,item_3525,0.13755557491777667
scene_0,item_6156,item_4200,0.1037313869825694
scene_0,item_2682,item_1374,0.32181816482491765
scene_0,item_333,item_2457,0.3034130755422791
scene_0,item_1683,item_5505,0.32181816482491765
scene_0,item_1683,item_2886,0.25503486164919736
scene_0,item_1683,item_3684,0.18033688011112042
scene_0,item_3195,item_6201,0.2145454432166118
scene_0,item_8637,item_252,0.2944888920518062
scene_0,item_8637,item_7797,0.18625112890063278
scene_0,item_7797,item_7761,0.24385997041660773
scene_0,item_7797,item_252,0.22811011491194377
scene_0,item_7797,item_8637,0.18625112890063278
scene_0,item_252,item_3186,0.37160360818355515
scene_0,item_252,item_8637,0.2944888920518062
scene_0,item_252,item_7797,0.22811011491194377
scene_0,item_4500,item_3756,0.45511961331341866
scene_0,item_4500,item_7452,0.45511961331341866
scene_0,item_3642,item_2154,0.5255268625199613
scene_0,item_5997,item_7806,0.37160360818355515
scene_0,item_5997,item_1005,0.3034130755422791
scene_0,item_1491,item_6966,0.45511961331341866
scene_0,item_6966,item_1491,0.45511961331341866
scene_0,item_6966,item_5610,0.26276343125998064
scene_0,item_6606,item_828,0.4164701851078906
scene_0,item_5811,item_240,0.6436363296498353
scene_0,item_5811,item_5199,0.26276343125998064
scene_0,item_1545,item_4860,0.18176249028087418
scene_0,item_7569,item_3525,0.16618618571652527
scene_0,item_7569,item_6501,0.15845231093012707
scene_0,item_7569,item_4311,0.13138171562999032
scene_0,item_6429,item_1746,0.45622022982388755
scene_0,item_9210,item_3852,0.5100697232983947
scene_0,item_9210,item_5925,0.36067376022224085
scene_0,item_5925,item_3852,0.5100697232983947
scene_0,item_5925,item_9210,0.36067376022224085
scene_0,item_3852,item_9210,0.5100697232983947
scene_0,item_3852,item_5925,0.5100697232983947
scene_0,item_2016,item_2160,0.5255268625199613
scene_0,item_2016,item_9918,0.37160360818355515
scene_0,item_2640,item_9093,0.5255268625199613
scene_0,item_84,item_7635,0.37250225780126556
scene_0,item_5601,item_6552,0.5889777841036123
scene_0,item_6552,item_5601,0.5889777841036123
scene_0,item_7806,item_5997,0.37160360818355515
scene_0,item_2460,item_6648,0.45511961331341866
scene_0,item_9954,item_7248,0.37160360818355515
scene_0,item_9954,item_7761,0.31482186807671836
scene_0,item_7098,item_7644,0.11377990332835466
scene_0,item_8763,item_2664,0.45511961331341866
scene_0,item_2664,item_8763,0.45511961331341866
scene_0,item_7656,item_8097,0.4164701851078906
scene_0,item_7656,item_7167,0.4164701851078906
scene_0,item_7656,item_612,0.2404491734814939
scene_0,item_7656,item_6942,0.17002324109946493
scene_0,item_5382,item_3240,0.5255268625199613
scene_0,item_3240,item_5382,0.5255268625199613
scene_0,item_5616,item_7632,0.5889777841036123
scene_0,item_7632,item_5616,0.5889777841036123
scene_0,item_9087,item_1686,0.6451928364459121
scene_0,item_9087,item_3828,0.2040278893193579
scene_0,item_4677,item_6009,0.40707135730488897
scene_0,item_4362,item_756,0.34004648219892986
scene_0,item_4362,item_7140,0.2145454432166118
scene_0,item_7761,item_9954,0.31482186807671836
scene_0,item_7761,item_6837,0.31482186807671836
scene_0,item_7761,item_7797,0.24385997041660773
scene_0,item_2592,item_5517,0.40707135730488897
scene_0,item_7839,item_5466,0.45511961331341866
scene_0,item_3747,item_2940,0.3034130755422791
scene_0,item_1806,item_1347,0.14392145858854952
scene_0,item_6495,item_3906,0.45511961331341866
scene_0,item_2955,item_999,0.3034130755422791
scene_0,item_2955,item_3918,0.20711164485320396
scene_0,item_2955,item_7644,0.10355582242660198
scene_0,item_6084,item_5718,0.5100697232983947
scene_0,item_6084,item_6483,0.5073178496788755
scene_0,item_5817,item_4332,0.18580180409177757
scene_0,item_9924,item_2814,0.25503486164919736
scene_0,item_3873,item_3957,0.4164701851078906
scene_0,item_6306,item_2721,0.40707135730488897
scene_0,item_6306,item_3219,0.22811011491194377
scene_0,item_6306,item_3456,0.18625112890063278
scene_0,item_2721,item_6306,0.40707135730488897
scene_0,item_81,item_72,0.45569541835852434
scene_0,item_81,item_2445,0.26309587245777316
scene_0,item_81,item_8358,0.26276343125998064
scene_0,item_81,item_7509,0.26276343125998064
scene_0,item_81,item_708,0.13739733830720516
scene_0,item_6405,item_9363,0.35298015324911725
scene_0,item_6405,item_861,0.3157150469493277
scene_0,item_7083,item_1422,0.45511961331341866
scene_0,item_1422,item_7083,0.45511961331341866
scene_0,item_3966,item_8904,0.5255268625199613
scene_0,item_8904,item_3966,0.5255268625199613
scene_0,item_4665,item_555,0.5100697232983947
scene_0,item_4665,item_2862,0.19278823416444013
scene_0,item_555,item_4665,0.5100697232983947
scene_0,item_555,item_2862,0.27264373542131126
scene_0,item_909,item_5970,0.22755980665670933
scene_0,item_909,item_7269,0.2145454432166118
scene_0,item_6180,item_6546,0.3440380896043391
scene_0,item_2319,item_453,0.32181816482491765
scene_0,item_7335,item_567,0.28784291717709903
scene_0,item_6492,item_8856,0.3208559805288336
scene_0,item_6492,item_8034,0.23484253110304637
scene_0,item_2766,item_5145,0.40707135730488897
scene_0,item_7206,item_615,0.2404491734814939
scene_0,item_7206,item_3459,0.2174944607970515
scene_0,item_7302,item_4938,0.5255268625199613
scene_0,item_4938,item_7302,0.5255268625199613
scene_0,item_504,item_1911,0.45511961331341866
scene_0,item_4245,item_4236,0.45622022982388755
scene_0,item_4245,item_9207,0.28784291717709903
scene_0,item_4245,item_1074,0.10879439650028087
scene_0,item_1083,item_9681,0.6436363296498353
scene_0,item_5223,item_6111,0.20353567865244448
scene_0,item_591,item_1380,0.32181816482491765
scene_0,item_609,item_4695,0.9102392266268373
scene_0,item_4695,item_609,0.9102392266268373
scene_0,item_4905,item_9330,0.45511961331341866
scene_0,item_6993,item_6288,0.15170653777113954
scene_0,item_8358,item_7881,0.45511961331341866
scene_0,item_8358,item_81,0.26276343125998064
scene_0,item_564,item_9162,0.32259641822295604
scene_0,item_6882,item_5907,0.11405505745597189
scene_0,item_6882,item_4335,0.10753213940765202
scene_0,item_9081,item_5334,0.6213349345596119
scene_0,item_9081,item_4206,0.43935014561520125
scene_0,item_867,item_7731,0.23502275771936396
scene_0,item_867,item_1065,0.18204784532536747
scene_0,item_8448,item_7635,0.21506427881530404
scene_0,item_7140,item_4362,0.2145454432166118
scene_0,item_915,item_4302,0.16618618571652527
scene_0,item_5715,item_7470,0.37160360818355515
scene_0,item_1023,item_5298,0.37160360818355515
scene_0,item_2676,item_9453,0.6436363296498353
scene_0,item_2676,item_375,0.45511961331341866
scene_0,item_375,item_2676,0.45511961331341866
scene_0,item_4089,item_8727,0.5933986926065561
scene_0,item_4089,item_3693,0.5307519257711045
scene_0,item_4089,item_1524,0.3034130755422791
scene_0,item_4089,item_153,0.18764914292028356
scene_0,item_1080,item_3459,0.33512314193895826
scene_0,item_1080,item_8439,0.17894429648982982
scene_0,item_5175,item_2043,0.48128397079325036
scene_0,item_5175,item_2211,0.28784291717709903
scene_0,item_1329,item_3285,0.45622022982388755
scene_0,item_750,item_2910,0.32181816482491765
scene_0,item_453,item_2319,0.32181816482491765
scene_0,item_8127,item_9264,0.37250225780126556
scene_0,item_8127,item_2004,0.1986304836445498
scene_0,item_51,item_6627,0.2711727970990338
scene_0,item_51,item_2286,0.2145454432166118
scene_0,item_51,item_9165,0.18580180409177757
scene_0,item_2214,item_6915,0.37160360818355515
scene_0,item_5271,item_8919,0.5452874708426225
scene_0,item_5256,item_4557,0.3440380896043391
scene_0,item_9681,item_1083,0.6436363296498353
scene_0,item_3321,item_9729,0.3034130755422791
scene_0,item_4353,item_8619,0.40707135730488897
scene_0,item_8619,item_4353,0.40707135730488897
scene_0,item_8619,item_8976,0.20353567865244448
scene_0,item_3621,item_5655,0.37160360818355515
scene_0,item_2565,item_672,0.4164701851078906
scene_0,item_2565,item_3861,0.3034130755422791
scene_0,item_2565,item_4722,0.2082350925539453
scene_0,item_3861,item_7713,0.4164701851078906
scene_0,item_3861,item_2565,0.3034130755422791
scene_0,item_3861,item_4251,0.18625112890063278
scene_0,item_2025,item_5409,0.20353567865244448
scene_0,item_2838,item_2286,0.3034130755422791
scene_0,item_2838,item_7134,0.2145454432166118
scene_0,item_8067,item_2937,0.9102392266268373
scene_0,item_2937,item_8067,0.9102392266268373
scene_0,item_7068,item_2928,0.32181816482491765
scene_0,item_7068,item_2028,0.22755980665670933
scene_0,item_7068,item_2646,0.22755980665670933
scene_0,item_3870,item_579,0.2633988724985744
scene_0,item_3870,item_210,0.2145454432166118
scene_0,item_4020,item_6912,0.37250225780126556
scene_0,item_1395,item_717,0.40707135730488897
scene_0,item_717,item_1395,0.40707135730488897
scene_0,item_717,item_1986,0.40707135730488897
scene_0,item_1557,item_2262,0.32181816482491765
scene_0,item_4572,item_3273,0.6451928364459121
scene_0,item_5670,item_5634,0.23502275771936396
scene_0,item_7533,item_4485,0.26276343125998064
scene_0,item_3219,item_3456,0.2944888920518062
scene_0,item_3219,item_6306,0.22811011491194377
scene_0,item_3456,item_3219,0.2944888920518062
scene_0,item_3456,item_6306,0.18625112890063278
scene_0,item_2046,item_4653,0.32181816482491765
scene_0,item_2046,item_3525,0.14392145858854952
scene_0,item_9219,item_8328,0.37160360818355515
scene_0,item_8328,item_9219,0.37160360818355515
scene_0,item_8328,item_7173,0.26276343125998064
scene_0,item_4332,item_5817,0.18580180409177757
scene_0,item_9453,item_2676,0.6436363296498353
scene_0,item_846,item_9249,0.4808983469629878
scene_0,item_846,item_5667,0.2944888920518062
scene_0,item_1380,item_591,0.32181816482491765
scene_0,item_1380,item_126,0.26276343125998064
scene_0,item_240,item_5811,0.6436363296498353
scene_0,item_7176,item_2940,0.2404491734814939
scene_0,item_7176,item_6288,0.2404491734814939
scene_0,item_1632,item_9684,0.45511961331341866
scene_0,item_6009,item_4677,0.40707135730488897
scene_0,item_72,item_81,0.45569541835852434
scene_0,item_72,item_2445,0.3222253204769533
scene_0,item_72,item_708,0.16827668543460464
scene_0,item_3804,item_8115,0.28784291717709903
scene_0,item_6957,item_2562,0.5255268625199613
scene_0,item_5706,item_348,0.6436363296498353
scene_0,item_348,item_5706,0.6436363296498353
scene_0,item_8613,item_5745,0.18580180409177757
scene_0,item_9108,item_9270,0.26276343125998064
scene_0,item_9270,item_9108,0.26276343125998064
scene_0,item_2628,item_1932,0.5073178496788755
scene_0,item_2628,item_9027,0.25365892483943775
scene_0,item_1980,item_8181,0.32259641822295604
scene_0,item_6756,item_3,0.34004648219892986
scene_0,item_3243,item_543,0.4164701851078906
scene_0,item_6669,item_5910,0.32181816482491765
scene_0,item_5910,item_6669,0.32181816482491765
scene_0,item_5910,item_3729,0.22811011491194377
scene_0,item_5910,item_942,0.18033688011112042
scene_0,item_99,item_5124,0.17894429648982982
scene_0,item_8019,item_3909,1.0201394465967895
scene_0,item_3909,item_8019,1.0201394465967895
scene_0,item_6363,item_6267,0.2744474531076814
scene_0,item_315,item_2100,0.4164701851078906
scene_0,item_3639,item_5901,0.43935014561520125
scene_0,item_3639,item_1347,0.39296671660800847
scene_0,item_1746,item_6429,0.45622022982388755
scene_0,item_9039,item_9720,0.3034130755422791
scene_0,item_147,item_7590,0.5255268625199613
scene_0,item_4575,item_861,0.28784291717709903
scene_0,item_3324,item_8829,0.25365892483943775
scene_0,item_3324,item_3354,0.17936394586245522
scene_0,item_3324,item_4623,0.17517562083998708
scene_0,item_1926,item_207,0.9102392266268373
scene_0,item_207,item_1926,0.9102392266268373
scene_0,item_9363,item_6405,0.35298015324911725
scene_0,item_9363,item_861,0.24959465998671754
scene_0,item_4611,item_7173,0.45511961331341866
scene_0,item_423,item_1665,0.6213349345596119
scene_0,item_1413,item_3879,0.40707135730488897
scene_0,item_216,item_7320,0.38557646832888026
scene_0,item_5358,item_6267,0.3974071594346267
scene_0,item_8088,item_7212,0.562018594656616
scene_0,item_8862,item_7530,0.6436363296498353
scene_0,item_3291,item_1815,0.32181816482491765
scene_0,item_5694,item_6357,0.20353567865244448
scene_0,item_1851,item_3525,0.45622022982388755
scene_0,item_7212,item_8088,0.562018594656616
scene_0,item_645,item_3729,0.18204784532536747
scene_0,item_7833,item_4341,0.37160360818355515
scene_0,item_7833,item_7143,0.3222253204769533
scene_0,item_7833,item_8439,0.23101609340130438
scene_0,item_7833,item_9162,0.2037931864969732
scene_0,item_7833,item_4746,0.16111266023847665
scene_0,item_7575,item_7416,1.0201394465967895
scene_0,item_7416,item_7575,1.0201394465967895
scene_0,item_807,item_8562,0.5452874708426225
scene_0,item_807,item_2370,0.27264373542131126
scene_0,item_807,item_8784,0.1113063388914321
scene_0,item_9402,item_4656,0.45622022982388755
scene_0,item_4254,item_2859,0.28784291717709903
scene_0,item_7851,item_7269,0.2145454432166118
scene_0,item_9336,item_9162,0.2633988724985744
scene_0,item_7674,item_7749,0.43935014561520125
scene_0,item_7674,item_861,0.13893471504706753
scene_0,item_4674,item_6693,0.9102392266268373
scene_0,item_6693,item_4674,0.9102392266268373
scene_0,item_3294,item_1707,0.45511961331341866
scene_0,item_3294,item_480,0.36067376022224085
scene_0,item_3294,item_9306,0.22811011491194377
scene_0,item_1707,item_3294,0.45511961331341866
scene_0,item_1374,item_9042,0.7213475204444817
scene_0,item_1374,item_2682,0.32181816482491765
scene_0,item_9867,item_7635,0.23502275771936396
scene_0,item_7815,item_9669,0.31066746727980593
scene_0,item_7815,item_4290,0.31066746727980593
scene_0,item_7815,item_8355,0.21967507280760062
scene_0,item_1686,item_9087,0.6451928364459121
scene_0,item_4374,item_6603,1.0201394465967895
scene_0,item_6603,item_4374,1.0201394465967895
scene_0,item_1035,item_2004,0.1538585110408932
scene_0,item_5676,item_6081,0.6444506409539066
scene_0,item_5676,item_7128,0.6444506409539066
scene_0,item_5676,item_8970,0.45569541835852434
scene_0,item_9669,item_4290,0.6213349345596119
scene_0,item_9669,item_8355,0.43935014561520125
scene_0,item_9669,item_7815,0.31066746727980593
scene_0,item_4290,item_9669,0.6213349345596119
scene_0,item_4290,item_8355,0.43935014561520125
scene_0,item_4290,item_7815,0.31066746727980593
scene_0,item_8355,item_9669,0.43935014561520125
scene_0,item_8355,item_4290,0.43935014561520125
scene_0,item_8355,item_7815,0.21967507280760062
scene_0,item_465,item_6501,0.19406365517181853
scene_0,item_2175,item_9951,0.24327166614569326
scene_0,item_4038,item_5619,0.37160360818355515
scene_0,item_1470,item_2904,0.26276343125998064
scene_0,item_5205,item_1359,0.5255268625199613
scene_0,item_9957,item_1269,0.5255268625199613
scene_0,item_2859,item_7848,0.36067376022224085
scene_0,item_2859,item_4254,0.28784291717709903
scene_0,item_2859,item_5478,0.22811011491194377
scene_0,item_2889,item_7845,0.45511961331341866
scene_0,item_2772,item_7149,0.7213475204444817
scene_0,item_2772,item_9249,0.4164701851078906
scene_0,item_7149,item_2772,0.7213475204444817
scene_0,item_7149,item_9249,0.4164701851078906
scene_0,item_9249,item_846,0.4808983469629878
scene_0,item_9249,item_2772,0.4164701851078906
scene_0,item_9249,item_7149,0.4164701851078906
scene_0,item_552,item_9213,0.9102392266268373
scene_0,item_9213,item_552,0.9102392266268373
scene_0,item_561,item_9045,0.28784291717709903
scene_0,item_5610,item_6966,0.26276343125998064
scene_0,item_7509,item_4383,0.45511961331341866
scene_0,item_7509,item_81,0.26276343125998064
scene_0,item_1104,item_8658,0.40707135730488897
scene_0,item_6198,item_8832,0.32181816482491765
scene_0,item_7650,item_4701,0.9102392266268373
scene_0,item_4701,item_7650,0.9102392266268373
scene_0,item_5502,item_9987,0.37160360818355515
scene_0,item_2751,item_5604,0.15170653777113954
scene_0,item_1503,item_9357,0.40707135730488897
scene_0,item_9063,item_6357,0.5557388601882701
scene_0,item_7863,item_4260,0.32181816482491765
scene_0,item_3426,item_4074,0.5889777841036123
scene_0,item_3426,item_1386,0.4164701851078906
scene_0,item_4476,item_3423,0.6417119610576671
scene_0,item_3423,item_4476,0.6417119610576671
scene_0,item_3423,item_2415,0.28784291717709903
scene_0,item_3423,item_2997,0.23502275771936396
scene_0,item_5016,item_7014,0.40707135730488897
scene_0,item_2211,item_5175,0.28784291717709903
scene_0,item_7251,item_3765,0.9102392266268373
scene_0,item_3765,item_7251,0.9102392266268373
scene_0,item_786,item_8502,0.2633988724985744
scene_0,item_786,item_9030,0.14392145858854952
scene_0,item_786,item_5517,0.12872726592996706
scene_0,item_7143,item_9162,0.35298015324911725
scene_0,item_7143,item_7833,0.3222253204769533
scene_0,item_7143,item_4746,0.2790553132756236
scene_0,item_4713,item_4464,0.5255268625199613
scene_0,item_4464,item_4713,0.5255268625199613
scene_0,item_2928,item_7068,0.32181816482491765
scene_0,item_4653,item_2046,0.32181816482491765
scene_0,item_987,item_5655,0.2944888920518062
scene_0,item_987,item_1596,0.22811011491194377
scene_0,item_1446,item_5952,0.6436363296498353
scene_0,item_1446,item_9609,0.32181816482491765
scene_0,item_5952,item_1446,0.6436363296498353
scene_0,item_8043,item_7320,0.12163583307284663
scene_0,item_672,item_2565,0.4164701851078906
scene_0,item_672,item_4722,0.36067376022224085
scene_0,item_1596,item_987,0.22811011491194377
scene_0,item_1596,item_5655,0.18625112890063278
scene_0,item_4341,item_7833,0.37160360818355515
scene_0,item_9252,item_4578,0.24742015830457115
scene_0,item_1116,item_849,0.5100697232983947
scene_0,item_1116,item_8331,0.4164701851078906
scene_0,item_849,item_1116,0.5100697232983947
scene_0,item_849,item_8331,0.2944888920518062
scene_0,item_996,item_8340,0.35872789172491043
scene_0,item_996,item_8856,0.0802139951322084
scene_0,item_8340,item_9609,0.4164701851078906
scene_0,item_8340,item_996,0.35872789172491043
scene_0,item_8340,item_8856,0.1852462867294234
scene_0,item_6915,item_2214,0.37160360818355515
scene_0,item_7719,item_3786,0.7213475204444817
scene_0,item_7719,item_1428,0.5100697232983947
scene_0,item_1428,item_7719,0.5100697232983947
scene_0,item_1428,item_3786,0.5100697232983947
scene_0,item_1428,item_2055,0.2145454432166118
scene_0,item_3786,item_7719,0.7213475204444817
scene_0,item_3786,item_1428,0.5100697232983947
scene_0,item_8727,item_4089,0.5933986926065561
scene_0,item_8727,item_3693,0.45964465082528916
scene_0,item_8727,item_153,0.1625089247673424
scene_0,item_8502,item_6687,0.3208559805288336
scene_0,item_8502,item_786,0.2633988724985744
scene_0,item_8502,item_8037,0.1355863985495169
scene_0,item_7035,item_4833,0.6436363296498353
scene_0,item_4833,item_7035,0.6436363296498353
scene_0,item_4833,item_4827,0.37160360818355515
scene_0,item_2562,item_6957,0.5255268625199613
scene_0,item_2367,item_7917,0.32181816482491765
scene_0,item_9069,item_8910,0.6436363296498353
scene_0,item_8910,item_9069,0.6436363296498353
scene_0,item_6141,item_6483,0.37160360818355515
scene_0,item_7953,item_381,0.6436363296498353
scene_0,item_381,item_7953,0.6436363296498353
scene_0,item_381,item_1449,0.45511961331341866
scene_0,item_8166,item_8655,0.34004648219892986
scene_0,item_8166,item_4815,0.16618618571652527
scene_0,item_6636,item_8100,0.34004648219892986
scene_0,item_2607,item_9696,0.6436363296498353
scene_0,item_9696,item_2607,0.6436363296498353
scene_0,item_9696,item_9306,0.28784291717709903
scene_0,item_7890,item_9879,0.8329403702157812
scene_0,item_4923,item_9117,0.4164701851078906
scene_0,item_4923,item_6765,0.2404491734814939
scene_0,item_4923,item_7386,0.23502275771936396
scene_0,item_5505,item_1683,0.32181816482491765
scene_0,item_8562,item_807,0.5452874708426225
scene_0,item_999,item_2955,0.3034130755422791
scene_0,item_6042,item_7563,0.9102392266268373
scene_0,item_7563,item_6042,0.9102392266268373
scene_0,item_2043,item_5175,0.48128397079325036
scene_0,item_7713,item_3861,0.4164701851078906
scene_0,item_7713,item_4251,0.32259641822295604
scene_0,item_3132,item_3792,0.5889777841036123
scene_0,item_8724,item_8829,0.32181816482491765
scene_0,item_7881,item_8358,0.45511961331341866
scene_0,item_1359,item_5205,0.5255268625199613
scene_0,item_4224,item_5124,0.25245493881090375
scene_0,item_3756,item_4500,0.45511961331341866
scene_0,item_8394,item_5646,0.24327166614569326
scene_0,item_5412,item_1071,0.45511961331341866
scene_0,item_6687,item_8502,0.3208559805288336
scene_0,item_6687,item_8037,0.21004954542180815
scene_0,item_9084,item_3978,0.45511961331341866
scene_0,item_9879,item_7890,0.8329403702157812
scene_0,item_1173,item_4080,0.5255268625199613
scene_0,item_4080,item_1173,0.5255268625199613
scene_0,item_4080,item_972,0.3034130755422791
scene_0,item_8190,item_4851,0.31066746727980593
scene_0,item_8190,item_4578,0.21311612435317348
scene_0,item_4851,item_8190,0.31066746727980593
scene_0,item_4851,item_4578,0.21311612435317348
scene_0,item_1230,item_9057,0.7213475204444817
scene_0,item_1230,item_9,0.4164701851078906
scene_0,item_9057,item_1230,0.7213475204444817
scene_0,item_9057,item_9,0.4164701851078906
scene_0,item_9969,item_5517,0.45622022982388755
scene_0,item_8616,item_5163,0.32181816482491765
scene_0,item_951,item_507,0.26276343125998064
scene_0,item_2298,item_8442,0.28784291717709903
scene_0,item_2298,item_8172,0.28784291717709903
scene_0,item_5415,item_723,0.7213475204444817
scene_0,item_5415,item_2580,0.7213475204444817
scene_0,item_723,item_5415,0.7213475204444817
scene_0,item_723,item_2580,0.7213475204444817
scene_0,item_2580,item_5415,0.7213475204444817
scene_0,item_2580,item_723,0.7213475204444817
scene_0,item_5718,item_6084,0.5100697232983947
scene_0,item_5718,item_1434,0.25503486164919736
scene_0,item_5718,item_2409,0.18033688011112042
scene_0,item_6081,item_5676,0.6444506409539066
scene_0,item_6081,item_7128,0.5581106265512472
scene_0,item_6081,item_8970,0.39464380868665966
scene_0,item_7128,item_5676,0.6444506409539066
scene_0,item_7128,item_6081,0.5581106265512472
scene_0,item_7128,item_8970,0.39464380868665966
scene_0,item_2997,item_7182,0.35872789172491043
scene_0,item_2997,item_3423,0.23502275771936396
scene_0,item_2997,item_7566,0.18580180409177757
scene_0,item_2997,item_9963,0.12682946241971887
scene_0,item_7182,item_2997,0.35872789172491043
scene_0,item_7182,item_9963,0.21967507280760062
scene_0,item_6201,item_3195,0.2145454432166118
scene_0,item_9042,item_1374,0.7213475204444817
scene_0,item_4437,item_4638,0.5255268625199613
scene_0,item_4437,item_7920,0.23101609340130438
scene_0,item_753,item_4608,0.5452874708426225
scene_0,item_573,item_2946,0.4164701851078906
scene_0,item_8982,item_6189,0.9102392266268373
scene_0,item_6189,item_8982,0.9102392266268373
scene_0,item_7332,item_5478,0.3208559805288336
scene_0,item_7332,item_3885,0.12682946241971887
scene_0,item_5985,item_4593,0.32181816482491765
scene_0,item_3879,item_1413,0.40707135730488897
scene_0,item_6936,item_4947,0.7213475204444817
scene_0,item_6936,item_7473,0.32181816482491765
scene_0,item_8952,item_6477,0.23502275771936396
scene_0,item_7818,item_4311,0.13138171562999032
scene_0,item_9720,item_9039,0.3034130755422791
scene_0,item_6825,item_9378,0.7213475204444817
scene_0,item_9684,item_1632,0.45511961331341866
scene_0,item_1071,item_5412,0.45511961331341866
scene_0,item_4593,item_5985,0.32181816482491765
scene_0,item_9609,item_8340,0.4164701851078906
scene_0,item_9609,item_1446,0.32181816482491765
scene_0,item_5511,item_8640,0.3440380896043391
scene_0,item_3186,item_252,0.37160360818355515
scene_0,item_5721,item_4356,0.5100697232983947
scene_0,item_9429,item_5619,0.37160360818355515
scene_0,item_417,item_249,0.5255268625199613
scene_0,item_249,item_417,0.5255268625199613
scene_0,item_7389,item_5199,0.5073178496788755
scene_0,item_7389,item_2556,0.23484253110304637
scene_0,item_7449,item_3123,0.4164701851078906
scene_0,item_5859,item_2544,0.2744474531076814
scene_0,item_3522,item_8802,0.6436363296498353
scene_0,item_8802,item_3522,0.6436363296498353
scene_0,item_5115,item_9264,0.45622022982388755
scene_0,item_7542,item_2568,0.2404491734814939
scene_0,item_7542,item_1005,0.2404491734814939
scene_0,item_5145,item_2766,0.40707135730488897
scene_0,item_1905,item_1272,0.25245493881090375
scene_0,item_7590,item_147,0.5255268625199613
scene_0,item_4806,item_6318,0.9102392266268373
scene_0,item_6318,item_4806,0.9102392266268373
scene_0,item_9372,item_6213,0.28784291717709903
scene_0,item_1215,item_8856,0.2633988724985744
scene_0,item_7749,item_7674,0.43935014561520125
scene_0,item_7749,item_861,0.19648335830400424
scene_0,item_1476,item_5409,0.6451928364459121
scene_0,item_8859,item_2409,0.32181816482491765
scene_0,item_3702,item_18,0.45511961331341866
scene_0,item_3702,item_9555,0.22811011491194377
scene_0,item_3702,item_1272,0.14146788780108396
scene_0,item_186,item_5142,0.32181816482491765
scene_0,item_9027,item_8460,0.8329403702157812
scene_0,item_9027,item_1932,0.4142232897064079
scene_0,item_9027,item_2628,0.25365892483943775
scene_0,item_8460,item_9027,0.8329403702157812
scene_0,item_3891,item_4410,0.28784291717709903
scene_0,item_4977,item_2709,0.5255268625199613
scene_0,item_1176,item_5634,0.32259641822295604
scene_0,item_9369,item_2409,0.5100697232983947
scene_0,item_9537,item_1338,0.5557388601882701
scene_0,item_9537,item_7320,0.1660587462539768
scene_0,item_8841,item_2442,0.6451928364459121
scene_0,item_1848,item_1074,0.24327166614569326
scene_0,item_7536,item_7722,0.40707135730488897
scene_0,item_2730,item_6714,0.4164701851078906
scene_0,item_2730,item_5970,0.25503486164919736
scene_0,item_7944,item_1128,0.32259641822295604
scene_0,item_9012,item_5307,0.5255268625199613
scene_0,item_9012,item_5547,0.5255268625199613
scene_0,item_9012,item_2805,0.17936394586245522
scene_0,item_9012,item_8913,0.1604279902644168
scene_0,item_9012,item_7710,0.11957596390830347
scene_0,item_969,item_2004,0.38557646832888026
scene_0,item_4236,item_4245,0.45622022982388755
scene_0,item_6708,item_2436,0.9102392266268373
scene_0,item_2436,item_6708,0.9102392266268373
scene_0,item_4158,item_4407,0.7213475204444817
scene_0,item_4158,item_8439,0.20006580556856823
scene_0,item_4407,item_4158,0.7213475204444817
scene_0,item_4407,item_8439,0.20006580556856823
scene_0,item_7452,item_4500,0.45511961331341866
scene_0,item_9561,item_4257,0.562018594656616
scene_0,item_774,item_9603,0.40707135730488897
scene_0,item_2709,item_4977,0.5255268625199613
scene_0,item_1986,item_717,0.40707135730488897
scene_0,item_2160,item_2016,0.5255268625199613
scene_0,item_483,item_660,0.15610473950771406
scene_0,item_8247,item_6264,0.18580180409177757
scene_0,item_1779,item_1110,0.5255268625199613
scene_0,item_945,item_7170,0.6451928364459121
scene_0,item_2808,item_4794,0.40707135730488897
scene_0,item_9789,item_2040,0.37160360818355515
scene_0,item_9984,item_264,0.37160360818355515
scene_0,item_3399,item_6357,0.32259641822295604
scene_0,item_2787,item_5802,0.7213475204444817
scene_0,item_6543,item_4788,0.24327166614569326
scene_0,item_2922,item_7086,0.40707135730488897
scene_0,item_9111,item_8121,0.40707135730488897
scene_0,item_4383,item_7509,0.45511961331341866
scene_0,item_7530,item_8862,0.6436363296498353
scene_0,item_4638,item_4437,0.5255268625199613
scene_0,item_4074,item_3426,0.5889777841036123
scene_0,item_4074,item_7086,0.45622022982388755
scene_0,item_4947,item_6936,0.7213475204444817
scene_0,item_1881,item_516,0.6436363296498353
scene_0,item_393,item_7938,0.6436363296498353
scene_0,item_5307,item_9012,0.5255268625199613
scene_0,item_2370,item_8784,0.2944888920518062
scene_0,item_2370,item_807,0.27264373542131126
scene_0,item_8646,item_3474,0.37160360818355515
scene_0,item_279,item_5478,0.40707135730488897
scene_0,item_4125,item_4389,0.37160360818355515
scene_0,item_7359,item_4608,0.3440380896043391
scene_0,item_3792,item_3132,0.5889777841036123
scene_0,item_2991,item_7089,0.6213349345596119
scene_0,item_2991,item_8496,0.46968506220609274
scene_0,item_7089,item_2991,0.6213349345596119
scene_0,item_7089,item_8496,0.46968506220609274
scene_0,item_1302,item_390,0.28784291717709903
scene_0,item_9417,item_4902,0.6436363296498353
scene_0,item_8844,item_5913,0.9102392266268373
scene_0,item_5913,item_8844,0.9102392266268373
scene_0,item_1260,item_4323,0.5255268625199613
scene_0,item_2274,item_4863,0.28784291717709903
scene_0,item_2415,item_6087,0.28784291717709903
scene_0,item_2415,item_3423,0.28784291717709903
scene_0,item_2304,item_6459,0.9102392266268373
scene_0,item_6459,item_2304,0.9102392266268373
scene_0,item_9717,item_7002,0.5452874708426225
scene_0,item_3102,item_8505,0.5889777841036123
scene_0,item_3918,item_7644,0.31066746727980593
scene_0,item_3918,item_2955,0.20711164485320396
scene_0,item_1932,item_2628,0.5073178496788755
scene_0,item_1932,item_9027,0.4142232897064079
scene_0,item_4377,item_132,0.32259641822295604
scene_0,item_4377,item_1872,0.27264373542131126
scene_0,item_1098,item_7479,0.9102392266268373
scene_0,item_7479,item_1098,0.9102392266268373
scene_0,item_6039,item_2331,0.5452874708426225
scene_0,item_1320,item_2055,0.4808983469629878
scene_0,item_3273,item_4572,0.6451928364459121
scene_0,item_4605,item_6090,0.5255268625199613
scene_0,item_5580,item_4302,0.40707135730488897
scene_0,item_6849,item_6714,0.5255268625199613
scene_0,item_7941,item_5493,0.6436363296498353
scene_0,item_5547,item_9012,0.5255268625199613
scene_0,item_2886,item_3684,0.5100697232983947
scene_0,item_2886,item_1683,0.25503486164919736
scene_0,item_4380,item_7230,0.5100697232983947
scene_0,item_8097,item_7167,0.7213475204444817
scene_0,item_8097,item_7656,0.4164701851078906
scene_0,item_7167,item_8097,0.7213475204444817
scene_0,item_7167,item_7656,0.4164701851078906
scene_0,item_9117,item_4923,0.4164701851078906
scene_0,item_9117,item_6765,0.4164701851078906
scene_1,item_2080,item_9463,0.13569045243496297
scene_1,item_2080,item_5314,0.1325753503269824
scene_1,item_2080,item_5551,0.1316994362492872
scene_1,item_2080,item_7681,0.1240128847137742
scene_1,item_2080,item_1975,0.1240128847137742
scene_1,item_2080,item_7234,0.1240128847137742
scene_1,item_2080,item_1117,0.12054394412395444
scene_1,item_2080,item_4060,0.10753213940765202
scene_1,item_2080,item_7111,0.10575854343320955
scene_1,item_2080,item_6850,0.10125609635978089
scene_1,item_2080,item_2038,0.0662876751634912
scene_1,item_2080,item_2089,0.0662876751634912
scene_1,item_2080,item_6706,0.0662876751634912
scene_1,item_2080,item_1120,0.055460248061168727
scene_1,item_7111,item_4417,0.434988921594103
scene_1,item_7111,item_5314,0.1548146553770997
scene_1,item_7111,item_7681,0.14481584971814682
scene_1,item_7111,item_1975,0.14481584971814682
scene_1,item_7111,item_7234,0.14481584971814682
scene_1,item_7111,item_6850,0.11824164615901028
scene_1,item_7111,item_265,0.11204270355337215
scene_1,item_7111,item_2080,0.10575854343320955
scene_1,item_7111,item_2038,0.07740732768854985
scene_1,item_7111,item_2089,0.07740732768854985
scene_1,item_7111,item_6706,0.07740732768854985
scene_1,item_7111,item_1117,0.06826684623932906
scene_1,item_7111,item_1120,0.064763616837834
scene_1,item_7681,item_5602,0.22755980665670933
scene_1,item_7681,item_5314,0.1815362748580954
scene_1,item_7681,item_1975,0.1698116359475543
scene_1,item_7681,item_7234,0.1698116359475543
scene_1,item_7681,item_6322,0.16129820911147802
scene_1,item_7681,item_7111,0.14481584971814682
scene_1,item_7681,item_6850,0.13865062015292184
scene_1,item_7681,item_2080,0.1240128847137742
scene_1,item_7681,item_2038,0.0907681374290477
scene_1,item_7681,item_2089,0.0907681374290477
scene_1,item_7681,item_6706,0.0907681374290477
scene_1,item_7681,item_1117,0.08004997286859797
scene_1,item_7681,item_1120,0.07594207226983567
scene_1,item_1117,item_5551,0.17002324109946493
scene_1,item_1117,item_9880,0.15170653777113954
scene_1,item_1117,item_2080,0.12054394412395444
scene_1,item_1117,item_5314,0.08557702065566947
scene_1,item_1117,item_7681,0.08004997286859797
scene_1,item_1117,item_1975,0.08004997286859797
scene_1,item_1117,item_7234,0.08004997286859797
scene_1,item_1117,item_7111,0.06826684623932906
scene_1,item_1117,item_6850,0.06536052915056748
scene_1,item_1117,item_2038,0.04278851032783473
scene_1,item_1117,item_2089,0.04278851032783473
scene_1,item_1117,item_6706,0.04278851032783473
scene_1,item_1117,item_1120,0.03579943618623978
scene_1,item_1120,item_5581,0.2040278893193579
scene_1,item_1120,item_3049,0.20353567865244448
scene_1,item_1120,item_5314,0.08118549019295745
scene_1,item_1120,item_7681,0.07594207226983567
scene_1,item_1120,item_1975,0.07594207226983567
scene_1,item_1120,item_7234,0.07594207226983567
scene_1,item_1120,item_7111,0.064763616837834
scene_1,item_1120,item_6850,0.0620064423568871
scene_1,item_1120,item_2080,0.055460248061168727
scene_1,item_1120,item_2038,0.04059274509647873
scene_1,item_1120,item_2089,0.04059274509647873
scene_1,item_1120,item_6706,0.04059274509647873
scene_1,item_1120,item_1117,0.03579943618623978
scene_1,item_1975,item_5314,0.1815362748580954
scene_1,item_1975,item_7681,0.1698116359475543
scene_1,item_1975,item_7234,0.1698116359475543
scene_1,item_1975,item_7111,0.14481584971814682
scene_1,item_1975,item_6850,0.13865062015292184
scene_1,item_1975,item_2080,0.1240128847137742
scene_1,item_1975,item_2038,0.0907681374290477
scene_1,item_1975,item_2089,0.0907681374290477
scene_1,item_1975,item_6706,0.0907681374290477
scene_1,item_1975,item_7048,0.08925629958861248
scene_1,item_1975,item_1117,0.08004997286859797
scene_1,item_1975,item_1120,0.07594207226983567
scene_1,item_2038,item_5314,0.0970352205414596
scene_1,item_2038,item_7681,0.0907681374290477
scene_1,item_2038,item_1975,0.0907681374290477
scene_1,item_2038,item_7234,0.0907681374290477
scene_1,item_2038,item_7111,0.07740732768854985
scene_1,item_2038,item_6850,0.0741118738679954
scene_1,item_2038,item_2080,0.0662876751634912
scene_1,item_2038,item_2089,0.0485176102707298
scene_1,item_2038,item_6706,0.0485176102707298
scene_1,item_2038,item_1117,0.04278851032783473
scene_1,item_2038,item_1120,0.04059274509647873
scene_1,item_2089,item_1492,0.24385997041660773
scene_1,item_2089,item_4216,0.17201904480216956
scene_1,item_2089,item_5314,0.0970352205414596
scene_1,item_2089,item_7681,0.0907681374290477
scene_1,item_2089,item_1975,0.0907681374290477
scene_1,item_2089,item_7234,0.0907681374290477
scene_1,item_2089,item_7111,0.07740732768854985
scene_1,item_2089,item_6850,0.0741118738679954
scene_1,item_2089,item_2080,0.0662876751634912
scene_1,item_2089,item_2038,0.0485176102707298
scene_1,item_2089,item_6706,0.0485176102707298
scene_1,item_2089,item_1117,0.04278851032783473
scene_1,item_2089,item_1120,0.04059274509647873
scene_1,item_5314,item_7681,0.1815362748580954
scene_1,item_5314,item_1975,0.1815362748580954
scene_1,item_5314,item_7234,0.1815362748580954
scene_1,item_5314,item_7111,0.1548146553770997
scene_1,item_5314,item_6850,0.1482237477359908
scene_1,item_5314,item_2080,0.1325753503269824
scene_1,item_5314,item_2038,0.0970352205414596
scene_1,item_5314,item_2089,0.0970352205414596
scene_1,item_5314,item_6706,0.0970352205414596
scene_1,item_5314,item_1117,0.08557702065566947
scene_1,item_5314,item_1120,0.08118549019295745
scene_1,item_6706,item_6121,0.38557646832888026
scene_1,item_6706,item_5314,0.0970352205414596
scene_1,item_6706,item_7681,0.0907681374290477
scene_1,item_6706,item_1975,0.0907681374290477
scene_1,item_6706,item_7234,0.0907681374290477
scene_1,item_6706,item_7111,0.07740732768854985
scene_1,item_6706,item_6850,0.0741118738679954
scene_1,item_6706,item_2080,0.0662876751634912
scene_1,item_6706,item_2038,0.0485176102707298
scene_1,item_6706,item_2089,0.0485176102707298
scene_1,item_6706,item_1117,0.04278851032783473
scene_1,item_6706,item_1120,0.04059274509647873
scene_1,item_6850,item_6640,0.37160360818355515
scene_1,item_6850,item_5314,0.1482237477359908
scene_1,item_6850,item_7681,0.13865062015292184
scene_1,item_6850,item_1975,0.13865062015292184
scene_1,item_6850,item_7234,0.13865062015292184
scene_1,item_6850,item_7111,0.11824164615901028
scene_1,item_6850,item_2080,0.10125609635978089
scene_1,item_6850,item_2038,0.0741118738679954
scene_1,item_6850,item_2089,0.0741118738679954
scene_1,item_6850,item_6706,0.0741118738679954
scene_1,item_6850,item_1117,0.06536052915056748
scene_1,item_6850,item_1120,0.0620064423568871
scene_1,item_7234,item_6142,0.5073178496788755
scene_1,item_7234,item_4132,0.22755980665670933
scene_1,item_7234,item_5314,0.1815362748580954
scene_1,item_7234,item_7681,0.1698116359475543
scene_1,item_7234,item_1975,0.1698116359475543
scene_1,item_7234,item_7111,0.14481584971814682
scene_1,item_7234,item_6850,0.13865062015292184
scene_1,item_7234,item_2080,0.1240128847137742
scene_1,item_7234,item_2038,0.0907681374290477
scene_1,item_7234,item_2089,0.0907681374290477
scene_1,item_7234,item_6706,0.0907681374290477
scene_1,item_7234,item_1117,0.08004997286859797
scene_1,item_7234,item_1120,0.07594207226983567
scene_1,item_5008,item_5677,0.2404491734814939
scene_1,item_5008,item_1165,0.13138171562999032
scene_1,item_5008,item_3958,0.09290090204588879
scene_1,item_5008,item_607,0.07287746344036289
scene_1,item_2275,item_3322,0.32181816482491765
scene_1,item_2275,item_5050,0.22755980665670933
scene_1,item_4771,item_5359,0.434988921594103
scene_1,item_4771,item_4999,0.3365533708692093
scene_1,item_4771,item_5176,0.23797917077280895
scene_1,item_4771,item_8725,0.1372237265538407
scene_1,item_4771,item_4003,0.11898958538640447
scene_1,item_4771,item_5317,0.07689590405005342
scene_1,item_4771,item_9373,0.06877778745888834
scene_1,item_2182,item_5143,0.8329403702157812
scene_1,item_8584,item_5404,0.6213349345596119
scene_1,item_8584,item_7555,0.25365892483943775
scene_1,item_352,item_1354,0.37160360818355515
scene_1,item_352,item_6142,0.2145454432166118
scene_1,item_6310,item_2860,0.9102392266268373
scene_1,item_2860,item_6310,0.9102392266268373
scene_1,item_3250,item_7405,0.2814093107654335
scene_1,item_1387,item_4405,0.37160360818355515
scene_1,item_1387,item_8824,0.26276343125998064
scene_1,item_2959,item_3574,0.23502275771936396
scene_1,item_3574,item_2959,0.23502275771936396
scene_1,item_1555,item_6139,0.25503486164919736
scene_1,item_1555,item_5815,0.15379180810010684
scene_1,item_1438,item_7405,0.21797871481244632
scene_1,item_1438,item_7249,0.16129820911147802
scene_1,item_1438,item_4795,0.13893471504706753
scene_1,item_1438,item_7024,0.10898935740622316
scene_1,item_1438,item_4519,0.08621751937076709
scene_1,item_6373,item_1444,0.37160360818355515
scene_1,item_6373,item_1285,0.2404491734814939
scene_1,item_6373,item_9124,0.11204270355337215
scene_1,item_1285,item_6373,0.2404491734814939
scene_1,item_1285,item_2713,0.12386786939451837
scene_1,item_1285,item_2503,0.12022458674074694
scene_1,item_1285,item_8413,0.10411754627697264
scene_1,item_9124,item_6982,0.15379180810010684
scene_1,item_9124,item_2716,0.1372237265538407
scene_1,item_9124,item_6373,0.11204270355337215
scene_1,item_9124,item_9394,0.1037313869825694
scene_1,item_5494,item_9466,0.15170653777113954
scene_1,item_9466,item_4828,0.48450800364023583
scene_1,item_9466,item_4933,0.19779956420218536
scene_1,item_9466,item_8188,0.17129944745658357
scene_1,item_9466,item_5494,0.15170653777113954
scene_1,item_8380,item_2260,0.45622022982388755
scene_1,item_8380,item_1039,0.22811011491194377
scene_1,item_8380,item_2884,0.16618618571652527
scene_1,item_8380,item_715,0.14392145858854952
scene_1,item_9079,item_2824,0.17201904480216956
scene_1,item_8803,item_4966,0.24327166614569326
scene_1,item_4966,item_1813,0.3440380896043391
scene_1,item_4966,item_8803,0.24327166614569326
scene_1,item_4966,item_6844,0.19278823416444013
scene_1,item_8188,item_4828,0.3633810027301768
scene_1,item_8188,item_694,0.31066746727980593
scene_1,item_8188,item_472,0.31066746727980593
scene_1,item_8188,item_8611,0.22755980665670933
scene_1,item_8188,item_9466,0.17129944745658357
scene_1,item_8188,item_4933,0.14834967315163902
scene_1,item_4828,item_9466,0.48450800364023583
scene_1,item_4828,item_4933,0.4195962394893275
scene_1,item_4828,item_8188,0.3633810027301768
scene_1,item_4933,item_4828,0.4195962394893275
scene_1,item_4933,item_9466,0.19779956420218536
scene_1,item_4933,item_8188,0.14834967315163902
scene_1,item_1096,item_9775,0.18625112890063278
scene_1,item_1096,item_4354,0.13569045243496297
scene_1,item_1096,item_3070,0.10753213940765202
scene_1,item_7948,item_8917,0.22755980665670933
scene_1,item_7948,item_7729,0.16090908241245883
scene_1,item_7405,item_3250,0.2814093107654335
scene_1,item_7405,item_1438,0.21797871481244632
scene_1,item_7405,item_4729,0.12622746940545188
scene_1,item_8506,item_7045,0.37250225780126556
scene_1,item_607,item_9667,0.25245493881090375
scene_1,item_607,item_9745,0.07983326132008961
scene_1,item_607,item_5008,0.07287746344036289
scene_1,item_4351,item_460,0.1986304836445498
scene_1,item_556,item_34,0.37160360818355515
scene_1,item_3178,item_4465,0.18733953155220534
scene_1,item_3178,item_2320,0.17758348361151188
scene_1,item_3178,item_481,0.11296998810174762
scene_1,item_7435,item_625,0.2649381062897512
scene_1,item_7435,item_514,0.16756157096947913
scene_1,item_7435,item_6031,0.15845231093012707
scene_1,item_7435,item_9781,0.11204270355337215
scene_1,item_1900,item_9874,0.26276343125998064
scene_1,item_6709,item_2536,0.12682946241971887
scene_1,item_6709,item_7753,0.12682946241971887
scene_1,item_4963,item_9724,0.28784291717709903
scene_1,item_6127,item_9211,0.12163583307284663
scene_1,item_6361,item_7321,0.18580180409177757
scene_1,item_9610,item_724,0.2511409709768604
scene_1,item_724,item_8203,0.2744474531076814
scene_1,item_724,item_9610,0.2511409709768604
scene_1,item_724,item_7729,0.15379180810010684
scene_1,item_724,item_3586,0.1037313869825694
scene_1,item_724,item_9361,0.08678790498525298
scene_1,item_4114,item_4132,0.2145454432166118
scene_1,item_4114,item_4153,0.2145454432166118
scene_1,item_4114,item_9391,0.20711164485320394
scene_1,item_31,item_9673,0.1986304836445498
scene_1,item_31,item_8926,0.13003417523240532
scene_1,item_4156,item_7837,0.37160360818355515
scene_1,item_4156,item_4729,0.26276343125998064
scene_1,item_7837,item_4156,0.37160360818355515
scene_1,item_7837,item_13,0.36067376022224085
scene_1,item_7837,item_5230,0.2944888920518062
scene_1,item_6322,item_1768,0.28784291717709903
scene_1,item_6322,item_7681,0.16129820911147802
scene_1,item_2974,item_877,0.37160360818355515
scene_1,item_2974,item_8635,0.15170653777113954
scene_1,item_8635,item_8599,0.2082350925539453
scene_1,item_8635,item_2389,0.17002324109946493
scene_1,item_8635,item_2974,0.15170653777113954
scene_1,item_8635,item_4792,0.1472444460259031
scene_1,item_8635,item_8077,0.08501162054973246
scene_1,item_9655,item_5845,0.31066746727980593
scene_1,item_9655,item_682,0.25503486164919736
scene_1,item_9655,item_6259,0.1472444460259031
scene_1,item_9655,item_9373,0.09824167915200212
scene_1,item_9655,item_7339,0.0802139951322084
scene_1,item_2635,item_8059,0.45511961331341866
scene_1,item_8059,item_2635,0.45511961331341866
scene_1,item_8059,item_4960,0.32181816482491765
scene_1,item_4405,item_1387,0.37160360818355515
scene_1,item_8947,item_904,0.5889777841036123
scene_1,item_904,item_8947,0.5889777841036123
scene_1,item_8413,item_8218,0.16090908241245883
scene_1,item_8413,item_1285,0.10411754627697264
scene_1,item_8413,item_2503,0.10411754627697264
scene_1,item_3265,item_9664,0.1986304836445498
scene_1,item_3265,item_9235,0.19278823416444013
scene_1,item_3265,item_9739,0.12192998520830386
scene_1,item_4636,item_7819,0.11751137885968198
scene_1,item_4636,item_8551,0.0993152418222749
scene_1,item_5950,item_5227,0.5255268625199613
scene_1,item_5227,item_5950,0.5255268625199613
scene_1,item_5227,item_445,0.15845231093012707
scene_1,item_5455,item_7939,0.25503486164919736
scene_1,item_5455,item_4441,0.19278823416444013
scene_1,item_2158,item_7339,0.21506427881530404
scene_1,item_6628,item_6889,0.18580180409177757
scene_1,item_382,item_2320,0.37160360818355515
scene_1,item_2320,item_382,0.37160360818355515
scene_1,item_2320,item_3178,0.17758348361151188
scene_1,item_2377,item_8449,0.19278823416444013
scene_1,item_2377,item_7627,0.17201904480216956
scene_1,item_2377,item_3523,0.17201904480216956
scene_1,item_2377,item_8332,0.14045296193542475
scene_1,item_2377,item_1060,0.14045296193542475
scene_1,item_2377,item_3958,0.08600952240108478
scene_1,item_7339,item_2158,0.21506427881530404
scene_1,item_7339,item_5845,0.1604279902644168
scene_1,item_7339,item_2368,0.11343971980809854
scene_1,item_7339,item_3742,0.095947639059033
scene_1,item_7339,item_1144,0.08898943767969114
scene_1,item_7339,item_9655,0.0802139951322084
scene_1,item_7339,item_7732,0.07432072163671102
scene_1,item_7339,item_9373,0.05073178496788755
scene_1,item_2368,item_1144,0.24370761198433516
scene_1,item_2368,item_7339,0.11343971980809854
scene_1,item_1144,item_6070,0.40013161113713647
scene_1,item_1144,item_2368,0.24370761198433516
scene_1,item_1144,item_2785,0.23101609340130438
scene_1,item_1144,item_7339,0.08898943767969114
scene_1,item_121,item_4087,0.14070465538271676
scene_1,item_121,item_8257,0.08968197293122761
scene_1,item_6883,item_3031,0.5100697232983947
scene_1,item_4555,item_1069,0.2944888920518062
scene_1,item_4555,item_943,0.1472444460259031
scene_1,item_4555,item_2053,0.1255704854884302
scene_1,item_5959,item_9658,0.24385997041660773
scene_1,item_5959,item_8341,0.19278823416444013
scene_1,item_5959,item_7975,0.1113063388914321
scene_1,item_9382,item_946,0.37160360818355515
scene_1,item_9382,item_8956,0.2633988724985744
scene_1,item_6793,item_2323,0.5255268625199613
scene_1,item_3481,item_1702,0.26053439616977864
scene_1,item_3481,item_4621,0.25245493881090375
scene_1,item_3481,item_835,0.19898643193127055
scene_1,item_3481,item_2521,0.17894429648982982
scene_1,item_3481,item_8794,0.14070465538271676
scene_1,item_3481,item_8701,0.11488487004060219
scene_1,item_2521,item_8770,0.40707135730488897
scene_1,item_2521,item_3481,0.17894429648982982
scene_1,item_4762,item_6106,0.7213475204444817
scene_1,item_6106,item_4762,0.7213475204444817
scene_1,item_1768,item_6322,0.28784291717709903
scene_1,item_7819,item_5320,0.32259641822295604
scene_1,item_7819,item_8494,0.16618618571652527
scene_1,item_7819,item_715,0.14392145858854952
scene_1,item_7819,item_4636,0.11751137885968198
scene_1,item_5317,item_5311,0.32181816482491765
scene_1,item_5317,item_3919,0.1472444460259031
scene_1,item_5317,item_7561,0.11405505745597189
scene_1,item_5317,item_9373,0.08064910455573901
scene_1,item_5317,item_4771,0.07689590405005342
scene_1,item_3895,item_8143,0.26276343125998064
scene_1,item_9121,item_9325,0.40707135730488897
scene_1,item_9121,item_2902,0.35298015324911725
scene_1,item_9121,item_9943,0.35298015324911725
scene_1,item_6559,item_7900,0.4808983469629878
scene_1,item_6559,item_9613,0.34004648219892986
scene_1,item_6559,item_2092,0.2145454432166118
scene_1,item_6559,item_7324,0.12386786939451837
scene_1,item_5908,item_2422,0.4164701851078906
scene_1,item_5908,item_6646,0.2404491734814939
scene_1,item_2044,item_2704,0.40707135730488897
scene_1,item_2044,item_5158,0.35298015324911725
scene_1,item_2044,item_1474,0.24959465998671754
scene_1,item_2704,item_2044,0.40707135730488897
scene_1,item_8794,item_7924,0.17002324109946493
scene_1,item_8794,item_3481,0.14070465538271676
scene_1,item_8794,item_8701,0.08455297494647925
scene_1,item_7924,item_8776,0.2082350925539453
scene_1,item_7924,item_1786,0.2082350925539453
scene_1,item_7924,item_8725,0.17936394586245522
scene_1,item_7924,item_8794,0.17002324109946493
scene_1,item_7924,item_2848,0.16111266023847665
scene_1,item_7924,item_2113,0.16111266023847665
scene_1,item_7924,item_9577,0.12682946241971887
scene_1,item_7924,item_1300,0.07205177206581224
scene_1,item_7924,item_445,0.048577294817003486
scene_1,item_5593,item_1381,0.2404491734814939
scene_1,item_5593,item_2839,0.2404491734814939
scene_1,item_5593,item_7486,0.12022458674074694
scene_1,item_1381,item_7486,0.36067376022224085
scene_1,item_1381,item_5593,0.2404491734814939
scene_1,item_7486,item_1381,0.36067376022224085
scene_1,item_7486,item_5593,0.12022458674074694
scene_1,item_4795,item_3532,0.37160360818355515
scene_1,item_4795,item_7024,0.24370761198433516
scene_1,item_4795,item_1438,0.13893471504706753
scene_1,item_7024,item_4795,0.24370761198433516
scene_1,item_7024,item_1186,0.17894429648982982
scene_1,item_7024,item_3973,0.17851259917722495
scene_1,item_7024,item_1225,0.17851259917722495
scene_1,item_7024,item_1438,0.10898935740622316
scene_1,item_331,item_8710,0.40707135730488897
scene_1,item_337,item_4204,0.4808983469629878
scene_1,item_1717,item_2785,0.29290009707680087
scene_1,item_1717,item_9739,0.22687943961619708
scene_1,item_2104,item_5815,0.12273663228009231
scene_1,item_52,item_8134,0.1654884707784808
scene_1,item_52,item_7639,0.14766030091237178
scene_1,item_52,item_4873,0.09979330267307539
scene_1,item_52,item_8386,0.09554481315173542
scene_1,item_52,item_1996,0.0827442353892404
scene_1,item_52,item_3688,0.07892775080600554
scene_1,item_52,item_3424,0.06960773339145615
scene_1,item_9634,item_6190,0.6436363296498353
scene_1,item_4873,item_9205,0.2744474531076814
scene_1,item_4873,item_7963,0.18733953155220534
scene_1,item_4873,item_868,0.18733953155220534
scene_1,item_4873,item_2857,0.18733953155220534
scene_1,item_4873,item_52,0.09979330267307539
scene_1,item_7963,item_868,0.6213349345596119
scene_1,item_7963,item_2857,0.6213349345596119
scene_1,item_7963,item_4873,0.18733953155220534
scene_1,item_868,item_7963,0.6213349345596119
scene_1,item_868,item_2857,0.6213349345596119
scene_1,item_868,item_4873,0.18733953155220534
scene_1,item_2857,item_7963,0.6213349345596119
scene_1,item_2857,item_868,0.6213349345596119
scene_1,item_2857,item_4873,0.18733953155220534
scene_1,item_8389,item_1300,0.28853900817779266
scene_1,item_6694,item_3397,0.4142232897064079
scene_1,item_6694,item_7753,0.23915192781660694
scene_1,item_6694,item_2809,0.20711164485320396
scene_1,item_6694,item_3130,0.11488487004060219
scene_1,item_6694,item_3424,0.10113769184742637
scene_1,item_1039,item_9310,0.32181816482491765
scene_1,item_1039,item_8380,0.22811011491194377
scene_1,item_8926,item_4411,0.3440380896043391
scene_1,item_8926,item_7120,0.31482186807671836
scene_1,item_8926,item_3328,0.14045296193542475
scene_1,item_8926,item_31,0.13003417523240532
scene_1,item_4411,item_8926,0.3440380896043391
scene_1,item_2992,item_7513,0.5100697232983947
scene_1,item_2992,item_3403,0.36067376022224085
scene_1,item_7513,item_2992,0.5100697232983947
scene_1,item_7513,item_3403,0.5100697232983947
scene_1,item_3403,item_5338,0.6436363296498353
scene_1,item_3403,item_7513,0.5100697232983947
scene_1,item_3403,item_2992,0.36067376022224085
scene_1,item_8725,item_7360,0.22755980665670933
scene_1,item_8725,item_7924,0.17936394586245522
scene_1,item_8725,item_4771,0.1372237265538407
scene_1,item_8725,item_9577,0.10983753640380031
scene_1,item_9577,item_2029,0.18580180409177757
scene_1,item_9577,item_7924,0.12682946241971887
scene_1,item_9577,item_8725,0.10983753640380031
scene_1,item_4792,item_5365,0.32181816482491765
scene_1,item_4792,item_8599,0.25503486164919736
scene_1,item_4792,item_8635,0.1472444460259031
scene_1,item_2713,item_7099,0.2145454432166118
scene_1,item_2713,item_8854,0.20711164485320396
scene_1,item_2713,item_4201,0.1565616874020309
scene_1,item_2713,item_1285,0.12386786939451837
scene_1,item_3130,item_2809,0.3446546101218066
scene_1,item_3130,item_6640,0.17851259917722495
scene_1,item_3130,item_2173,0.14575492688072578
scene_1,item_3130,item_151,0.12622746940545188
scene_1,item_3130,item_6694,0.11488487004060219
scene_1,item_8143,item_3895,0.26276343125998064
scene_1,item_4255,item_2194,0.39296671660800847
scene_1,item_4255,item_8518,0.31066746727980593
scene_1,item_5107,item_2803,0.39296671660800847
scene_1,item_5107,item_6844,0.19648335830400424
scene_1,item_5704,item_8893,0.4075863729939464
scene_1,item_5704,item_5719,0.22784770917926217
scene_1,item_5704,item_6445,0.2145454432166118
scene_1,item_5941,item_3928,0.2404491734814939
scene_1,item_5941,item_7495,0.12386786939451837
scene_1,item_5941,item_1708,0.11467936320144637
scene_1,item_8785,item_1786,0.2404491734814939
scene_1,item_8785,item_6682,0.15170653777113954
scene_1,item_8785,item_3478,0.13882339503596353
scene_1,item_8785,item_6514,0.08501162054973246
scene_1,item_1786,item_5491,0.5100697232983947
scene_1,item_1786,item_8785,0.2404491734814939
scene_1,item_1786,item_7924,0.2082350925539453
scene_1,item_5380,item_3646,0.4164701851078906
scene_1,item_3190,item_5134,0.37160360818355515
scene_1,item_4441,item_5455,0.19278823416444013
scene_1,item_4441,item_6253,0.19278823416444013
scene_1,item_4441,item_7939,0.13632186771065563
scene_1,item_4441,item_7522,0.12192998520830386
scene_1,item_4072,item_5089,0.45511961331341866
scene_1,item_8551,item_238,0.38557646832888026
scene_1,item_8551,item_4636,0.0993152418222749
scene_1,item_8551,item_4840,0.09194804709283362
scene_1,item_2536,item_7126,0.26276343125998064
scene_1,item_2536,item_7753,0.20711164485320396
scene_1,item_2536,item_6709,0.12682946241971887
scene_1,item_6268,item_2641,0.4808983469629878
scene_1,item_6268,item_4201,0.1565616874020309
scene_1,item_6268,item_1492,0.0926231433647117
scene_1,item_6268,item_2938,0.08109055538189774
scene_1,item_559,item_7714,0.32181816482491765
scene_1,item_8017,item_8077,0.15170653777113954
scene_1,item_1759,item_4831,0.40707135730488897
scene_1,item_1759,item_9361,0.2040278893193579
scene_1,item_514,item_5812,0.40707135730488897
scene_1,item_514,item_3769,0.2633988724985744
scene_1,item_514,item_625,0.19648335830400424
scene_1,item_514,item_7435,0.16756157096947913
scene_1,item_2209,item_5695,0.3440380896043391
scene_1,item_5695,item_2209,0.3440380896043391
scene_1,item_5695,item_2230,0.3321174925079536
scene_1,item_5695,item_7636,0.1660587462539768
scene_1,item_8494,item_7819,0.16618618571652527
scene_1,item_1651,item_6271,0.22374200876491143
scene_1,item_1651,item_8881,0.18580180409177757
scene_1,item_1651,item_4297,0.1395276566378118
scene_1,item_8881,item_1651,0.18580180409177757
scene_1,item_3142,item_2716,0.25503486164919736
scene_1,item_3142,item_9868,0.22755980665670933
scene_1,item_3928,item_5941,0.2404491734814939
scene_1,item_8893,item_5704,0.4075863729939464
scene_1,item_8893,item_5719,0.24959465998671754
scene_1,item_9772,item_3316,0.23502275771936396
scene_1,item_9772,item_742,0.20353567865244448
scene_1,item_3316,item_9772,0.23502275771936396
scene_1,item_5719,item_8893,0.24959465998671754
scene_1,item_5719,item_5704,0.22784770917926217
scene_1,item_9550,item_4339,0.5255268625199613
scene_1,item_8359,item_2752,0.2633988724985744
scene_1,item_8359,item_3982,0.26276343125998064
scene_1,item_7282,item_8437,0.6436363296498353
scene_1,item_8437,item_7282,0.6436363296498353
scene_1,item_2161,item_3019,0.16129820911147802
scene_1,item_2161,item_5242,0.16090908241245883
scene_1,item_2161,item_8620,0.16090908241245883
scene_1,item_2161,item_1219,0.16090908241245883
scene_1,item_2161,item_6907,0.11377990332835466
scene_1,item_3019,item_7999,0.40707135730488897
scene_1,item_3019,item_5203,0.20353567865244448
scene_1,item_3019,item_2161,0.16129820911147802
scene_1,item_4087,item_4045,0.3095840740633624
scene_1,item_4087,item_4507,0.17873844849730333
scene_1,item_4087,item_121,0.14070465538271676
scene_1,item_4087,item_8257,0.12185380599216758
scene_1,item_8611,item_8188,0.22755980665670933
scene_1,item_715,item_7669,0.31066746727980593
scene_1,item_715,item_8380,0.14392145858854952
scene_1,item_715,item_7819,0.14392145858854952
scene_1,item_4996,item_5254,0.1316994362492872
scene_1,item_1492,item_8524,0.5557388601882701
scene_1,item_1492,item_2089,0.24385997041660773
scene_1,item_1492,item_4201,0.21004954542180815
scene_1,item_1492,item_6268,0.0926231433647117
scene_1,item_8524,item_1492,0.5557388601882701
scene_1,item_8524,item_8953,0.32181816482491765
scene_1,item_8524,item_9163,0.26276343125998064
scene_1,item_4471,item_901,0.18625112890063278
scene_1,item_3958,item_7933,0.36067376022224085
scene_1,item_3958,item_5602,0.22755980665670933
scene_1,item_3958,item_5008,0.09290090204588879
scene_1,item_3958,item_2377,0.08600952240108478
scene_1,item_9736,item_9376,0.7213475204444817
scene_1,item_9736,item_7846,0.2082350925539453
scene_1,item_9736,item_8701,0.12022458674074694
scene_1,item_9376,item_9736,0.7213475204444817
scene_1,item_3946,item_2512,0.23502275771936396
scene_1,item_2503,item_7120,0.29290009707680087
scene_1,item_2503,item_3427,0.26276343125998064
scene_1,item_2503,item_6376,0.14645004853840043
scene_1,item_2503,item_1285,0.12022458674074694
scene_1,item_2503,item_8413,0.10411754627697264
scene_1,item_2380,item_5746,0.45511961331341866
scene_1,item_5746,item_2380,0.45511961331341866
scene_1,item_5746,item_2557,0.45511961331341866
scene_1,item_9391,item_4114,0.20711164485320394
scene_1,item_9391,item_4501,0.12022458674074694
scene_1,item_6565,item_7897,0.38557646832888026
scene_1,item_742,item_9772,0.20353567865244448
scene_1,item_742,item_6871,0.20353567865244448
scene_1,item_469,item_1042,0.45511961331341866
scene_1,item_1042,item_469,0.45511961331341866
scene_1,item_1708,item_5941,0.11467936320144637
scene_1,item_4003,item_1174,0.22755980665670933
scene_1,item_4003,item_9781,0.2082350925539453
scene_1,item_4003,item_4999,0.19732190434332983
scene_1,item_4003,item_5176,0.1395276566378118
scene_1,item_4003,item_4771,0.11898958538640447
scene_1,item_1876,item_1135,0.20353567865244448
scene_1,item_6673,item_8905,0.37160360818355515
scene_1,item_6673,item_4048,0.18580180409177757
scene_1,item_4864,item_3154,0.17002324109946493
scene_1,item_3424,item_6694,0.10113769184742637
scene_1,item_3424,item_52,0.06960773339145615
scene_1,item_3769,item_682,0.4164701851078906
scene_1,item_3769,item_514,0.2633988724985744
scene_1,item_3769,item_511,0.15170653777113954
scene_1,item_682,item_3769,0.4164701851078906
scene_1,item_682,item_9655,0.25503486164919736
scene_1,item_682,item_6259,0.2082350925539453
scene_1,item_9868,item_3142,0.22755980665670933
scene_1,item_643,item_1270,0.2145454432166118
scene_1,item_9361,item_1759,0.2040278893193579
scene_1,item_9361,item_724,0.08678790498525298
scene_1,item_8122,item_6757,0.26276343125998064
scene_1,item_6757,item_8122,0.26276343125998064
scene_1,item_814,item_9922,0.36067376022224085
scene_1,item_7495,item_7717,0.34004648219892986
scene_1,item_7495,item_5941,0.12386786939451837
scene_1,item_2014,item_5542,0.2163210579430483
scene_1,item_2014,item_8974,0.20711164485320396
scene_1,item_8701,item_9802,0.2404491734814939
scene_1,item_8701,item_8830,0.2145454432166118
scene_1,item_8701,item_1060,0.17517562083998708
scene_1,item_8701,item_3262,0.17002324109946493
scene_1,item_8701,item_7846,0.13882339503596353
scene_1,item_8701,item_6523,0.13569045243496297
scene_1,item_8701,item_9736,0.12022458674074694
scene_1,item_8701,item_3481,0.11488487004060219
scene_1,item_8701,item_8794,0.08455297494647925
scene_1,item_9373,item_5845,0.19648335830400424
scene_1,item_9373,item_9655,0.09824167915200212
scene_1,item_9373,item_5317,0.08064910455573901
scene_1,item_9373,item_4771,0.06877778745888834
scene_1,item_9373,item_7339,0.05073178496788755
scene_1,item_5845,item_9655,0.31066746727980593
scene_1,item_5845,item_9373,0.19648335830400424
scene_1,item_5845,item_7339,0.1604279902644168
scene_1,item_6214,item_8311,0.21506427881530404
scene_1,item_8710,item_331,0.40707135730488897
scene_1,item_7105,item_64,0.3208559805288336
scene_1,item_7105,item_9184,0.28784291717709903
scene_1,item_7105,item_1837,0.22811011491194377
scene_1,item_2029,item_9577,0.18580180409177757
scene_1,item_2290,item_6463,0.32181816482491765
scene_1,item_6463,item_2290,0.32181816482491765
scene_1,item_1561,item_6670,0.2055593369479003
scene_1,item_1561,item_265,0.18764914292028356
scene_1,item_1561,item_6916,0.13268798144277613
scene_1,item_6271,item_4297,0.44748401752982286
scene_1,item_6271,item_376,0.24327166614569326
scene_1,item_6271,item_952,0.24327166614569326
scene_1,item_6271,item_1651,0.22374200876491143
scene_1,item_6271,item_4000,0.2060992915555662
scene_1,item_2707,item_3604,0.32181816482491765
scene_1,item_2707,item_7954,0.22755980665670933
scene_1,item_4138,item_721,0.45511961331341866
scene_1,item_721,item_4138,0.45511961331341866
scene_1,item_8257,item_7162,0.32181816482491765
scene_1,item_8257,item_2752,0.27786943009413506
scene_1,item_8257,item_943,0.18033688011112042
scene_1,item_8257,item_4087,0.12185380599216758
scene_1,item_8257,item_121,0.08968197293122761
scene_1,item_2716,item_3142,0.25503486164919736
scene_1,item_2716,item_9124,0.1372237265538407
scene_1,item_1339,item_4159,0.28784291717709903
scene_1,item_1339,item_6646,0.2633988724985744
scene_1,item_1339,item_7612,0.20353567865244448
scene_1,item_1339,item_9031,0.16129820911147802
scene_1,item_7612,item_1339,0.20353567865244448
scene_1,item_8311,item_886,0.37250225780126556
scene_1,item_8311,item_781,0.2633988724985744
scene_1,item_8311,item_6589,0.23502275771936396
scene_1,item_8311,item_6214,0.21506427881530404
scene_1,item_8311,item_9880,0.11751137885968198
scene_1,item_8311,item_2326,0.0888302527665747
scene_1,item_2572,item_3373,0.37160360818355515
scene_1,item_2572,item_8158,0.2145454432166118
scene_1,item_2572,item_8077,0.15170653777113954
scene_1,item_8158,item_5188,0.26309587245777316
scene_1,item_8158,item_1570,0.22784770917926217
scene_1,item_8158,item_2572,0.2145454432166118
scene_1,item_8158,item_4756,0.0930184377585412
scene_1,item_8077,item_6349,0.26276343125998064
scene_1,item_8077,item_5236,0.2082350925539453
scene_1,item_8077,item_2572,0.15170653777113954
scene_1,item_8077,item_8017,0.15170653777113954
scene_1,item_8077,item_2389,0.12022458674074694
scene_1,item_8077,item_6724,0.12022458674074694
scene_1,item_8077,item_8635,0.08501162054973246
scene_1,item_8077,item_7063,0.08501162054973246
scene_1,item_8077,item_4069,0.0627852427442151
scene_1,item_2389,item_8635,0.17002324109946493
scene_1,item_2389,item_8077,0.12022458674074694
scene_1,item_5203,item_3019,0.20353567865244448
scene_1,item_9190,item_5470,0.43935014561520125
scene_1,item_9190,item_8305,0.31066746727980593
scene_1,item_8305,item_5470,0.43935014561520125
scene_1,item_8305,item_9190,0.31066746727980593
scene_1,item_5470,item_9190,0.43935014561520125
scene_1,item_5470,item_8305,0.43935014561520125
scene_1,item_5470,item_901,0.27786943009413506
scene_1,item_5470,item_1630,0.15533373363990297
scene_1,item_9325,item_9121,0.40707135730488897
scene_1,item_7318,item_1027,0.37160360818355515
scene_1,item_7318,item_1543,0.32181816482491765
scene_1,item_1027,item_7318,0.37160360818355515
scene_1,item_9547,item_7675,0.6436363296498353
scene_1,item_9547,item_9394,0.24327166614569326
scene_1,item_9394,item_9547,0.24327166614569326
scene_1,item_9394,item_5551,0.24327166614569326
scene_1,item_9394,item_7084,0.24327166614569326
scene_1,item_9394,item_9124,0.1037313869825694
scene_1,item_5677,item_1429,0.26276343125998064
scene_1,item_5677,item_5008,0.2404491734814939
scene_1,item_4069,item_952,0.23797917077280895
scene_1,item_4069,item_4501,0.16827668543460464
scene_1,item_4069,item_3982,0.1372237265538407
scene_1,item_4069,item_7063,0.08879174180575594
scene_1,item_4069,item_8077,0.0627852427442151
scene_1,item_7939,item_286,0.32181816482491765
scene_1,item_7939,item_9352,0.26276343125998064
scene_1,item_7939,item_5455,0.25503486164919736
scene_1,item_7939,item_4441,0.13632186771065563
scene_1,item_286,item_7939,0.32181816482491765
scene_1,item_6142,item_7234,0.5073178496788755
scene_1,item_6142,item_352,0.2145454432166118
scene_1,item_1093,item_8383,0.8787002912304025
scene_1,item_1093,item_2677,0.35872789172491043
scene_1,item_2677,item_1093,0.35872789172491043
scene_1,item_2677,item_8383,0.25365892483943775
scene_1,item_8383,item_1093,0.8787002912304025
scene_1,item_8383,item_2677,0.25365892483943775
scene_1,item_8917,item_6697,0.4164701851078906
scene_1,item_8917,item_7948,0.22755980665670933
scene_1,item_208,item_9754,0.15845231093012707
scene_1,item_7630,item_6958,0.23502275771936396
scene_1,item_7630,item_5218,0.20353567865244448
scene_1,item_4495,item_7975,0.2145454432166118
scene_1,item_2047,item_8779,0.12872726592996706
scene_1,item_1813,item_4966,0.3440380896043391
scene_1,item_5368,item_943,0.14392145858854952
scene_1,item_7993,item_2542,0.6436363296498353
scene_1,item_2542,item_7993,0.6436363296498353
scene_1,item_7345,item_6052,0.45511961331341866
scene_1,item_6052,item_7345,0.45511961331341866
scene_1,item_7525,item_8989,0.5100697232983947
scene_1,item_7525,item_2311,0.2944888920518062
scene_1,item_2311,item_7525,0.2944888920518062
scene_1,item_2311,item_4234,0.26276343125998064
scene_1,item_2311,item_8989,0.2082350925539453
scene_1,item_8989,item_7525,0.5100697232983947
scene_1,item_8989,item_2311,0.2082350925539453
scene_1,item_4831,item_1759,0.40707135730488897
scene_1,item_9754,item_2590,0.2404491734814939
scene_1,item_9754,item_208,0.15845231093012707
scene_1,item_9754,item_445,0.1255704854884302
scene_1,item_5686,item_2563,0.40707135730488897
scene_1,item_5686,item_3499,0.32259641822295604
scene_1,item_5686,item_5596,0.09726647981437406
scene_1,item_9718,item_5827,0.45511961331341866
scene_1,item_5827,item_9718,0.45511961331341866
scene_1,item_445,item_2848,0.16827668543460464
scene_1,item_445,item_2113,0.16827668543460464
scene_1,item_445,item_5227,0.15845231093012707
scene_1,item_445,item_9754,0.1255704854884302
scene_1,item_445,item_2590,0.1255704854884302
scene_1,item_445,item_2842,0.11204270355337215
scene_1,item_445,item_1300,0.07525562153202495
scene_1,item_445,item_7924,0.048577294817003486
scene_1,item_2590,item_9754,0.2404491734814939
scene_1,item_2590,item_445,0.1255704854884302
scene_1,item_2533,item_8008,0.5452874708426225
scene_1,item_8008,item_2533,0.5452874708426225
scene_1,item_6301,item_6457,0.45511961331341866
scene_1,item_7438,item_2257,0.25503486164919736
scene_1,item_7438,item_6532,0.18033688011112042
scene_1,item_9592,item_7480,0.5255268625199613
scene_1,item_7480,item_9592,0.5255268625199613
scene_1,item_7480,item_4366,0.4164701851078906
scene_1,item_5602,item_3958,0.22755980665670933
scene_1,item_5602,item_7681,0.22755980665670933
scene_1,item_1441,item_475,0.4808983469629878
scene_1,item_1441,item_9955,0.4808983469629878
scene_1,item_9664,item_3637,0.1986304836445498
scene_1,item_9664,item_3265,0.1986304836445498
scene_1,item_2938,item_1537,0.24327166614569326
scene_1,item_2938,item_4927,0.24327166614569326
scene_1,item_2938,item_7576,0.14045296193542475
scene_1,item_2938,item_6268,0.08109055538189774
scene_1,item_2938,item_9745,0.0769292555204466
scene_1,item_4744,item_9895,0.1372237265538407
scene_1,item_4840,item_8551,0.09194804709283362
scene_1,item_9673,item_9001,0.5889777841036123
scene_1,item_9673,item_31,0.1986304836445498
scene_1,item_9001,item_9673,0.5889777841036123
scene_1,item_4357,item_1684,0.2633988724985744
scene_1,item_8779,item_487,0.28784291717709903
scene_1,item_8779,item_2047,0.12872726592996706
scene_1,item_8779,item_9895,0.11848392309878963
scene_1,item_8779,item_4501,0.09824167915200212
scene_1,item_5446,item_7468,0.31066746727980593
scene_1,item_5446,item_4924,0.2790553132756236
scene_1,item_5446,item_6745,0.21967507280760062
scene_1,item_5446,item_5254,0.16111266023847665
scene_1,item_4924,item_5254,0.3222253204769533
scene_1,item_4924,item_5446,0.2790553132756236
scene_1,item_5254,item_4924,0.3222253204769533
scene_1,item_5254,item_5446,0.16111266023847665
scene_1,item_5254,item_358,0.1472444460259031
scene_1,item_5254,item_4996,0.1316994362492872
scene_1,item_5254,item_6379,0.13138171562999032
scene_1,item_5254,item_1516,0.09312556445031639
scene_1,item_6376,item_130,0.8329403702157812
scene_1,item_6376,item_7120,0.4142232897064079
scene_1,item_6376,item_2503,0.14645004853840043
scene_1,item_7120,item_6376,0.4142232897064079
scene_1,item_7120,item_8926,0.31482186807671836
scene_1,item_7120,item_2503,0.29290009707680087
scene_1,item_9730,item_4537,0.23502275771936396
scene_1,item_1702,item_373,0.27264373542131126
scene_1,item_1702,item_3481,0.26053439616977864
scene_1,item_1702,item_3853,0.1113063388914321
scene_1,item_7375,item_2851,0.35872789172491043
scene_1,item_7375,item_6925,0.25365892483943775
scene_1,item_3637,item_6472,0.38557646832888026
scene_1,item_3637,item_7792,0.27264373542131126
scene_1,item_3637,item_3106,0.24327166614569326
scene_1,item_3637,item_9664,0.1986304836445498
scene_1,item_3637,item_5971,0.1113063388914321
scene_1,item_6472,item_2437,0.6436363296498353
scene_1,item_6472,item_3637,0.38557646832888026
scene_1,item_64,item_7105,0.3208559805288336
scene_1,item_952,item_6271,0.24327166614569326
scene_1,item_952,item_4069,0.23797917077280895
scene_1,item_952,item_4501,0.19732190434332983
scene_1,item_4501,item_2233,0.22755980665670933
scene_1,item_4501,item_952,0.19732190434332983
scene_1,item_4501,item_4069,0.16827668543460464
scene_1,item_4501,item_5299,0.16090908241245883
scene_1,item_4501,item_9748,0.1472444460259031
scene_1,item_4501,item_9391,0.12022458674074694
scene_1,item_4501,item_8779,0.09824167915200212
scene_1,item_4501,item_4975,0.09016844005556021
scene_1,item_4501,item_7132,0.08064910455573901
scene_1,item_4501,item_5815,0.06861186327692036
scene_1,item_4501,item_9895,0.046834882888051335
scene_1,item_3247,item_4648,0.19406365517181853
scene_1,item_7846,item_9736,0.2082350925539453
scene_1,item_7846,item_8701,0.13882339503596353
scene_1,item_3100,item_4189,0.26276343125998064
scene_1,item_7975,item_1636,0.2633988724985744
scene_1,item_7975,item_4495,0.2145454432166118
scene_1,item_7975,item_8341,0.2082350925539453
scene_1,item_7975,item_5959,0.1113063388914321
scene_1,item_2947,item_3586,0.27264373542131126
scene_1,item_2947,item_7156,0.22755980665670933
scene_1,item_7156,item_4900,0.26276343125998064
scene_1,item_7156,item_2947,0.22755980665670933
scene_1,item_4648,item_3247,0.19406365517181853
scene_1,item_1330,item_25,0.26276343125998064
scene_1,item_25,item_1330,0.26276343125998064
scene_1,item_4540,item_1912,0.5255268625199613
scene_1,item_1912,item_4540,0.5255268625199613
scene_1,item_1912,item_1978,0.2404491734814939
scene_1,item_1912,item_3154,0.12022458674074694
scene_1,item_4756,item_5188,0.26309587245777316
scene_1,item_4756,item_3598,0.26276343125998064
scene_1,item_4756,item_1570,0.22784770917926217
scene_1,item_4756,item_8158,0.0930184377585412
scene_1,item_1135,item_1876,0.20353567865244448
scene_1,item_4141,item_8656,0.26276343125998064
scene_1,item_3064,item_4696,0.5100697232983947
scene_1,item_3064,item_7522,0.22811011491194377
scene_1,item_4696,item_3064,0.5100697232983947
scene_1,item_8593,item_2098,0.16618618571652527
scene_1,item_8593,item_6889,0.15170653777113954
scene_1,item_8995,item_8347,0.32181816482491765
scene_1,item_8347,item_8995,0.32181816482491765
scene_1,item_8347,item_6409,0.24327166614569326
scene_1,item_2422,item_6646,0.4164701851078906
scene_1,item_2422,item_5908,0.4164701851078906
scene_1,item_6646,item_2422,0.4164701851078906
scene_1,item_6646,item_1339,0.2633988724985744
scene_1,item_6646,item_5908,0.2404491734814939
scene_1,item_595,item_9670,0.34004648219892986
scene_1,item_8848,item_5542,0.19406365517181853
scene_1,item_2842,item_445,0.11204270355337215
scene_1,item_3181,item_7594,0.26276343125998064
scene_1,item_3181,item_8476,0.18625112890063278
scene_1,item_4132,item_7234,0.22755980665670933
scene_1,item_4132,item_4114,0.2145454432166118
scene_1,item_2152,item_3649,0.37160360818355515
scene_1,item_2152,item_7579,0.2145454432166118
scene_1,item_5596,item_3499,0.2174944607970515
scene_1,item_5596,item_5686,0.09726647981437406
scene_1,item_5596,item_6982,0.09703182758590927
scene_1,item_5596,item_3991,0.07611802804617263
scene_1,item_7708,item_490,0.9102392266268373
scene_1,item_490,item_7708,0.9102392266268373
scene_1,item_3106,item_3637,0.24327166614569326
scene_1,item_3643,item_217,0.20353567865244448
scene_1,item_3643,item_8776,0.20353567865244448
scene_1,item_3643,item_4825,0.12872726592996706
scene_1,item_9163,item_8524,0.26276343125998064
scene_1,item_2251,item_838,0.3034130755422791
scene_1,item_5971,item_7711,0.5889777841036123
scene_1,item_5971,item_7792,0.2944888920518062
scene_1,item_5971,item_13,0.26276343125998064
scene_1,item_5971,item_3637,0.1113063388914321
scene_1,item_4900,item_7156,0.26276343125998064
scene_1,item_4900,item_3103,0.1986304836445498
scene_1,item_3103,item_3961,0.3440380896043391
scene_1,item_3103,item_4900,0.1986304836445498
scene_1,item_151,item_3130,0.12622746940545188
scene_1,item_3976,item_7426,0.39296671660800847
scene_1,item_3976,item_5131,0.27786943009413506
scene_1,item_4705,item_4492,0.20353567865244448
scene_1,item_7762,item_256,0.6213349345596119
scene_1,item_7762,item_8326,0.2145454432166118
scene_1,item_7669,item_715,0.31066746727980593
scene_1,item_7669,item_3667,0.21506427881530404
scene_1,item_4048,item_5653,0.4164701851078906
scene_1,item_4048,item_6673,0.18580180409177757
scene_1,item_6745,item_3013,0.45511961331341866
scene_1,item_6745,item_7468,0.43935014561520125
scene_1,item_6745,item_5446,0.21967507280760062
scene_1,item_7468,item_6745,0.43935014561520125
scene_1,item_7468,item_5446,0.31066746727980593
scene_1,item_886,item_8311,0.37250225780126556
scene_1,item_7408,item_6658,0.9102392266268373
scene_1,item_6658,item_7408,0.9102392266268373
scene_1,item_3598,item_1345,0.37160360818355515
scene_1,item_3598,item_4756,0.26276343125998064
scene_1,item_7048,item_4852,0.25245493881090375
scene_1,item_7048,item_6259,0.16335304620728716
scene_1,item_7048,item_1975,0.08925629958861248
scene_1,item_7048,item_5815,0.07611802804617263
scene_1,item_7615,item_7579,0.2226126777828642
scene_1,item_7615,item_1630,0.17201904480216956
scene_1,item_8842,item_55,0.40707135730488897
scene_1,item_55,item_8842,0.40707135730488897
scene_1,item_6958,item_7630,0.23502275771936396
scene_1,item_376,item_6271,0.24327166614569326
scene_1,item_7753,item_3397,0.35872789172491043
scene_1,item_7753,item_6694,0.23915192781660694
scene_1,item_7753,item_2536,0.20711164485320396
scene_1,item_7753,item_6709,0.12682946241971887
scene_1,item_8905,item_6673,0.37160360818355515
scene_1,item_9235,item_9739,0.22811011491194377
scene_1,item_9235,item_3265,0.19278823416444013
scene_1,item_460,item_4351,0.1986304836445498
scene_1,item_6844,item_5107,0.19648335830400424
scene_1,item_6844,item_4966,0.19278823416444013
scene_1,item_6844,item_2803,0.15533373363990297
scene_1,item_7729,item_7948,0.16090908241245883
scene_1,item_7729,item_724,0.15379180810010684
scene_1,item_4825,item_6835,0.27786943009413506
scene_1,item_4825,item_4,0.22811011491194377
scene_1,item_4825,item_958,0.20353567865244448
scene_1,item_4825,item_9781,0.1604279902644168
scene_1,item_4825,item_3643,0.12872726592996706
scene_1,item_6934,item_9973,0.32259641822295604
scene_1,item_6934,item_4060,0.09312556445031639
scene_1,item_2902,item_9121,0.35298015324911725
scene_1,item_2902,item_9943,0.2790553132756236
scene_1,item_2902,item_3037,0.25503486164919736
scene_1,item_9943,item_9121,0.35298015324911725
scene_1,item_9943,item_2902,0.2790553132756236
scene_1,item_9748,item_7552,0.29290009707680087
scene_1,item_9748,item_4501,0.1472444460259031
scene_1,item_9748,item_355,0.12682946241971887
scene_1,item_5320,item_7819,0.32259641822295604
scene_1,item_6409,item_9292,0.3440380896043391
scene_1,item_6409,item_8347,0.24327166614569326
scene_1,item_6409,item_1516,0.1538585110408932
scene_1,item_4060,item_2569,0.4164701851078906
scene_1,item_4060,item_9973,0.2082350925539453
scene_1,item_4060,item_2080,0.10753213940765202
scene_1,item_4060,item_6934,0.09312556445031639
scene_1,item_9016,item_4183,0.40707135730488897
scene_1,item_9016,item_5383,0.40707135730488897
scene_1,item_8743,item_2929,0.25365892483943775
scene_1,item_8743,item_9031,0.13138171562999032
scene_1,item_8743,item_7534,0.10355582242660198
scene_1,item_9031,item_775,0.31066746727980593
scene_1,item_9031,item_1339,0.16129820911147802
scene_1,item_9031,item_8743,0.13138171562999032
scene_1,item_6379,item_8713,0.5100697232983947
scene_1,item_6379,item_5254,0.13138171562999032
scene_1,item_2482,item_5407,0.45511961331341866
scene_1,item_8776,item_7924,0.2082350925539453
scene_1,item_8776,item_3643,0.20353567865244448
scene_1,item_265,item_6670,0.3752982858405671
scene_1,item_265,item_763,0.26276343125998064
scene_1,item_265,item_6916,0.24225400182011791
scene_1,item_265,item_1561,0.18764914292028356
scene_1,item_265,item_7111,0.11204270355337215
scene_1,item_3856,item_1672,0.23502275771936396
scene_1,item_7297,item_4507,0.2145454432166118
scene_1,item_6670,item_265,0.3752982858405671
scene_1,item_6670,item_6916,0.26537596288555226
scene_1,item_6670,item_1561,0.2055593369479003
scene_1,item_6670,item_9739,0.18204784532536747
scene_1,item_6670,item_4618,0.16618618571652527
scene_1,item_6916,item_6670,0.26537596288555226
scene_1,item_6916,item_265,0.24225400182011791
scene_1,item_6916,item_7261,0.15845231093012707
scene_1,item_6916,item_1561,0.13268798144277613
scene_1,item_8770,item_2521,0.40707135730488897
scene_1,item_9352,item_4210,0.5255268625199613
scene_1,item_9352,item_7939,0.26276343125998064
scene_1,item_4210,item_9352,0.5255268625199613
scene_1,item_7972,item_637,0.6436363296498353
scene_1,item_3880,item_4780,0.45511961331341866
scene_1,item_4780,item_3880,0.45511961331341866
scene_1,item_4201,item_8854,0.46968506220609274
scene_1,item_4201,item_1942,0.27264373542131126
scene_1,item_4201,item_1492,0.21004954542180815
scene_1,item_4201,item_2713,0.1565616874020309
scene_1,item_4201,item_6268,0.1565616874020309
scene_1,item_4201,item_9331,0.09088124514043709
scene_1,item_8854,item_4201,0.46968506220609274
scene_1,item_8854,item_2713,0.20711164485320396
scene_1,item_5209,item_4618,0.25365892483943775
scene_1,item_5209,item_7261,0.18733953155220534
scene_1,item_8476,item_5269,0.28784291717709903
scene_1,item_8476,item_3181,0.18625112890063278
scene_1,item_2752,item_8257,0.27786943009413506
scene_1,item_2752,item_8845,0.2633988724985744
scene_1,item_2752,item_8434,0.2633988724985744
scene_1,item_2752,item_8359,0.2633988724985744
scene_1,item_2752,item_9811,0.20353567865244448
scene_1,item_2944,item_6481,0.32181816482491765
scene_1,item_5653,item_4048,0.4164701851078906
scene_1,item_7072,item_5992,0.22755980665670933
scene_1,item_7072,item_3943,0.1472444460259031
scene_1,item_7072,item_3586,0.09639411708222007
scene_1,item_5992,item_6805,0.45511961331341866
scene_1,item_5992,item_7072,0.22755980665670933
scene_1,item_8866,item_862,0.9102392266268373
scene_1,item_862,item_8866,0.9102392266268373
scene_1,item_7324,item_4894,0.37160360818355515
scene_1,item_7324,item_6559,0.12386786939451837
scene_1,item_4894,item_7324,0.37160360818355515
scene_1,item_2092,item_6559,0.2145454432166118
scene_1,item_3655,item_4432,0.6436363296498353
scene_1,item_7864,item_7534,0.13138171562999032
scene_1,item_7687,item_9073,0.2404491734814939
scene_1,item_7687,item_1636,0.18625112890063278
scene_1,item_8596,item_7579,0.37160360818355515
scene_1,item_7579,item_8596,0.37160360818355515
scene_1,item_7579,item_7615,0.2226126777828642
scene_1,item_7579,item_2152,0.2145454432166118
scene_1,item_2173,item_3130,0.14575492688072578
scene_1,item_4,item_4825,0.22811011491194377
scene_1,item_601,item_5461,0.5255268625199613
scene_1,item_9724,item_4963,0.28784291717709903
scene_1,item_9724,item_9295,0.23502275771936396
scene_1,item_3061,item_7561,0.28784291717709903
scene_1,item_1195,item_7732,0.095947639059033
scene_1,item_7732,item_139,0.19648335830400424
scene_1,item_7732,item_571,0.19648335830400424
scene_1,item_7732,item_2824,0.17243503874153418
scene_1,item_7732,item_3028,0.13893471504706753
scene_1,item_7732,item_1195,0.095947639059033
scene_1,item_7732,item_7339,0.07432072163671102
scene_1,item_4492,item_4705,0.20353567865244448
scene_1,item_1630,item_901,0.27786943009413506
scene_1,item_1630,item_7615,0.17201904480216956
scene_1,item_1630,item_5470,0.15533373363990297
scene_1,item_901,item_1630,0.27786943009413506
scene_1,item_901,item_5470,0.27786943009413506
scene_1,item_901,item_4471,0.18625112890063278
scene_1,item_4189,item_7699,0.4164701851078906
scene_1,item_4189,item_3100,0.26276343125998064
scene_1,item_4417,item_7111,0.434988921594103
scene_1,item_5542,item_8587,0.2744474531076814
scene_1,item_5542,item_8974,0.2163210579430483
scene_1,item_5542,item_2014,0.2163210579430483
scene_1,item_5542,item_8848,0.19406365517181853
scene_1,item_3478,item_6514,0.1472444460259031
scene_1,item_3478,item_8785,0.13882339503596353
scene_1,item_1636,item_4606,0.28784291717709903
scene_1,item_1636,item_7975,0.2633988724985744
scene_1,item_1636,item_7687,0.18625112890063278
scene_1,item_1636,item_9073,0.18625112890063278
scene_1,item_9733,item_7117,0.40707135730488897
scene_1,item_8539,item_5521,0.7213475204444817
scene_1,item_727,item_7822,0.45511961331341866
scene_1,item_3049,item_1120,0.20353567865244448
scene_1,item_7966,item_5707,0.27786943009413506
scene_1,item_7966,item_8515,0.19648335830400424
scene_1,item_7966,item_6103,0.09824167915200212
scene_1,item_3070,item_9775,0.4164701851078906
scene_1,item_3070,item_1816,0.37160360818355515
scene_1,item_3070,item_1096,0.10753213940765202
scene_1,item_6298,item_1543,0.45511961331341866
scene_1,item_1543,item_6298,0.45511961331341866
scene_1,item_1543,item_7318,0.32181816482491765
scene_1,item_238,item_8551,0.38557646832888026
scene_1,item_6724,item_5236,0.4164701851078906
scene_1,item_6724,item_8077,0.12022458674074694
scene_1,item_5236,item_6724,0.4164701851078906
scene_1,item_5236,item_8077,0.2082350925539453
scene_1,item_8131,item_7891,0.32181816482491765
scene_1,item_7891,item_8131,0.32181816482491765
scene_1,item_1069,item_4555,0.2944888920518062
scene_1,item_7633,item_2392,0.26276343125998064
scene_1,item_799,item_3586,0.24385997041660773
scene_1,item_799,item_1627,0.1538585110408932
scene_1,item_7561,item_3061,0.28784291717709903
scene_1,item_7561,item_3919,0.18625112890063278
scene_1,item_7561,item_5317,0.11405505745597189
scene_1,item_4438,item_8956,0.28784291717709903
scene_1,item_8956,item_3292,0.32259641822295604
scene_1,item_8956,item_4438,0.28784291717709903
scene_1,item_8956,item_9382,0.2633988724985744
scene_1,item_8956,item_8935,0.22811011491194377
scene_1,item_4216,item_2089,0.17201904480216956
scene_1,item_1684,item_4357,0.2633988724985744
scene_1,item_487,item_8779,0.28784291717709903
scene_1,item_8656,item_4141,0.26276343125998064
scene_1,item_985,item_6598,0.5100697232983947
scene_1,item_985,item_9589,0.2944888920518062
scene_1,item_9589,item_1267,0.5255268625199613
scene_1,item_9589,item_6598,0.4164701851078906
scene_1,item_9589,item_985,0.2944888920518062
scene_1,item_6598,item_985,0.5100697232983947
scene_1,item_6598,item_9589,0.4164701851078906
scene_1,item_2053,item_4555,0.1255704854884302
scene_1,item_3742,item_1081,0.37160360818355515
scene_1,item_3742,item_5365,0.26276343125998064
scene_1,item_3742,item_4600,0.12386786939451837
scene_1,item_3742,item_7339,0.095947639059033
scene_1,item_4600,item_2026,0.338211899785917
scene_1,item_4600,item_3778,0.15170653777113954
scene_1,item_4600,item_3742,0.12386786939451837
scene_1,item_4936,item_832,0.36067376022224085
scene_1,item_9025,item_6316,0.9102392266268373
scene_1,item_6316,item_9025,0.9102392266268373
scene_1,item_4729,item_4156,0.26276343125998064
scene_1,item_4729,item_7405,0.12622746940545188
scene_1,item_4204,item_337,0.4808983469629878
scene_1,item_4738,item_7225,0.45511961331341866
scene_1,item_502,item_2926,0.5889777841036123
scene_1,item_3667,item_3907,0.37250225780126556
scene_1,item_3667,item_7669,0.21506427881530404
scene_1,item_7396,item_8830,0.37160360818355515
scene_1,item_43,item_1498,0.27786943009413506
scene_1,item_43,item_1591,0.1604279902644168
scene_1,item_292,item_943,0.32181816482491765
scene_1,item_943,item_292,0.32181816482491765
scene_1,item_943,item_8257,0.18033688011112042
scene_1,item_943,item_4555,0.1472444460259031
scene_1,item_943,item_5368,0.14392145858854952
scene_1,item_2326,item_8311,0.0888302527665747
scene_1,item_2512,item_3946,0.23502275771936396
scene_1,item_2929,item_937,0.26276343125998064
scene_1,item_2929,item_7534,0.25365892483943775
scene_1,item_2929,item_8743,0.25365892483943775
scene_1,item_7534,item_2980,0.37160360818355515
scene_1,item_7534,item_1243,0.26276343125998064
scene_1,item_7534,item_5794,0.26276343125998064
scene_1,item_7534,item_2929,0.25365892483943775
scene_1,item_7534,item_7864,0.13138171562999032
scene_1,item_7534,item_8743,0.10355582242660198
scene_1,item_3586,item_2947,0.27264373542131126
scene_1,item_3586,item_799,0.24385997041660773
scene_1,item_3586,item_3943,0.15741093403835918
scene_1,item_3586,item_724,0.1037313869825694
scene_1,item_3586,item_7072,0.09639411708222007
scene_1,item_6676,item_1969,0.32181816482491765
scene_1,item_1969,item_106,0.45511961331341866
scene_1,item_1969,item_6676,0.32181816482491765
scene_1,item_1969,item_7627,0.25503486164919736
scene_1,item_1969,item_3853,0.1472444460259031
scene_1,item_835,item_7123,0.2944888920518062
scene_1,item_835,item_3481,0.19898643193127055
scene_1,item_835,item_1030,0.18580180409177757
scene_1,item_835,item_5533,0.15170653777113954
scene_1,item_6889,item_6628,0.18580180409177757
scene_1,item_6889,item_8593,0.15170653777113954
scene_1,item_475,item_1441,0.4808983469629878
scene_1,item_3691,item_1678,0.5100697232983947
scene_1,item_3691,item_4426,0.43935014561520125
scene_1,item_3691,item_2410,0.43935014561520125
scene_1,item_7699,item_4189,0.4164701851078906
scene_1,item_4045,item_4507,0.3222253204769533
scene_1,item_4045,item_4087,0.3095840740633624
scene_1,item_4507,item_4045,0.3222253204769533
scene_1,item_4507,item_7297,0.2145454432166118
scene_1,item_4507,item_511,0.2145454432166118
scene_1,item_4507,item_4087,0.17873844849730333
scene_1,item_3322,item_2275,0.32181816482491765
scene_1,item_9745,item_8068,0.2633988724985744
scene_1,item_9745,item_9094,0.20353567865244448
scene_1,item_9745,item_607,0.07983326132008961
scene_1,item_9745,item_2938,0.0769292555204466
scene_1,item_2785,item_1717,0.29290009707680087
scene_1,item_2785,item_1144,0.23101609340130438
scene_1,item_2785,item_9739,0.1604279902644168
scene_1,item_3154,item_259,0.26276343125998064
scene_1,item_3154,item_4864,0.17002324109946493
scene_1,item_3154,item_1912,0.12022458674074694
scene_1,item_3154,item_1978,0.12022458674074694
scene_1,item_6139,item_1555,0.25503486164919736
scene_1,item_6139,item_4915,0.16090908241245883
scene_1,item_3934,item_3739,0.6436363296498353
scene_1,item_3739,item_3934,0.6436363296498353
scene_1,item_3739,item_1810,0.5100697232983947
scene_1,item_3739,item_775,0.18033688011112042
scene_1,item_937,item_2929,0.26276343125998064
scene_1,item_6982,item_9124,0.15379180810010684
scene_1,item_6982,item_5596,0.09703182758590927
scene_1,item_1246,item_4615,0.5255268625199613
scene_1,item_4615,item_1246,0.5255268625199613
scene_1,item_7603,item_5062,0.40707135730488897
scene_1,item_625,item_7435,0.2649381062897512
scene_1,item_625,item_514,0.19648335830400424
scene_1,item_6514,item_5806,0.5100697232983947
scene_1,item_6514,item_9061,0.32181816482491765
scene_1,item_6514,item_3478,0.1472444460259031
scene_1,item_6514,item_8785,0.08501162054973246
scene_1,item_190,item_70,0.31066746727980593
scene_1,item_190,item_6451,0.29290009707680087
scene_1,item_70,item_190,0.31066746727980593
scene_1,item_70,item_6451,0.29290009707680087
scene_1,item_6451,item_3199,0.3720737510341648
scene_1,item_6451,item_7702,0.3720737510341648
scene_1,item_6451,item_190,0.29290009707680087
scene_1,item_6451,item_70,0.29290009707680087
scene_1,item_6451,item_3217,0.26309587245777316
scene_1,item_6451,item_8953,0.26309587245777316
scene_1,item_6451,item_1774,0.2145454432166118
scene_1,item_6451,item_4960,0.1860368755170824
scene_1,item_1132,item_6151,0.2944888920518062
scene_1,item_1132,item_7321,0.2404491734814939
scene_1,item_6151,item_1132,0.2944888920518062
scene_1,item_6151,item_7321,0.2944888920518062
scene_1,item_7321,item_6151,0.2944888920518062
scene_1,item_7321,item_1132,0.2404491734814939
scene_1,item_7321,item_6361,0.18580180409177757
scene_1,item_3688,item_8704,0.17201904480216956
scene_1,item_3688,item_52,0.07892775080600554
scene_1,item_8704,item_3886,0.7213475204444817
scene_1,item_8704,item_3688,0.17201904480216956
scene_1,item_9874,item_1900,0.26276343125998064
scene_1,item_1,item_481,0.2174944607970515
scene_1,item_4465,item_481,0.3746790631044107
scene_1,item_4465,item_3178,0.18733953155220534
scene_1,item_481,item_4465,0.3746790631044107
scene_1,item_481,item_1,0.2174944607970515
scene_1,item_481,item_3178,0.11296998810174762
scene_1,item_6181,item_9640,0.28784291717709903
scene_1,item_1672,item_673,0.37250225780126556
scene_1,item_1672,item_3856,0.23502275771936396
scene_1,item_946,item_9382,0.37160360818355515
scene_1,item_3463,item_6520,0.5100697232983947
scene_1,item_3463,item_748,0.5100697232983947
scene_1,item_511,item_4507,0.2145454432166118
scene_1,item_511,item_3769,0.15170653777113954
scene_1,item_7261,item_5209,0.18733953155220534
scene_1,item_7261,item_6916,0.15845231093012707
scene_1,item_7261,item_4618,0.07648104349248876
scene_1,item_1243,item_7534,0.26276343125998064
scene_1,item_5215,item_5119,0.36067376022224085
scene_1,item_4270,item_2392,0.4808983469629878
scene_1,item_6532,item_2257,0.5100697232983947
scene_1,item_6532,item_7438,0.18033688011112042
scene_1,item_4915,item_5191,0.32181816482491765
scene_1,item_4915,item_3907,0.2944888920518062
scene_1,item_4915,item_2803,0.22755980665670933
scene_1,item_4915,item_6139,0.16090908241245883
scene_1,item_2803,item_5107,0.39296671660800847
scene_1,item_2803,item_4915,0.22755980665670933
scene_1,item_2803,item_6844,0.15533373363990297
scene_1,item_3361,item_4975,0.18580180409177757
scene_1,item_5617,item_1408,0.18580180409177757
scene_1,item_3349,item_9442,0.7213475204444817
scene_1,item_3349,item_1504,0.20353567865244448
scene_1,item_4183,item_9016,0.40707135730488897
scene_1,item_4432,item_3655,0.6436363296498353
scene_1,item_7585,item_826,0.45375887923239416
scene_1,item_7585,item_187,0.35872789172491043
scene_1,item_7585,item_8251,0.25365892483943775
scene_1,item_9775,item_3070,0.4164701851078906
scene_1,item_9775,item_1096,0.18625112890063278
scene_1,item_1414,item_2071,0.5255268625199613
scene_1,item_1414,item_2452,0.3034130755422791
scene_1,item_2071,item_1414,0.5255268625199613
scene_1,item_6121,item_6706,0.38557646832888026
scene_1,item_2809,item_3130,0.3446546101218066
scene_1,item_2809,item_6694,0.20711164485320396
scene_1,item_7045,item_8506,0.37250225780126556
scene_1,item_7045,item_9073,0.23502275771936396
scene_1,item_6481,item_2944,0.32181816482491765
scene_1,item_6907,item_2161,0.11377990332835466
scene_1,item_1255,item_8350,0.37160360818355515
scene_1,item_8350,item_1255,0.37160360818355515
scene_1,item_9922,item_814,0.36067376022224085
scene_1,item_958,item_4825,0.20353567865244448
scene_1,item_1978,item_9532,0.37250225780126556
scene_1,item_1978,item_1912,0.2404491734814939
scene_1,item_1978,item_3154,0.12022458674074694
scene_1,item_5308,item_415,0.5255268625199613
scene_1,item_4054,item_5614,0.6436363296498353
scene_1,item_415,item_5308,0.5255268625199613
scene_1,item_9658,item_5959,0.24385997041660773
scene_1,item_6520,item_748,0.7213475204444817
scene_1,item_6520,item_3463,0.5100697232983947
scene_1,item_748,item_6520,0.7213475204444817
scene_1,item_748,item_3463,0.5100697232983947
scene_1,item_1219,item_2161,0.16090908241245883
scene_1,item_3013,item_6745,0.45511961331341866
scene_1,item_7627,item_1969,0.25503486164919736
scene_1,item_7627,item_3853,0.2082350925539453
scene_1,item_7627,item_2377,0.17201904480216956
scene_1,item_9670,item_595,0.34004648219892986
scene_1,item_3523,item_5887,0.45511961331341866
scene_1,item_3523,item_2377,0.17201904480216956
scene_1,item_2680,item_289,0.45622022982388755
scene_1,item_694,item_472,0.6213349345596119
scene_1,item_694,item_8188,0.31066746727980593
scene_1,item_5707,item_8515,0.43935014561520125
scene_1,item_5707,item_7966,0.27786943009413506
scene_1,item_5707,item_6103,0.21967507280760062
scene_1,item_6103,item_2653,0.46600120091970887
scene_1,item_6103,item_5707,0.21967507280760062
scene_1,item_6103,item_8515,0.15533373363990297
scene_1,item_6103,item_7966,0.09824167915200212
scene_1,item_8515,item_5707,0.43935014561520125
scene_1,item_8515,item_7966,0.19648335830400424
scene_1,item_8515,item_6103,0.15533373363990297
scene_1,item_4558,item_133,0.9102392266268373
scene_1,item_133,item_4558,0.9102392266268373
scene_1,item_9211,item_3658,0.46968506220609274
scene_1,item_9211,item_2884,0.2711727970990338
scene_1,item_9211,item_8068,0.1986304836445498
scene_1,item_9211,item_6127,0.12163583307284663
scene_1,item_5143,item_2182,0.8329403702157812
scene_1,item_6871,item_742,0.20353567865244448
scene_1,item_1516,item_358,0.22811011491194377
scene_1,item_1516,item_6409,0.1538585110408932
scene_1,item_1516,item_5254,0.09312556445031639
scene_1,item_6856,item_1186,0.32259641822295604
scene_1,item_1186,item_6856,0.32259641822295604
scene_1,item_1186,item_7024,0.17894429648982982
scene_1,item_7192,item_4147,0.6436363296498353
scene_1,item_4147,item_7192,0.6436363296498353
scene_1,item_8344,item_8440,0.36067376022224085
scene_1,item_8344,item_9997,0.36067376022224085
scene_1,item_8326,item_7762,0.2145454432166118
scene_1,item_5407,item_2482,0.45511961331341866
scene_1,item_1300,item_8389,0.28853900817779266
scene_1,item_1300,item_2848,0.24959465998671754
scene_1,item_1300,item_2113,0.24959465998671754
scene_1,item_1300,item_445,0.07525562153202495
scene_1,item_1300,item_7924,0.07205177206581224
scene_1,item_6274,item_295,0.9102392266268373
scene_1,item_295,item_6274,0.9102392266268373
scene_1,item_9463,item_2080,0.13569045243496297
scene_1,item_5068,item_5017,0.2944888920518062
scene_1,item_5017,item_2095,0.45511961331341866
scene_1,item_5017,item_5068,0.2944888920518062
scene_1,item_9781,item_4003,0.2082350925539453
scene_1,item_9781,item_6835,0.17936394586245522
scene_1,item_9781,item_4825,0.1604279902644168
scene_1,item_9781,item_7435,0.11204270355337215
scene_1,item_1504,item_3349,0.20353567865244448
scene_1,item_139,item_571,0.6213349345596119
scene_1,item_139,item_3028,0.43935014561520125
scene_1,item_139,item_7732,0.19648335830400424
scene_1,item_3028,item_139,0.43935014561520125
scene_1,item_3028,item_571,0.43935014561520125
scene_1,item_3028,item_7732,0.13893471504706753
scene_1,item_571,item_139,0.6213349345596119
scene_1,item_571,item_3028,0.43935014561520125
scene_1,item_571,item_7732,0.19648335830400424
scene_1,item_7651,item_6895,0.9102392266268373
scene_1,item_6895,item_7651,0.9102392266268373
scene_1,item_4576,item_4726,0.45511961331341866
scene_1,item_4726,item_4576,0.45511961331341866
scene_1,item_4726,item_4888,0.32181816482491765
scene_1,item_9022,item_6955,0.7174557834498209
scene_1,item_9022,item_7558,0.7174557834498209
scene_1,item_6955,item_9022,0.7174557834498209
scene_1,item_6955,item_7558,0.6213349345596119
scene_1,item_7558,item_9022,0.7174557834498209
scene_1,item_7558,item_6955,0.6213349345596119
scene_1,item_6790,item_5533,0.37160360818355515
scene_1,item_1741,item_3991,0.12622746940545188
scene_1,item_3232,item_7522,0.32259641822295604
scene_1,item_472,item_694,0.6213349345596119
scene_1,item_472,item_8188,0.31066746727980593
scene_1,item_4960,item_8059,0.32181816482491765
scene_1,item_4960,item_3199,0.2790553132756236
scene_1,item_4960,item_3217,0.19732190434332983
scene_1,item_4960,item_6451,0.1860368755170824
scene_1,item_3199,item_3217,0.39464380868665966
scene_1,item_3199,item_6451,0.3720737510341648
scene_1,item_3199,item_4960,0.2790553132756236
scene_1,item_3217,item_3199,0.39464380868665966
scene_1,item_3217,item_6451,0.26309587245777316
scene_1,item_3217,item_4960,0.19732190434332983
scene_1,item_1405,item_5545,0.5255268625199613
scene_1,item_7825,item_5557,0.43935014561520125
scene_1,item_7825,item_4519,0.3321174925079536
scene_1,item_4519,item_5557,0.46968506220609274
scene_1,item_4519,item_7825,0.3321174925079536
scene_1,item_4519,item_7249,0.19278823416444013
scene_1,item_4519,item_1438,0.08621751937076709
scene_1,item_5557,item_4519,0.46968506220609274
scene_1,item_5557,item_7825,0.43935014561520125
scene_1,item_3256,item_9484,0.6436363296498353
scene_1,item_9484,item_3256,0.6436363296498353
scene_1,item_6307,item_9199,0.6436363296498353
scene_1,item_9199,item_6307,0.6436363296498353
scene_1,item_7714,item_559,0.32181816482491765
scene_1,item_5689,item_3745,0.6436363296498353
scene_1,item_3745,item_5689,0.6436363296498353
scene_1,item_781,item_8311,0.2633988724985744
scene_1,item_4603,item_9268,0.37160360818355515
scene_1,item_9268,item_4603,0.37160360818355515
scene_1,item_8845,item_2752,0.2633988724985744
scene_1,item_5218,item_7630,0.20353567865244448
scene_1,item_1081,item_3742,0.37160360818355515
scene_1,item_8929,item_8902,0.43935014561520125
scene_1,item_8929,item_2890,0.36067376022224085
scene_1,item_7117,item_9733,0.40707135730488897
scene_1,item_7063,item_4069,0.08879174180575594
scene_1,item_7063,item_8077,0.08501162054973246
scene_1,item_2359,item_2050,0.28784291717709903
scene_1,item_8902,item_8929,0.43935014561520125
scene_1,item_9739,item_9235,0.22811011491194377
scene_1,item_9739,item_1717,0.22687943961619708
scene_1,item_9739,item_6670,0.18204784532536747
scene_1,item_9739,item_2785,0.1604279902644168
scene_1,item_9739,item_3265,0.12192998520830386
scene_1,item_8341,item_7975,0.2082350925539453
scene_1,item_8341,item_5959,0.19278823416444013
scene_1,item_9640,item_6181,0.28784291717709903
scene_1,item_7675,item_9547,0.6436363296498353
scene_1,item_9895,item_8209,0.2744474531076814
scene_1,item_9895,item_1753,0.2744474531076814
scene_1,item_9895,item_9475,0.2649381062897512
scene_1,item_9895,item_2824,0.21242306195077434
scene_1,item_9895,item_6937,0.18733953155220534
scene_1,item_9895,item_4744,0.1372237265538407
scene_1,item_9895,item_8779,0.11848392309878963
scene_1,item_9895,item_4501,0.046834882888051335
scene_1,item_6640,item_6850,0.37160360818355515
scene_1,item_6640,item_3130,0.17851259917722495
scene_1,item_3319,item_9094,0.6436363296498353
scene_1,item_9094,item_3319,0.6436363296498353
scene_1,item_9094,item_9745,0.20353567865244448
scene_1,item_9859,item_1063,0.6436363296498353
scene_1,item_1063,item_9859,0.6436363296498353
scene_1,item_5812,item_514,0.40707135730488897
scene_1,item_5365,item_4792,0.32181816482491765
scene_1,item_5365,item_3742,0.26276343125998064
scene_1,item_1237,item_7522,0.28784291717709903
scene_1,item_3037,item_2902,0.25503486164919736
scene_1,item_6115,item_2269,0.36067376022224085
scene_1,item_6115,item_3991,0.14146788780108396
scene_1,item_8224,item_6367,0.6436363296498353
scene_1,item_7576,item_2938,0.14045296193542475
scene_1,item_3001,item_8824,0.6436363296498353
scene_1,item_8824,item_3001,0.6436363296498353
scene_1,item_8824,item_1387,0.26276343125998064
scene_1,item_5116,item_4390,0.4164701851078906
scene_1,item_5116,item_1177,0.2404491734814939
scene_1,item_3778,item_5611,0.45511961331341866
scene_1,item_3778,item_4600,0.15170653777113954
scene_1,item_4975,item_3361,0.18580180409177757
scene_1,item_4975,item_7132,0.16129820911147802
scene_1,item_4975,item_4501,0.09016844005556021
scene_1,item_9421,item_5629,0.6436363296498353
scene_1,item_2026,item_4600,0.338211899785917
scene_1,item_8599,item_4792,0.25503486164919736
scene_1,item_8599,item_8635,0.2082350925539453
scene_1,item_4618,item_6250,0.37160360818355515
scene_1,item_4618,item_5209,0.25365892483943775
scene_1,item_4618,item_6670,0.16618618571652527
scene_1,item_4618,item_7261,0.07648104349248876
scene_1,item_2194,item_8518,0.39296671660800847
scene_1,item_2194,item_4255,0.39296671660800847
scene_1,item_3991,item_2269,0.14146788780108396
scene_1,item_3991,item_6115,0.14146788780108396
scene_1,item_3991,item_1741,0.12622746940545188
scene_1,item_3991,item_5596,0.07611802804617263
scene_1,item_5794,item_7534,0.26276343125998064
scene_1,item_2884,item_3658,0.35872789172491043
scene_1,item_2884,item_9211,0.2711727970990338
scene_1,item_2884,item_8380,0.16618618571652527
scene_1,item_6847,item_8074,0.45511961331341866
scene_1,item_6847,item_9331,0.2404491734814939
scene_1,item_4390,item_5116,0.4164701851078906
scene_1,item_4390,item_1177,0.4164701851078906
scene_1,item_1177,item_4390,0.4164701851078906
scene_1,item_1177,item_5116,0.2404491734814939
scene_1,item_5815,item_7033,0.434988921594103
scene_1,item_5815,item_1555,0.15379180810010684
scene_1,item_5815,item_2104,0.12273663228009231
scene_1,item_5815,item_7048,0.07611802804617263
scene_1,item_5815,item_4501,0.06861186327692036
scene_1,item_9880,item_223,0.32181816482491765
scene_1,item_9880,item_7834,0.32181816482491765
scene_1,item_9880,item_1117,0.15170653777113954
scene_1,item_9880,item_8311,0.11751137885968198
scene_1,item_880,item_4717,0.5100697232983947
scene_1,item_880,item_3364,0.2944888920518062
scene_1,item_820,item_6244,0.4808983469629878
scene_1,item_6244,item_7858,0.8329403702157812
scene_1,item_6244,item_820,0.4808983469629878
scene_1,item_7897,item_8005,0.38557646832888026
scene_1,item_7897,item_6565,0.38557646832888026
scene_1,item_7897,item_9340,0.24327166614569326
scene_1,item_1054,item_5713,0.45511961331341866
scene_1,item_7933,item_3958,0.36067376022224085
scene_1,item_6136,item_7816,0.6213349345596119
scene_1,item_6136,item_5050,0.31066746727980593
scene_1,item_1060,item_3781,0.5255268625199613
scene_1,item_1060,item_8701,0.17517562083998708
scene_1,item_1060,item_2377,0.14045296193542475
scene_1,item_8449,item_2377,0.19278823416444013
scene_1,item_1408,item_5617,0.18580180409177757
scene_1,item_7099,item_2713,0.2145454432166118
scene_1,item_4318,item_3583,0.23502275771936396
scene_1,item_5311,item_5317,0.32181816482491765
scene_1,item_163,item_7084,0.37160360818355515
scene_1,item_6589,item_8311,0.23502275771936396
scene_1,item_1585,item_589,0.6436363296498353
scene_1,item_8209,item_9895,0.2744474531076814
scene_1,item_8203,item_724,0.2744474531076814
scene_1,item_5581,item_1120,0.2040278893193579
scene_1,item_6502,item_8044,0.5255268625199613
scene_1,item_8044,item_6502,0.5255268625199613
scene_1,item_838,item_2251,0.3034130755422791
scene_1,item_76,item_8149,0.37160360818355515
scene_1,item_3943,item_3586,0.15741093403835918
scene_1,item_3943,item_7072,0.1472444460259031
scene_1,item_1474,item_5158,0.7892876173733193
scene_1,item_1474,item_2044,0.24959465998671754
scene_1,item_4366,item_7480,0.4164701851078906
scene_1,item_8134,item_52,0.1654884707784808
scene_1,item_7342,item_9295,0.37160360818355515
scene_1,item_1429,item_5677,0.26276343125998064
scene_1,item_9532,item_1978,0.37250225780126556
scene_1,item_6922,item_5398,0.5255268625199613
scene_1,item_5398,item_6922,0.5255268625199613
scene_1,item_5806,item_6514,0.5100697232983947
scene_1,item_328,item_9013,0.5255268625199613
scene_1,item_637,item_7972,0.6436363296498353
scene_1,item_6499,item_9511,0.5255268625199613
scene_1,item_6031,item_325,0.8329403702157812
scene_1,item_6031,item_7435,0.15845231093012707
scene_1,item_5782,item_949,0.40707135730488897
scene_1,item_6697,item_8917,0.4164701851078906
scene_1,item_8935,item_3292,0.5100697232983947
scene_1,item_8935,item_8956,0.22811011491194377
scene_1,item_9340,item_7897,0.24327166614569326
scene_1,item_5545,item_1405,0.5255268625199613
scene_1,item_5242,item_2161,0.16090908241245883
scene_1,item_5050,item_6136,0.31066746727980593
scene_1,item_5050,item_7816,0.31066746727980593
scene_1,item_5050,item_5134,0.26276343125998064
scene_1,item_5050,item_2275,0.22755980665670933
scene_1,item_3262,item_9802,0.5100697232983947
scene_1,item_3262,item_8701,0.17002324109946493
scene_1,item_7954,item_2707,0.22755980665670933
scene_1,item_5299,item_4501,0.16090908241245883
scene_1,item_8620,item_673,0.28784291717709903
scene_1,item_8620,item_2161,0.16090908241245883
scene_1,item_2839,item_5593,0.2404491734814939
scene_1,item_2980,item_7534,0.37160360818355515
scene_1,item_1435,item_7210,0.37160360818355515
scene_1,item_7225,item_4738,0.45511961331341866
scene_1,item_775,item_9031,0.31066746727980593
scene_1,item_775,item_1810,0.25503486164919736
scene_1,item_775,item_3739,0.18033688011112042
scene_1,item_2824,item_9895,0.21242306195077434
scene_1,item_2824,item_7732,0.17243503874153418
scene_1,item_2824,item_9079,0.17201904480216956
scene_1,item_8587,item_5542,0.2744474531076814
scene_1,item_1012,item_3844,0.5100697232983947
scene_1,item_1012,item_9202,0.5100697232983947
scene_1,item_3853,item_4243,0.37160360818355515
scene_1,item_3853,item_373,0.2944888920518062
scene_1,item_3853,item_7627,0.2082350925539453
scene_1,item_3853,item_1969,0.1472444460259031
scene_1,item_3853,item_1702,0.1113063388914321
scene_1,item_4354,item_1096,0.13569045243496297
scene_1,item_1627,item_799,0.1538585110408932
scene_1,item_2233,item_4501,0.22755980665670933
scene_1,item_4234,item_2311,0.26276343125998064
scene_1,item_3415,item_9694,0.5100697232983947
scene_1,item_3415,item_2953,0.32181816482491765
scene_1,item_9694,item_3415,0.5100697232983947
scene_1,item_2659,item_6904,0.6436363296498353
scene_1,item_6904,item_2659,0.6436363296498353
scene_1,item_34,item_556,0.37160360818355515
scene_1,item_5713,item_1054,0.45511961331341866
scene_1,item_9955,item_1441,0.4808983469629878
scene_1,item_9931,item_7522,0.40707135730488897
scene_1,item_7522,item_9931,0.40707135730488897
scene_1,item_7522,item_3232,0.32259641822295604
scene_1,item_7522,item_1237,0.28784291717709903
scene_1,item_7522,item_3064,0.22811011491194377
scene_1,item_7522,item_6253,0.22811011491194377
scene_1,item_7522,item_4441,0.12192998520830386
scene_1,item_9685,item_6496,0.9102392266268373
scene_1,item_6496,item_9685,0.9102392266268373
scene_1,item_2098,item_5584,0.40707135730488897
scene_1,item_2098,item_8593,0.16618618571652527
scene_1,item_8005,item_7897,0.38557646832888026
scene_1,item_7702,item_8953,0.39464380868665966
scene_1,item_7702,item_6451,0.3720737510341648
scene_1,item_1591,item_8545,0.37160360818355515
scene_1,item_1591,item_1498,0.35872789172491043
scene_1,item_1591,item_43,0.1604279902644168
scene_1,item_1567,item_3160,0.20353567865244448
scene_1,item_3160,item_8140,0.40707135730488897
scene_1,item_3160,item_1567,0.20353567865244448
scene_1,item_5230,item_13,0.2944888920518062
scene_1,item_5230,item_7837,0.2944888920518062
scene_1,item_7900,item_6559,0.4808983469629878
scene_1,item_7636,item_2230,0.6213349345596119
scene_1,item_7636,item_5695,0.1660587462539768
scene_1,item_763,item_265,0.26276343125998064
scene_1,item_577,item_2083,0.5889777841036123
scene_1,item_8332,item_2377,0.14045296193542475
scene_1,item_9310,item_1039,0.32181816482491765
scene_1,item_2893,item_7552,0.5255268625199613
scene_1,item_7552,item_2893,0.5255268625199613
scene_1,item_7552,item_355,0.35872789172491043
scene_1,item_7552,item_9748,0.29290009707680087
scene_1,item_1678,item_3691,0.5100697232983947
scene_1,item_7033,item_5815,0.434988921594103
scene_1,item_3373,item_2572,0.37160360818355515
scene_1,item_1942,item_4201,0.27264373542131126
scene_1,item_1942,item_9331,0.2404491734814939
scene_1,item_9331,item_1942,0.2404491734814939
scene_1,item_9331,item_6847,0.2404491734814939
scene_1,item_9331,item_1687,0.2145454432166118
scene_1,item_9331,item_4201,0.09088124514043709
scene_1,item_3781,item_1060,0.5255268625199613
scene_1,item_1165,item_5008,0.13138171562999032
scene_1,item_8440,item_9997,0.7213475204444817
scene_1,item_8440,item_8344,0.36067376022224085
scene_1,item_9997,item_8440,0.7213475204444817
scene_1,item_9997,item_8344,0.36067376022224085
scene_1,item_9535,item_3298,0.45511961331341866
scene_1,item_7249,item_4519,0.19278823416444013
scene_1,item_7249,item_1438,0.16129820911147802
scene_1,item_5434,item_8101,0.8329403702157812
scene_1,item_8101,item_5434,0.8329403702157812
scene_1,item_8101,item_4276,0.5255268625199613
scene_1,item_1810,item_3739,0.5100697232983947
scene_1,item_1810,item_775,0.25503486164919736
scene_1,item_9205,item_4873,0.2744474531076814
scene_1,item_7132,item_4975,0.16129820911147802
scene_1,item_7132,item_4501,0.08064910455573901
scene_1,item_3532,item_4795,0.37160360818355515
scene_1,item_7888,item_9130,0.7213475204444817
scene_1,item_9130,item_7888,0.7213475204444817
scene_1,item_6304,item_8056,0.7213475204444817
scene_1,item_8056,item_6304,0.7213475204444817
scene_1,item_8056,item_9937,0.45511961331341866
scene_1,item_4888,item_4021,0.45511961331341866
scene_1,item_4888,item_4726,0.32181816482491765
scene_1,item_4021,item_4888,0.45511961331341866
scene_1,item_1225,item_7024,0.17851259917722495
scene_1,item_5584,item_2098,0.40707135730488897
scene_1,item_3982,item_8359,0.26276343125998064
scene_1,item_3982,item_4069,0.1372237265538407
scene_1,item_9073,item_7687,0.2404491734814939
scene_1,item_9073,item_7045,0.23502275771936396
scene_1,item_9073,item_1636,0.18625112890063278
scene_1,item_1753,item_9895,0.2744474531076814
scene_1,item_5089,item_4072,0.45511961331341866
scene_1,item_5629,item_9421,0.6436363296498353
scene_1,item_8713,item_6379,0.5100697232983947
scene_1,item_9823,item_7726,0.6436363296498353
scene_1,item_4537,item_9730,0.23502275771936396
scene_1,item_7693,item_322,0.6436363296498353
scene_1,item_7693,item_1534,0.5100697232983947
scene_1,item_7693,item_5650,0.36067376022224085
scene_1,item_322,item_7693,0.6436363296498353
scene_1,item_3328,item_8926,0.14045296193542475
scene_1,item_2323,item_6793,0.5255268625199613
scene_1,item_6805,item_5992,0.45511961331341866
scene_1,item_9667,item_607,0.25245493881090375
scene_1,item_187,item_8251,0.8787002912304025
scene_1,item_187,item_7585,0.35872789172491043
scene_1,item_8251,item_187,0.8787002912304025
scene_1,item_8251,item_7585,0.25365892483943775
scene_1,item_5119,item_5215,0.36067376022224085
scene_1,item_9184,item_7105,0.28784291717709903
scene_1,item_2392,item_4270,0.4808983469629878
scene_1,item_2392,item_7633,0.26276343125998064
scene_1,item_5890,item_2215,0.9102392266268373
scene_1,item_2215,item_5890,0.9102392266268373
scene_1,item_289,item_2680,0.45622022982388755
scene_1,item_6682,item_8785,0.15170653777113954
scene_1,item_5887,item_3523,0.45511961331341866
scene_1,item_4606,item_1636,0.28784291717709903
scene_1,item_5551,item_9394,0.24327166614569326
scene_1,item_5551,item_1117,0.17002324109946493
scene_1,item_5551,item_2080,0.1316994362492872
scene_1,item_6259,item_5011,0.4164701851078906
scene_1,item_6259,item_682,0.2082350925539453
scene_1,item_6259,item_7048,0.16335304620728716
scene_1,item_6259,item_9655,0.1472444460259031
scene_1,item_8386,item_7075,0.3034130755422791
scene_1,item_8386,item_1996,0.2082350925539453
scene_1,item_8386,item_52,0.09554481315173542
scene_1,item_7075,item_8386,0.3034130755422791
scene_1,item_4153,item_4114,0.2145454432166118
scene_1,item_3919,item_7561,0.18625112890063278
scene_1,item_3919,item_5317,0.1472444460259031
scene_1,item_5803,item_1018,0.6436363296498353
scene_1,item_1018,item_5803,0.6436363296498353
scene_1,item_9937,item_8056,0.45511961331341866
scene_1,item_8092,item_205,0.9102392266268373
scene_1,item_205,item_8092,0.9102392266268373
scene_1,item_2257,item_6532,0.5100697232983947
scene_1,item_2257,item_7438,0.25503486164919736
scene_1,item_2269,item_6115,0.36067376022224085
scene_1,item_2269,item_3991,0.14146788780108396
scene_1,item_8953,item_7702,0.39464380868665966
scene_1,item_8953,item_8524,0.32181816482491765
scene_1,item_8953,item_6451,0.26309587245777316
scene_1,item_7162,item_8257,0.32181816482491765
scene_1,item_1996,item_8386,0.2082350925539453
scene_1,item_1996,item_52,0.0827442353892404
scene_1,item_9973,item_6934,0.32259641822295604
scene_1,item_9973,item_4060,0.2082350925539453
scene_1,item_9802,item_3262,0.5100697232983947
scene_1,item_9802,item_8701,0.2404491734814939
scene_1,item_4000,item_6271,0.2060992915555662
scene_1,item_1774,item_6451,0.2145454432166118
scene_1,item_5176,item_4999,0.39464380868665966
scene_1,item_5176,item_4771,0.23797917077280895
scene_1,item_5176,item_4003,0.1395276566378118
scene_1,item_5359,item_4771,0.434988921594103
scene_1,item_2557,item_5746,0.45511961331341866
scene_1,item_118,item_7909,0.5100697232983947
scene_1,item_118,item_4882,0.2944888920518062
scene_1,item_7909,item_118,0.5100697232983947
scene_1,item_7909,item_4882,0.4164701851078906
scene_1,item_4882,item_7909,0.4164701851078906
scene_1,item_4882,item_118,0.2944888920518062
scene_1,item_9295,item_7342,0.37160360818355515
scene_1,item_9295,item_9724,0.23502275771936396
scene_1,item_1537,item_2938,0.24327166614569326
scene_1,item_7084,item_163,0.37160360818355515
scene_1,item_7084,item_9394,0.24327166614569326
scene_1,item_8830,item_7396,0.37160360818355515
scene_1,item_8830,item_8701,0.2145454432166118
scene_1,item_1270,item_3517,0.6436363296498353
scene_1,item_1270,item_643,0.2145454432166118
scene_1,item_1816,item_3070,0.37160360818355515
scene_1,item_2305,item_7246,1.0201394465967895
scene_1,item_7246,item_2305,1.0201394465967895
scene_1,item_9952,item_7849,0.32181816482491765
scene_1,item_8518,item_2194,0.39296671660800847
scene_1,item_8518,item_4255,0.31066746727980593
scene_1,item_1345,item_3598,0.37160360818355515
scene_1,item_4852,item_7048,0.25245493881090375
scene_1,item_6523,item_8701,0.13569045243496297
scene_1,item_9811,item_2752,0.20353567865244448
scene_1,item_5650,item_1534,0.5100697232983947
scene_1,item_5650,item_9427,0.45511961331341866
scene_1,item_5650,item_7693,0.36067376022224085
scene_1,item_1534,item_5650,0.5100697232983947
scene_1,item_1534,item_7693,0.5100697232983947
scene_1,item_7123,item_835,0.2944888920518062
scene_1,item_3139,item_826,0.28784291717709903
scene_1,item_826,item_7585,0.45375887923239416
scene_1,item_826,item_3139,0.28784291717709903
scene_1,item_8068,item_9745,0.2633988724985744
scene_1,item_8068,item_9211,0.1986304836445498
scene_1,item_8254,item_3442,0.45511961331341866
scene_1,item_8578,item_9406,0.6436363296498353
scene_1,item_9406,item_8578,0.6436363296498353
scene_1,item_4717,item_880,0.5100697232983947
scene_1,item_4717,item_3364,0.4164701851078906
scene_1,item_3364,item_4717,0.4164701851078906
scene_1,item_3364,item_880,0.2944888920518062
scene_1,item_1579,item_5533,0.3034130755422791
scene_1,item_5533,item_6790,0.37160360818355515
scene_1,item_5533,item_1579,0.3034130755422791
scene_1,item_5533,item_835,0.15170653777113954
scene_1,item_979,item_3394,0.5889777841036123
scene_1,item_7126,item_2536,0.26276343125998064
scene_1,item_7711,item_5971,0.5889777841036123
scene_1,item_8218,item_8413,0.16090908241245883
scene_1,item_2554,item_8671,0.9102392266268373
scene_1,item_8671,item_2554,0.9102392266268373
scene_1,item_2095,item_5017,0.45511961331341866
scene_1,item_130,item_6376,0.8329403702157812
scene_1,item_1837,item_7105,0.22811011491194377
scene_1,item_4621,item_3481,0.25245493881090375
scene_1,item_6205,item_7516,0.9102392266268373
scene_1,item_7516,item_6205,0.9102392266268373
scene_1,item_4243,item_3853,0.37160360818355515
scene_1,item_5134,item_3190,0.37160360818355515
scene_1,item_5134,item_5050,0.26276343125998064
scene_1,item_9613,item_6559,0.34004648219892986
scene_1,item_3973,item_7024,0.17851259917722495
scene_1,item_3292,item_8935,0.5100697232983947
scene_1,item_3292,item_8956,0.32259641822295604
scene_1,item_7555,item_5404,0.5073178496788755
scene_1,item_7555,item_8584,0.25365892483943775
scene_1,item_1309,item_565,0.37160360818355515
scene_1,item_565,item_9133,0.5889777841036123
scene_1,item_565,item_1309,0.37160360818355515
scene_1,item_3004,item_2644,0.8329403702157812
scene_1,item_2644,item_3004,0.8329403702157812
scene_1,item_8545,item_8365,0.6436363296498353
scene_1,item_8545,item_1591,0.37160360818355515
scene_1,item_8365,item_8545,0.6436363296498353
scene_1,item_7717,item_7495,0.34004648219892986
scene_1,item_7858,item_6244,0.8329403702157812
scene_1,item_1687,item_9331,0.2145454432166118
scene_1,item_2563,item_5686,0.40707135730488897
scene_1,item_7594,item_3181,0.26276343125998064
scene_1,item_5491,item_1786,0.5100697232983947
scene_1,item_9133,item_565,0.5889777841036123
scene_1,item_9133,item_3067,0.5255268625199613
scene_1,item_7360,item_8725,0.22755980665670933
scene_1,item_8434,item_2752,0.2633988724985744
scene_1,item_7834,item_9880,0.32181816482491765
scene_1,item_2851,item_6925,0.8787002912304025
scene_1,item_2851,item_7375,0.35872789172491043
scene_1,item_6925,item_2851,0.8787002912304025
scene_1,item_6925,item_7375,0.25365892483943775
scene_1,item_3583,item_2800,0.6451928364459121
scene_1,item_3583,item_4318,0.23502275771936396
scene_1,item_256,item_7762,0.6213349345596119
scene_1,item_6253,item_7522,0.22811011491194377
scene_1,item_6253,item_4441,0.19278823416444013
scene_1,item_8149,item_76,0.37160360818355515
scene_1,item_2800,item_3583,0.6451928364459121
scene_1,item_5269,item_8476,0.28784291717709903
scene_1,item_4159,item_1339,0.28784291717709903
scene_1,item_223,item_9880,0.32181816482491765
scene_1,item_6349,item_8077,0.26276343125998064
scene_1,item_5191,item_4915,0.32181816482491765
scene_1,item_5338,item_3403,0.6436363296498353
scene_1,item_2137,item_8461,0.20353567865244448
scene_1,item_3844,item_9202,0.7213475204444817
scene_1,item_3844,item_1012,0.5100697232983947
scene_1,item_9202,item_3844,0.7213475204444817
scene_1,item_9202,item_1012,0.5100697232983947
scene_1,item_6445,item_3454,0.5255268625199613
scene_1,item_6445,item_5704,0.2145454432166118
scene_1,item_3646,item_5380,0.4164701851078906
scene_1,item_9292,item_6409,0.3440380896043391
scene_1,item_7645,item_2083,0.5889777841036123
scene_1,item_8974,item_5542,0.2163210579430483
scene_1,item_8974,item_2014,0.20711164485320396
scene_1,item_9427,item_5650,0.45511961331341866
scene_1,item_6070,item_1144,0.40013161113713647
scene_1,item_8461,item_2137,0.20353567865244448
scene_1,item_8278,item_9541,0.6436363296498353
scene_1,item_1174,item_4003,0.22755980665670933
scene_1,item_6835,item_4825,0.27786943009413506
scene_1,item_6835,item_9781,0.17936394586245522
scene_1,item_7849,item_9952,0.32181816482491765
scene_1,item_1267,item_9589,0.5255268625199613
scene_1,item_1498,item_1591,0.35872789172491043
scene_1,item_1498,item_43,0.27786943009413506
scene_1,item_2260,item_8380,0.45622022982388755
scene_1,item_5062,item_7603,0.40707135730488897
scene_1,item_7639,item_52,0.14766030091237178
scene_1,item_877,item_2974,0.37160360818355515
scene_1,item_3517,item_1270,0.6436363296498353
scene_1,item_2050,item_2359,0.28784291717709903
scene_1,item_7726,item_9823,0.6436363296498353
scene_1,item_949,item_5782,0.40707135730488897
scene_1,item_355,item_7552,0.35872789172491043
scene_1,item_355,item_9748,0.12682946241971887
scene_1,item_5461,item_601,0.5255268625199613
scene_1,item_2641,item_6268,0.4808983469629878
scene_1,item_2848,item_2113,0.5581106265512472
scene_1,item_2848,item_1300,0.24959465998671754
scene_1,item_2848,item_445,0.16827668543460464
scene_1,item_2848,item_7924,0.16111266023847665
scene_1,item_2113,item_2848,0.5581106265512472
scene_1,item_2113,item_1300,0.24959465998671754
scene_1,item_2113,item_445,0.16827668543460464
scene_1,item_2113,item_7924,0.16111266023847665
scene_1,item_7210,item_1435,0.37160360818355515
scene_1,item_5188,item_1570,0.6444506409539066
scene_1,item_5188,item_8158,0.26309587245777316
scene_1,item_5188,item_4756,0.26309587245777316
scene_1,item_9721,item_3025,0.31066746727980593
scene_1,item_9721,item_673,0.27786943009413506
scene_1,item_217,item_3643,0.20353567865244448
scene_1,item_4339,item_9550,0.5255268625199613
scene_1,item_4999,item_5176,0.39464380868665966
scene_1,item_4999,item_4771,0.3365533708692093
scene_1,item_4999,item_4003,0.19732190434332983
scene_1,item_3427,item_2503,0.26276343125998064
scene_1,item_358,item_1516,0.22811011491194377
scene_1,item_358,item_5254,0.1472444460259031
scene_1,item_9013,item_328,0.5255268625199613
scene_1,item_1570,item_5188,0.6444506409539066
scene_1,item_1570,item_8158,0.22784770917926217
scene_1,item_1570,item_4756,0.22784770917926217
scene_1,item_9061,item_6514,0.32181816482491765
scene_1,item_1444,item_6373,0.37160360818355515
scene_1,item_3454,item_6445,0.5255268625199613
scene_1,item_5404,item_8584,0.6213349345596119
scene_1,item_5404,item_7555,0.5073178496788755
scene_1,item_13,item_7837,0.36067376022224085
scene_1,item_13,item_5230,0.2944888920518062
scene_1,item_13,item_5971,0.26276343125998064
scene_1,item_832,item_4936,0.36067376022224085
scene_1,item_106,item_1969,0.45511961331341866
scene_1,item_5383,item_9016,0.40707135730488897
scene_1,item_6442,item_2653,0.45511961331341866
scene_1,item_1030,item_835,0.18580180409177757
scene_1,item_9541,item_8278,0.6436363296498353
scene_1,item_196,item_418,0.9102392266268373
scene_1,item_418,item_196,0.9102392266268373
scene_1,item_5011,item_6259,0.4164701851078906
scene_1,item_589,item_1585,0.6436363296498353
scene_1,item_6862,item_718,0.9102392266268373
scene_1,item_718,item_6862,0.9102392266268373
scene_1,item_9511,item_6499,0.5255268625199613
scene_1,item_4927,item_2938,0.24327166614569326
scene_1,item_2437,item_6472,0.6436363296498353
scene_1,item_2230,item_7636,0.6213349345596119
scene_1,item_2230,item_5695,0.3321174925079536
scene_1,item_3907,item_3667,0.37250225780126556
scene_1,item_3907,item_4915,0.2944888920518062
scene_1,item_3067,item_9133,0.5255268625199613
scene_1,item_6250,item_4618,0.37160360818355515
scene_1,item_6937,item_9475,0.8787002912304025
scene_1,item_6937,item_9895,0.18733953155220534
scene_1,item_9475,item_6937,0.8787002912304025
scene_1,item_9475,item_9895,0.2649381062897512
scene_1,item_2926,item_502,0.5889777841036123
scene_1,item_5521,item_8539,0.7213475204444817
scene_1,item_7822,item_727,0.45511961331341866
scene_1,item_673,item_3025,0.5557388601882701
scene_1,item_673,item_1672,0.37250225780126556
scene_1,item_673,item_8620,0.28784291717709903
scene_1,item_673,item_9721,0.27786943009413506
scene_1,item_3025,item_673,0.5557388601882701
scene_1,item_3025,item_9721,0.31066746727980593
scene_1,item_3442,item_8254,0.45511961331341866
scene_1,item_259,item_3154,0.26276343125998064
scene_1,item_3394,item_979,0.5889777841036123
scene_1,item_2890,item_8929,0.36067376022224085
scene_1,item_3649,item_2152,0.37160360818355515
scene_1,item_2653,item_6103,0.46600120091970887
scene_1,item_2653,item_6442,0.45511961331341866
scene_1,item_3298,item_9535,0.45511961331341866
scene_1,item_8074,item_6847,0.45511961331341866
scene_1,item_5611,item_3778,0.45511961331341866
scene_1,item_3397,item_6694,0.4142232897064079
scene_1,item_3397,item_7753,0.35872789172491043
scene_1,item_6457,item_6301,0.45511961331341866
scene_1,item_7570,item_2383,0.9102392266268373
scene_1,item_2383,item_7570,0.9102392266268373
scene_1,item_4084,item_8194,0.6436363296498353
scene_1,item_8194,item_4084,0.6436363296498353
scene_1,item_3499,item_5686,0.32259641822295604
scene_1,item_3499,item_5596,0.2174944607970515
scene_1,item_373,item_3853,0.2944888920518062
scene_1,item_373,item_1702,0.27264373542131126
scene_1,item_9442,item_3349,0.7213475204444817
scene_1,item_8140,item_3160,0.40707135730488897
scene_1,item_2083,item_7645,0.5889777841036123
scene_1,item_2083,item_577,0.5889777841036123
scene_1,item_2452,item_1414,0.3034130755422791
scene_1,item_2569,item_4060,0.4164701851078906
scene_1,item_7792,item_5971,0.2944888920518062
scene_1,item_7792,item_3637,0.27264373542131126
scene_1,item_3658,item_9211,0.46968506220609274
scene_1,item_3658,item_2884,0.35872789172491043
scene_1,item_3412,item_7549,0.9102392266268373
scene_1,item_7549,item_3412,0.9102392266268373
scene_1,item_3031,item_6883,0.5100697232983947
scene_1,item_5131,item_7426,0.8787002912304025
scene_1,item_5131,item_3976,0.27786943009413506
scene_1,item_7426,item_5131,0.8787002912304025
scene_1,item_7426,item_3976,0.39296671660800847
scene_1,item_3604,item_2707,0.32181816482491765
scene_1,item_2953,item_3415,0.32181816482491765
scene_1,item_1354,item_352,0.37160360818355515
scene_1,item_3886,item_8704,0.7213475204444817
scene_1,item_6367,item_8224,0.6436363296498353
scene_1,item_7816,item_6136,0.6213349345596119
scene_1,item_7816,item_5050,0.31066746727980593
scene_1,item_5158,item_1474,0.7892876173733193
scene_1,item_5158,item_2044,0.35298015324911725
scene_1,item_8137,item_4222,0.9102392266268373
scene_1,item_4222,item_8137,0.9102392266268373
scene_1,item_4297,item_6271,0.44748401752982286
scene_1,item_4297,item_1651,0.1395276566378118
scene_1,item_3961,item_3103,0.3440380896043391
scene_1,item_4426,item_2410,0.6213349345596119
scene_1,item_4426,item_3691,0.43935014561520125
scene_1,item_2410,item_4426,0.6213349345596119
scene_1,item_2410,item_3691,0.43935014561520125
scene_1,item_325,item_6031,0.8329403702157812
scene_1,item_3970,item_5221,0.9102392266268373
scene_1,item_5221,item_3970,0.9102392266268373
scene_1,item_4276,item_8101,0.5255268625199613
scene_1,item_6190,item_9634,0.6436363296498353
scene_1,item_5614,item_4054,0.6436363296498353
scene_1,item_7999,item_3019,0.40707135730488897
scene_2,item_8255,item_9431,0.2226126777828642
scene_2,item_8255,item_5363,0.13722852491759652
scene_2,item_8255,item_1400,0.13722852491759652
scene_2,item_8255,item_9311,0.1283655309835042
scene_2,item_8255,item_8348,0.1283655309835042
scene_2,item_8255,item_812,0.10481001715700328
scene_2,item_8255,item_1151,0.10069820728578265
scene_2,item_8255,item_878,0.0741118738679954
scene_2,item_8255,item_3113,0.0741118738679954
scene_2,item_8255,item_5036,0.06051209161936513
scene_2,item_8255,item_6335,0.06051209161936513
scene_2,item_8255,item_1976,0.05740681064939417
scene_2,item_9311,item_7754,0.5100697232983947
scene_2,item_9311,item_4571,0.32181816482491765
scene_2,item_9311,item_5363,0.1815362748580954
scene_2,item_9311,item_1400,0.1815362748580954
scene_2,item_9311,item_8348,0.1698116359475543
scene_2,item_9311,item_812,0.13865062015292184
scene_2,item_9311,item_1151,0.13321120697410668
scene_2,item_9311,item_8255,0.1283655309835042
scene_2,item_9311,item_878,0.09804079372585121
scene_2,item_9311,item_3113,0.09804079372585121
scene_2,item_9311,item_5036,0.08004997286859797
scene_2,item_9311,item_6335,0.08004997286859797
scene_2,item_9311,item_1976,0.07594207226983567
scene_2,item_1151,item_3269,0.26053439616977864
scene_2,item_1151,item_5363,0.14240877045021103
scene_2,item_1151,item_1400,0.14240877045021103
scene_2,item_1151,item_9311,0.13321120697410668
scene_2,item_1151,item_8348,0.13321120697410668
scene_2,item_1151,item_812,0.10876649503561375
scene_2,item_1151,item_8255,0.10069820728578265
scene_2,item_1151,item_878,0.07690952620557544
scene_2,item_1151,item_3113,0.07690952620557544
scene_2,item_1151,item_5036,0.06279636518762369
scene_2,item_1151,item_6335,0.06279636518762369
scene_2,item_1151,item_1976,0.059573862831779324
scene_2,item_1976,item_3860,0.22811011491194377
scene_2,item_1976,item_3269,0.10879439650028087
scene_2,item_1976,item_5363,0.08118549019295745
scene_2,item_1976,item_1400,0.08118549019295745
scene_2,item_1976,item_9311,0.07594207226983567
scene_2,item_1976,item_8348,0.07594207226983567
scene_2,item_1976,item_6347,0.0632663627513074
scene_2,item_1976,item_812,0.0620064423568871
scene_2,item_1976,item_1151,0.059573862831779324
scene_2,item_1976,item_8255,0.05740681064939417
scene_2,item_1976,item_878,0.04384517586780763
scene_2,item_1976,item_3113,0.04384517586780763
scene_2,item_1976,item_5036,0.03579943618623978
scene_2,item_1976,item_6335,0.03579943618623978
scene_2,item_5036,item_533,0.27764679007192705
scene_2,item_5036,item_9986,0.1963259280345374
scene_2,item_5036,item_5363,0.08557702065566947
scene_2,item_5036,item_1400,0.08557702065566947
scene_2,item_5036,item_3542,0.08109055538189774
scene_2,item_5036,item_9311,0.08004997286859797
scene_2,item_5036,item_8348,0.08004997286859797
scene_2,item_5036,item_812,0.06536052915056748
scene_2,item_5036,item_1151,0.06279636518762369
scene_2,item_5036,item_8255,0.06051209161936513
scene_2,item_5036,item_878,0.04621687338430727
scene_2,item_5036,item_3113,0.04621687338430727
scene_2,item_5036,item_6335,0.03773591909945651
scene_2,item_5036,item_1976,0.03579943618623978
scene_2,item_5363,item_1400,0.1940704410829192
scene_2,item_5363,item_9311,0.1815362748580954
scene_2,item_5363,item_8348,0.1815362748580954
scene_2,item_5363,item_3674,0.1660587462539768
scene_2,item_5363,item_812,0.1482237477359908
scene_2,item_5363,item_1151,0.14240877045021103
scene_2,item_5363,item_8255,0.13722852491759652
scene_2,item_5363,item_4850,0.11742126555152319
scene_2,item_5363,item_878,0.10481001715700328
scene_2,item_5363,item_3113,0.10481001715700328
scene_2,item_5363,item_5036,0.08557702065566947
scene_2,item_5363,item_6335,0.08557702065566947
scene_2,item_5363,item_1976,0.08118549019295745
scene_2,item_812,item_5363,0.1482237477359908
scene_2,item_812,item_1400,0.1482237477359908
scene_2,item_812,item_9311,0.13865062015292184
scene_2,item_812,item_8348,0.13865062015292184
scene_2,item_812,item_1151,0.10876649503561375
scene_2,item_812,item_8255,0.10481001715700328
scene_2,item_812,item_878,0.08004997286859797
scene_2,item_812,item_3113,0.08004997286859797
scene_2,item_812,item_5036,0.06536052915056748
scene_2,item_812,item_6335,0.06536052915056748
scene_2,item_812,item_1976,0.0620064423568871
scene_2,item_878,item_689,0.19174812370205052
scene_2,item_878,item_4796,0.18580180409177757
scene_2,item_878,item_3257,0.12682946241971887
scene_2,item_878,item_5363,0.10481001715700328
scene_2,item_878,item_1400,0.10481001715700328
scene_2,item_878,item_9311,0.09804079372585121
scene_2,item_878,item_8348,0.09804079372585121
scene_2,item_878,item_812,0.08004997286859797
scene_2,item_878,item_1151,0.07690952620557544
scene_2,item_878,item_8255,0.0741118738679954
scene_2,item_878,item_3113,0.056603878649184765
scene_2,item_878,item_5036,0.04621687338430727
scene_2,item_878,item_6335,0.04621687338430727
scene_2,item_878,item_1976,0.04384517586780763
scene_2,item_1400,item_3380,0.24327166614569326
scene_2,item_1400,item_5363,0.1940704410829192
scene_2,item_1400,item_9311,0.1815362748580954
scene_2,item_1400,item_8348,0.1815362748580954
scene_2,item_1400,item_812,0.1482237477359908
scene_2,item_1400,item_1151,0.14240877045021103
scene_2,item_1400,item_8255,0.13722852491759652
scene_2,item_1400,item_740,0.1113063388914321
scene_2,item_1400,item_878,0.10481001715700328
scene_2,item_1400,item_3113,0.10481001715700328
scene_2,item_1400,item_9839,0.09088124514043709
scene_2,item_1400,item_5036,0.08557702065566947
scene_2,item_1400,item_6335,0.08557702065566947
scene_2,item_1400,item_1976,0.08118549019295745
scene_2,item_3113,item_3659,0.22687943961619708
scene_2,item_3113,item_5699,0.14645004853840043
scene_2,item_3113,item_5363,0.10481001715700328
scene_2,item_3113,item_1400,0.10481001715700328
scene_2,item_3113,item_9311,0.09804079372585121
scene_2,item_3113,item_8348,0.09804079372585121
scene_2,item_3113,item_812,0.08004997286859797
scene_2,item_3113,item_1151,0.07690952620557544
scene_2,item_3113,item_8255,0.0741118738679954
scene_2,item_3113,item_878,0.056603878649184765
scene_2,item_3113,item_5036,0.04621687338430727
scene_2,item_3113,item_6335,0.04621687338430727
scene_2,item_3113,item_1976,0.04384517586780763
scene_2,item_6335,item_4214,0.2145454432166118
scene_2,item_6335,item_5363,0.08557702065566947
scene_2,item_6335,item_1400,0.08557702065566947
scene_2,item_6335,item_9311,0.08004997286859797
scene_2,item_6335,item_8348,0.08004997286859797
scene_2,item_6335,item_812,0.06536052915056748
scene_2,item_6335,item_1151,0.06279636518762369
scene_2,item_6335,item_8255,0.06051209161936513
scene_2,item_6335,item_878,0.04621687338430727
scene_2,item_6335,item_3113,0.04621687338430727
scene_2,item_6335,item_5036,0.03773591909945651
scene_2,item_6335,item_1976,0.03579943618623978
scene_2,item_8348,item_5828,0.25503486164919736
scene_2,item_8348,item_9500,0.22784770917926217
scene_2,item_8348,item_761,0.19732190434332983
scene_2,item_8348,item_9749,0.19143036561307603
scene_2,item_8348,item_5363,0.1815362748580954
scene_2,item_8348,item_1400,0.1815362748580954
scene_2,item_8348,item_9311,0.1698116359475543
scene_2,item_8348,item_9848,0.16111266023847665
scene_2,item_8348,item_812,0.13865062015292184
scene_2,item_8348,item_1151,0.13321120697410668
scene_2,item_8348,item_8255,0.1283655309835042
scene_2,item_8348,item_878,0.09804079372585121
scene_2,item_8348,item_3113,0.09804079372585121
scene_2,item_8348,item_7511,0.08824503831227931
scene_2,item_8348,item_5036,0.08004997286859797
scene_2,item_8348,item_6335,0.08004997286859797
scene_2,item_8348,item_1976,0.07594207226983567
scene_2,item_248,item_2423,0.13569045243496297
scene_2,item_1673,item_1460,0.32259641822295604
scene_2,item_953,item_1232,0.26276343125998064
scene_2,item_953,item_3167,0.2404491734814939
scene_2,item_953,item_5816,0.18625112890063278
scene_2,item_953,item_308,0.13138171562999032
scene_2,item_953,item_950,0.09290090204588879
scene_2,item_8867,item_7343,0.2226126777828642
scene_2,item_8867,item_1286,0.12386786939451837
scene_2,item_791,item_9392,0.3440380896043391
scene_2,item_9392,item_791,0.3440380896043391
scene_2,item_9392,item_3152,0.3321174925079536
scene_2,item_9392,item_9446,0.2711727970990338
scene_2,item_9392,item_1991,0.17201904480216956
scene_2,item_671,item_9080,0.17243503874153418
scene_2,item_8561,item_8963,0.27264373542131126
scene_2,item_8561,item_95,0.1986304836445498
scene_2,item_8561,item_2420,0.17201904480216956
scene_2,item_8561,item_4304,0.1457342066566842
scene_2,item_8561,item_2084,0.12192998520830386
scene_2,item_7418,item_5783,0.5255268625199613
scene_2,item_7418,item_7817,0.2944888920518062
scene_2,item_7418,item_659,0.2145454432166118
scene_2,item_7418,item_3599,0.1255704854884302
scene_2,item_5783,item_7418,0.5255268625199613
scene_2,item_9080,item_6080,0.27264373542131126
scene_2,item_9080,item_962,0.2226126777828642
scene_2,item_9080,item_671,0.17243503874153418
scene_2,item_9080,item_8267,0.1030496457777831
scene_2,item_4283,item_7283,0.22811011491194377
scene_2,item_4283,item_6440,0.19278823416444013
scene_2,item_4283,item_3905,0.1072727216083059
scene_2,item_3905,item_8165,0.29290009707680087
scene_2,item_3905,item_9482,0.1852462867294234
scene_2,item_3905,item_815,0.17002324109946493
scene_2,item_3905,item_2114,0.13882339503596353
scene_2,item_3905,item_6113,0.13882339503596353
scene_2,item_3905,item_4283,0.1072727216083059
scene_2,item_3905,item_9821,0.10355582242660198
scene_2,item_3905,item_5837,0.0926231433647117
scene_2,item_3905,item_5588,0.09088124514043709
scene_2,item_5726,item_6956,0.1986304836445498
scene_2,item_6956,item_5312,0.2711727970990338
scene_2,item_6956,item_5726,0.1986304836445498
scene_2,item_4907,item_7823,0.22755980665670933
scene_2,item_4907,item_8501,0.13138171562999032
scene_2,item_4907,item_9656,0.11377990332835466
scene_2,item_4907,item_1091,0.11377990332835466
scene_2,item_9656,item_4619,0.18033688011112042
scene_2,item_9656,item_4907,0.11377990332835466
scene_2,item_9656,item_7772,0.08064910455573901
scene_2,item_1184,item_1262,0.18204784532536747
scene_2,item_1262,item_4616,0.27786943009413506
scene_2,item_1262,item_7259,0.23502275771936396
scene_2,item_1262,item_1184,0.18204784532536747
scene_2,item_1262,item_1694,0.1604279902644168
scene_2,item_1262,item_8993,0.10502477271090407
scene_2,item_4043,item_5012,0.3034130755422791
scene_2,item_4043,item_3353,0.1963259280345374
scene_2,item_4643,item_3926,0.5255268625199613
scene_2,item_3926,item_4643,0.5255268625199613
scene_2,item_3926,item_3023,0.4164701851078906
scene_2,item_3200,item_5612,0.37160360818355515
scene_2,item_3200,item_6095,0.26276343125998064
scene_2,item_3200,item_2873,0.18580180409177757
scene_2,item_6095,item_3200,0.26276343125998064
scene_2,item_6095,item_2276,0.2145454432166118
scene_2,item_8789,item_4205,0.32259641822295604
scene_2,item_8789,item_95,0.23502275771936396
scene_2,item_8789,item_9341,0.09726647981437406
scene_2,item_6389,item_65,0.28784291717709903
scene_2,item_6389,item_4958,0.23502275771936396
scene_2,item_9353,item_1670,0.3440380896043391
scene_2,item_6686,item_4160,0.32181816482491765
scene_2,item_6686,item_6443,0.18033688011112042
scene_2,item_6686,item_1622,0.08064910455573901
scene_2,item_3008,item_2162,0.37160360818355515
scene_2,item_3008,item_6083,0.23502275771936396
scene_2,item_2162,item_3008,0.37160360818355515
scene_2,item_3269,item_1151,0.26053439616977864
scene_2,item_3269,item_3263,0.12163583307284663
scene_2,item_3269,item_1976,0.10879439650028087
scene_2,item_3269,item_9749,0.08344149309849433
scene_2,item_6398,item_5654,0.6451928364459121
scene_2,item_6398,item_1715,0.40707135730488897
scene_2,item_5909,item_6962,0.22811011491194377
scene_2,item_5909,item_4265,0.14392145858854952
scene_2,item_5909,item_5399,0.13755557491777667
scene_2,item_5909,item_899,0.0660356940836275
scene_2,item_5399,item_8117,0.2511409709768604
scene_2,item_5399,item_5177,0.15845231093012707
scene_2,item_5399,item_4838,0.15379180810010684
scene_2,item_5399,item_5909,0.13755557491777667
scene_2,item_5399,item_3302,0.1372237265538407
scene_2,item_5399,item_9755,0.07922615546506354
scene_2,item_8036,item_1592,0.2145454432166118
scene_2,item_7259,item_1262,0.23502275771936396
scene_2,item_92,item_1766,0.7267620054603536
scene_2,item_92,item_6341,0.5933986926065561
scene_2,item_5495,item_1997,0.28784291717709903
scene_2,item_5495,item_1883,0.28784291717709903
scene_2,item_5495,item_9122,0.24959465998671754
scene_2,item_5495,item_6638,0.16618618571652527
scene_2,item_5495,item_6845,0.13341395760551886
scene_2,item_5495,item_6245,0.08309309285826263
scene_2,item_6638,item_8081,0.34004648219892986
scene_2,item_6638,item_5495,0.16618618571652527
scene_2,item_518,item_1100,0.20337959782427534
scene_2,item_518,item_6962,0.18580180409177757
scene_2,item_518,item_482,0.17936394586245522
scene_2,item_518,item_9248,0.1691059498929585
scene_2,item_2513,item_5111,0.15845231093012707
scene_2,item_2513,item_4721,0.09703182758590927
scene_2,item_7379,item_5837,0.2730717679880512
scene_2,item_7379,item_854,0.1538585110408932
scene_2,item_7379,item_2564,0.13569045243496297
scene_2,item_8501,item_1811,0.16618618571652527
scene_2,item_8501,item_4907,0.13138171562999032
scene_2,item_8369,item_167,0.28784291717709903
scene_2,item_9626,item_4052,0.45511961331341866
scene_2,item_4052,item_9626,0.45511961331341866
scene_2,item_4052,item_4361,0.28784291717709903
scene_2,item_5057,item_2612,0.34004648219892986
scene_2,item_5057,item_7364,0.15207340994129584
scene_2,item_5057,item_4151,0.13882339503596353
scene_2,item_5057,item_2780,0.0801497244938313
scene_2,item_2612,item_5057,0.34004648219892986
scene_2,item_8729,item_488,0.3440380896043391
scene_2,item_8729,item_5504,0.27264373542131126
scene_2,item_8729,item_8717,0.18176249028087418
scene_2,item_488,item_8729,0.3440380896043391
scene_2,item_4109,item_9326,0.3034130755422791
scene_2,item_6872,item_179,0.4164701851078906
scene_2,item_6872,item_1451,0.37160360818355515
scene_2,item_179,item_6872,0.4164701851078906
scene_2,item_179,item_6884,0.19406365517181853
scene_2,item_1256,item_3404,0.37160360818355515
scene_2,item_9218,item_9641,0.40707135730488897
scene_2,item_9218,item_692,0.20353567865244448
scene_2,item_3908,item_6257,0.2725357520476326
scene_2,item_3908,item_5669,0.1816905013650884
scene_2,item_3908,item_7031,0.16090908241245883
scene_2,item_3908,item_3884,0.12751743082459868
scene_2,item_3908,item_2114,0.10411754627697264
scene_2,item_3908,item_3212,0.10411754627697264
scene_2,item_3908,item_2870,0.07362222301295154
scene_2,item_1622,item_1076,0.39296671660800847
scene_2,item_1622,item_3707,0.2040278893193579
scene_2,item_1622,item_5558,0.19648335830400424
scene_2,item_1622,item_6443,0.16129820911147802
scene_2,item_1622,item_6737,0.10879439650028087
scene_2,item_1622,item_6686,0.08064910455573901
scene_2,item_2018,item_5543,0.3034130755422791
scene_2,item_2018,item_9041,0.2145454432166118
scene_2,item_2018,item_9356,0.13569045243496297
scene_2,item_5543,item_2018,0.3034130755422791
scene_2,item_3998,item_5504,0.2404491734814939
scene_2,item_3998,item_1508,0.21506427881530404
scene_2,item_3998,item_7028,0.2145454432166118
scene_2,item_6260,item_7760,0.32181816482491765
scene_2,item_6260,item_644,0.25503486164919736
scene_2,item_6260,item_8537,0.17002324109946493
scene_2,item_6260,item_4439,0.13138171562999032
scene_2,item_6260,item_6737,0.12163583307284663
scene_2,item_7760,item_6260,0.32181816482491765
scene_2,item_6137,item_6566,0.45511961331341866
scene_2,item_6188,item_1265,0.6436363296498353
scene_2,item_6188,item_5306,0.28784291717709903
scene_2,item_1265,item_6188,0.6436363296498353
scene_2,item_1100,item_1721,0.24327166614569326
scene_2,item_1100,item_4739,0.20337959782427534
scene_2,item_1100,item_518,0.20337959782427534
scene_2,item_4739,item_3581,0.37160360818355515
scene_2,item_4739,item_6713,0.2944888920518062
scene_2,item_4739,item_1100,0.20337959782427534
scene_2,item_3254,item_6425,0.2040278893193579
scene_2,item_3254,item_7364,0.18640048036788354
scene_2,item_3254,item_1397,0.11751137885968198
scene_2,item_1397,item_1442,0.2145454432166118
scene_2,item_1397,item_3254,0.11751137885968198
scene_2,item_1811,item_8501,0.16618618571652527
scene_2,item_1811,item_6536,0.1538585110408932
scene_2,item_4559,item_3209,0.18204784532536747
scene_2,item_4559,item_8162,0.1538585110408932
scene_2,item_8162,item_3110,0.5452874708426225
scene_2,item_8162,item_4559,0.1538585110408932
scene_2,item_8162,item_5306,0.1538585110408932
scene_2,item_8162,item_2231,0.08600952240108478
scene_2,item_9059,item_6563,0.5100697232983947
scene_2,item_9059,item_548,0.18033688011112042
scene_2,item_548,item_6563,0.25503486164919736
scene_2,item_548,item_9059,0.18033688011112042
scene_2,item_6563,item_9059,0.5100697232983947
scene_2,item_6563,item_548,0.25503486164919736
scene_2,item_7325,item_7814,0.27764679007192705
scene_2,item_7325,item_5948,0.2404491734814939
scene_2,item_7325,item_6995,0.2404491734814939
scene_2,item_7325,item_2075,0.2404491734814939
scene_2,item_7325,item_8081,0.12386786939451837
scene_2,item_5948,item_3227,0.45511961331341866
scene_2,item_5948,item_7325,0.2404491734814939
scene_2,item_5123,item_4148,0.2744474531076814
scene_2,item_5123,item_3329,0.19406365517181853
scene_2,item_6842,item_3488,0.38557646832888026
scene_2,item_6842,item_5903,0.3440380896043391
scene_2,item_2654,item_5381,0.1665880740431562
scene_2,item_2654,item_9434,0.16618618571652527
scene_2,item_2654,item_7049,0.1069519935096112
scene_2,item_2654,item_7481,0.07174557834498207
scene_2,item_917,item_4091,0.20337959782427534
scene_2,item_917,item_3263,0.13138171562999032
scene_2,item_2039,item_1376,0.45622022982388755
scene_2,item_7019,item_1016,0.5889777841036123
scene_2,item_7019,item_9650,0.2226126777828642
scene_2,item_7019,item_5063,0.14045296193542475
scene_2,item_9650,item_9830,0.5452874708426225
scene_2,item_9650,item_7019,0.2226126777828642
scene_2,item_9650,item_7904,0.11467936320144637
scene_2,item_5903,item_6842,0.3440380896043391
scene_2,item_5384,item_1988,0.32181816482491765
scene_2,item_9179,item_2825,0.5255268625199613
scene_2,item_9179,item_8573,0.4164701851078906
scene_2,item_9179,item_731,0.23915192781660694
scene_2,item_9179,item_3575,0.10355582242660198
scene_2,item_8573,item_9179,0.4164701851078906
scene_2,item_8573,item_740,0.18580180409177757
scene_2,item_1991,item_9392,0.17201904480216956
scene_2,item_6221,item_5354,0.5255268625199613
scene_2,item_6443,item_8507,0.36067376022224085
scene_2,item_6443,item_6686,0.18033688011112042
scene_2,item_6443,item_4838,0.18033688011112042
scene_2,item_6443,item_1622,0.16129820911147802
scene_2,item_998,item_4100,0.338211899785917
scene_2,item_998,item_7904,0.12386786939451837
scene_2,item_4100,item_998,0.338211899785917
scene_2,item_4100,item_1328,0.2404491734814939
scene_2,item_4100,item_8570,0.15170653777113954
scene_2,item_4100,item_5135,0.15170653777113954
scene_2,item_4100,item_1805,0.12022458674074694
scene_2,item_8120,item_3422,0.43935014561520125
scene_2,item_8120,item_1688,0.35872789172491043
scene_2,item_8120,item_4952,0.31066746727980593
scene_2,item_8120,item_5744,0.21967507280760062
scene_2,item_8120,item_3338,0.15533373363990297
scene_2,item_4952,item_1688,0.35872789172491043
scene_2,item_4952,item_8120,0.31066746727980593
scene_2,item_1688,item_8120,0.35872789172491043
scene_2,item_1688,item_4952,0.35872789172491043
scene_2,item_1688,item_563,0.26276343125998064
scene_2,item_7766,item_9785,0.5100697232983947
scene_2,item_7766,item_7622,0.36067376022224085
scene_2,item_6020,item_5648,0.10879439650028087
scene_2,item_5336,item_3740,0.5255268625199613
scene_2,item_5306,item_6188,0.28784291717709903
scene_2,item_5306,item_8162,0.1538585110408932
scene_2,item_3302,item_5399,0.1372237265538407
scene_2,item_3314,item_284,0.19453295962874811
scene_2,item_3314,item_7616,0.19406365517181853
scene_2,item_3314,item_6737,0.1644103585151672
scene_2,item_4844,item_1844,0.22811011491194377
scene_2,item_4091,item_917,0.20337959782427534
scene_2,item_4091,item_3857,0.19278823416444013
scene_2,item_4091,item_3929,0.12163583307284663
scene_2,item_4091,item_9431,0.1113063388914321
scene_2,item_4091,item_1532,0.1113063388914321
scene_2,item_4091,item_8750,0.1113063388914321
scene_2,item_629,item_8582,0.26276343125998064
scene_2,item_8582,item_629,0.26276343125998064
scene_2,item_8582,item_1304,0.13138171562999032
scene_2,item_7112,item_1127,0.5452874708426225
scene_2,item_7112,item_506,0.17201904480216956
scene_2,item_8099,item_5987,0.3440380896043391
scene_2,item_9764,item_5834,0.2944888920518062
scene_2,item_9764,item_101,0.2404491734814939
scene_2,item_4133,item_7130,0.26276343125998064
scene_2,item_7130,item_9347,0.5255268625199613
scene_2,item_7130,item_4133,0.26276343125998064
scene_2,item_3560,item_1037,0.13003417523240532
scene_2,item_9083,item_1130,0.7213475204444817
scene_2,item_9083,item_365,0.25503486164919736
scene_2,item_9083,item_2315,0.14392145858854952
scene_2,item_9083,item_4436,0.13632186771065563
scene_2,item_365,item_9083,0.25503486164919736
scene_2,item_365,item_4436,0.19278823416444013
scene_2,item_4436,item_2987,0.5452874708426225
scene_2,item_4436,item_365,0.19278823416444013
scene_2,item_4436,item_9083,0.13632186771065563
scene_2,item_1127,item_7112,0.5452874708426225
scene_2,item_8846,item_3599,0.28323074926769914
scene_2,item_8846,item_5744,0.23484253110304637
scene_2,item_8846,item_6974,0.1660587462539768
scene_2,item_3599,item_8846,0.28323074926769914
scene_2,item_3599,item_8282,0.15379180810010684
scene_2,item_3599,item_7817,0.15379180810010684
scene_2,item_3599,item_7418,0.1255704854884302
scene_2,item_3599,item_4532,0.12273663228009231
scene_2,item_3599,item_788,0.0822051792575836
scene_2,item_5000,item_9668,0.28784291717709903
scene_2,item_839,item_8891,0.20353567865244448
scene_2,item_9749,item_8348,0.19143036561307603
scene_2,item_9749,item_9602,0.17495247173941134
scene_2,item_9749,item_9500,0.15630223900882112
scene_2,item_9749,item_3269,0.08344149309849433
scene_2,item_9749,item_9848,0.071424047500042
scene_2,item_6896,item_1442,0.5889777841036123
scene_2,item_8300,item_8606,0.34004648219892986
scene_2,item_8300,item_9668,0.13569045243496297
scene_2,item_6386,item_6758,0.3440380896043391
scene_2,item_6758,item_2960,0.5423455941980676
scene_2,item_6758,item_6386,0.3440380896043391
scene_2,item_6758,item_7772,0.2227911869293684
scene_2,item_2084,item_8963,0.32259641822295604
scene_2,item_2084,item_8960,0.18204784532536747
scene_2,item_2084,item_8561,0.12192998520830386
scene_2,item_3290,item_4271,0.32181816482491765
scene_2,item_7823,item_4907,0.22755980665670933
scene_2,item_5114,item_2960,0.15170653777113954
scene_2,item_5114,item_284,0.11751137885968198
scene_2,item_5114,item_7856,0.0802139951322084
scene_2,item_5114,item_3830,0.07322502426920022
scene_2,item_5114,item_2276,0.059787981954151734
scene_2,item_2960,item_6758,0.5423455941980676
scene_2,item_2960,item_5114,0.15170653777113954
scene_2,item_9986,item_5834,0.26276343125998064
scene_2,item_9986,item_5036,0.1963259280345374
scene_2,item_7913,item_7610,0.25503486164919736
scene_2,item_7913,item_2660,0.18580180409177757
scene_2,item_7913,item_3929,0.12751743082459868
scene_2,item_7913,item_4046,0.12751743082459868
scene_2,item_7913,item_4721,0.11377990332835466
scene_2,item_7913,item_2309,0.09016844005556021
scene_2,item_4958,item_9320,0.37160360818355515
scene_2,item_4958,item_6389,0.23502275771936396
scene_2,item_9320,item_4958,0.37160360818355515
scene_2,item_3725,item_5786,0.22755980665670933
scene_2,item_3575,item_392,0.2944888920518062
scene_2,item_3575,item_743,0.15170653777113954
scene_2,item_3575,item_554,0.15170653777113954
scene_2,item_3575,item_731,0.11957596390830347
scene_2,item_3575,item_9179,0.10355582242660198
scene_2,item_3485,item_2750,0.32181816482491765
scene_2,item_5135,item_4100,0.15170653777113954
scene_2,item_5786,item_3725,0.22755980665670933
scene_2,item_5786,item_7049,0.15170653777113954
scene_2,item_7049,item_7481,0.1852462867294234
scene_2,item_7049,item_5786,0.15170653777113954
scene_2,item_7049,item_2654,0.1069519935096112
scene_2,item_9122,item_5495,0.24959465998671754
scene_2,item_9122,item_9881,0.18580180409177757
scene_2,item_9122,item_6845,0.14916133917660762
scene_2,item_9122,item_3476,0.1472444460259031
scene_2,item_9122,item_5018,0.13138171562999032
scene_2,item_9122,item_1307,0.12751743082459868
scene_2,item_9122,item_5126,0.12163583307284663
scene_2,item_659,item_7418,0.2145454432166118
scene_2,item_4850,item_9776,0.22755980665670933
scene_2,item_4850,item_3674,0.21967507280760062
scene_2,item_4850,item_5363,0.11742126555152319
scene_2,item_7475,item_5564,0.32181816482491765
scene_2,item_7475,item_2756,0.2944888920518062
scene_2,item_3152,item_9392,0.3321174925079536
scene_2,item_3152,item_9446,0.25365892483943775
scene_2,item_4022,item_5777,0.3222253204769533
scene_2,item_4022,item_1142,0.2404491734814939
scene_2,item_4022,item_899,0.14784711673779438
scene_2,item_4157,item_3365,0.45511961331341866
scene_2,item_8078,item_6425,0.20353567865244448
scene_2,item_8078,item_4304,0.12163583307284663
scene_2,item_4304,item_5720,0.27264373542131126
scene_2,item_4304,item_8561,0.1457342066566842
scene_2,item_4304,item_8078,0.12163583307284663
scene_2,item_7304,item_4469,0.45511961331341866
scene_2,item_7304,item_4604,0.36067376022224085
scene_2,item_7304,item_7382,0.25503486164919736
scene_2,item_7304,item_182,0.17201904480216956
scene_2,item_182,item_4517,0.24327166614569326
scene_2,item_182,item_7304,0.17201904480216956
scene_2,item_182,item_161,0.15741093403835918
scene_2,item_182,item_3611,0.12192998520830386
scene_2,item_215,item_2309,0.12163583307284663
scene_2,item_7787,item_593,0.7213475204444817
scene_2,item_1091,item_863,0.32181816482491765
scene_2,item_1091,item_6326,0.32181816482491765
scene_2,item_1091,item_449,0.23797917077280895
scene_2,item_1091,item_5828,0.19732190434332983
scene_2,item_1091,item_1583,0.18033688011112042
scene_2,item_1091,item_4121,0.12751743082459868
scene_2,item_1091,item_4907,0.11377990332835466
scene_2,item_863,item_1091,0.32181816482491765
scene_2,item_3473,item_4742,0.07086202768633941
scene_2,item_4742,item_9263,0.19406365517181853
scene_2,item_4742,item_5177,0.15845231093012707
scene_2,item_4742,item_3473,0.07086202768633941
scene_2,item_8537,item_158,0.3034130755422791
scene_2,item_8537,item_2756,0.27764679007192705
scene_2,item_8537,item_6260,0.17002324109946493
scene_2,item_5165,item_9152,0.20006580556856823
scene_2,item_5165,item_740,0.16335304620728716
scene_2,item_5165,item_6536,0.15123553353778083
scene_2,item_5165,item_2114,0.14575492688072578
scene_2,item_5165,item_4364,0.11550804670065219
scene_2,item_6536,item_1811,0.1538585110408932
scene_2,item_6536,item_5165,0.15123553353778083
scene_2,item_7805,item_2198,0.2944888920518062
scene_2,item_1037,item_1961,0.17201904480216956
scene_2,item_1037,item_3560,0.13003417523240532
scene_2,item_8615,item_3953,0.35872789172491043
scene_2,item_8615,item_8153,0.25365892483943775
scene_2,item_8615,item_3047,0.2082350925539453
scene_2,item_4280,item_8933,0.45511961331341866
scene_2,item_8933,item_3119,0.5294702298736759
scene_2,item_8933,item_4280,0.45511961331341866
scene_2,item_8933,item_6545,0.39464380868665966
scene_2,item_1304,item_6125,0.22755980665670933
scene_2,item_1304,item_8582,0.13138171562999032
scene_2,item_3500,item_9938,0.40707135730488897
scene_2,item_3857,item_9431,0.4164701851078906
scene_2,item_3857,item_4091,0.19278823416444013
scene_2,item_9431,item_3857,0.4164701851078906
scene_2,item_9431,item_8255,0.2226126777828642
scene_2,item_9431,item_4091,0.1113063388914321
scene_2,item_9623,item_1094,0.22755980665670933
scene_2,item_9623,item_2126,0.18580180409177757
scene_2,item_9623,item_7574,0.14392145858854952
scene_2,item_2444,item_5984,0.2633988724985744
scene_2,item_4007,item_29,0.16618618571652527
scene_2,item_3350,item_1349,0.37250225780126556
scene_2,item_3350,item_6281,0.13569045243496297
scene_2,item_3350,item_8330,0.08309309285826263
scene_2,item_3830,item_500,0.26276343125998064
scene_2,item_3830,item_7856,0.11343971980809854
scene_2,item_3830,item_2276,0.08455297494647925
scene_2,item_3830,item_5114,0.07322502426920022
scene_2,item_5996,item_8432,0.3034130755422791
scene_2,item_6245,item_5156,0.1472444460259031
scene_2,item_6245,item_6113,0.12022458674074694
scene_2,item_6245,item_1469,0.0993152418222749
scene_2,item_6245,item_5495,0.08309309285826263
scene_2,item_4721,item_1550,0.16090908241245883
scene_2,item_4721,item_7913,0.11377990332835466
scene_2,item_4721,item_2513,0.09703182758590927
scene_2,item_7577,item_74,0.9102392266268373
scene_2,item_74,item_7577,0.9102392266268373
scene_2,item_1376,item_2039,0.45622022982388755
scene_2,item_8927,item_3164,0.40707135730488897
scene_2,item_8927,item_9590,0.14392145858854952
scene_2,item_2870,item_5264,0.26276343125998064
scene_2,item_2870,item_3884,0.2082350925539453
scene_2,item_2870,item_62,0.18580180409177757
scene_2,item_2870,item_3908,0.07362222301295154
scene_2,item_62,item_2870,0.18580180409177757
scene_2,item_62,item_9707,0.17201904480216956
scene_2,item_6167,item_8861,0.2944888920518062
scene_2,item_6167,item_3716,0.17002324109946493
scene_2,item_9287,item_4220,0.4164701851078906
scene_2,item_9287,item_6656,0.2633988724985744
scene_2,item_6656,item_7253,0.5557388601882701
scene_2,item_6656,item_9287,0.2633988724985744
scene_2,item_6656,item_9899,0.24853397382384473
scene_2,item_6656,item_1505,0.10879439650028087
scene_2,item_8579,item_7505,0.45622022982388755
scene_2,item_8579,item_2537,0.2633988724985744
scene_2,item_8579,item_3212,0.16618618571652527
scene_2,item_4838,item_3611,0.22811011491194377
scene_2,item_4838,item_8507,0.18033688011112042
scene_2,item_4838,item_6443,0.18033688011112042
scene_2,item_4838,item_5399,0.15379180810010684
scene_2,item_4838,item_5984,0.10176783932622224
scene_2,item_662,item_9341,0.1372237265538407
scene_2,item_8489,item_6836,0.37160360818355515
scene_2,item_6836,item_8489,0.37160360818355515
scene_2,item_788,item_8282,0.19278823416444013
scene_2,item_788,item_3599,0.0822051792575836
scene_2,item_1109,item_4886,0.2944888920518062
scene_2,item_1109,item_1196,0.26276343125998064
scene_2,item_3608,item_2759,0.33512314193895826
scene_2,item_3608,item_3719,0.2744474531076814
scene_2,item_3608,item_7964,0.19406365517181853
scene_2,item_3608,item_665,0.19406365517181853
scene_2,item_533,item_5036,0.27764679007192705
scene_2,item_1508,item_3998,0.21506427881530404
scene_2,item_1508,item_3863,0.17574005824608052
scene_2,item_1508,item_950,0.09824167915200212
scene_2,item_4943,item_4163,0.37160360818355515
scene_2,item_4163,item_4943,0.37160360818355515
scene_2,item_4163,item_4184,0.37160360818355515
scene_2,item_4163,item_7271,0.2404491734814939
scene_2,item_7124,item_3686,0.26276343125998064
scene_2,item_3686,item_7124,0.26276343125998064
scene_2,item_3686,item_7904,0.15170653777113954
scene_2,item_6491,item_2006,0.1538585110408932
scene_2,item_6425,item_9725,0.28784291717709903
scene_2,item_6425,item_3254,0.2040278893193579
scene_2,item_6425,item_8078,0.20353567865244448
scene_2,item_3098,item_3557,0.26276343125998064
scene_2,item_7751,item_4859,0.6436363296498353
scene_2,item_4859,item_7751,0.6436363296498353
scene_2,item_3221,item_7763,0.45622022982388755
scene_2,item_3221,item_6464,0.32259641822295604
scene_2,item_3221,item_8750,0.1316994362492872
scene_2,item_3221,item_7706,0.10201394465967895
scene_2,item_293,item_9050,0.37160360818355515
scene_2,item_293,item_7370,0.2082350925539453
scene_2,item_9173,item_1835,0.45511961331341866
scene_2,item_9173,item_7757,0.22755980665670933
scene_2,item_1835,item_9173,0.45511961331341866
scene_2,item_3818,item_4685,0.6436363296498353
scene_2,item_80,item_5204,0.36067376022224085
scene_2,item_80,item_1505,0.13632186771065563
scene_2,item_3257,item_689,0.23484253110304637
scene_2,item_3257,item_6737,0.17201904480216956
scene_2,item_3257,item_878,0.12682946241971887
scene_2,item_689,item_3257,0.23484253110304637
scene_2,item_689,item_9410,0.2226126777828642
scene_2,item_689,item_878,0.19174812370205052
scene_2,item_3593,item_8585,0.37160360818355515
scene_2,item_8549,item_9416,0.31066746727980593
scene_2,item_8549,item_6029,0.21967507280760062
scene_2,item_8549,item_4997,0.18580180409177757
scene_2,item_8549,item_7448,0.16090908241245883
scene_2,item_1961,item_2117,0.5100697232983947
scene_2,item_1961,item_1037,0.17201904480216956
scene_2,item_5648,item_2609,0.13632186771065563
scene_2,item_5648,item_6020,0.10879439650028087
scene_2,item_5648,item_8564,0.0728671033283421
scene_2,item_29,item_8774,0.28784291717709903
scene_2,item_29,item_4007,0.16618618571652527
scene_2,item_29,item_2537,0.16618618571652527
scene_2,item_7511,item_2480,0.40707135730488897
scene_2,item_7511,item_8984,0.40707135730488897
scene_2,item_7511,item_761,0.24959465998671754
scene_2,item_7511,item_9848,0.2037931864969732
scene_2,item_7511,item_8348,0.08824503831227931
scene_2,item_3602,item_7853,0.2711727970990338
scene_2,item_3602,item_3308,0.23484253110304637
scene_2,item_950,item_3863,0.13893471504706753
scene_2,item_950,item_1508,0.09824167915200212
scene_2,item_950,item_953,0.09290090204588879
scene_2,item_9707,item_5129,0.3440380896043391
scene_2,item_9707,item_515,0.1986304836445498
scene_2,item_9707,item_62,0.17201904480216956
scene_2,item_515,item_9707,0.1986304836445498
scene_2,item_5147,item_842,0.3208559805288336
scene_2,item_5147,item_2174,0.13569045243496297
scene_2,item_5147,item_4661,0.11343971980809854
scene_2,item_7814,item_7325,0.27764679007192705
scene_2,item_20,item_5063,0.24327166614569326
scene_2,item_5063,item_20,0.24327166614569326
scene_2,item_5063,item_6251,0.1986304836445498
scene_2,item_5063,item_7019,0.14045296193542475
scene_2,item_3839,item_7790,0.15845231093012707
scene_2,item_4265,item_767,0.1472444460259031
scene_2,item_4265,item_5393,0.1472444460259031
scene_2,item_4265,item_5909,0.14392145858854952
scene_2,item_8699,item_5480,0.39296671660800847
scene_2,item_8699,item_6347,0.16348403610933473
scene_2,item_8699,item_7640,0.14852745795291228
scene_2,item_8699,item_5588,0.10879439650028087
scene_2,item_7631,item_7301,0.45511961331341866
scene_2,item_962,item_9080,0.2226126777828642
scene_2,item_9962,item_9899,0.20353567865244448
scene_2,item_8960,item_2084,0.18204784532536747
scene_2,item_2309,item_3140,0.2944888920518062
scene_2,item_2309,item_2231,0.12751743082459868
scene_2,item_2309,item_4046,0.12751743082459868
scene_2,item_2309,item_215,0.12163583307284663
scene_2,item_2309,item_8375,0.09290090204588879
scene_2,item_2309,item_7913,0.09016844005556021
scene_2,item_6737,item_728,0.27264373542131126
scene_2,item_6737,item_3257,0.17201904480216956
scene_2,item_6737,item_3314,0.1644103585151672
scene_2,item_6737,item_176,0.12192998520830386
scene_2,item_6737,item_6260,0.12163583307284663
scene_2,item_6737,item_1622,0.10879439650028087
scene_2,item_728,item_176,0.32259641822295604
scene_2,item_728,item_6737,0.27264373542131126
scene_2,item_176,item_6410,0.40707135730488897
scene_2,item_176,item_728,0.32259641822295604
scene_2,item_176,item_6737,0.12192998520830386
scene_2,item_6929,item_5813,0.5100697232983947
scene_2,item_6929,item_647,0.5100697232983947
scene_2,item_5813,item_647,0.7213475204444817
scene_2,item_5813,item_6929,0.5100697232983947
scene_2,item_647,item_5813,0.7213475204444817
scene_2,item_647,item_6929,0.5100697232983947
scene_2,item_4223,item_5210,0.45511961331341866
scene_2,item_2759,item_6143,0.37250225780126556
scene_2,item_2759,item_3608,0.33512314193895826
scene_2,item_2759,item_4967,0.24853397382384473
scene_2,item_2759,item_6110,0.19648335830400424
scene_2,item_9590,item_9068,0.21967507280760062
scene_2,item_9590,item_7682,0.19648335830400424
scene_2,item_9590,item_8927,0.14392145858854952
scene_2,item_3674,item_617,0.32181816482491765
scene_2,item_3674,item_4850,0.21967507280760062
scene_2,item_3674,item_5363,0.1660587462539768
scene_2,item_2537,item_8579,0.2633988724985744
scene_2,item_2537,item_7706,0.23502275771936396
scene_2,item_2537,item_29,0.16618618571652527
scene_2,item_815,item_2114,0.2944888920518062
scene_2,item_815,item_3905,0.17002324109946493
scene_2,item_2174,item_1730,0.15170653777113954
scene_2,item_2174,item_5147,0.13569045243496297
scene_2,item_2174,item_3542,0.12852548944296008
scene_2,item_8153,item_4247,0.45511961331341866
scene_2,item_8153,item_9026,0.36067376022224085
scene_2,item_8153,item_8615,0.25365892483943775
scene_2,item_8153,item_3953,0.21967507280760062
scene_2,item_9026,item_8153,0.36067376022224085
scene_2,item_9725,item_6425,0.28784291717709903
scene_2,item_482,item_2564,0.34004648219892986
scene_2,item_482,item_9248,0.29290009707680087
scene_2,item_482,item_518,0.17936394586245522
scene_2,item_9248,item_326,0.3034130755422791
scene_2,item_9248,item_482,0.29290009707680087
scene_2,item_9248,item_518,0.1691059498929585
scene_2,item_9248,item_8570,0.12022458674074694
scene_2,item_9248,item_8993,0.09088124514043709
scene_2,item_9995,item_6884,0.1866862208614127
scene_2,item_9995,item_9482,0.17894429648982982
scene_2,item_9995,item_8183,0.1547920370316812
scene_2,item_9437,item_1307,0.4164701851078906
scene_2,item_9776,item_3458,0.26276343125998064
scene_2,item_9776,item_4850,0.22755980665670933
scene_2,item_1781,item_6878,0.2145454432166118
scene_2,item_1781,item_5381,0.16618618571652527
scene_2,item_527,item_23,0.35298015324911725
scene_2,item_527,item_8093,0.20353567865244448
scene_2,item_527,item_767,0.18625112890063278
scene_2,item_527,item_7856,0.15785752347466386
scene_2,item_527,item_2351,0.11162212531024944
scene_2,item_2876,item_3431,0.32181816482491765
scene_2,item_9899,item_7253,0.27786943009413506
scene_2,item_9899,item_6656,0.24853397382384473
scene_2,item_9899,item_9962,0.20353567865244448
scene_2,item_7253,item_6656,0.5557388601882701
scene_2,item_7253,item_9899,0.27786943009413506
scene_2,item_899,item_410,0.3309769415569616
scene_2,item_899,item_1472,0.3309769415569616
scene_2,item_899,item_5777,0.2560787179424268
scene_2,item_899,item_4022,0.14784711673779438
scene_2,item_899,item_3914,0.1425440099914108
scene_2,item_899,item_8780,0.12749523845048155
scene_2,item_899,item_5909,0.0660356940836275
scene_2,item_7706,item_2537,0.23502275771936396
scene_2,item_7706,item_8750,0.18625112890063278
scene_2,item_7706,item_3221,0.10201394465967895
scene_2,item_767,item_527,0.18625112890063278
scene_2,item_767,item_4265,0.1472444460259031
scene_2,item_767,item_5393,0.12022458674074694
scene_2,item_6734,item_5276,0.45511961331341866
scene_2,item_6734,item_9098,0.37160360818355515
scene_2,item_5276,item_6734,0.45511961331341866
scene_2,item_2231,item_797,0.22755980665670933
scene_2,item_2231,item_4661,0.1472444460259031
scene_2,item_2231,item_4226,0.13893471504706753
scene_2,item_2231,item_2309,0.12751743082459868
scene_2,item_2231,item_5696,0.11742126555152319
scene_2,item_2231,item_8162,0.08600952240108478
scene_2,item_4439,item_7898,0.3720737510341648
scene_2,item_4439,item_5594,0.3222253204769533
scene_2,item_4439,item_5588,0.14045296193542475
scene_2,item_4439,item_6260,0.13138171562999032
scene_2,item_3143,item_1241,0.5255268625199613
scene_2,item_1241,item_3143,0.5255268625199613
scene_2,item_5777,item_4022,0.3222253204769533
scene_2,item_5777,item_899,0.2560787179424268
scene_2,item_641,item_1505,0.24327166614569326
scene_2,item_1505,item_641,0.24327166614569326
scene_2,item_1505,item_1532,0.2226126777828642
scene_2,item_1505,item_1913,0.13632186771065563
scene_2,item_1505,item_9845,0.13632186771065563
scene_2,item_1505,item_80,0.13632186771065563
scene_2,item_1505,item_5204,0.13632186771065563
scene_2,item_1505,item_6656,0.10879439650028087
scene_2,item_6083,item_1862,0.40707135730488897
scene_2,item_6083,item_3557,0.23502275771936396
scene_2,item_6083,item_3008,0.23502275771936396
scene_2,item_1763,item_8123,0.6436363296498353
scene_2,item_1763,item_6992,0.37160360818355515
scene_2,item_6992,item_5975,0.5255268625199613
scene_2,item_6992,item_1763,0.37160360818355515
scene_2,item_6878,item_1781,0.2145454432166118
scene_2,item_23,item_527,0.35298015324911725
scene_2,item_23,item_7856,0.24959465998671754
scene_2,item_23,item_2351,0.17649007662455862
scene_2,item_2351,item_6494,0.20353567865244448
scene_2,item_2351,item_23,0.17649007662455862
scene_2,item_2351,item_527,0.11162212531024944
scene_2,item_2351,item_7856,0.07892876173733193
scene_2,item_7856,item_23,0.24959465998671754
scene_2,item_7856,item_527,0.15785752347466386
scene_2,item_7856,item_3830,0.11343971980809854
scene_2,item_7856,item_2276,0.0926231433647117
scene_2,item_7856,item_5114,0.0802139951322084
scene_2,item_7856,item_2351,0.07892876173733193
scene_2,item_1232,item_953,0.26276343125998064
scene_2,item_5522,item_5264,0.25503486164919736
scene_2,item_5522,item_2519,0.16129820911147802
scene_2,item_4205,item_8789,0.32259641822295604
scene_2,item_4205,item_9341,0.2174944607970515
scene_2,item_9341,item_9329,0.434988921594103
scene_2,item_9341,item_4205,0.2174944607970515
scene_2,item_9341,item_662,0.1372237265538407
scene_2,item_9341,item_8789,0.09726647981437406
scene_2,item_3953,item_8615,0.35872789172491043
scene_2,item_3953,item_8153,0.21967507280760062
scene_2,item_1457,item_2666,0.20353567865244448
scene_2,item_1457,item_3236,0.1538585110408932
scene_2,item_2666,item_1457,0.20353567865244448
scene_2,item_2666,item_2780,0.15170653777113954
scene_2,item_5126,item_9122,0.12163583307284663
scene_2,item_8330,item_6023,0.16090908241245883
scene_2,item_8330,item_3350,0.08309309285826263
scene_2,item_5669,item_5822,0.6436363296498353
scene_2,item_5669,item_6257,0.38542375677731305
scene_2,item_5669,item_3908,0.1816905013650884
scene_2,item_5822,item_5669,0.6436363296498353
scene_2,item_3023,item_9587,0.45511961331341866
scene_2,item_3023,item_3926,0.4164701851078906
scene_2,item_3023,item_1874,0.32181816482491765
scene_2,item_9587,item_3023,0.45511961331341866
scene_2,item_9104,item_7154,0.5255268625199613
scene_2,item_1607,item_1322,0.32181816482491765
scene_2,item_1607,item_8288,0.26276343125998064
scene_2,item_1607,item_212,0.22755980665670933
scene_2,item_1904,item_1142,0.1986304836445498
scene_2,item_1904,item_5705,0.1986304836445498
scene_2,item_1904,item_9881,0.15741093403835918
scene_2,item_1904,item_3896,0.12192998520830386
scene_2,item_8942,item_9425,0.36067376022224085
scene_2,item_9821,item_9482,0.27786943009413506
scene_2,item_9821,item_3905,0.10355582242660198
scene_2,item_9482,item_9821,0.27786943009413506
scene_2,item_9482,item_2780,0.21506427881530404
scene_2,item_9482,item_3905,0.1852462867294234
scene_2,item_9482,item_9995,0.17894429648982982
scene_2,item_8357,item_2450,0.5100697232983947
scene_2,item_8357,item_2048,0.2944888920518062
scene_2,item_5177,item_5399,0.15845231093012707
scene_2,item_5177,item_4742,0.15845231093012707
scene_2,item_3803,item_551,0.6444506409539066
scene_2,item_3803,item_3587,0.45569541835852434
scene_2,item_3803,item_3236,0.243579446888602
scene_2,item_8282,item_788,0.19278823416444013
scene_2,item_8282,item_3599,0.15379180810010684
scene_2,item_5606,item_7880,0.5452874708426225
scene_2,item_5606,item_2276,0.11467936320144637
scene_2,item_7364,item_9371,0.45622022982388755
scene_2,item_7364,item_3254,0.18640048036788354
scene_2,item_7364,item_5057,0.15207340994129584
scene_2,item_1169,item_2069,0.45511961331341866
scene_2,item_5192,item_5171,0.5889777841036123
scene_2,item_3308,item_7853,0.7174557834498209
scene_2,item_3308,item_3602,0.23484253110304637
scene_2,item_7853,item_3308,0.7174557834498209
scene_2,item_7853,item_3602,0.2711727970990338
scene_2,item_7853,item_9404,0.23502275771936396
scene_2,item_449,item_4364,0.2511409709768604
scene_2,item_449,item_1091,0.23797917077280895
scene_2,item_449,item_5828,0.16827668543460464
scene_2,item_449,item_5084,0.09703182758590927
scene_2,item_8543,item_3842,0.2944888920518062
scene_2,item_3842,item_8543,0.2944888920518062
scene_2,item_1016,item_7019,0.5889777841036123
scene_2,item_6248,item_8105,0.45622022982388755
scene_2,item_6248,item_3182,0.28784291717709903
scene_2,item_8105,item_6248,0.45622022982388755
scene_2,item_6824,item_9578,0.14392145858854952
scene_2,item_6824,item_7388,0.12872726592996706
scene_2,item_1532,item_8750,0.2404491734814939
scene_2,item_1532,item_1505,0.2226126777828642
scene_2,item_1532,item_4091,0.1113063388914321
scene_2,item_8750,item_1532,0.2404491734814939
scene_2,item_8750,item_1739,0.1986304836445498
scene_2,item_8750,item_7706,0.18625112890063278
scene_2,item_8750,item_3221,0.1316994362492872
scene_2,item_8750,item_4091,0.1113063388914321
scene_2,item_3929,item_7610,0.36067376022224085
scene_2,item_3929,item_7913,0.12751743082459868
scene_2,item_3929,item_4091,0.12163583307284663
scene_2,item_8717,item_5501,0.1963259280345374
scene_2,item_8717,item_8729,0.18176249028087418
scene_2,item_8717,item_9137,0.13569045243496297
scene_2,item_8717,item_8081,0.12386786939451837
scene_2,item_8717,item_8786,0.095947639059033
scene_2,item_9425,item_9410,0.5073178496788755
scene_2,item_9425,item_8942,0.36067376022224085
scene_2,item_6410,item_176,0.40707135730488897
scene_2,item_7898,item_4439,0.3720737510341648
scene_2,item_7898,item_6890,0.37160360818355515
scene_2,item_7898,item_5594,0.3222253204769533
scene_2,item_7898,item_3812,0.2404491734814939
scene_2,item_7640,item_5480,0.23484253110304637
scene_2,item_7640,item_8699,0.14852745795291228
scene_2,item_9041,item_2018,0.2145454432166118
scene_2,item_2156,item_602,0.32259641822295604
scene_2,item_2156,item_1439,0.1538585110408932
scene_2,item_3209,item_4559,0.18204784532536747
scene_2,item_6143,item_2759,0.37250225780126556
scene_2,item_6143,item_7316,0.23502275771936396
scene_2,item_7316,item_6143,0.23502275771936396
scene_2,item_644,item_6260,0.25503486164919736
scene_2,item_3074,item_1589,0.35872789172491043
scene_2,item_3074,item_2273,0.11343971980809854
scene_2,item_5738,item_2687,0.32181816482491765
scene_2,item_710,item_3086,0.34004648219892986
scene_2,item_710,item_9209,0.16618618571652527
scene_2,item_4121,item_7628,0.45511961331341866
scene_2,item_4121,item_1583,0.25503486164919736
scene_2,item_4121,item_1091,0.12751743082459868
scene_2,item_1844,item_5510,0.6213349345596119
scene_2,item_1844,item_1280,0.36067376022224085
scene_2,item_1844,item_4844,0.22811011491194377
scene_2,item_7904,item_4790,0.4808983469629878
scene_2,item_7904,item_3518,0.2404491734814939
scene_2,item_7904,item_3686,0.15170653777113954
scene_2,item_7904,item_746,0.13882339503596353
scene_2,item_7904,item_998,0.12386786939451837
scene_2,item_7904,item_9650,0.11467936320144637
scene_2,item_5018,item_9122,0.13138171562999032
scene_2,item_4328,item_3419,0.3440380896043391
scene_2,item_4328,item_308,0.17201904480216956
scene_2,item_9608,item_9824,0.40707135730488897
scene_2,item_9824,item_9608,0.40707135730488897
scene_2,item_3338,item_3422,0.21967507280760062
scene_2,item_3338,item_8120,0.15533373363990297
scene_2,item_3338,item_5744,0.10983753640380031
scene_2,item_1142,item_2192,0.5255268625199613
scene_2,item_1142,item_4022,0.2404491734814939
scene_2,item_1142,item_1904,0.1986304836445498
scene_2,item_3236,item_3803,0.243579446888602
scene_2,item_3236,item_551,0.21094598884529175
scene_2,item_3236,item_1367,0.1986304836445498
scene_2,item_3236,item_1457,0.1538585110408932
scene_2,item_3236,item_3587,0.14916133917660762
scene_2,item_4595,item_317,0.7213475204444817
scene_2,item_7343,item_8867,0.2226126777828642
scene_2,item_9161,item_8219,0.6436363296498353
scene_2,item_8219,item_9161,0.6436363296498353
scene_2,item_9446,item_9392,0.2711727970990338
scene_2,item_9446,item_3152,0.25365892483943775
scene_2,item_8210,item_1691,0.5889777841036123
scene_2,item_1691,item_8210,0.5889777841036123
scene_2,item_7151,item_8015,0.28784291717709903
scene_2,item_7763,item_3221,0.45622022982388755
scene_2,item_6713,item_2357,0.45511961331341866
scene_2,item_6713,item_8930,0.32259641822295604
scene_2,item_6713,item_4739,0.2944888920518062
scene_2,item_9848,item_761,0.45569541835852434
scene_2,item_9848,item_9602,0.2944888920518062
scene_2,item_9848,item_7511,0.2037931864969732
scene_2,item_9848,item_8348,0.16111266023847665
scene_2,item_9848,item_9749,0.071424047500042
scene_2,item_761,item_9848,0.45569541835852434
scene_2,item_761,item_7511,0.24959465998671754
scene_2,item_761,item_8348,0.19732190434332983
scene_2,item_1787,item_3647,0.28853900817779266
scene_2,item_2423,item_5102,0.23502275771936396
scene_2,item_2423,item_284,0.18204784532536747
scene_2,item_2423,item_248,0.13569045243496297
scene_2,item_284,item_3314,0.19453295962874811
scene_2,item_284,item_2423,0.18204784532536747
scene_2,item_284,item_5114,0.11751137885968198
scene_2,item_6281,item_5984,0.2633988724985744
scene_2,item_6281,item_3350,0.13569045243496297
scene_2,item_5984,item_6281,0.2633988724985744
scene_2,item_5984,item_2444,0.2633988724985744
scene_2,item_5984,item_9305,0.14392145858854952
scene_2,item_5984,item_4838,0.10176783932622224
scene_2,item_4661,item_842,0.29290009707680087
scene_2,item_4661,item_2231,0.1472444460259031
scene_2,item_4661,item_5147,0.11343971980809854
scene_2,item_3356,item_2639,0.32259641822295604
scene_2,item_3356,item_9839,0.21506427881530404
scene_2,item_3356,item_7682,0.18204784532536747
scene_2,item_8774,item_29,0.28784291717709903
scene_2,item_5501,item_3332,0.37160360818355515
scene_2,item_5501,item_8717,0.1963259280345374
scene_2,item_4967,item_6110,0.39296671660800847
scene_2,item_4967,item_2759,0.24853397382384473
scene_2,item_4967,item_9947,0.20353567865244448
scene_2,item_4151,item_2780,0.13882339503596353
scene_2,item_4151,item_5057,0.13882339503596353
scene_2,item_5843,item_8780,0.23502275771936396
scene_2,item_9698,item_8657,0.6436363296498353
scene_2,item_8657,item_9698,0.6436363296498353
scene_2,item_6440,item_8516,0.5452874708426225
scene_2,item_6440,item_3479,0.1986304836445498
scene_2,item_6440,item_4283,0.19278823416444013
scene_2,item_9581,item_8042,0.32181816482491765
scene_2,item_4019,item_8033,0.22755980665670933
scene_2,item_8033,item_4019,0.22755980665670933
scene_2,item_7169,item_5291,0.23502275771936396
scene_2,item_5291,item_7169,0.23502275771936396
scene_2,item_5393,item_8183,0.18580180409177757
scene_2,item_5393,item_4265,0.1472444460259031
scene_2,item_5393,item_767,0.12022458674074694
scene_2,item_9731,item_2726,0.18204784532536747
scene_2,item_9149,item_8375,0.15170653777113954
scene_2,item_5564,item_7475,0.32181816482491765
scene_2,item_8399,item_7922,0.5889777841036123
scene_2,item_2873,item_5078,0.45511961331341866
scene_2,item_2873,item_3200,0.18580180409177757
scene_2,item_1592,item_2294,0.2145454432166118
scene_2,item_1592,item_530,0.2145454432166118
scene_2,item_1592,item_8036,0.2145454432166118
scene_2,item_1592,item_8570,0.15170653777113954
scene_2,item_8198,item_383,0.5073178496788755
scene_2,item_8198,item_1067,0.2633988724985744
scene_2,item_8198,item_2750,0.25365892483943775
scene_2,item_5666,item_9980,0.28784291717709903
scene_2,item_2114,item_815,0.2944888920518062
scene_2,item_2114,item_3212,0.2404491734814939
scene_2,item_2114,item_5165,0.14575492688072578
scene_2,item_2114,item_3905,0.13882339503596353
scene_2,item_2114,item_3908,0.10411754627697264
scene_2,item_8891,item_521,0.45511961331341866
scene_2,item_8891,item_839,0.20353567865244448
scene_2,item_4184,item_4163,0.37160360818355515
scene_2,item_9830,item_9650,0.5452874708426225
scene_2,item_8780,item_3914,0.5557388601882701
scene_2,item_8780,item_5843,0.23502275771936396
scene_2,item_8780,item_899,0.12749523845048155
scene_2,item_5264,item_2870,0.26276343125998064
scene_2,item_5264,item_5522,0.25503486164919736
scene_2,item_5264,item_2519,0.22811011491194377
scene_2,item_2519,item_1949,0.40707135730488897
scene_2,item_2519,item_5264,0.22811011491194377
scene_2,item_2519,item_5522,0.16129820911147802
scene_2,item_4886,item_1109,0.2944888920518062
scene_2,item_8261,item_7772,0.2633988724985744
scene_2,item_1739,item_8750,0.1986304836445498
scene_2,item_1739,item_4403,0.1986304836445498
scene_2,item_5180,item_1841,0.5889777841036123
scene_2,item_5180,item_2372,0.18580180409177757
scene_2,item_1841,item_5180,0.5889777841036123
scene_2,item_7370,item_293,0.2082350925539453
scene_2,item_1307,item_9437,0.4164701851078906
scene_2,item_1307,item_3476,0.2082350925539453
scene_2,item_1307,item_9122,0.12751743082459868
scene_2,item_3476,item_7247,0.9113908367170487
scene_2,item_3476,item_1337,0.3720737510341648
scene_2,item_3476,item_1307,0.2082350925539453
scene_2,item_3476,item_9122,0.1472444460259031
scene_2,item_7391,item_5090,0.15845231093012707
scene_2,item_1325,item_2564,0.17002324109946493
scene_2,item_2276,item_6095,0.2145454432166118
scene_2,item_2276,item_5606,0.11467936320144637
scene_2,item_2276,item_7856,0.0926231433647117
scene_2,item_2276,item_3830,0.08455297494647925
scene_2,item_2276,item_5114,0.059787981954151734
scene_2,item_1286,item_8930,0.3704925734588468
scene_2,item_1286,item_5219,0.3034130755422791
scene_2,item_1286,item_8867,0.12386786939451837
scene_2,item_2387,item_9680,0.26276343125998064
scene_2,item_9785,item_7766,0.5100697232983947
scene_2,item_9785,item_7622,0.5100697232983947
scene_2,item_7622,item_9785,0.5100697232983947
scene_2,item_7622,item_7766,0.36067376022224085
scene_2,item_530,item_5024,0.5889777841036123
scene_2,item_530,item_1592,0.2145454432166118
scene_2,item_5024,item_530,0.5889777841036123
scene_2,item_3605,item_1814,1.0201394465967895
scene_2,item_1814,item_3605,1.0201394465967895
scene_2,item_8015,item_7151,0.28784291717709903
scene_2,item_8096,item_1502,0.5255268625199613
scene_2,item_5588,item_6113,0.15741093403835918
scene_2,item_5588,item_4439,0.14045296193542475
scene_2,item_5588,item_8699,0.10879439650028087
scene_2,item_5588,item_3905,0.09088124514043709
scene_2,item_4388,item_7481,0.16618618571652527
scene_2,item_8267,item_9080,0.1030496457777831
scene_2,item_8267,item_5312,0.07022648096771238
scene_2,item_2336,item_4955,0.37160360818355515
scene_2,item_4955,item_485,0.45569541835852434
scene_2,item_4955,item_6353,0.45569541835852434
scene_2,item_4955,item_2336,0.37160360818355515
scene_2,item_1550,item_4721,0.16090908241245883
scene_2,item_9755,item_4355,0.13138171562999032
scene_2,item_9755,item_5399,0.07922615546506354
scene_2,item_3542,item_7991,0.17201904480216956
scene_2,item_3542,item_2174,0.12852548944296008
scene_2,item_3542,item_5036,0.08109055538189774
scene_2,item_4034,item_746,0.5255268625199613
scene_2,item_746,item_4034,0.5255268625199613
scene_2,item_746,item_3518,0.4164701851078906
scene_2,item_746,item_7904,0.13882339503596353
scene_2,item_8624,item_2996,0.28784291717709903
scene_2,item_4997,item_8549,0.18580180409177757
scene_2,item_7925,item_7043,0.21506427881530404
scene_2,item_9326,item_4109,0.3034130755422791
scene_2,item_9956,item_311,0.40707135730488897
scene_2,item_311,item_9956,0.40707135730488897
scene_2,item_5693,item_167,0.27786943009413506
scene_2,item_5693,item_9209,0.13893471504706753
scene_2,item_5594,item_4166,0.45511961331341866
scene_2,item_5594,item_7898,0.3222253204769533
scene_2,item_5594,item_4439,0.3222253204769533
scene_2,item_4166,item_5594,0.45511961331341866
scene_2,item_4166,item_3647,0.28784291717709903
scene_2,item_6257,item_5669,0.38542375677731305
scene_2,item_6257,item_3908,0.2725357520476326
scene_2,item_6257,item_3392,0.16090908241245883
scene_2,item_1766,item_92,0.7267620054603536
scene_2,item_1766,item_6341,0.6293943592339912
scene_2,item_1766,item_3506,0.37160360818355515
scene_2,item_6341,item_1766,0.6293943592339912
scene_2,item_6341,item_92,0.5933986926065561
scene_2,item_827,item_6617,0.45511961331341866
scene_2,item_827,item_3080,0.45511961331341866
scene_2,item_539,item_1322,0.45511961331341866
scene_2,item_2315,item_1367,0.16618618571652527
scene_2,item_2315,item_9083,0.14392145858854952
scene_2,item_7742,item_6266,0.5889777841036123
scene_2,item_2273,item_1589,0.39296671660800847
scene_2,item_2273,item_3074,0.11343971980809854
scene_2,item_5078,item_2873,0.45511961331341866
scene_2,item_989,item_8234,0.6436363296498353
scene_2,item_989,item_8003,0.24327166614569326
scene_2,item_8234,item_989,0.6436363296498353
scene_2,item_2564,item_5837,0.4070713573048889
scene_2,item_2564,item_482,0.34004648219892986
scene_2,item_2564,item_9647,0.3034130755422791
scene_2,item_2564,item_854,0.22935872640289273
scene_2,item_2564,item_1325,0.17002324109946493
scene_2,item_2564,item_7379,0.13569045243496297
scene_2,item_392,item_3575,0.2944888920518062
scene_2,item_392,item_7043,0.2145454432166118
scene_2,item_4673,item_3992,0.18625112890063278
scene_2,item_7319,item_7553,0.45511961331341866
scene_2,item_7553,item_7319,0.45511961331341866
scene_2,item_7553,item_7637,0.32181816482491765
scene_2,item_4682,item_3662,0.5889777841036123
scene_2,item_1682,item_6419,0.9102392266268373
scene_2,item_6419,item_1682,0.9102392266268373
scene_2,item_2639,item_3356,0.32259641822295604
scene_2,item_2639,item_6494,0.32181816482491765
scene_2,item_9137,item_8717,0.13569045243496297
scene_2,item_1460,item_7517,0.5100697232983947
scene_2,item_1460,item_1673,0.32259641822295604
scene_2,item_3518,item_746,0.4164701851078906
scene_2,item_3518,item_7904,0.2404491734814939
scene_2,item_7043,item_7925,0.21506427881530404
scene_2,item_7043,item_392,0.2145454432166118
scene_2,item_1469,item_6245,0.0993152418222749
scene_2,item_9209,item_167,0.24853397382384473
scene_2,item_9209,item_710,0.16618618571652527
scene_2,item_9209,item_5693,0.13893471504706753
scene_2,item_6962,item_6641,0.32181816482491765
scene_2,item_6962,item_4244,0.26276343125998064
scene_2,item_6962,item_5909,0.22811011491194377
scene_2,item_6962,item_518,0.18580180409177757
scene_2,item_4790,item_7904,0.4808983469629878
scene_2,item_1670,item_9353,0.3440380896043391
scene_2,item_797,item_2231,0.22755980665670933
scene_2,item_2660,item_7913,0.18580180409177757
scene_2,item_6551,item_7301,0.37160360818355515
scene_2,item_6551,item_4046,0.26276343125998064
scene_2,item_1367,item_3236,0.1986304836445498
scene_2,item_1367,item_2315,0.16618618571652527
scene_2,item_2756,item_7475,0.2944888920518062
scene_2,item_2756,item_8537,0.27764679007192705
scene_2,item_8585,item_1277,0.5889777841036123
scene_2,item_8585,item_3593,0.37160360818355515
scene_2,item_8585,item_6125,0.2944888920518062
scene_2,item_8585,item_6038,0.2404491734814939
scene_2,item_6125,item_8585,0.2944888920518062
scene_2,item_6125,item_6038,0.2944888920518062
scene_2,item_6125,item_1304,0.22755980665670933
scene_2,item_6038,item_5159,0.37160360818355515
scene_2,item_6038,item_3695,0.3208559805288336
scene_2,item_6038,item_6125,0.2944888920518062
scene_2,item_6038,item_8585,0.2404491734814939
scene_2,item_6038,item_464,0.17936394586245522
scene_2,item_7757,item_9173,0.22755980665670933
scene_2,item_7757,item_3353,0.18580180409177757
scene_2,item_3353,item_6797,0.4164701851078906
scene_2,item_3353,item_167,0.2633988724985744
scene_2,item_3353,item_4043,0.1963259280345374
scene_2,item_3353,item_7757,0.18580180409177757
scene_2,item_3611,item_4838,0.22811011491194377
scene_2,item_3611,item_161,0.18625112890063278
scene_2,item_3611,item_182,0.12192998520830386
scene_2,item_9371,item_7364,0.45622022982388755
scene_2,item_1196,item_1109,0.26276343125998064
scene_2,item_7271,item_4163,0.2404491734814939
scene_2,item_2294,item_1592,0.2145454432166118
scene_2,item_3365,item_4157,0.45511961331341866
scene_2,item_4862,item_2321,0.4164701851078906
scene_2,item_4862,item_464,0.2082350925539453
scene_2,item_464,item_2321,0.36067376022224085
scene_2,item_464,item_3695,0.27786943009413506
scene_2,item_464,item_4862,0.2082350925539453
scene_2,item_464,item_6038,0.17936394586245522
scene_2,item_2321,item_4862,0.4164701851078906
scene_2,item_2321,item_464,0.36067376022224085
scene_2,item_9023,item_2642,0.45511961331341866
scene_2,item_9023,item_881,0.45511961331341866
scene_2,item_9023,item_11,0.32181816482491765
scene_2,item_2642,item_9023,0.45511961331341866
scene_2,item_9476,item_7481,0.37250225780126556
scene_2,item_2006,item_6491,0.1538585110408932
scene_2,item_6104,item_3125,0.4164701851078906
scene_2,item_6104,item_9506,0.3034130755422791
scene_2,item_6104,item_6380,0.2944888920518062
scene_2,item_6104,item_3896,0.23502275771936396
scene_2,item_3896,item_4055,0.28784291717709903
scene_2,item_3896,item_6104,0.23502275771936396
scene_2,item_3896,item_9881,0.18625112890063278
scene_2,item_3896,item_1904,0.12192998520830386
scene_2,item_5171,item_5192,0.5889777841036123
scene_2,item_3659,item_5699,0.3208559805288336
scene_2,item_3659,item_3113,0.22687943961619708
scene_2,item_2534,item_6371,0.4164701851078906
scene_2,item_2534,item_7718,0.2944888920518062
scene_2,item_8564,item_2339,0.5452874708426225
scene_2,item_8564,item_2609,0.19278823416444013
scene_2,item_8564,item_5648,0.0728671033283421
scene_2,item_2609,item_8468,0.45511961331341866
scene_2,item_2609,item_8564,0.19278823416444013
scene_2,item_2609,item_5648,0.13632186771065563
scene_2,item_3812,item_7898,0.2404491734814939
scene_2,item_3812,item_4889,0.2145454432166118
scene_2,item_698,item_6719,0.6436363296498353
scene_2,item_3479,item_6440,0.1986304836445498
scene_2,item_4214,item_6335,0.2145454432166118
scene_2,item_7754,item_9311,0.5100697232983947
scene_2,item_7535,item_5261,0.6436363296498353
scene_2,item_5261,item_7535,0.6436363296498353
scene_2,item_8630,item_6845,0.24327166614569326
scene_2,item_740,item_3047,0.2082350925539453
scene_2,item_740,item_8573,0.18580180409177757
scene_2,item_740,item_5165,0.16335304620728716
scene_2,item_740,item_1400,0.1113063388914321
scene_2,item_740,item_9839,0.0981629640172687
scene_2,item_8471,item_6671,0.4164701851078906
scene_2,item_8471,item_8918,0.2944888920518062
scene_2,item_5816,item_953,0.18625112890063278
scene_2,item_161,item_3611,0.18625112890063278
scene_2,item_161,item_182,0.15741093403835918
scene_2,item_9881,item_3896,0.18625112890063278
scene_2,item_9881,item_9122,0.18580180409177757
scene_2,item_9881,item_1904,0.15741093403835918
scene_2,item_5567,item_8147,0.37160360818355515
scene_2,item_8288,item_2975,0.5255268625199613
scene_2,item_8288,item_1607,0.26276343125998064
scene_2,item_4361,item_7682,0.28853900817779266
scene_2,item_4361,item_4052,0.28784291717709903
scene_2,item_9668,item_5000,0.28784291717709903
scene_2,item_9668,item_8300,0.13569045243496297
scene_2,item_6845,item_8630,0.24327166614569326
scene_2,item_6845,item_9122,0.14916133917660762
scene_2,item_6845,item_5495,0.13341395760551886
scene_2,item_7817,item_7418,0.2944888920518062
scene_2,item_7817,item_3599,0.15379180810010684
scene_2,item_7574,item_9929,0.40707135730488897
scene_2,item_7574,item_9623,0.14392145858854952
scene_2,item_2177,item_3371,0.45511961331341866
scene_2,item_4160,item_6686,0.32181816482491765
scene_2,item_7481,item_9476,0.37250225780126556
scene_2,item_7481,item_7049,0.1852462867294234
scene_2,item_7481,item_4388,0.16618618571652527
scene_2,item_7481,item_8375,0.11751137885968198
scene_2,item_7481,item_2654,0.07174557834498207
scene_2,item_9098,item_6734,0.37160360818355515
scene_2,item_9098,item_842,0.3034130755422791
scene_2,item_842,item_5147,0.3208559805288336
scene_2,item_842,item_9098,0.3034130755422791
scene_2,item_842,item_4661,0.29290009707680087
scene_2,item_4148,item_5123,0.2744474531076814
scene_2,item_3716,item_8861,0.4164701851078906
scene_2,item_3716,item_6167,0.17002324109946493
scene_2,item_8861,item_3716,0.4164701851078906
scene_2,item_8861,item_6167,0.2944888920518062
scene_2,item_4796,item_8753,0.45511961331341866
scene_2,item_4796,item_878,0.18580180409177757
scene_2,item_8570,item_4100,0.15170653777113954
scene_2,item_8570,item_1592,0.15170653777113954
scene_2,item_8570,item_8993,0.13632186771065563
scene_2,item_8570,item_9248,0.12022458674074694
scene_2,item_5705,item_1904,0.1986304836445498
scene_2,item_8186,item_2372,0.26276343125998064
scene_2,item_6113,item_5156,0.2944888920518062
scene_2,item_6113,item_5588,0.15741093403835918
scene_2,item_6113,item_3905,0.13882339503596353
scene_2,item_6113,item_6245,0.12022458674074694
scene_2,item_1094,item_9623,0.22755980665670933
scene_2,item_8147,item_5567,0.37160360818355515
scene_2,item_1130,item_9083,0.7213475204444817
scene_2,item_5744,item_3422,0.31066746727980593
scene_2,item_5744,item_8846,0.23484253110304637
scene_2,item_5744,item_8120,0.21967507280760062
scene_2,item_5744,item_6974,0.10983753640380031
scene_2,item_5744,item_3338,0.10983753640380031
scene_2,item_6974,item_7886,0.36067376022224085
scene_2,item_6974,item_9017,0.25503486164919736
scene_2,item_6974,item_7934,0.25503486164919736
scene_2,item_6974,item_8846,0.1660587462539768
scene_2,item_6974,item_5744,0.10983753640380031
scene_2,item_7448,item_8549,0.16090908241245883
scene_2,item_9506,item_5924,0.5889777841036123
scene_2,item_9506,item_6104,0.3034130755422791
scene_2,item_2480,item_7511,0.40707135730488897
scene_2,item_2048,item_2450,0.4164701851078906
scene_2,item_2048,item_8357,0.2944888920518062
scene_2,item_3884,item_2870,0.2082350925539453
scene_2,item_3884,item_3908,0.12751743082459868
scene_2,item_5381,item_3206,0.20353567865244448
scene_2,item_5381,item_2654,0.1665880740431562
scene_2,item_5381,item_1781,0.16618618571652527
scene_2,item_1937,item_4340,0.37250225780126556
scene_2,item_1937,item_1421,0.32259641822295604
scene_2,item_1937,item_1175,0.32259641822295604
scene_2,item_4340,item_1937,0.37250225780126556
scene_2,item_8468,item_2609,0.45511961331341866
scene_2,item_8468,item_128,0.45511961331341866
scene_2,item_7469,item_3836,0.36067376022224085
scene_2,item_7469,item_6365,0.35872789172491043
scene_2,item_7469,item_14,0.25503486164919736
scene_2,item_7469,item_3683,0.21967507280760062
scene_2,item_7790,item_3839,0.15845231093012707
scene_2,item_5504,item_8729,0.27264373542131126
scene_2,item_5504,item_3998,0.2404491734814939
scene_2,item_8183,item_5393,0.18580180409177757
scene_2,item_8183,item_8993,0.17201904480216956
scene_2,item_8183,item_6884,0.16827668543460464
scene_2,item_8183,item_9995,0.1547920370316812
scene_2,item_6884,item_5108,0.2744474531076814
scene_2,item_6884,item_179,0.19406365517181853
scene_2,item_6884,item_9995,0.1866862208614127
scene_2,item_6884,item_8183,0.16827668543460464
scene_2,item_4517,item_182,0.24327166614569326
scene_2,item_8612,item_8696,0.45622022982388755
scene_2,item_8612,item_131,0.40707135730488897
scene_2,item_8612,item_4703,0.14392145858854952
scene_2,item_5312,item_6956,0.2711727970990338
scene_2,item_5312,item_8267,0.07022648096771238
scene_2,item_3206,item_2786,0.45511961331341866
scene_2,item_3206,item_5381,0.20353567865244448
scene_2,item_1280,item_1844,0.36067376022224085
scene_2,item_95,item_8789,0.23502275771936396
scene_2,item_95,item_8561,0.1986304836445498
scene_2,item_2780,item_6917,0.3034130755422791
scene_2,item_2780,item_9482,0.21506427881530404
scene_2,item_2780,item_2666,0.15170653777113954
scene_2,item_2780,item_4151,0.13882339503596353
scene_2,item_2780,item_5057,0.0801497244938313
scene_2,item_6464,item_3221,0.32259641822295604
scene_2,item_1439,item_9533,0.3440380896043391
scene_2,item_1439,item_2156,0.1538585110408932
scene_2,item_8081,item_6638,0.34004648219892986
scene_2,item_8081,item_287,0.2633988724985744
scene_2,item_8081,item_8717,0.12386786939451837
scene_2,item_8081,item_7325,0.12386786939451837
scene_2,item_881,item_9023,0.45511961331341866
scene_2,item_3707,item_1622,0.2040278893193579
scene_2,item_3707,item_3173,0.20353567865244448
scene_2,item_6251,item_8432,0.3034130755422791
scene_2,item_6251,item_5063,0.1986304836445498
scene_2,item_8180,item_3263,0.15379180810010684
scene_2,item_8180,item_8375,0.07922615546506354
scene_2,item_2729,item_9266,0.45511961331341866
scene_2,item_8243,item_6611,0.37160360818355515
scene_2,item_6611,item_8243,0.37160360818355515
scene_2,item_1727,item_4427,0.7213475204444817
scene_2,item_4427,item_1727,0.7213475204444817
scene_2,item_3140,item_2309,0.2944888920518062
scene_2,item_7367,item_2555,0.23502275771936396
scene_2,item_308,item_4328,0.17201904480216956
scene_2,item_308,item_953,0.13138171562999032
scene_2,item_3227,item_5948,0.45511961331341866
scene_2,item_8003,item_989,0.24327166614569326
scene_2,item_8930,item_1286,0.3704925734588468
scene_2,item_8930,item_6713,0.32259641822295604
scene_2,item_2864,item_3011,0.9102392266268373
scene_2,item_3011,item_2864,0.9102392266268373
scene_2,item_5015,item_1742,0.40707135730488897
scene_2,item_5015,item_2021,0.28784291717709903
scene_2,item_5015,item_2963,0.28784291717709903
scene_2,item_1742,item_5015,0.40707135730488897
scene_2,item_6641,item_4046,0.32181816482491765
scene_2,item_6641,item_6962,0.32181816482491765
scene_2,item_4046,item_6641,0.32181816482491765
scene_2,item_4046,item_6551,0.26276343125998064
scene_2,item_4046,item_7913,0.12751743082459868
scene_2,item_4046,item_2309,0.12751743082459868
scene_2,item_2198,item_7805,0.2944888920518062
scene_2,item_212,item_4130,0.45511961331341866
scene_2,item_212,item_1607,0.22755980665670933
scene_2,item_7247,item_3476,0.9113908367170487
scene_2,item_7247,item_1337,0.45569541835852434
scene_2,item_1337,item_7247,0.45569541835852434
scene_2,item_1337,item_3476,0.3720737510341648
scene_2,item_1337,item_8324,0.3034130755422791
scene_2,item_1067,item_8198,0.2633988724985744
scene_2,item_1913,item_9845,0.36067376022224085
scene_2,item_1913,item_1505,0.13632186771065563
scene_2,item_9845,item_1913,0.36067376022224085
scene_2,item_9845,item_1505,0.13632186771065563
scene_2,item_9404,item_4934,0.28784291717709903
scene_2,item_9404,item_7853,0.23502275771936396
scene_2,item_9839,item_3356,0.21506427881530404
scene_2,item_9839,item_740,0.0981629640172687
scene_2,item_9839,item_1400,0.09088124514043709
scene_2,item_8375,item_9149,0.15170653777113954
scene_2,item_8375,item_7481,0.11751137885968198
scene_2,item_8375,item_2309,0.09290090204588879
scene_2,item_8375,item_8180,0.07922615546506354
scene_2,item_4889,item_3812,0.2145454432166118
scene_2,item_5084,item_449,0.09703182758590927
scene_2,item_9944,item_6470,0.5255268625199613
scene_2,item_6470,item_9944,0.5255268625199613
scene_2,item_6470,item_7736,0.37160360818355515
scene_2,item_9356,item_2018,0.13569045243496297
scene_2,item_2501,item_7460,0.38557646832888026
scene_2,item_731,item_9179,0.23915192781660694
scene_2,item_731,item_692,0.15170653777113954
scene_2,item_731,item_9305,0.15170653777113954
scene_2,item_731,item_602,0.15170653777113954
scene_2,item_731,item_3575,0.11957596390830347
scene_2,item_704,item_2069,0.37160360818355515
scene_2,item_2069,item_1169,0.45511961331341866
scene_2,item_2069,item_704,0.37160360818355515
scene_2,item_2141,item_911,1.0201394465967895
scene_2,item_911,item_2141,1.0201394465967895
scene_2,item_6593,item_8708,0.9102392266268373
scene_2,item_8708,item_6593,0.9102392266268373
scene_2,item_5510,item_1844,0.6213349345596119
scene_2,item_965,item_4310,0.45511961331341866
scene_2,item_965,item_2813,0.26276343125998064
scene_2,item_5039,item_8360,0.7213475204444817
scene_2,item_9305,item_731,0.15170653777113954
scene_2,item_9305,item_5984,0.14392145858854952
scene_2,item_2687,item_5738,0.32181816482491765
scene_2,item_2786,item_3206,0.45511961331341866
scene_2,item_3683,item_6365,0.5073178496788755
scene_2,item_3683,item_7469,0.21967507280760062
scene_2,item_6365,item_3683,0.5073178496788755
scene_2,item_6365,item_7469,0.35872789172491043
scene_2,item_4571,item_9311,0.32181816482491765
scene_2,item_7886,item_6974,0.36067376022224085
scene_2,item_7886,item_3392,0.32181816482491765
scene_2,item_3392,item_7886,0.32181816482491765
scene_2,item_3392,item_6257,0.16090908241245883
scene_2,item_9923,item_7430,0.6436363296498353
scene_2,item_4244,item_6962,0.26276343125998064
scene_2,item_383,item_8198,0.5073178496788755
scene_2,item_383,item_2750,0.31066746727980593
scene_2,item_2750,item_3485,0.32181816482491765
scene_2,item_2750,item_383,0.31066746727980593
scene_2,item_2750,item_8198,0.25365892483943775
scene_2,item_9713,item_5120,0.45511961331341866
scene_2,item_5120,item_9713,0.45511961331341866
scene_2,item_5120,item_2420,0.22755980665670933
scene_2,item_7505,item_8579,0.45622022982388755
scene_2,item_692,item_9218,0.20353567865244448
scene_2,item_692,item_731,0.15170653777113954
scene_2,item_7496,item_8849,0.45511961331341866
scene_2,item_1709,item_6236,0.36067376022224085
scene_2,item_9947,item_4967,0.20353567865244448
scene_2,item_2126,item_9623,0.18580180409177757
scene_2,item_8753,item_4796,0.45511961331341866
scene_2,item_5960,item_8639,0.5255268625199613
scene_2,item_8639,item_5960,0.5255268625199613
scene_2,item_1277,item_8585,0.5889777841036123
scene_2,item_506,item_287,0.20353567865244448
scene_2,item_506,item_7112,0.17201904480216956
scene_2,item_6347,item_3860,0.20006580556856823
scene_2,item_6347,item_8699,0.16348403610933473
scene_2,item_6347,item_9428,0.11290128088734613
scene_2,item_6347,item_1976,0.0632663627513074
scene_2,item_2963,item_5015,0.28784291717709903
scene_2,item_8951,item_8009,0.45622022982388755
scene_2,item_3863,item_8987,0.28784291717709903
scene_2,item_3863,item_1508,0.17574005824608052
scene_2,item_3863,item_950,0.13893471504706753
scene_2,item_7637,item_7553,0.32181816482491765
scene_2,item_1412,item_5402,0.5100697232983947
scene_2,item_1412,item_6173,0.5100697232983947
scene_2,item_5402,item_6173,0.7213475204444817
scene_2,item_5402,item_1412,0.5100697232983947
scene_2,item_6173,item_5402,0.7213475204444817
scene_2,item_6173,item_1412,0.5100697232983947
scene_2,item_9044,item_8849,0.26276343125998064
scene_2,item_6023,item_4289,0.45511961331341866
scene_2,item_6023,item_8330,0.16090908241245883
scene_2,item_5936,item_8870,0.9102392266268373
scene_2,item_8870,item_5936,0.9102392266268373
scene_2,item_3047,item_740,0.2082350925539453
scene_2,item_3047,item_8615,0.2082350925539453
scene_2,item_8117,item_5399,0.2511409709768604
scene_2,item_2909,item_854,0.3440380896043391
scene_2,item_854,item_5837,0.46157553312267957
scene_2,item_854,item_2909,0.3440380896043391
scene_2,item_854,item_2564,0.22935872640289273
scene_2,item_854,item_7379,0.1538585110408932
scene_2,item_3086,item_710,0.34004648219892986
scene_2,item_6236,item_1709,0.36067376022224085
scene_2,item_3371,item_2177,0.45511961331341866
scene_2,item_3173,item_3707,0.20353567865244448
scene_2,item_4598,item_5696,0.3440380896043391
scene_2,item_5696,item_4598,0.3440380896043391
scene_2,item_5696,item_845,0.3440380896043391
scene_2,item_5696,item_2231,0.11742126555152319
scene_2,item_5696,item_4226,0.10502477271090407
scene_2,item_6644,item_6623,0.9102392266268373
scene_2,item_6623,item_6644,0.9102392266268373
scene_2,item_8132,item_8264,0.5255268625199613
scene_2,item_4703,item_3989,0.22755980665670933
scene_2,item_4703,item_8612,0.14392145858854952
scene_2,item_1583,item_4121,0.25503486164919736
scene_2,item_1583,item_1091,0.18033688011112042
scene_2,item_7964,item_3608,0.19406365517181853
scene_2,item_7388,item_9635,0.40707135730488897
scene_2,item_7388,item_6824,0.12872726592996706
scene_2,item_9635,item_7388,0.40707135730488897
scene_2,item_4934,item_9404,0.28784291717709903
scene_2,item_4310,item_965,0.45511961331341866
scene_2,item_4946,item_5162,0.3034130755422791
scene_2,item_5111,item_2513,0.15845231093012707
scene_2,item_5156,item_6113,0.2944888920518062
scene_2,item_5156,item_6245,0.1472444460259031
scene_2,item_563,item_1688,0.26276343125998064
scene_2,item_2975,item_8288,0.5255268625199613
scene_2,item_1988,item_5384,0.32181816482491765
scene_2,item_6566,item_6137,0.45511961331341866
scene_2,item_3740,item_5336,0.5255268625199613
scene_2,item_4016,item_9560,0.37160360818355515
scene_2,item_4016,item_4532,0.28784291717709903
scene_2,item_9560,item_4016,0.37160360818355515
scene_2,item_8201,item_224,0.45511961331341866
scene_2,item_1997,item_5495,0.28784291717709903
scene_2,item_1730,item_2174,0.15170653777113954
scene_2,item_5021,item_1547,0.45511961331341866
scene_2,item_521,item_8891,0.45511961331341866
scene_2,item_5612,item_3200,0.37160360818355515
scene_2,item_9428,item_2441,0.45622022982388755
scene_2,item_9428,item_6347,0.11290128088734613
scene_2,item_9641,item_9218,0.40707135730488897
scene_2,item_6530,item_7268,0.6436363296498353
scene_2,item_7268,item_6530,0.6436363296498353
scene_2,item_2996,item_8624,0.28784291717709903
scene_2,item_6995,item_2075,0.7213475204444817
scene_2,item_6995,item_7325,0.2404491734814939
scene_2,item_2075,item_6995,0.7213475204444817
scene_2,item_2075,item_7325,0.2404491734814939
scene_2,item_9578,item_6824,0.14392145858854952
scene_2,item_9434,item_2654,0.16618618571652527
scene_2,item_4292,item_6899,0.6436363296498353
scene_2,item_6899,item_4292,0.6436363296498353
scene_2,item_1064,item_5912,0.45511961331341866
scene_2,item_8042,item_7973,0.6436363296498353
scene_2,item_8042,item_9581,0.32181816482491765
scene_2,item_1883,item_5495,0.28784291717709903
scene_2,item_188,item_9422,0.8329403702157812
scene_2,item_2372,item_8186,0.26276343125998064
scene_2,item_2372,item_5180,0.18580180409177757
scene_2,item_2825,item_9179,0.5255268625199613
scene_2,item_2420,item_5120,0.22755980665670933
scene_2,item_2420,item_8561,0.17201904480216956
scene_2,item_4364,item_9152,0.4164701851078906
scene_2,item_4364,item_449,0.2511409709768604
scene_2,item_4364,item_5165,0.11550804670065219
scene_2,item_9152,item_4364,0.4164701851078906
scene_2,item_9152,item_5165,0.20006580556856823
scene_2,item_8507,item_6443,0.36067376022224085
scene_2,item_8507,item_4838,0.18033688011112042
scene_2,item_167,item_8369,0.28784291717709903
scene_2,item_167,item_5693,0.27786943009413506
scene_2,item_167,item_3353,0.2633988724985744
scene_2,item_167,item_9209,0.24853397382384473
scene_2,item_7991,item_3542,0.17201904480216956
scene_2,item_3263,item_8180,0.15379180810010684
scene_2,item_3263,item_917,0.13138171562999032
scene_2,item_3263,item_3269,0.12163583307284663
scene_2,item_2792,item_8270,0.6436363296498353
scene_2,item_8270,item_2792,0.6436363296498353
scene_2,item_2822,item_6359,0.26276343125998064
scene_2,item_7922,item_8399,0.5889777841036123
scene_2,item_8645,item_6380,0.28784291717709903
scene_2,item_7382,item_4604,0.5100697232983947
scene_2,item_7382,item_7304,0.25503486164919736
scene_2,item_6617,item_827,0.45511961331341866
scene_2,item_2987,item_4436,0.5452874708426225
scene_2,item_5162,item_4946,0.3034130755422791
scene_2,item_1949,item_2519,0.40707135730488897
scene_2,item_8987,item_3863,0.28784291717709903
scene_2,item_1694,item_4616,0.35872789172491043
scene_2,item_1694,item_1262,0.1604279902644168
scene_2,item_1694,item_8993,0.1355863985495169
scene_2,item_4616,item_1694,0.35872789172491043
scene_2,item_4616,item_1262,0.27786943009413506
scene_2,item_4616,item_8993,0.23484253110304637
scene_2,item_8993,item_4616,0.23484253110304637
scene_2,item_8993,item_8183,0.17201904480216956
scene_2,item_8993,item_8570,0.13632186771065563
scene_2,item_8993,item_1694,0.1355863985495169
scene_2,item_8993,item_1262,0.10502477271090407
scene_2,item_8993,item_9248,0.09088124514043709
scene_2,item_4532,item_4016,0.28784291717709903
scene_2,item_4532,item_3599,0.12273663228009231
scene_2,item_3557,item_3491,0.5255268625199613
scene_2,item_3557,item_3098,0.26276343125998064
scene_2,item_3557,item_6083,0.23502275771936396
scene_2,item_5975,item_6992,0.5255268625199613
scene_2,item_14,item_3836,0.5100697232983947
scene_2,item_14,item_7469,0.25503486164919736
scene_2,item_3836,item_14,0.5100697232983947
scene_2,item_3836,item_7469,0.36067376022224085
scene_2,item_8756,item_6998,0.2145454432166118
scene_2,item_3935,item_3992,0.5889777841036123
scene_2,item_3992,item_3935,0.5889777841036123
scene_2,item_3992,item_4673,0.18625112890063278
scene_2,item_743,item_3575,0.15170653777113954
scene_2,item_551,item_3803,0.6444506409539066
scene_2,item_551,item_3587,0.39464380868665966
scene_2,item_551,item_3236,0.21094598884529175
scene_2,item_3587,item_3803,0.45569541835852434
scene_2,item_3587,item_551,0.39464380868665966
scene_2,item_3587,item_3236,0.14916133917660762
scene_2,item_4403,item_1739,0.1986304836445498
scene_2,item_8849,item_7496,0.45511961331341866
scene_2,item_8849,item_9044,0.26276343125998064
scene_2,item_3914,item_8780,0.5557388601882701
scene_2,item_3914,item_899,0.1425440099914108
scene_2,item_6110,item_4967,0.39296671660800847
scene_2,item_6110,item_2759,0.19648335830400424
scene_2,item_3422,item_8120,0.43935014561520125
scene_2,item_3422,item_5744,0.31066746727980593
scene_2,item_3422,item_3338,0.21967507280760062
scene_2,item_9329,item_9341,0.434988921594103
scene_2,item_5513,item_1202,0.5100697232983947
scene_2,item_5513,item_1658,0.5100697232983947
scene_2,item_4610,item_9284,0.6436363296498353
scene_2,item_6890,item_7898,0.37160360818355515
scene_2,item_8984,item_7511,0.40707135730488897
scene_2,item_7556,item_8576,0.37160360818355515
scene_2,item_3404,item_1256,0.37160360818355515
scene_2,item_128,item_8468,0.45511961331341866
scene_2,item_4220,item_9287,0.4164701851078906
scene_2,item_7463,item_5249,0.9102392266268373
scene_2,item_5249,item_7463,0.9102392266268373
scene_2,item_7682,item_9068,0.5557388601882701
scene_2,item_7682,item_4361,0.28853900817779266
scene_2,item_7682,item_9590,0.19648335830400424
scene_2,item_7682,item_3356,0.18204784532536747
scene_2,item_9068,item_7682,0.5557388601882701
scene_2,item_9068,item_9590,0.21967507280760062
scene_2,item_4226,item_2231,0.13893471504706753
scene_2,item_4226,item_5696,0.10502477271090407
scene_2,item_1637,item_3083,0.37160360818355515
scene_2,item_65,item_6389,0.28784291717709903
scene_2,item_9410,item_9425,0.5073178496788755
scene_2,item_9410,item_689,0.2226126777828642
scene_2,item_2021,item_5015,0.28784291717709903
scene_2,item_3695,item_6038,0.3208559805288336
scene_2,item_3695,item_464,0.27786943009413506
scene_2,item_326,item_9248,0.3034130755422791
scene_2,item_410,item_899,0.3309769415569616
scene_2,item_3167,item_953,0.2404491734814939
scene_2,item_2726,item_2522,0.28784291717709903
scene_2,item_2726,item_9731,0.18204784532536747
scene_2,item_2522,item_2726,0.28784291717709903
scene_2,item_5714,item_2354,0.37160360818355515
scene_2,item_3332,item_5501,0.37160360818355515
scene_2,item_7079,item_6161,0.9102392266268373
scene_2,item_6161,item_7079,0.9102392266268373
scene_2,item_9347,item_7130,0.5255268625199613
scene_2,item_7460,item_2501,0.38557646832888026
scene_2,item_4469,item_7304,0.45511961331341866
scene_2,item_1145,item_7208,0.40707135730488897
scene_2,item_5912,item_1064,0.45511961331341866
scene_2,item_6029,item_8549,0.21967507280760062
scene_2,item_6029,item_9416,0.21967507280760062
scene_2,item_9422,item_188,0.8329403702157812
scene_2,item_3110,item_8162,0.5452874708426225
scene_2,item_224,item_8201,0.45511961331341866
scene_2,item_5699,item_3659,0.3208559805288336
scene_2,item_5699,item_3113,0.14645004853840043
scene_2,item_9416,item_8549,0.31066746727980593
scene_2,item_9416,item_6029,0.21967507280760062
scene_2,item_602,item_2156,0.32259641822295604
scene_2,item_602,item_731,0.15170653777113954
scene_2,item_5987,item_8099,0.3440380896043391
scene_2,item_3002,item_6254,0.9102392266268373
scene_2,item_6254,item_3002,0.9102392266268373
scene_2,item_7154,item_9104,0.5255268625199613
scene_2,item_1244,item_9572,0.6436363296498353
scene_2,item_1244,item_3512,0.6436363296498353
scene_2,item_9572,item_1244,0.6436363296498353
scene_2,item_4604,item_7382,0.5100697232983947
scene_2,item_4604,item_7304,0.36067376022224085
scene_2,item_8606,item_8300,0.34004648219892986
scene_2,item_8786,item_8717,0.095947639059033
scene_2,item_6797,item_3353,0.4164701851078906
scene_2,item_1655,item_7232,0.7213475204444817
scene_2,item_7232,item_1655,0.7213475204444817
scene_2,item_4055,item_3896,0.28784291717709903
scene_2,item_6860,item_4940,0.9102392266268373
scene_2,item_4940,item_6860,0.9102392266268373
scene_2,item_7283,item_4283,0.22811011491194377
scene_2,item_500,item_3830,0.26276343125998064
scene_2,item_593,item_7787,0.7213475204444817
scene_2,item_617,item_3674,0.32181816482491765
scene_2,item_2117,item_1961,0.5100697232983947
scene_2,item_1874,item_3023,0.32181816482491765
scene_2,item_3431,item_2876,0.32181816482491765
scene_2,item_9110,item_5483,0.37250225780126556
scene_2,item_5828,item_8348,0.25503486164919736
scene_2,item_5828,item_1091,0.19732190434332983
scene_2,item_5828,item_449,0.16827668543460464
scene_2,item_9191,item_605,0.9102392266268373
scene_2,item_605,item_9191,0.9102392266268373
scene_2,item_7028,item_3998,0.2145454432166118
scene_2,item_2339,item_8564,0.5452874708426225
scene_2,item_2555,item_7367,0.23502275771936396
scene_2,item_4619,item_3746,0.45511961331341866
scene_2,item_4619,item_9656,0.18033688011112042
scene_2,item_4619,item_7772,0.16129820911147802
scene_2,item_7772,item_8261,0.2633988724985744
scene_2,item_7772,item_6758,0.2227911869293684
scene_2,item_7772,item_4619,0.16129820911147802
scene_2,item_7772,item_9656,0.08064910455573901
scene_2,item_5483,item_9110,0.37250225780126556
scene_2,item_6494,item_2639,0.32181816482491765
scene_2,item_6494,item_2351,0.20353567865244448
scene_2,item_2450,item_8357,0.5100697232983947
scene_2,item_2450,item_2048,0.4164701851078906
scene_2,item_8696,item_8612,0.45622022982388755
scene_2,item_2813,item_965,0.26276343125998064
scene_2,item_9980,item_5666,0.28784291717709903
scene_2,item_9704,item_7085,0.6436363296498353
scene_2,item_3212,item_2114,0.2404491734814939
scene_2,item_3212,item_8579,0.16618618571652527
scene_2,item_3212,item_3908,0.10411754627697264
scene_2,item_9263,item_4742,0.19406365517181853
scene_2,item_5354,item_6221,0.5255268625199613
scene_2,item_3860,item_1976,0.22811011491194377
scene_2,item_3860,item_6347,0.20006580556856823
scene_2,item_7430,item_9923,0.6436363296498353
scene_2,item_458,item_6578,0.8787002912304025
scene_2,item_458,item_6500,0.6213349345596119
scene_2,item_6578,item_458,0.8787002912304025
scene_2,item_6578,item_6500,0.8787002912304025
scene_2,item_6500,item_6578,0.8787002912304025
scene_2,item_6500,item_458,0.6213349345596119
scene_2,item_5720,item_4304,0.27264373542131126
scene_2,item_7610,item_3929,0.36067376022224085
scene_2,item_7610,item_7913,0.25503486164919736
scene_2,item_3083,item_1637,0.37160360818355515
scene_2,item_9533,item_1439,0.3440380896043391
scene_2,item_7490,item_5210,0.45511961331341866
scene_2,item_5210,item_7490,0.45511961331341866
scene_2,item_5210,item_4223,0.45511961331341866
scene_2,item_7616,item_3314,0.19406365517181853
scene_2,item_1028,item_9548,0.6436363296498353
scene_2,item_3182,item_6248,0.28784291717709903
scene_2,item_1070,item_4442,0.28784291717709903
scene_2,item_4442,item_1070,0.28784291717709903
scene_2,item_3506,item_1766,0.37160360818355515
scene_2,item_8837,item_3962,0.9102392266268373
scene_2,item_3962,item_8837,0.9102392266268373
scene_2,item_7301,item_7631,0.45511961331341866
scene_2,item_7301,item_6551,0.37160360818355515
scene_2,item_3647,item_1787,0.28853900817779266
scene_2,item_3647,item_4166,0.28784291717709903
scene_2,item_7208,item_1145,0.40707135730488897
scene_2,item_8432,item_5996,0.3034130755422791
scene_2,item_8432,item_6251,0.3034130755422791
scene_2,item_9929,item_7574,0.40707135730488897
scene_2,item_1202,item_1658,0.7213475204444817
scene_2,item_1202,item_5513,0.5100697232983947
scene_2,item_1658,item_1202,0.7213475204444817
scene_2,item_1658,item_5513,0.5100697232983947
scene_2,item_5837,item_854,0.46157553312267957
scene_2,item_5837,item_2564,0.4070713573048889
scene_2,item_5837,item_8165,0.39296671660800847
scene_2,item_5837,item_7379,0.2730717679880512
scene_2,item_5837,item_3905,0.0926231433647117
scene_2,item_5129,item_9707,0.3440380896043391
scene_2,item_2885,item_803,1.0201394465967895
scene_2,item_803,item_2885,1.0201394465967895
scene_2,item_1442,item_6896,0.5889777841036123
scene_2,item_1442,item_1397,0.2145454432166118
scene_2,item_9548,item_1028,0.6436363296498353
scene_2,item_554,item_3575,0.15170653777113954
scene_2,item_9791,item_4325,0.45622022982388755
scene_2,item_4499,item_8633,0.7213475204444817
scene_2,item_9500,item_8348,0.22784770917926217
scene_2,item_9500,item_9749,0.15630223900882112
scene_2,item_2795,item_5027,0.9102392266268373
scene_2,item_5027,item_2795,0.9102392266268373
scene_2,item_8648,item_8597,0.32259641822295604
scene_2,item_8648,item_3746,0.22811011491194377
scene_2,item_8597,item_3746,0.5100697232983947
scene_2,item_8597,item_8648,0.32259641822295604
scene_2,item_3746,item_8597,0.5100697232983947
scene_2,item_3746,item_4619,0.45511961331341866
scene_2,item_3746,item_8648,0.22811011491194377
scene_2,item_1805,item_1328,0.36067376022224085
scene_2,item_1805,item_4100,0.12022458674074694
scene_2,item_317,item_4595,0.7213475204444817
scene_2,item_5159,item_6038,0.37160360818355515
scene_2,item_4271,item_3290,0.32181816482491765
scene_2,item_101,item_5834,0.2944888920518062
scene_2,item_101,item_9764,0.2404491734814939
scene_2,item_3662,item_4682,0.5889777841036123
scene_2,item_5654,item_6398,0.6451928364459121
scene_2,item_5102,item_2423,0.23502275771936396
scene_2,item_5009,item_9524,0.6436363296498353
scene_2,item_9524,item_5009,0.6436363296498353
scene_2,item_2429,item_9395,0.6436363296498353
scene_2,item_9395,item_2429,0.6436363296498353
scene_2,item_7085,item_9704,0.6436363296498353
scene_2,item_1451,item_6872,0.37160360818355515
scene_2,item_1547,item_5021,0.45511961331341866
scene_2,item_6359,item_8207,0.37160360818355515
scene_2,item_6359,item_2822,0.26276343125998064
scene_2,item_5108,item_6884,0.2744474531076814
scene_2,item_6917,item_2780,0.3034130755422791
scene_2,item_2354,item_5714,0.37160360818355515
scene_2,item_6794,item_1271,0.6436363296498353
scene_2,item_1271,item_6794,0.6436363296498353
scene_2,item_158,item_8537,0.3034130755422791
scene_2,item_7646,item_287,0.40707135730488897
scene_2,item_287,item_7646,0.40707135730488897
scene_2,item_287,item_8081,0.2633988724985744
scene_2,item_287,item_506,0.20353567865244448
scene_2,item_5834,item_101,0.2944888920518062
scene_2,item_5834,item_9764,0.2944888920518062
scene_2,item_5834,item_9986,0.26276343125998064
scene_2,item_3380,item_1400,0.24327166614569326
scene_2,item_1472,item_899,0.3309769415569616
scene_2,item_5579,item_6998,0.6436363296498353
scene_2,item_6998,item_5579,0.6436363296498353
scene_2,item_6998,item_8756,0.2145454432166118
scene_2,item_6380,item_3125,0.5100697232983947
scene_2,item_6380,item_6104,0.2944888920518062
scene_2,item_6380,item_8645,0.28784291717709903
scene_2,item_3125,item_6380,0.5100697232983947
scene_2,item_3125,item_6104,0.4164701851078906
scene_2,item_9680,item_2387,0.26276343125998064
scene_2,item_3329,item_5123,0.19406365517181853
scene_2,item_6326,item_1091,0.32181816482491765
scene_2,item_5219,item_1286,0.3034130755422791
scene_2,item_5090,item_7391,0.15845231093012707
scene_2,item_7718,item_6371,0.5100697232983947
scene_2,item_7718,item_2534,0.2944888920518062
scene_2,item_8324,item_3443,0.5255268625199613
scene_2,item_8324,item_1337,0.3034130755422791
scene_2,item_3443,item_8324,0.5255268625199613
scene_2,item_1322,item_539,0.45511961331341866
scene_2,item_1322,item_1607,0.32181816482491765
scene_2,item_9266,item_2729,0.45511961331341866
scene_2,item_3419,item_4328,0.3440380896043391
scene_2,item_3488,item_6842,0.38557646832888026
scene_2,item_8684,item_3389,0.9102392266268373
scene_2,item_3389,item_8684,0.9102392266268373
scene_2,item_7031,item_4592,0.45511961331341866
scene_2,item_7031,item_3908,0.16090908241245883
scene_2,item_485,item_6353,1.1162212531024944
scene_2,item_485,item_4955,0.45569541835852434
scene_2,item_6353,item_485,1.1162212531024944
scene_2,item_6353,item_4955,0.45569541835852434
scene_2,item_5924,item_9506,0.5889777841036123
scene_2,item_7973,item_8042,0.6436363296498353
scene_2,item_1721,item_1100,0.24327166614569326
scene_2,item_9602,item_9848,0.2944888920518062
scene_2,item_9602,item_9749,0.17495247173941134
scene_2,item_9647,item_2564,0.3034130755422791
scene_2,item_4397,item_665,0.6436363296498353
scene_2,item_665,item_4397,0.6436363296498353
scene_2,item_665,item_3608,0.19406365517181853
scene_2,item_3989,item_4703,0.22755980665670933
scene_2,item_3119,item_6545,0.7487839799601527
scene_2,item_3119,item_8933,0.5294702298736759
scene_2,item_3119,item_1952,0.40707135730488897
scene_2,item_4733,item_8063,0.9102392266268373
scene_2,item_8063,item_4733,0.9102392266268373
scene_2,item_3164,item_8927,0.40707135730488897
scene_2,item_6545,item_3119,0.7487839799601527
scene_2,item_6545,item_8933,0.39464380868665966
scene_2,item_2441,item_9428,0.45622022982388755
scene_2,item_4355,item_9755,0.13138171562999032
scene_2,item_5558,item_1076,0.31066746727980593
scene_2,item_5558,item_1622,0.19648335830400424
scene_2,item_9938,item_3500,0.40707135730488897
scene_2,item_5480,item_8699,0.39296671660800847
scene_2,item_5480,item_7640,0.23484253110304637
scene_2,item_6266,item_7742,0.5889777841036123
scene_2,item_11,item_9023,0.32181816482491765
scene_2,item_8009,item_8951,0.45622022982388755
scene_2,item_8576,item_7556,0.37160360818355515
scene_2,item_8360,item_5039,0.7213475204444817
scene_2,item_2192,item_1142,0.5255268625199613
scene_2,item_3491,item_3557,0.5255268625199613
scene_2,item_8093,item_527,0.20353567865244448
scene_2,item_1349,item_3350,0.37250225780126556
scene_2,item_8207,item_6359,0.37160360818355515
scene_2,item_8123,item_1763,0.6436363296498353
scene_2,item_3581,item_4739,0.37160360818355515
scene_2,item_8963,item_2084,0.32259641822295604
scene_2,item_8963,item_8561,0.27264373542131126
scene_2,item_7736,item_4808,0.6436363296498353
scene_2,item_7736,item_6470,0.37160360818355515
scene_2,item_4808,item_7736,0.6436363296498353
scene_2,item_9284,item_4610,0.6436363296498353
scene_2,item_1862,item_6083,0.40707135730488897
scene_2,item_3458,item_5042,0.5255268625199613
scene_2,item_3458,item_9776,0.26276343125998064
scene_2,item_4592,item_7031,0.45511961331341866
scene_2,item_4289,item_6023,0.45511961331341866
scene_2,item_7880,item_5606,0.5452874708426225
scene_2,item_8264,item_8132,0.5255268625199613
scene_2,item_9017,item_7934,0.7213475204444817
scene_2,item_9017,item_6974,0.25503486164919736
scene_2,item_7934,item_9017,0.7213475204444817
scene_2,item_7934,item_6974,0.25503486164919736
scene_2,item_8393,item_7961,0.9102392266268373
scene_2,item_7961,item_8393,0.9102392266268373
scene_2,item_4325,item_9791,0.45622022982388755
scene_2,item_5333,item_1490,0.9102392266268373
scene_2,item_1490,item_5333,0.9102392266268373
scene_2,item_2357,item_6713,0.45511961331341866
scene_2,item_7517,item_1460,0.5100697232983947
scene_2,item_7532,item_1034,0.9102392266268373
scene_2,item_1034,item_7532,0.9102392266268373
scene_2,item_8165,item_5837,0.39296671660800847
scene_2,item_8165,item_3905,0.29290009707680087
scene_2,item_6080,item_9080,0.27264373542131126
scene_2,item_7628,item_4121,0.45511961331341866
scene_2,item_5012,item_4043,0.3034130755422791
scene_2,item_4130,item_212,0.45511961331341866
scene_2,item_3719,item_3608,0.2744474531076814
scene_2,item_5204,item_80,0.36067376022224085
scene_2,item_5204,item_1505,0.13632186771065563
scene_2,item_8918,item_6671,0.5100697232983947
scene_2,item_8918,item_8471,0.2944888920518062
scene_2,item_131,item_8612,0.40707135730488897
scene_2,item_3080,item_827,0.45511961331341866
scene_2,item_1502,item_8096,0.5255268625199613
scene_2,item_845,item_5696,0.3440380896043391
scene_2,item_9050,item_293,0.37160360818355515
scene_2,item_6719,item_698,0.6436363296498353
scene_2,item_1952,item_3119,0.40707135730488897
scene_2,item_4685,item_3818,0.6436363296498353
scene_2,item_8633,item_4499,0.7213475204444817
scene_2,item_4247,item_8153,0.45511961331341866
scene_2,item_6671,item_8918,0.5100697232983947
scene_2,item_6671,item_8471,0.4164701851078906
scene_2,item_3512,item_1244,0.6436363296498353
scene_2,item_1589,item_2273,0.39296671660800847
scene_2,item_1589,item_3074,0.35872789172491043
scene_2,item_1328,item_1805,0.36067376022224085
scene_2,item_1328,item_4100,0.2404491734814939
scene_2,item_1715,item_6398,0.40707135730488897
scene_2,item_8516,item_6440,0.5452874708426225
scene_2,item_1421,item_1175,0.7213475204444817
scene_2,item_1421,item_1937,0.32259641822295604
scene_2,item_1175,item_1421,0.7213475204444817
scene_2,item_1175,item_1937,0.32259641822295604
scene_2,item_5042,item_3458,0.5255268625199613
scene_2,item_1076,item_1622,0.39296671660800847
scene_2,item_1076,item_5558,0.31066746727980593
scene_2,item_6371,item_7718,0.5100697232983947
scene_2,item_6371,item_2534,0.4164701851078906
