scene,item,score
scene_0,item_39,1.0
scene_0,item_3,1.0
scene_0,item_0,1.0
scene_0,item_9,1.0
scene_0,item_6,1.0
scene_0,item_54,1.0
scene_0,item_21,1.0
scene_0,item_12,1.0
scene_0,item_36,1.0
scene_0,item_30,1.0
scene_0,item_33,1.0
scene_0,item_141,1.0
scene_0,item_144,1.0
scene_0,item_123,1.0
scene_0,item_126,1.0
scene_0,item_138,1.0
scene_0,item_15,1.0
scene_0,item_18,1.0
scene_0,item_63,1.0
scene_0,item_60,1.0
scene_0,item_57,1.0
scene_0,item_24,1.0
scene_0,item_78,1.0
scene_0,item_27,1.0
scene_0,item_81,1.0
scene_0,item_75,1.0
scene_0,item_72,1.0
scene_0,item_99,1.0
scene_0,item_96,1.0
scene_0,item_132,1.0
scene_0,item_129,1.0
scene_0,item_105,1.0
scene_0,item_135,1.0
scene_0,item_102,1.0
scene_0,item_51,1.0
scene_0,item_48,1.0
scene_0,item_45,1.0
scene_0,item_42,1.0
scene_0,item_87,1.0
scene_0,item_84,1.0
scene_0,item_114,1.0
scene_0,item_117,1.0
scene_0,item_120,1.0
scene_0,item_93,1.0
scene_0,item_90,1.0
scene_0,item_111,1.0
scene_0,item_108,1.0
scene_0,item_147,1.0
scene_0,item_66,1.0
scene_0,item_69,1.0
scene_0,item_5046,0.9855814809754555
scene_0,item_9900,0.977850789191201
scene_0,item_3204,0.9705505488875972
scene_0,item_8856,0.9626803410906746
scene_0,item_9789,0.9617815403500288
scene_0,item_6621,0.9483170510278928
scene_0,item_9615,0.9428559383857448
scene_0,item_7686,0.9201107218744617
scene_0,item_7197,0.915608264550954
scene_0,item_627,0.9108102060965539
scene_0,item_4707,0.8982202766614765
scene_0,item_3492,0.892042174200564
scene_0,item_5313,0.8895611051723442
scene_0,item_4911,0.8891660353928771
scene_0,item_5232,0.8854160154375353
scene_0,item_2259,0.8715625719744053
scene_0,item_1971,0.8616908818085124
scene_0,item_8718,0.8613492032802397
scene_0,item_1077,0.8540193477657441
scene_0,item_5910,0.8499835462808257
scene_0,item_4812,0.849237825610824
scene_0,item_2025,0.846190037602043
scene_0,item_7986,0.8296803751090976
scene_0,item_6342,0.8287225080031574
scene_0,item_4245,0.8246138753169198
scene_0,item_1038,0.8238401269756374
scene_0,item_6675,0.7960838023689429
scene_0,item_420,0.7942250804193755
scene_0,item_9696,0.7918646401407256
scene_0,item_1506,0.7777032463181912
scene_0,item_4134,0.776747312257003
scene_0,item_8073,0.7753061933544321
scene_0,item_2034,0.773186663658078
scene_0,item_5982,0.7646814472762538
scene_0,item_3756,0.7597795306307763
scene_0,item_2322,0.7500758174329032
scene_0,item_651,0.73533161709869
scene_0,item_666,0.7326006940714219
scene_0,item_7596,0.7265446334503834
scene_0,item_8613,0.7145602394274441
scene_0,item_7218,0.6929133049740751
scene_0,item_1527,0.6857705345284654
scene_0,item_6516,0.6852476644329609
scene_0,item_5457,0.6777379941491807
scene_0,item_8769,0.6705435555820397
scene_0,item_8184,0.6647913189714385
scene_0,item_6762,0.6555088821499632
scene_0,item_3039,0.6496057180254631
scene_0,item_8958,0.6412517841357861
scene_0,item_3489,0.6378759261206683
scene_0,item_7077,0.6335014804489654
scene_0,item_5946,0.6250747762121466
scene_0,item_1623,0.6230664476405279
scene_0,item_2784,0.5958651952006755
scene_0,item_6750,0.5927785377758685
scene_0,item_7452,0.5878305601594533
scene_0,item_321,0.5848268927974223
scene_0,item_3663,0.5838242382785602
scene_0,item_2949,0.5789133819782295
scene_0,item_6480,0.569800909149543
scene_0,item_2730,0.5619149581187612
scene_0,item_4602,0.560028277376257
scene_0,item_3822,0.5564224776991188
scene_0,item_8172,0.5553857441294877
scene_0,item_3810,0.5488362722650407
scene_0,item_6174,0.5457659952529919
scene_0,item_8472,0.5376377607501237
scene_0,item_7182,0.5297560653739133
scene_0,item_2589,0.5084515844683403
scene_0,item_6834,0.5058289986246896
scene_0,item_1152,0.4979542622354324
scene_0,item_7959,0.49704138282610655
scene_0,item_9984,0.49520230381113683
scene_0,item_4095,0.49372611756737916
scene_0,item_6273,0.4830380084502247
scene_0,item_4206,0.47067835071651665
scene_0,item_6003,0.4598190137421858
scene_0,item_9747,0.4540905169084003
scene_0,item_2247,0.43410998859954153
scene_0,item_8784,0.4320930103367668
scene_0,item_8772,0.42821780023974876
scene_0,item_5007,0.4280283451988863
scene_0,item_4989,0.4239850533689567
scene_0,item_4836,0.4124968666401057
scene_0,item_5124,0.409250091819942
scene_0,item_237,0.40792215757749745
scene_0,item_2862,0.4064432246921817
scene_0,item_7500,0.40239419140888194
scene_0,item_3327,0.4014585106031662
scene_0,item_6267,0.40106308978632066
scene_0,item_3534,0.39945564377177856
scene_0,item_6891,0.3970365890713096
scene_0,item_5037,0.3941310589284495
scene_0,item_5493,0.39127022790881005
scene_0,item_6138,0.3863990188024649
scene_0,item_4410,0.38186910587859285
scene_0,item_9291,0.38102666328179946
scene_0,item_2349,0.3734836734884008
scene_0,item_1539,0.37308270244579556
scene_0,item_3783,0.3672494392699788
scene_0,item_4170,0.3652404592642161
scene_0,item_2556,0.36314337507007977
scene_0,item_5811,0.3615268243994963
scene_0,item_5298,0.3446330093967683
scene_0,item_5787,0.34232403565448544
scene_0,item_6732,0.3376714360299736
scene_0,item_4827,0.33655227728611525
scene_0,item_4119,0.3350296709036528
scene_0,item_7869,0.333298891706819
scene_0,item_8148,0.33273763534941403
scene_0,item_546,0.33258922065623386
scene_0,item_8430,0.3288099121787145
scene_0,item_5877,0.32865504403983564
scene_0,item_7404,0.3279061540794502
scene_0,item_7173,0.3258511708901444
scene_0,item_2850,0.32418238605948513
scene_0,item_6066,0.32271397383057815
scene_0,item_3225,0.32232988337592317
scene_0,item_444,0.3220540916564696
scene_0,item_2658,0.31389350802441746
scene_0,item_4101,0.3128196312517495
scene_0,item_6738,0.30957698748095147
scene_0,item_7128,0.3077632575659427
scene_0,item_9843,0.30128412619348893
scene_0,item_7533,0.29976335077512145
scene_0,item_153,0.29782374294646574
scene_0,item_9174,0.29429196967030286
scene_0,item_9855,0.28967357701365226
scene_0,item_9987,0.289280789018237
scene_0,item_8706,0.2865884910316148
scene_0,item_8529,0.2826077801359532
scene_0,item_2982,0.2811678252985889
scene_0,item_4344,0.2776231564435799
scene_0,item_3546,0.2775401126348058
scene_0,item_4575,0.2775158960524573
scene_0,item_9831,0.2767351442093319
scene_0,item_2172,0.2752211897241073
scene_0,item_5784,0.27436114113167537
scene_0,item_4554,0.2715728980514023
scene_0,item_4938,0.27022447661312027
scene_0,item_6774,0.26676348323166316
scene_0,item_2100,0.26373369918480416
scene_0,item_9678,0.26181410438257535
scene_0,item_8991,0.2606818691164309
scene_0,item_1485,0.2605972241338996
scene_0,item_6819,0.25953491895800523
scene_0,item_5013,0.25794448029065403
scene_0,item_7581,0.25440358312682826
scene_0,item_426,0.2539746108463265
scene_0,item_7767,0.253169404162827
scene_0,item_3816,0.25263818450914816
scene_0,item_5481,0.24885321287203374
scene_0,item_1692,0.24758314292132572
scene_0,item_4521,0.24730760293132628
scene_0,item_7860,0.2423224738188606
scene_0,item_1818,0.24014455533363555
scene_0,item_6648,0.2399611647829664
scene_0,item_2895,0.23478378176902437
scene_0,item_522,0.23280569034835746
scene_0,item_5391,0.23147271318437096
scene_0,item_6168,0.2303636918280308
scene_0,item_3564,0.227769265006081
scene_0,item_4704,0.22654946927972885
scene_0,item_7983,0.22612914359800762
scene_0,item_9753,0.22581439470309783
scene_0,item_564,0.22017663671206764
scene_0,item_7029,0.21747464642548925
scene_0,item_6600,0.2147993581874777
scene_0,item_4071,0.21037588368982887
scene_0,item_3552,0.20955190659088055
scene_0,item_9783,0.2069501763484215
scene_0,item_3075,0.20575815459630314
scene_0,item_5766,0.20555366315328116
scene_0,item_2397,0.20492588998321942
scene_0,item_5652,0.2022243673055817
scene_0,item_8649,0.20209198137124612
scene_0,item_348,0.1995020199084175
scene_0,item_513,0.19915544783546446
scene_0,item_2805,0.19879693351209446
scene_0,item_9033,0.19801938246661205
scene_0,item_8181,0.197665338619198
scene_0,item_7437,0.19457997986518505
scene_0,item_987,0.19399445494598463
scene_0,item_1116,0.19342771042523377
scene_0,item_3255,0.18864368546065152
scene_0,item_9507,0.18825596908951667
scene_0,item_822,0.1849831912970696
scene_0,item_8361,0.18292442328115396
scene_0,item_294,0.18017134740649843
scene_0,item_4839,0.17962102309108782
scene_0,item_5655,0.1794008955479124
scene_0,item_402,0.17935780836894097
scene_0,item_2871,0.17861330598994965
scene_0,item_3108,0.17618362403260523
scene_0,item_915,0.1731580473483049
scene_0,item_819,0.17294121148761055
scene_0,item_1080,0.17271807968794645
scene_0,item_8916,0.17214403418618976
scene_0,item_4266,0.16893509309534044
scene_0,item_588,0.1618564282618725
scene_0,item_6552,0.16138490085141627
scene_0,item_5814,0.16062099328402765
scene_0,item_5553,0.1598808718810773
scene_0,item_2664,0.15570065959658494
scene_0,item_6696,0.15247662095804085
scene_0,item_3300,0.1524746832023331
scene_0,item_3123,0.14924888589665058
scene_0,item_8163,0.14824430389365975
scene_0,item_2502,0.14761201985872166
scene_0,item_1209,0.14588666604689718
scene_0,item_3099,0.14433694767444008
scene_0,item_1857,0.14193458838219528
scene_0,item_7041,0.1398986200523227
scene_0,item_7896,0.13655231175262633
scene_0,item_6045,0.13622874990184416
scene_0,item_3501,0.13416244248515724
scene_0,item_7347,0.13197305681341015
scene_0,item_9963,0.12581613288506285
scene_0,item_7563,0.12486555159627029
scene_0,item_3948,0.11694216372435332
scene_0,item_9627,0.1163813634172523
scene_0,item_8847,0.11627696934005949
scene_0,item_5118,0.11360742812744033
scene_0,item_9744,0.11127976836930237
scene_0,item_6582,0.1112611973639594
scene_0,item_9333,0.1108391605538346
scene_0,item_2910,0.10827665851786339
scene_0,item_8442,0.10816401781571307
scene_0,item_189,0.10718702575093585
scene_0,item_285,0.10598255975497627
scene_0,item_7839,0.10565461961463435
scene_0,item_9894,0.10431641025088494
scene_0,item_954,0.10395734013923913
scene_0,item_3072,0.10373019209339347
scene_0,item_6807,0.10072976775903933
scene_0,item_1311,0.10038523855091491
scene_0,item_3984,0.09901593840490354
scene_0,item_3087,0.09837992180815822
scene_0,item_8262,0.09536075117132521
scene_0,item_6384,0.09521444329010044
scene_0,item_3312,0.09519233160932385
scene_0,item_4959,0.09441545268302652
scene_0,item_6369,0.09316113117599698
scene_0,item_2253,0.08625912003617997
scene_0,item_6573,0.08614753343290514
scene_0,item_4377,0.08612857760817963
scene_0,item_3111,0.08454076105877686
scene_0,item_7431,0.0831643156817153
scene_0,item_2166,0.07947889443261867
scene_0,item_3081,0.07922450376786803
scene_0,item_9354,0.07913919728059221
scene_0,item_7293,0.078780447871459
scene_0,item_1155,0.07866189568567039
scene_0,item_7023,0.07716941642971482
scene_0,item_3990,0.07707824112509089
scene_0,item_3084,0.07638533244972066
scene_0,item_4848,0.07352793559218933
scene_0,item_8337,0.07327769734944106
scene_0,item_5286,0.07123748244944718
scene_0,item_6564,0.07104474670428144
scene_0,item_6195,0.07004661094762073
scene_0,item_2934,0.06963519226404065
scene_0,item_2877,0.06788071718652242
scene_0,item_1569,0.06689595099916683
scene_0,item_5151,0.06673985114061545
scene_0,item_2958,0.06564754927363485
scene_0,item_5760,0.06441413147050117
scene_0,item_3477,0.06426112035169132
scene_0,item_840,0.06375000843781875
scene_0,item_6642,0.06369253659445519
scene_0,item_8376,0.06306117263836668
scene_0,item_1557,0.06295900565983653
scene_0,item_4389,0.06256257379509182
scene_0,item_6027,0.062143351484926994
scene_0,item_7326,0.06141423570861234
scene_0,item_1920,0.061032813685522116
scene_0,item_948,0.05992893297148443
scene_0,item_4515,0.05886366698874122
scene_0,item_798,0.058780412783802874
scene_0,item_5385,0.058479953738626404
scene_0,item_9708,0.05737713638339597
scene_0,item_8502,0.05604454464494623
scene_0,item_9999,0.055647938733449726
scene_0,item_6231,0.05562529516903075
scene_0,item_1023,0.05510767106046559
scene_0,item_4455,0.05481963926440885
scene_0,item_5532,0.05473186060822392
scene_0,item_156,0.053850197166538424
scene_0,item_7626,0.05357838762136077
scene_0,item_2745,0.05313437394639528
scene_0,item_474,0.05285146458810894
scene_0,item_5421,0.05254581819115232
scene_0,item_4053,0.05218418341817138
scene_0,item_9510,0.052011455403853275
scene_0,item_8988,0.0519601551833338
scene_0,item_1575,0.05019385471099318
scene_0,item_5571,0.04987286085981366
scene_0,item_3579,0.04981375750058923
scene_0,item_8520,0.04928097126369433
scene_0,item_5745,0.04914216079508012
scene_0,item_6411,0.04876784528259418
scene_0,item_417,0.04863684656193757
scene_0,item_531,0.04784282552884281
scene_0,item_6117,0.0475175799195061
scene_0,item_3273,0.04732046299825394
scene_0,item_6606,0.04653250503480885
scene_0,item_6135,0.04548298677051731
scene_0,item_5991,0.045347949959916235
scene_0,item_7449,0.04500640097744489
scene_0,item_1218,0.04459947372208382
scene_0,item_1779,0.04455467637179342
scene_0,item_2454,0.04430789623112195
scene_0,item_7116,0.04417214726733427
scene_0,item_9375,0.043980912878524105
scene_0,item_2376,0.043446489313836864
scene_0,item_1905,0.04317478125801642
scene_0,item_1656,0.04254548508017062
scene_0,item_7725,0.042511129739773834
scene_0,item_477,0.042313966807478544
scene_0,item_663,0.04229995767321154
scene_0,item_7095,0.041825200307467225
scene_0,item_3999,0.04164987896507812
scene_0,item_3852,0.041345187513784236
scene_0,item_6192,0.040801196190575706
scene_0,item_5358,0.04069636240407714
scene_0,item_4566,0.04000481018199992
scene_0,item_4098,0.03988501650024753
scene_0,item_5730,0.039818908112286916
scene_0,item_7122,0.03899963499649344
scene_0,item_2661,0.038999117082594306
scene_0,item_7089,0.038584348533206775
scene_0,item_1614,0.03855924006256481
scene_0,item_7302,0.038226136966238305
scene_0,item_2622,0.03805178012101565
scene_0,item_4362,0.03644010912903813
scene_0,item_6300,0.03570724557138804
scene_0,item_2679,0.03566969662133424
scene_0,item_2559,0.03540556347967528
scene_0,item_9048,0.034711354160088706
scene_0,item_4920,0.03448994247757175
scene_0,item_2496,0.03400400844268593
scene_0,item_7611,0.03305149733910208
scene_0,item_1422,0.03287456471028772
scene_0,item_4905,0.03226033465691724
scene_0,item_693,0.03203180367512626
scene_0,item_459,0.031265955942469746
scene_0,item_1566,0.031214142655743283
scene_0,item_7989,0.03120370649848975
scene_0,item_6375,0.030744963380426586
scene_0,item_2985,0.030363807301128153
scene_0,item_468,0.030129726795586936
scene_0,item_4950,0.029702586579927685
scene_0,item_6942,0.02955214021250934
scene_0,item_6276,0.029486873108189624
scene_0,item_7284,0.029145819124969104
scene_0,item_9570,0.028747219999900275
scene_0,item_3306,0.02862487115026702
scene_0,item_8886,0.02834172727258515
scene_0,item_3474,0.027938771732581524
scene_0,item_1875,0.027674087931559725
scene_0,item_5088,0.027283622686049506
scene_0,item_7212,0.02686777919338782
scene_0,item_4665,0.026649442315712903
scene_0,item_8367,0.026230606867257086
scene_0,item_3249,0.025896437832139543
scene_0,item_9129,0.025846651778289233
scene_0,item_4596,0.02564843221995155
scene_0,item_9693,0.025483916277403023
scene_0,item_1578,0.025460252668635924
scene_0,item_4551,0.02467154756393266
scene_0,item_7191,0.024671215051148703
scene_0,item_5949,0.02453657257128505
scene_0,item_4713,0.02431626077369458
scene_0,item_7491,0.02427629125038939
scene_0,item_1086,0.024183819709089137
scene_0,item_9321,0.023782647375150283
scene_0,item_5001,0.023544725540054157
scene_0,item_4548,0.0232738840152692
scene_0,item_5670,0.023175405932081058
scene_0,item_4395,0.022914868260881037
scene_0,item_5799,0.022556945674983404
scene_0,item_7857,0.022526476098160837
scene_0,item_1236,0.022076572946043864
scene_0,item_8835,0.02185282475035127
scene_0,item_6222,0.021186632553835533
scene_0,item_6084,0.021161395286942223
scene_0,item_4251,0.021150219895087904
scene_0,item_5943,0.02112903100307642
scene_0,item_2991,0.02077842317439333
scene_0,item_6843,0.02061571462060104
scene_0,item_9300,0.02054624107934051
scene_0,item_2343,0.020381146318946407
scene_0,item_7644,0.020041198750830963
scene_0,item_2187,0.019390853251128236
scene_0,item_2484,0.019087388753249397
scene_0,item_8763,0.018759421903521385
scene_0,item_9960,0.018359062132643763
scene_0,item_2778,0.017803060205531504
scene_0,item_2856,0.01770005213118824
scene_0,item_7722,0.017638908896843896
scene_0,item_3036,0.016731304821080432
scene_0,item_6171,0.016542138697055907
scene_0,item_4620,0.016335174778063302
scene_0,item_4449,0.01619719183630095
scene_0,item_5796,0.016028543862276045
scene_0,item_2583,0.01568324220820316
scene_0,item_1767,0.015639760109769103
scene_0,item_6489,0.015558891277331361
scene_0,item_8118,0.015502799748559629
scene_0,item_2967,0.015448594878991178
scene_0,item_5649,0.014926551966333511
scene_0,item_936,0.014575458827090049
scene_0,item_7092,0.014416458669460059
scene_0,item_6447,0.014054208838157221
scene_0,item_9495,0.013984359098058452
scene_0,item_7779,0.013527949604021768
scene_0,item_2064,0.013430695258773127
scene_0,item_8187,0.013353379281928892
scene_0,item_7278,0.013078952041594967
scene_0,item_9741,0.012902533005843903
scene_0,item_4461,0.012866889044515158
scene_0,item_6921,0.012551562686987431
scene_0,item_5016,0.012353229392666372
scene_0,item_783,0.012327207761613413
scene_0,item_4614,0.012264667761569965
scene_0,item_7353,0.01211124474296357
scene_0,item_4623,0.01209622186054795
scene_0,item_1353,0.011943026217026996
scene_0,item_1008,0.011773006493078692
scene_0,item_270,0.011704622279377614
scene_0,item_2766,0.011654471579157069
scene_0,item_8568,0.011322956558861957
scene_0,item_2178,0.011243418460345298
scene_0,item_2436,0.011231146317743544
scene_0,item_930,0.01119270527262941
scene_0,item_636,0.01117229666988592
scene_0,item_1812,0.010849864636354782
scene_0,item_1200,0.010797133494210498
scene_0,item_1263,0.010749560184415557
scene_0,item_9465,0.01039290243076209
scene_0,item_8031,0.010377070437421315
scene_0,item_5637,0.010335300078576413
scene_0,item_6930,0.01031225998071924
scene_0,item_921,0.010192854661040529
scene_0,item_8637,0.009940784826889832
scene_0,item_9000,0.009814365210974438
scene_0,item_8685,0.009722395717711059
scene_0,item_1143,0.009642640528956779
scene_0,item_9312,0.009323159708009898
scene_0,item_279,0.009239889989980968
scene_0,item_8088,0.009199613409761113
scene_0,item_8298,0.009052793045269238
scene_0,item_4776,0.008979860652079492
scene_0,item_525,0.008850111373548075
scene_0,item_528,0.008468702182575456
scene_0,item_4851,0.008277075797474222
scene_0,item_8328,0.008111717174692265
scene_0,item_2061,0.008059976456042409
scene_0,item_2070,0.0079693622115784
scene_0,item_5520,0.007946890928505451
scene_0,item_3855,0.007872795596650458
scene_0,item_6672,0.007835779904165816
scene_0,item_3018,0.007832164289234172
scene_0,item_8421,0.007756933819776815
scene_0,item_756,0.007734176726580661
scene_0,item_6867,0.007633314775661571
scene_0,item_1242,0.007604944581232557
scene_0,item_2811,0.007593773932682706
scene_0,item_3525,0.007590904047741983
scene_0,item_7710,0.0075476644550360635
scene_0,item_5166,0.007503402118965368
scene_0,item_1359,0.007277869205004135
scene_0,item_1164,0.007150706799540525
scene_0,item_2202,0.007021161342197364
scene_0,item_6936,0.006999415792900202
scene_0,item_5916,0.006852764512352348
scene_0,item_2469,0.006738478825766224
scene_0,item_9090,0.006579240526067986
scene_0,item_6957,0.00650049003922757
scene_0,item_5454,0.006435139469666333
scene_0,item_4086,0.006354658083327578
scene_0,item_8721,0.006299416181679659
scene_0,item_2727,0.0061277338839772644
scene_0,item_327,0.006055159551080231
scene_0,item_4080,0.005973380325337336
scene_0,item_7920,0.005939007412299085
scene_0,item_6903,0.005745757106100989
scene_0,item_1887,0.0056605811429972916
scene_0,item_3408,0.005596453883612327
scene_0,item_3372,0.0055607999732898445
scene_0,item_1188,0.00555443393468982
scene_0,item_6717,0.00551677571006204
scene_0,item_2382,0.005513343244114257
scene_0,item_2490,0.005510146670174052
scene_0,item_3144,0.005490461114814994
scene_0,item_6783,0.005447515507365061
scene_0,item_7134,0.005427892906222944
scene_0,item_7152,0.005426049599092847
scene_0,item_6303,0.005394500461044692
scene_0,item_2640,0.0053435735420971344
scene_0,item_2601,0.00523984426815708
scene_0,item_6240,0.005188271842712528
scene_0,item_7359,0.005116038879488426
scene_0,item_8358,0.005082414258944816
scene_0,item_1644,0.005002088553465709
scene_0,item_5997,0.004996129856689113
scene_0,item_9360,0.004987487790861783
scene_0,item_9771,0.0049732105930464015
scene_0,item_4176,0.0049631273866671795
scene_0,item_1824,0.004954329602939792
scene_0,item_573,0.004889971180617878
scene_0,item_5619,0.00474219070885378
scene_0,item_6792,0.0047291314071292116
scene_0,item_5400,0.004628140432387493
scene_0,item_5331,0.004616501573620667
scene_0,item_204,0.004434403241715927
scene_0,item_6969,0.004393026968416343
scene_0,item_6510,0.004305065330513737
scene_0,item_9432,0.004300096027587099
scene_0,item_6063,0.004298318244267086
scene_0,item_3063,0.004251980815277734
scene_0,item_2373,0.004239685882127307
scene_0,item_8766,0.004233823117820626
scene_0,item_1758,0.004224169718650715
scene_0,item_5019,0.0041847532802756614
scene_0,item_981,0.004165030144035281
scene_0,item_372,0.004162474535694385
scene_0,item_3519,0.00407554958275203
scene_0,item_4647,0.0040720000282278
scene_0,item_1500,0.003947318446627116
scene_0,item_1734,0.003938185324000758
scene_0,item_1230,0.003827540060457142
scene_0,item_9132,0.003824145016091163
scene_0,item_2193,0.003752712324511191
scene_0,item_1386,0.0037256656019788955
scene_0,item_3735,0.0036990195664664874
scene_0,item_8601,0.0035620363333940114
scene_0,item_4047,0.003548264999989059
scene_0,item_8259,0.003543177593182595
scene_0,item_7407,0.0034739874101693356
scene_0,item_6801,0.003460843816181655
scene_0,item_8145,0.0034261767068739265
scene_0,item_9255,0.0034260782817121444
scene_0,item_3927,0.0034210622251601504
scene_0,item_4332,0.0033857590584998837
scene_0,item_5058,0.0033763334205142437
scene_0,item_9192,0.0033241797926390256
scene_0,item_8244,0.0033195945584030746
scene_0,item_7494,0.003315206119382082
scene_0,item_3030,0.003273088664900408
scene_0,item_1863,0.00316737858220063
scene_0,item_9552,0.0030884799521882673
scene_0,item_2325,0.0030728060580116783
scene_0,item_6102,0.003017702506176353
scene_0,item_7695,0.0029947199825702104
scene_0,item_9591,0.00297336530620594
scene_0,item_4887,0.0029633847187224374
scene_0,item_2643,0.0029605634970491595
scene_0,item_8202,0.0029488789218024398
scene_0,item_5223,0.0029445405987168776
scene_0,item_7476,0.002942671072689497
scene_0,item_2820,0.0028903290120108655
scene_0,item_888,0.002859597083935322
scene_0,item_1782,0.0028361000433540376
scene_0,item_4824,0.0028028045917720674
scene_0,item_687,0.002800333873576214
scene_0,item_1374,0.0027850704537765794
scene_0,item_3894,0.0027753810763640053
scene_0,item_7515,0.002758852262454532
scene_0,item_1872,0.0027521559693334647
scene_0,item_432,0.002701376785582585
scene_0,item_6528,0.002676967840200975
scene_0,item_4140,0.0026649014277137597
scene_0,item_9216,0.0026289028991572042
scene_0,item_9069,0.0026039202611915246
scene_0,item_3753,0.002567230154068282
scene_0,item_2514,0.002534677636701521
scene_0,item_9393,0.00252652883411893
scene_0,item_1134,0.0025063403209077146
scene_0,item_3870,0.0025027426163399644
scene_0,item_6576,0.0023954343060763063
scene_0,item_4767,0.002367056261451602
scene_0,item_4440,0.002359017985444427
scene_0,item_7737,0.0023575437423349025
scene_0,item_4122,0.0023490585149068023
scene_0,item_6747,0.0023408751488062218
scene_0,item_3303,0.002295856287774815
scene_0,item_8106,0.002295756071616234
scene_0,item_6243,0.002264101132668281
scene_0,item_9675,0.0022246237787361192
scene_0,item_876,0.0021583940239758136
scene_0,item_7854,0.0021487854073752315
scene_0,item_2139,0.002098785697606259
scene_0,item_7053,0.00209725488136807
scene_0,item_1317,0.0020826139168283447
scene_0,item_708,0.0020795458344414737
scene_0,item_2268,0.0020795458344414737
scene_0,item_8067,0.002047010870452922
scene_0,item_9066,0.0020369599842819178
scene_0,item_3363,0.0020096758065807877
scene_0,item_996,0.001980225141907792
scene_0,item_1521,0.0019778814330471614
scene_0,item_7098,0.0019727116428383176
scene_0,item_2859,0.001955048972272006
scene_0,item_9546,0.0019284041773012823
scene_0,item_3135,0.0019037266508966485
scene_0,item_9927,0.0018693623225729044
scene_0,item_2667,0.0018344959647239895
scene_0,item_5181,0.0018223285364874825
scene_0,item_5103,0.0018147303339440092
scene_0,item_4971,0.0018088329850621595
scene_0,item_7953,0.0017926975993617568
scene_0,item_8625,0.0017771186589812908
scene_0,item_8538,0.001775060073264939
scene_0,item_4203,0.001733504068158874
scene_0,item_5838,0.0017052472474694614
scene_0,item_3777,0.0017035695924137188
scene_0,item_5676,0.0016844776420264376
scene_0,item_2499,0.0016786696430257713
scene_0,item_4683,0.0016698834936552979
scene_0,item_2418,0.001661190704216956
scene_0,item_4965,0.001644879567036962
scene_0,item_7926,0.0015996942248209269
scene_0,item_5115,0.001573690504801443
scene_0,item_6081,0.0015312122576075788
scene_0,item_2451,0.0015234212170681732
scene_0,item_7290,0.001507131355130567
scene_0,item_543,0.001356060909847873
scene_0,item_5688,0.00133678750191756
scene_0,item_3486,0.001328912473840604
scene_0,item_5100,0.001323863879261737
scene_0,item_8676,0.0013225311727207874
scene_0,item_4878,0.001322041533563874
scene_0,item_1806,0.0013026570877723415
scene_0,item_5112,0.0013013064766370785
scene_0,item_4536,0.0012913157034522597
scene_0,item_1281,0.0012461028206007928
scene_0,item_4050,0.0012427969126718264
scene_0,item_5850,0.0012392787401356669
scene_0,item_8109,0.0012052315990416591
scene_0,item_7464,0.0011703140712945414
scene_0,item_6012,0.0011601242988863373
scene_0,item_6495,0.0011383062674739184
scene_0,item_2868,0.0011336226403353877
scene_0,item_7629,0.0011291257520372924
scene_0,item_4998,0.0010985856453469515
scene_0,item_5169,0.0010772623257620897
scene_0,item_7419,0.00105949637137508
scene_0,item_4383,0.0010195898636431418
scene_0,item_5325,0.0010138640587213953
scene_0,item_8985,0.0010001262195085388
scene_0,item_3864,0.0009552551726978592
scene_0,item_2577,0.0009496092468613156
scene_0,item_9225,0.0009486429987946249
scene_0,item_7878,0.0009468125832840005
scene_0,item_5517,0.0009461890375814803
scene_0,item_4416,0.0009379785288917709
scene_0,item_3714,0.0009284867297403407
scene_0,item_6423,0.0009221368750714687
scene_0,item_7374,0.0009148686639211505
scene_0,item_8970,0.0009040295269000766
scene_0,item_8409,0.0008855885513395638
scene_0,item_2148,0.0008852165638948244
scene_0,item_8673,0.0008799981761114808
scene_0,item_9564,0.0008788235318034207
scene_0,item_759,0.0008494605679449903
scene_0,item_7455,0.0008460721631467712
scene_0,item_6816,0.0008370289371061443
scene_0,item_8610,0.0008364000551518792
scene_0,item_7800,0.0008295498819201555
scene_0,item_7977,0.0008276186837094056
scene_0,item_5562,0.0008274942397929482
scene_0,item_9642,0.0008242402539289694
scene_0,item_4935,0.0008137684603806917
scene_0,item_5559,0.0007890874504963606
scene_0,item_6108,0.0007713617128095
scene_0,item_5448,0.0007703509180200826
scene_0,item_7680,0.0007698518032460683
scene_0,item_5226,0.0007666787401206813
scene_0,item_7365,0.0007437857692452389
scene_0,item_5070,0.0007318702277939231
scene_0,item_9267,0.000705481176889198
scene_0,item_9705,0.0007020343967902215
scene_0,item_9441,0.0006803639888215885
scene_0,item_732,0.0006776306272147601
scene_0,item_8646,0.0006746627552597575
scene_0,item_7479,0.0006726945611249152
scene_0,item_7323,0.0006589321952533212
scene_0,item_6258,0.0006549313125305715
scene_0,item_5256,0.0006490428883077388
scene_0,item_2232,0.0006374096903165125
scene_0,item_471,0.000627823691129303
scene_0,item_642,0.000624299374434502
scene_0,item_7473,0.0006187622425197828
scene_0,item_3411,0.0006074702716532627
scene_0,item_6093,0.0006060878356934564
scene_0,item_1707,0.0006040198886969785
scene_0,item_1335,0.0005970216729105292
scene_0,item_5499,0.0005753992692497269
scene_0,item_720,0.0005689906711622757
scene_0,item_1212,0.0005624284771623618
scene_0,item_5034,0.0005501765970208899
scene_0,item_7677,0.0005330617204191907
scene_0,item_7080,0.0005317948268025152
scene_0,item_2691,0.0005166676553617736
scene_0,item_9237,0.0005066344904859804
scene_0,item_1773,0.0005005936599476692
scene_0,item_4428,0.0004893337409115006
scene_0,item_6474,0.0004832116572845291
scene_0,item_5049,0.00048267960798399444
scene_0,item_3846,0.00047953589165285844
scene_0,item_6096,0.0004793377761367038
scene_0,item_5133,0.00047664541930966906
scene_0,item_7110,0.00047425804959399826
scene_0,item_6630,0.0004710447932598074
scene_0,item_6966,0.0004565219830321222
scene_0,item_7320,0.0004521684761081182
scene_0,item_1491,0.0004504038093305042
scene_0,item_5775,0.0004376919009295406
scene_0,item_486,0.0004290944667659951
scene_0,item_5634,0.00042336496476384343
scene_0,item_438,0.0004184293246799502
scene_0,item_5865,0.0004171127545624819
scene_0,item_5406,0.0004114432488513718
scene_0,item_390,0.0004097822020862732
scene_0,item_4986,0.0004059295422686958
scene_0,item_8616,0.00039880774539857315
scene_0,item_5259,0.0003968965194174278
scene_0,item_567,0.00039352468900970126
scene_0,item_8883,0.0003921511118641132
scene_0,item_8841,0.00039134245682604046
scene_0,item_5847,0.00038057643763013063
scene_0,item_8211,0.0003772981535617359
scene_0,item_3906,0.0003724577735388976
scene_0,item_462,0.0003560649348229595
scene_0,item_1167,0.0003485931224989095
scene_0,item_8127,0.00034092479594091836
scene_0,item_7143,0.00033629725104687556
scene_0,item_8652,0.0003302131294908728
scene_0,item_9846,0.000329145777712787
scene_0,item_9639,0.0003248744143126163
scene_0,item_3888,0.00032239636509652313
scene_0,item_8709,0.0003164282162646419
scene_0,item_4038,0.00031259791626818287
scene_0,item_9072,0.000310123900070923
scene_0,item_366,0.0003063722462153152
scene_0,item_7809,0.0002969210819429337
scene_0,item_1611,0.00029590744778085773
scene_0,item_5547,0.0002954753713719069
scene_0,item_5523,0.00029007602868057783
scene_0,item_315,0.0002823401915830408
scene_0,item_4353,0.0002802641192363413
scene_0,item_3939,0.0002782418250355
scene_0,item_3228,0.0002779039874682545
scene_0,item_6228,0.0002755845625866752
scene_0,item_7776,0.0002734926468082586
scene_0,item_8133,0.0002562670279959122
scene_0,item_1893,0.0002551209034269215
scene_0,item_9156,0.0002534129919574199
scene_0,item_3270,0.0002532388542658474
scene_0,item_7356,0.00025248427984704916
scene_0,item_216,0.0002504057262727943
scene_0,item_2355,0.0002481652117597765
scene_0,item_168,0.0002453371585017209
scene_0,item_5187,0.00024526426918264436
scene_0,item_4110,0.00024403216947482595
scene_0,item_6588,0.00024346406555263977
scene_0,item_7638,0.00023731365103657885
scene_0,item_4020,0.00023726164186621386
scene_0,item_7233,0.00023670509252322978
scene_0,item_8301,0.00023422355310591186
scene_0,item_4044,0.00023215242272771731
scene_0,item_9057,0.00022812040867826566
scene_0,item_2571,0.00022283103183948075
scene_0,item_6213,0.00022248172793946683
scene_0,item_2181,0.0002224049522242572
scene_0,item_6513,0.0002216386039064882
scene_0,item_3615,0.00022013774851467954
scene_0,item_3048,0.00021809140637048778
scene_0,item_9516,0.00021768435278744127
scene_0,item_7068,0.00021688607134358735
scene_0,item_3504,0.00021552804355489224
scene_0,item_9045,0.00021506481372034108
scene_0,item_8505,0.0002129804641474739
scene_0,item_4569,0.0002126093674077736
scene_0,item_1935,0.00021083281979367434
scene_0,item_1635,0.00021025374957871332
scene_0,item_7833,0.00021011500192372334
scene_0,item_2970,0.00020984436897278827
scene_0,item_9108,0.00020688958247302338
scene_0,item_6345,0.0002046468325454522
scene_0,item_1944,0.00020389486769354945
scene_0,item_6237,0.0002033630445474395
scene_0,item_3537,0.00020200438097333395
scene_0,item_1371,0.00020185819740251457
scene_0,item_8112,0.000201195303774679
scene_0,item_9294,0.00020105918050661032
scene_0,item_9930,0.00019941065947023722
scene_0,item_3399,0.00019479164335281125
scene_0,item_6912,0.00019283089145369852
scene_0,item_8253,0.00019135326660374265
scene_0,item_5319,0.00019127183347290513
scene_0,item_5703,0.00018607349798517152
scene_0,item_363,0.00018397981465454705
scene_0,item_6681,0.00017626766446981795
scene_0,item_5229,0.00017476654474824074
scene_0,item_4002,0.00017471128829278336
scene_0,item_8838,0.00017401100045510726
scene_0,item_7227,0.00017363441464021145
scene_0,item_1755,0.0001718475406322691
scene_0,item_2214,0.00017020501327829574
scene_0,item_9492,0.00016868178593287123
scene_0,item_1053,0.00016135088755544504
scene_0,item_9270,0.00016030043394307033
scene_0,item_6288,0.00015900927946176438
scene_0,item_5739,0.00014808927625671855
scene_0,item_2037,0.0001465854512664575
scene_0,item_8403,0.00014284024001505927
scene_0,item_8439,0.00014259266898646958
scene_0,item_5154,0.00013869639128355506
scene_0,item_1092,0.00013713193537007976
scene_0,item_978,0.00013653662159779102
scene_0,item_1581,0.00013303813201500522
scene_0,item_2610,0.0001329808481140727
scene_0,item_8139,0.00013103687922110573
scene_0,item_3720,0.00012830653757150328
scene_0,item_4680,0.0001279770606642276
scene_0,item_423,0.00012761578557655612
scene_0,item_624,0.00012355413121968234
scene_0,item_2913,0.00012023765830693409
scene_0,item_1512,0.00012012034002829286
scene_0,item_4875,0.00011855968225495772
scene_0,item_4917,0.00011766513150779545
scene_0,item_861,0.00011317870937571256
scene_0,item_8832,0.00011212549145657323
scene_0,item_3105,0.00011182196216683412
scene_0,item_6159,0.00010909421525663485
scene_0,item_669,0.00010889823831932071
scene_0,item_9372,0.00010844982821853046
scene_0,item_9087,0.00010770529280463999
scene_0,item_7035,0.00010475946996985287
scene_0,item_9759,0.0001039541934511436
scene_0,item_678,0.00010058190603645835
scene_0,item_2379,9.759823477703926e-05
scene_0,item_2517,9.715578943541689e-05
scene_0,item_8868,9.663115437544609e-05
scene_0,item_4662,9.629844206777928e-05
scene_0,item_8340,9.595291679387788e-05
scene_0,item_8580,9.50920444245959e-05
scene_0,item_5430,9.404580023526717e-05
scene_0,item_9345,9.307826082196963e-05
scene_0,item_3528,8.939593232841889e-05
scene_0,item_3930,8.832042958505593e-05
scene_0,item_1914,8.736192011667707e-05
scene_0,item_3258,8.704043728849275e-05
scene_0,item_4671,8.652816482077333e-05
scene_0,item_837,8.629894422655521e-05
scene_0,item_7965,8.615946408947713e-05
scene_0,item_4317,8.495790682417213e-05
scene_0,item_8547,8.420905100452267e-05
scene_0,item_9363,8.375494245907534e-05
scene_0,item_3702,8.333558562530097e-05
scene_0,item_4314,8.212292615350287e-05
scene_0,item_7413,8.105731306255046e-05
scene_0,item_7542,8.101922261885842e-05
scene_0,item_6666,8.069680651906014e-05
scene_0,item_3696,7.957551817554399e-05
scene_0,item_3954,7.870263560113213e-05
scene_0,item_4197,7.869625179290641e-05
scene_0,item_8622,7.690713141668289e-05
scene_0,item_1035,7.659683440876262e-05
scene_0,item_9975,7.561912848812178e-05
scene_0,item_6894,7.411672606030752e-05
scene_0,item_5418,7.409022627072471e-05
scene_0,item_3180,7.375255713239265e-05
scene_0,item_5541,7.366627690311984e-05
scene_0,item_7614,7.25664670482453e-05
scene_0,item_4299,7.227431091801378e-05
scene_0,item_3708,7.216387208251751e-05
scene_0,item_789,7.062097338617925e-05
scene_0,item_3597,6.96388899654326e-05
scene_0,item_4578,6.867786233498623e-05
scene_0,item_6855,6.731684868889557e-05
scene_0,item_5079,6.539561868914753e-05
scene_0,item_4800,6.36116140835668e-05
scene_0,item_6735,6.216269814760276e-05
scene_0,item_870,6.214136181597636e-05
scene_0,item_4302,6.152467580868556e-05
scene_0,item_2553,6.111751298485637e-05
scene_0,item_8691,6.0933845831774854e-05
scene_0,item_4005,6.087008689873513e-05
scene_0,item_9651,6.044832269106786e-05
scene_0,item_6546,5.999403028622983e-05
scene_0,item_6435,5.594114377810332e-05
scene_0,item_1137,5.546322788593548e-05
scene_0,item_2808,5.4845950734547026e-05
scene_0,item_5988,5.456040717676042e-05
scene_0,item_9633,5.4107238263946356e-05
scene_0,item_8559,5.367269740022771e-05
scene_0,item_7263,5.3665645342789016e-05
scene_0,item_9684,5.2510801379786624e-05
scene_0,item_9774,5.201251236468139e-05
scene_0,item_4200,5.1828114578595654e-05
scene_0,item_4893,5.1758277522657024e-05
scene_0,item_3096,5.110355482653025e-05
scene_0,item_1617,5.0704062340769104e-05
scene_0,item_7386,4.935103393162124e-05
scene_0,item_4059,4.920170172293422e-05
scene_0,item_4599,4.845918023005504e-05
scene_0,item_1689,4.8047230084881184e-05
scene_0,item_5412,4.796572212620046e-05
scene_0,item_9666,4.750453733123547e-05
scene_0,item_4446,4.711365315895471e-05
scene_0,item_5808,4.6003608270957894e-05
scene_0,item_7653,4.557875386336395e-05
scene_0,item_4689,4.499241223637136e-05
scene_0,item_3678,4.456334360398402e-05
scene_0,item_1434,4.252524399904464e-05
scene_0,item_1011,4.147741584290645e-05
scene_0,item_7794,4.01872336003438e-05
scene_0,item_3057,3.919262692963822e-05
scene_0,item_1026,3.807172346543516e-05
scene_0,item_912,3.655577663796706e-05
scene_0,item_9042,3.6487145653441393e-05
scene_0,item_6954,3.552688607487281e-05
scene_0,item_9606,3.527936131563939e-05
scene_0,item_8925,3.474587592361907e-05
scene_0,item_2307,3.439513828955605e-05
scene_0,item_9801,3.390397798205554e-05
scene_0,item_5238,3.127057366593112e-05
scene_0,item_3033,3.126273498877175e-05
scene_0,item_8091,3.115892165567418e-05
scene_0,item_4617,3.087579754601335e-05
scene_0,item_786,3.040436098444764e-05
scene_0,item_7788,3.022178852455163e-05
scene_0,item_1845,3.006995245070303e-05
scene_0,item_2301,2.992586620185838e-05
scene_0,item_6882,2.965061470204198e-05
scene_0,item_3354,2.9066998099138687e-05
scene_0,item_4557,2.881725843414445e-05
scene_0,item_8961,2.8552360761945826e-05
scene_0,item_4278,2.8050780262695476e-05
scene_0,item_4758,2.7659656784726476e-05
scene_0,item_2568,2.748752307641823e-05
scene_0,item_6579,2.7198368089211227e-05
scene_0,item_8928,2.677869283592876e-05
scene_0,item_1587,2.6714444549494915e-05
scene_0,item_4974,2.6515909568250456e-05
scene_0,item_3636,2.6410520091883365e-05
scene_0,item_8715,2.6406082203155396e-05
scene_0,item_4056,2.5894848630689365e-05
scene_0,item_5250,2.572167250622364e-05
scene_0,item_2814,2.569183864546601e-05
scene_0,item_3348,2.4334180191830093e-05
scene_0,item_4296,2.3950494976592265e-05
scene_0,item_4656,2.3897659417224927e-05
scene_0,item_8964,2.378390324137287e-05
scene_0,item_7506,2.3537704438053877e-05
scene_0,item_5538,2.3310486142236068e-05
scene_0,item_7758,2.306513879541564e-05
scene_0,item_4233,2.2901417676769795e-05
scene_0,item_5067,2.2844265716647155e-05
scene_0,item_7179,2.283192669661344e-05
scene_0,item_9543,2.2555616790649042e-05
scene_0,item_8682,2.238026794814908e-05
scene_0,item_9939,2.171729931708016e-05
scene_0,item_3045,2.1691972215583338e-05
scene_0,item_7344,2.1603369562352454e-05
scene_0,item_5964,2.15810911627294e-05
scene_0,item_1344,2.1338935755146717e-05
scene_0,item_1947,2.1088698945447986e-05
scene_0,item_6870,2.1076565195960024e-05
scene_0,item_9201,2.0912711174492457e-05
scene_0,item_4218,2.0707259061844005e-05
scene_0,item_3375,2.0663813442291944e-05
scene_0,item_5424,2.0455528922456692e-05
scene_0,item_5733,2.0454835739441086e-05
scene_0,item_5376,2.0277095642915868e-05
scene_0,item_8919,2.0270566912341412e-05
scene_0,item_9444,2.001379393729689e-05
scene_0,item_2229,1.975313219086848e-05
scene_0,item_4311,1.9355965225136163e-05
scene_0,item_4545,1.9255680787875192e-05
scene_0,item_9390,1.9154923484806526e-05
scene_0,item_3882,1.8907987257159782e-05
scene_0,item_8283,1.8320864409055095e-05
scene_0,item_7998,1.81407262268509e-05
scene_0,item_1149,1.80923435364981e-05
scene_0,item_8922,1.7862325953140072e-05
scene_0,item_5346,1.676404015326743e-05
scene_0,item_8424,1.6206599096189575e-05
scene_0,item_9411,1.5972251699046478e-05
scene_0,item_9813,1.5945811175563735e-05
scene_0,item_9534,1.5760024768225263e-05
scene_0,item_810,1.5296826138772525e-05
scene_0,item_2142,1.523233554437606e-05
scene_0,item_3066,1.5143993283671832e-05
scene_0,item_2310,1.4917894319779495e-05
scene_0,item_699,1.4485876259299956e-05
scene_0,item_4752,1.4204860950712744e-05
scene_0,item_2445,1.367264615215016e-05
scene_0,item_6831,1.3027186424322262e-05
scene_0,item_7980,1.2990729076466999e-05
scene_0,item_9501,1.2927666362010872e-05
scene_0,item_4338,1.2580992244166476e-05
scene_0,item_9141,1.2559788604145623e-05
scene_0,item_1890,1.1894315686735074e-05
scene_0,item_3132,1.183926946479267e-05
scene_0,item_9186,1.171818512821038e-05
scene_0,item_2532,1.169193377597924e-05
scene_0,item_288,1.1455251764387707e-05
scene_0,item_1551,1.14201025096241e-05
scene_0,item_5439,1.1198031945779904e-05
scene_0,item_2130,1.1097675707403283e-05
scene_0,item_5610,1.1071239970465748e-05
scene_0,item_8796,1.085085962521775e-05
scene_0,item_261,1.0826490968140303e-05
scene_0,item_1833,1.058881430109791e-05
scene_0,item_4464,1.0472874648276012e-05
scene_0,item_3588,1.0377377302492501e-05
scene_0,item_2580,1.0277736201043983e-05
scene_0,item_969,1.0233138305293174e-05
scene_0,item_9387,1.0036059662438007e-05
scene_0,item_1437,9.750865112861788e-06
scene_0,item_9015,9.707302270591871e-06
scene_0,item_6846,9.42198675458499e-06
scene_0,item_1746,9.419695391009762e-06
scene_0,item_5193,9.324591752999809e-06
scene_0,item_1743,9.064353787496217e-06
scene_0,item_5271,9.028159428195613e-06
scene_0,item_9381,8.991166266270926e-06
scene_0,item_4155,8.727166527029531e-06
scene_0,item_1452,8.618543768860322e-06
scene_0,item_9723,8.468460733167498e-06
scene_0,item_8742,8.337906484013181e-06
scene_0,item_3885,8.238431718871621e-06
scene_0,item_9624,8.19570262173494e-06
scene_0,item_5148,8.135986384192801e-06
scene_0,item_951,8.12704406518976e-06
scene_0,item_6219,8.039686563643374e-06
scene_0,item_4182,7.971457949081634e-06
scene_0,item_7656,7.765500341056295e-06
scene_0,item_3450,7.609427975490214e-06
scene_0,item_8175,7.557420522215022e-06
scene_0,item_8940,7.546849101308028e-06
scene_0,item_9330,7.502473889555828e-06
scene_0,item_5868,7.495911579284956e-06
scene_0,item_3651,7.4885683864127906e-06
scene_0,item_3360,7.344058316789708e-06
scene_0,item_1410,7.275049012797164e-06
scene_0,item_5934,7.265751057595442e-06
scene_0,item_8943,7.2541765580336905e-06
scene_0,item_6609,7.087281892420287e-06
scene_0,item_3264,6.993816092519292e-06
scene_0,item_6249,6.951128324939131e-06
scene_0,item_2988,6.910390202371025e-06
scene_0,item_7239,6.839083535774956e-06
scene_0,item_657,6.7564955842477255e-06
scene_0,item_7005,6.694248074847931e-06
scene_0,item_8667,6.677687952754491e-06
scene_0,item_3831,6.6425854558081186e-06
scene_0,item_4770,6.606268306160078e-06
scene_0,item_8727,6.5042957753189445e-06
scene_0,item_8523,6.416475912338947e-06
scene_0,item_3243,6.340952295695793e-06
scene_0,item_6357,6.299687495153426e-06
scene_0,item_939,6.170052767452825e-06
scene_0,item_780,6.11627381394248e-06
scene_0,item_3495,6.066689133485214e-06
scene_0,item_6663,5.8761497112505565e-06
scene_0,item_3210,5.752219354099696e-06
scene_0,item_1554,5.748565155650586e-06
scene_0,item_2457,5.701969232564469e-06
scene_0,item_2472,5.350930765613398e-06
scene_0,item_9012,5.149624673614719e-06
scene_0,item_2145,5.125141662060817e-06
scene_0,item_618,5.063214263679849e-06
scene_0,item_3903,5.03029279664091e-06
scene_0,item_7497,4.9849218167231915e-06
scene_0,item_9870,4.8141133011589915e-06
scene_0,item_405,4.80310027388299e-06
scene_0,item_6210,4.756840863139617e-06
scene_0,item_1107,4.689550586799791e-06
scene_0,item_6351,4.632066088095228e-06
scene_0,item_1710,4.599980233284266e-06
scene_0,item_8997,4.482938799738659e-06
scene_0,item_3309,4.2638189645091095e-06
scene_0,item_1629,4.26374297083114e-06
scene_0,item_3558,4.166720473265373e-06
scene_0,item_8436,4.138645531303778e-06
scene_0,item_8802,4.031259259917727e-06
scene_0,item_453,3.997851500502961e-06
scene_0,item_609,3.983666876863128e-06
scene_0,item_3609,3.949017769103788e-06
scene_0,item_5097,3.923064768278549e-06
scene_0,item_7893,3.7471669981123647e-06
scene_0,item_291,3.670674108011989e-06
scene_0,item_3129,3.538084625407934e-06
scene_0,item_1407,3.520869550511844e-06
scene_0,item_6186,3.4647946459467137e-06
scene_0,item_7308,3.2961931877069606e-06
scene_0,item_2841,3.284307118255994e-06
scene_0,item_4686,3.278644836099725e-06
scene_0,item_4797,3.2410204350198728e-06
scene_0,item_5892,3.2075044443752346e-06
scene_0,item_9102,3.15042224037007e-06
scene_0,item_5370,3.022261812104312e-06
scene_0,item_6993,2.9554475857490594e-06
scene_0,item_9867,2.9520914291984647e-06
scene_0,item_741,2.9322962850116677e-06
scene_0,item_2046,2.885112723694102e-06
scene_0,item_4932,2.8566094053513154e-06
scene_0,item_702,2.853207375787043e-06
scene_0,item_7701,2.804164391409945e-06
scene_0,item_7602,2.796474443626673e-06
scene_0,item_9180,2.773927864804505e-06
scene_0,item_4422,2.773927864804505e-06
scene_0,item_3768,2.739298219488612e-06
scene_0,item_6849,2.6543283513859736e-06
scene_0,item_3114,2.5730301574578647e-06
scene_0,item_9936,2.5554225500813554e-06
scene_0,item_891,2.5471471518177775e-06
scene_0,item_5220,2.539634019039845e-06
scene_0,item_8808,2.4736468674750125e-06
scene_0,item_7764,2.439108768344095e-06
scene_0,item_2058,2.425292537706378e-06
scene_0,item_3069,2.3987578526449493e-06
scene_0,item_828,2.3973209896579884e-06
scene_0,item_2946,2.3498566206843695e-06
scene_0,item_3093,2.199841792824443e-06
scene_0,item_7044,2.167194269837059e-06
scene_0,item_6396,2.159627206050744e-06
scene_0,item_357,2.1510272381306215e-06
scene_0,item_7398,2.1288764596969035e-06
scene_0,item_8571,2.1083683544190837e-06
scene_0,item_7914,2.1021881294548465e-06
scene_0,item_6639,2.0741203884734034e-06
scene_0,item_2463,2.0528864460902446e-06
scene_0,item_429,2.028157184473956e-06
scene_0,item_7038,1.9799946283517174e-06
scene_0,item_192,1.962561269237094e-06
scene_0,item_3513,1.9388859343489257e-06
scene_0,item_4761,1.9301144289542946e-06
scene_0,item_6006,1.897943932861994e-06
scene_0,item_1788,1.8930888690248004e-06
scene_0,item_3369,1.8825533440099267e-06
scene_0,item_8478,1.8130660124259475e-06
scene_0,item_1395,1.8110076149767037e-06
scene_0,item_1233,1.7976171617265743e-06
scene_0,item_3618,1.7892025498473398e-06
scene_0,item_9954,1.7285649927389112e-06
scene_0,item_8286,1.7214740907874592e-06
scene_0,item_7329,1.633436139647729e-06
scene_0,item_3285,1.5988724526475178e-06
scene_0,item_3672,1.5594088318511222e-06
scene_0,item_3003,1.5186483112592831e-06
scene_0,item_2250,1.4795471594487003e-06
scene_0,item_5922,1.4748883721901858e-06
scene_0,item_6690,1.4524764854800843e-06
scene_0,item_9228,1.4287051758308392e-06
scene_0,item_9459,1.4067910299384572e-06
scene_0,item_5160,1.398964276814734e-06
scene_0,item_5598,1.3468638708247843e-06
scene_0,item_2697,1.3379977912108922e-06
scene_0,item_2883,1.3019130547473858e-06
scene_0,item_7707,1.2904619440269488e-06
scene_0,item_3627,1.2879782397760117e-06
scene_0,item_7242,1.2713809509670069e-06
scene_0,item_8589,1.2648235982081223e-06
scene_0,item_1425,1.2530376957931739e-06
scene_0,item_219,1.2500209448077538e-06
scene_0,item_1533,1.246456349498535e-06
scene_0,item_333,1.2225719385443745e-06
scene_0,item_4272,1.2189473904229922e-06
scene_0,item_7209,1.2101560669022901e-06
scene_0,item_2676,1.1579074668642094e-06
scene_0,item_4254,1.1493074918534407e-06
scene_0,item_6570,1.1200563468064886e-06
scene_0,item_1866,1.1111700448037665e-06
scene_0,item_3324,1.0945185085167918e-06
scene_0,item_3723,1.0834039051194358e-06
scene_0,item_9978,1.0598405830362176e-06
scene_0,item_7176,1.0568416060260369e-06
scene_0,item_5328,1.0399501712249344e-06
scene_0,item_8550,1.025289058500786e-06
scene_0,item_8634,1.0226710057796423e-06
scene_0,item_480,9.923476935684139e-07
scene_0,item_2115,9.919769944896771e-07
scene_0,item_1926,9.672984089136366e-07
scene_0,item_5526,9.667921498278256e-07
scene_0,item_6525,9.61455927079776e-07
scene_0,item_9324,8.971115235891708e-07
scene_0,item_1251,8.94727035059281e-07
scene_0,item_2625,8.555182690369758e-07
scene_0,item_7248,8.538817846653557e-07
scene_0,item_5010,8.519124059244355e-07
scene_0,item_942,8.499155084604128e-07
scene_0,item_8085,8.446495778507542e-07
scene_0,item_7422,8.296171040130626e-07
scene_0,item_7827,8.288536274591325e-07
scene_0,item_9600,8.285266314082399e-07
scene_0,item_1314,8.223528304516237e-07
scene_0,item_1680,7.621370564034719e-07
scene_0,item_2799,7.613620291445256e-07
scene_0,item_7845,7.396613523817181e-07
scene_0,item_5754,7.305099686508858e-07
scene_0,item_5967,7.23663804597964e-07
scene_0,item_9921,7.216043857867873e-07
scene_0,item_6531,6.761438896660592e-07
scene_0,item_4737,6.670091928396197e-07
scene_0,item_6753,6.595902364455674e-07
scene_0,item_8247,6.582057645871353e-07
scene_0,item_5373,6.539329884897764e-07
scene_0,item_3222,6.442828888923048e-07
scene_0,item_6960,6.43295026240314e-07
scene_0,item_1590,6.420896290403445e-07
scene_0,item_5748,6.308604371898915e-07
scene_0,item_5397,6.147161630607125e-07
scene_0,item_1704,6.114126454686004e-07
scene_0,item_4512,6.108212306229821e-07
scene_0,item_8214,5.864978973382369e-07
scene_0,item_3186,5.764522251064031e-07
scene_0,item_2853,5.7435176936319e-07
scene_0,item_3582,5.698261602294577e-07
scene_0,item_8448,5.597054493860861e-07
scene_0,item_7125,5.544466338731652e-07
scene_0,item_3420,5.348835524556254e-07
scene_0,item_4794,5.300526807457886e-07
scene_0,item_4500,5.23863608029134e-07
scene_0,item_5883,5.174976219149362e-07
scene_0,item_1986,4.995607301238535e-07
scene_0,item_3198,4.949254898919422e-07
scene_0,item_5961,4.795959931788021e-07
scene_0,item_8490,4.739236677940293e-07
scene_0,item_2763,4.7376048735473475e-07
scene_0,item_7851,4.7008527713311807e-07
scene_0,item_2613,4.3142774255440303e-07
scene_0,item_6924,4.13342564903985e-07
scene_0,item_8460,4.114642112767048e-07
scene_0,item_6645,3.92584871509039e-07
scene_0,item_9168,3.9197324199523966e-07
scene_0,item_6981,3.91792195598893e-07
scene_0,item_8481,3.847274664532863e-07
scene_0,item_2001,3.719903143412283e-07
scene_0,item_5715,3.669879039997498e-07
scene_0,item_4107,3.532472438397898e-07
scene_0,item_6618,3.483745522710983e-07
scene_0,item_9792,3.449777651468382e-07
scene_0,item_8304,3.4347396419657255e-07
scene_0,item_6270,3.417451667044215e-07
scene_0,item_852,3.402221085534698e-07
scene_0,item_6450,3.3724785770817544e-07
scene_0,item_5364,3.345576015151545e-07
scene_0,item_7161,3.328464916308544e-07
scene_0,item_5163,3.318238942056436e-07
scene_0,item_6984,3.219881984052156e-07
scene_0,item_5355,3.1596183420123524e-07
scene_0,item_6711,3.040400584454817e-07
scene_0,item_9828,3.0385129040185565e-07
scene_0,item_8394,2.9658291835608743e-07
scene_0,item_7836,2.9502001791226773e-07
scene_0,item_3138,2.9208265326926383e-07
scene_0,item_2004,2.9187838469819656e-07
scene_0,item_3912,2.8970810408290554e-07
scene_0,item_9837,2.8257504598291054e-07
scene_0,item_9849,2.820423088686099e-07
scene_0,item_7518,2.756711169786367e-07
scene_0,item_7101,2.59085007312107e-07
scene_0,item_1275,2.555902202526108e-07
scene_0,item_7815,2.5056062909387967e-07
scene_0,item_7425,2.405754162063163e-07
scene_0,item_5340,2.398097713734461e-07
scene_0,item_2175,2.3367285754271486e-07
scene_0,item_3699,2.2696658220435534e-07
scene_0,item_3174,2.2693990364157646e-07
scene_0,item_4743,2.2456882405945856e-07
scene_0,item_4503,2.236464079464933e-07
scene_0,item_9213,2.2224786820857e-07
scene_0,item_9096,2.074077944723267e-07
scene_0,item_7941,2.0515788718400285e-07
scene_0,item_2916,2.023896452608556e-07
scene_0,item_5823,2.0155157844734826e-07
scene_0,item_5664,1.9659325895543305e-07
scene_0,item_2022,1.9614875305891768e-07
scene_0,item_8475,1.9344111201074363e-07
scene_0,item_9453,1.929807000568901e-07
scene_0,item_3705,1.9171530787558076e-07
scene_0,item_8166,1.8770424015801569e-07
scene_0,item_4833,1.8292084765470287e-07
scene_0,item_9150,1.8017308894450218e-07
scene_0,item_4305,1.7058847917573738e-07
scene_0,item_9252,1.701606206770594e-07
scene_0,item_9039,1.6428505710904793e-07
scene_0,item_4227,1.6154293495255528e-07
scene_0,item_9816,1.59577114376525e-07
scene_0,item_6402,1.5667172509279775e-07
scene_0,item_4701,1.5602069392979285e-07
scene_0,item_8391,1.54496462178456e-07
scene_0,item_9873,1.5291077212178733e-07
scene_0,item_4284,1.4770384213360435e-07
scene_0,item_6246,1.458809651702894e-07
scene_0,item_411,1.4090319004982057e-07
scene_0,item_6603,1.3813493469504068e-07
scene_0,item_2124,1.3542743817201695e-07
scene_0,item_5202,1.3295406789071697e-07
scene_0,item_846,1.286861695171915e-07
scene_0,item_9483,1.2674892074217738e-07
scene_0,item_8205,1.2025562909036946e-07
scene_0,item_2931,1.197947653079349e-07
scene_0,item_7086,1.1886389195721858e-07
scene_0,item_243,1.1874505667229291e-07
scene_0,item_7650,1.1785744953869543e-07
scene_0,item_1020,1.1665593139055094e-07
scene_0,item_5691,1.1600619645585764e-07
scene_0,item_7401,1.1480915337845691e-07
scene_0,item_7527,1.1229768115638494e-07
scene_0,item_4365,1.1219869603756862e-07
scene_0,item_6426,1.1157300274032541e-07
scene_0,item_9657,1.115171021668863e-07
scene_0,item_1473,1.0753033120916597e-07
scene_0,item_7731,1.0627712563885099e-07
scene_0,item_5886,1.044867309865739e-07
scene_0,item_1794,1.0250278685716783e-07
scene_0,item_2427,1.0045222485981467e-07
scene_0,item_6330,9.829289620189341e-08
scene_0,item_5835,9.577639106000515e-08
scene_0,item_2163,9.383920559830159e-08
scene_0,item_8604,9.280063899491321e-08
scene_0,item_5793,9.276508999355746e-08
scene_0,item_6651,9.164739551841814e-08
scene_0,item_4530,8.636495916607807e-08
scene_0,item_1305,8.538239227618525e-08
scene_0,item_3657,8.360509632121206e-08
scene_0,item_3120,8.310751253678966e-08
scene_0,item_8556,8.19548378781813e-08
scene_0,item_3456,8.192165882228712e-08
scene_0,item_5856,8.107997146674875e-08
scene_0,item_330,7.921264695233198e-08
scene_0,item_5280,7.88969697573976e-08
scene_0,item_1674,7.881544481413275e-08
scene_0,item_603,7.815349466063794e-08
scene_0,item_8352,7.767316760809495e-08
scene_0,item_3006,7.484759899744442e-08
scene_0,item_3051,7.457148511631701e-08
scene_0,item_8055,7.366968004444636e-08
scene_0,item_777,7.342760503799321e-08
scene_0,item_7509,6.997293676502223e-08
scene_0,item_8979,6.708879729626862e-08
scene_0,item_3879,6.534216318986386e-08
scene_0,item_5790,6.524495079482466e-08
scene_0,item_6939,6.328977110991861e-08
scene_0,item_6492,6.246037437379465e-08
scene_0,item_9663,6.213588483656461e-08
scene_0,item_6048,6.078454112466248e-08
scene_0,item_7956,6.052166594118011e-08
scene_0,item_2067,5.970908462901898e-08
scene_0,item_4137,5.7461142403167526e-08
scene_0,item_2184,5.5703696002701694e-08
scene_0,item_5772,5.5189853027157666e-08
scene_0,item_186,5.497184683630249e-08
scene_0,item_6828,5.462678624227696e-08
scene_0,item_2010,5.453609425033115e-08
scene_0,item_7149,5.3985023276518155e-08
scene_0,item_8061,5.333303880722056e-08
scene_0,item_1185,5.324442627776303e-08
scene_0,item_3675,5.228656200233079e-08
scene_0,item_4194,5.12357404901957e-08
scene_0,item_3936,4.8360563075363474e-08
scene_0,item_8076,4.6275072549660226e-08
scene_0,item_7158,4.6038033664960766e-08
scene_0,item_4872,4.594980281382974e-08
scene_0,item_1158,4.542571877366619e-08
scene_0,item_7032,4.541353448512568e-08
scene_0,item_5586,4.476395527794469e-08
scene_0,item_6294,4.4751018898937995e-08
scene_0,item_903,4.443704058693385e-08
scene_0,item_9474,4.3020522810768156e-08
scene_0,item_1239,4.250595084607216e-08
scene_0,item_8586,4.156423189293388e-08
scene_0,item_9165,3.994078901280614e-08
scene_0,item_2541,3.9429207119899583e-08
scene_0,item_5265,3.892235466740572e-08
scene_0,item_8859,3.8288116045702744e-08
scene_0,item_8052,3.8062342616222044e-08
scene_0,item_5310,3.761777834105363e-08
scene_0,item_8679,3.6993368891249044e-08
scene_0,item_5436,3.681091615507691e-08
scene_0,item_2823,3.67001851937694e-08
scene_0,item_9288,3.597291590719472e-08
scene_0,item_7410,3.4650755026057865e-08
scene_0,item_1065,3.403152540398898e-08
scene_0,item_594,3.378360617325945e-08
scene_0,item_3276,3.3310353206584006e-08
scene_0,item_6723,3.3161405584231845e-08
scene_0,item_972,3.2978018038606754e-08
scene_0,item_5613,3.1978787541217465e-08
scene_0,item_2748,3.181302038440798e-08
scene_0,item_3921,3.1668573872285656e-08
scene_0,item_5826,3.101795629896793e-08
scene_0,item_6777,3.0450221089857986e-08
scene_0,item_9231,3.0441947544015025e-08
scene_0,item_7842,3.043049545652127e-08
scene_0,item_4401,3.0061821180831516e-08
scene_0,item_6363,2.986629980362656e-08
scene_0,item_8160,2.964780919477103e-08
scene_0,item_6555,2.8957892968659664e-08
scene_0,item_8655,2.87548688691625e-08
scene_0,item_5241,2.796759640589834e-08
scene_0,item_2367,2.7497214186997373e-08
scene_0,item_2826,2.7491448000387536e-08
scene_0,item_4443,2.7351115106978542e-08
scene_0,item_1413,2.5897078010650687e-08
scene_0,item_3606,2.552100355702974e-08
scene_0,item_4677,2.5511884277963083e-08
scene_0,item_7557,2.5211650395973502e-08
scene_0,item_9060,2.511796923063268e-08
scene_0,item_1257,2.428116676981981e-08
scene_0,item_8079,2.2663337060791923e-08
scene_0,item_501,2.2007886929406783e-08
scene_0,item_7185,2.1856839509925812e-08
scene_0,item_7137,2.1291866195140145e-08
scene_0,item_4725,2.125048339006693e-08
scene_0,item_1659,2.058185027418268e-08
scene_0,item_2994,1.9959380630132118e-08
scene_0,item_1005,1.9932330174734197e-08
scene_0,item_6465,1.972556121659398e-08
scene_0,item_9729,1.9619212649680292e-08
scene_0,item_2415,1.9423413809138163e-08
scene_0,item_6291,1.9238075712356817e-08
scene_0,item_5970,1.9146862131909984e-08
scene_0,item_7215,1.8647867242337215e-08
scene_0,item_7074,1.772992369430579e-08
scene_0,item_2751,1.7587919284371098e-08
scene_0,item_6759,1.7527024797453554e-08
scene_0,item_1803,1.747860494427771e-08
scene_0,item_6507,1.6979757345203234e-08
scene_0,item_9945,1.6919099570933266e-08
scene_0,item_1380,1.6859729116489093e-08
scene_0,item_4371,1.6652628716407484e-08
scene_0,item_9306,1.6541538259183296e-08
scene_0,item_7071,1.6502439271738534e-08
scene_0,item_1170,1.6465184993294207e-08
scene_0,item_1401,1.6248214208102872e-08
scene_0,item_2316,1.6086446397954822e-08
scene_0,item_9918,1.5944604948927174e-08
scene_0,item_3267,1.589431391757373e-08
scene_0,item_1440,1.5458124003781954e-08
scene_0,item_648,1.5153907433598443e-08
scene_0,item_726,1.4908015436672525e-08
scene_0,item_9732,1.4636510834519046e-08
scene_0,item_9699,1.4292751621452988e-08
scene_0,item_9261,1.3853072394415857e-08
scene_0,item_9210,1.3134807692337829e-08
scene_0,item_7572,1.2520875091364334e-08
scene_0,item_1404,1.2391969375848854e-08
scene_0,item_7269,1.2074128542809694e-08
scene_0,item_864,1.2031814935751527e-08
scene_0,item_5751,1.1726207293650984e-08
scene_0,item_2493,1.1486696915107724e-08
scene_0,item_6915,1.1217486270559026e-08
scene_0,item_582,1.1130876394292157e-08
scene_0,item_2781,1.1058758277455228e-08
scene_0,item_8757,1.1048254049302458e-08
scene_0,item_4728,1.0644885688073662e-08
scene_0,item_8313,1.0550684692733055e-08
scene_0,item_6153,1.0458648304567734e-08
scene_0,item_1992,1.0366042915927668e-08
scene_0,item_5805,1.0218548958968416e-08
scene_0,item_8355,1.0127563280661208e-08
scene_0,item_5283,9.980759446321293e-09
scene_0,item_9969,9.457498947220514e-09
scene_0,item_7635,8.836963808096788e-09
scene_0,item_1902,8.7886469300628e-09
scene_0,item_6471,8.642402645125525e-09
scene_0,item_879,8.351484114699977e-09
scene_0,item_2682,8.30338525464089e-09
scene_0,item_9099,8.171199479680146e-09
scene_0,item_5577,7.959339678343992e-09
scene_0,item_6660,7.825790804587495e-09
scene_0,item_5673,7.623773732598536e-09
scene_0,item_4482,7.396484958441972e-09
scene_0,item_5490,7.376605492143115e-09
scene_0,item_4632,7.3177573179182244e-09
scene_0,item_5463,7.163041376763931e-09
scene_0,item_8628,6.88838310725563e-09
scene_0,item_3594,6.843658929701654e-09
scene_0,item_2433,6.638926531063041e-09
scene_0,item_5274,6.3581197551266e-09
scene_0,item_9720,6.1703182093215385e-09
scene_0,item_1089,6.122292481990877e-09
scene_0,item_7623,5.793158328351263e-09
scene_0,item_312,5.573466013265422e-09
scene_0,item_5706,5.550499042940187e-09
scene_0,item_3543,5.53067658619456e-09
scene_0,item_9144,5.502165049258538e-09
scene_0,item_5928,5.2853292701957046e-09
scene_0,item_6900,5.2574611721580735e-09
scene_0,item_231,5.1468343201900385e-09
scene_0,item_8010,5.137499790181655e-09
scene_0,item_4629,5.085438321692227e-09
scene_0,item_5403,5.029763145364759e-09
scene_0,item_6024,4.993011435138854e-09
scene_0,item_4275,4.905472939706253e-09
scene_0,item_6687,4.853858502127946e-09
scene_0,item_4287,4.761174867058298e-09
scene_0,item_8574,4.716262810501119e-09
scene_0,item_2595,4.70549075542511e-09
scene_0,item_7575,4.661708314635759e-09
scene_0,item_7704,4.632705017149226e-09
scene_0,item_6624,4.626123741012176e-09
scene_0,item_6417,4.536644417314796e-09
scene_0,item_8931,4.492385313747842e-09
scene_0,item_9222,4.466686279570949e-09
scene_0,item_1461,4.3603535988647054e-09
scene_0,item_6714,4.302215007141021e-09
scene_0,item_1848,4.197710360531748e-09
scene_0,item_2907,3.920905063747976e-09
scene_0,item_8070,3.849392430094854e-09
scene_0,item_7350,3.818290714457549e-09
scene_0,item_8277,3.78007234730459e-09
scene_0,item_1686,3.773569960556597e-09
scene_0,item_5415,3.7654782480102844e-09
scene_0,item_8136,3.759168283602036e-09
scene_0,item_1083,3.736620604283877e-09
scene_0,item_4290,3.633062898158825e-09
scene_0,item_4149,3.6297296832421136e-09
scene_0,item_8208,3.5835347925975915e-09
scene_0,item_855,3.5529221673712913e-09
scene_0,item_9996,3.4091180307317823e-09
scene_0,item_1044,3.350945665348084e-09
scene_0,item_4716,3.3412566285266774e-09
scene_0,item_4188,3.2424195325521014e-09
scene_0,item_1524,3.2355781108514726e-09
scene_0,item_3759,2.9824141866023868e-09
scene_0,item_4359,2.949996703879474e-09
scene_0,item_7881,2.940371273854557e-09
scene_0,item_354,2.9375226838256557e-09
scene_0,item_447,2.925957111670489e-09
scene_0,item_6306,2.9189731223342674e-09
scene_0,item_6909,2.8001548249730773e-09
scene_0,item_6018,2.785274159770854e-09
scene_0,item_9528,2.75505745158015e-09
scene_0,item_6438,2.7139733250203392e-09
scene_0,item_1047,2.6941718215962942e-09
scene_0,item_6000,2.675780312002468e-09
scene_0,item_1599,2.6600355740821162e-09
scene_0,item_6162,2.6404359035727316e-09
scene_0,item_8532,2.638048005411105e-09
scene_0,item_5718,2.6067819300897244e-09
scene_0,item_7446,2.589202500595142e-09
scene_0,item_3738,2.5574544229025875e-09
scene_0,item_1668,2.493162961527237e-09
scene_0,item_5157,2.3853173562814025e-09
scene_0,item_9795,2.3696694699961102e-09
scene_0,item_7605,2.349102299679183e-09
scene_0,item_4224,2.3438279002844003e-09
scene_0,item_3441,2.3206825844247783e-09
scene_0,item_8217,2.3155751447541877e-09
scene_0,item_5235,2.285417839068529e-09
scene_0,item_2262,2.2736063332255874e-09
scene_0,item_8058,2.24117366847519e-09
scene_0,item_8994,2.1808204107552526e-09
scene_0,item_9489,2.1328472146217926e-09
scene_0,item_5502,2.029271668516261e-09
scene_0,item_8130,2.0068944008820728e-09
scene_0,item_8193,1.923745945819321e-09
scene_0,item_8049,1.9186531594389124e-09
scene_0,item_6627,1.8340040955472832e-09
scene_0,item_1545,1.6904771744053286e-09
scene_0,item_6636,1.6700769999555578e-09
scene_0,item_2706,1.6673571805365166e-09
scene_0,item_9942,1.581568831731381e-09
scene_0,item_7803,1.5786255469816084e-09
scene_0,item_3153,1.557453651528129e-09
scene_0,item_9531,1.5426870352923696e-09
scene_0,item_5901,1.499955526982426e-09
scene_0,item_8949,1.3907369993199467e-09
scene_0,item_1839,1.3811349673830878e-09
scene_0,item_3648,1.3736582181966515e-09
scene_0,item_5544,1.3725797245289367e-09
scene_0,item_5085,1.365116261571049e-09
scene_0,item_3387,1.3457888175488075e-09
scene_0,item_3834,1.341533379018568e-09
scene_0,item_1428,1.3225903960609328e-09
scene_0,item_5661,1.2919513592373212e-09
scene_0,item_2169,1.2897402910522846e-09
scene_0,item_9825,1.2785029224825883e-09
scene_0,item_2817,1.267918159212514e-09
scene_0,item_558,1.2603053158307934e-09
scene_0,item_2955,1.2482745378139695e-09
scene_0,item_9618,1.243597160121595e-09
scene_0,item_5472,1.2280426621875944e-09
scene_0,item_7281,1.1902103993926665e-09
scene_0,item_5580,1.1452022454317861e-09
scene_0,item_8790,1.0893003762619228e-09
scene_0,item_7221,1.0702213480399514e-09
scene_0,item_9450,1.0552946103122456e-09
scene_0,item_519,1.0473332826256428e-09
scene_0,item_1842,1.0107224252050014e-09
scene_0,item_3183,9.784316738014234e-10
scene_0,item_7338,9.461222328961612e-10
scene_0,item_7683,9.297153184340581e-10
scene_0,item_5367,9.247692728114151e-10
scene_0,item_5898,9.136266651142873e-10
scene_0,item_8805,8.969038968895436e-10
scene_0,item_5994,8.783341568489862e-10
scene_0,item_8064,8.43036110065411e-10
scene_0,item_8892,8.253144999999989e-10
scene_0,item_1650,8.160428894664684e-10
scene_0,item_4152,8.015984699972993e-10
scene_0,item_2361,7.933306765209952e-10
scene_0,item_6720,7.823616073721305e-10
scene_0,item_3339,7.450435793831486e-10
scene_0,item_4092,7.343058746748646e-10
scene_0,item_1989,7.123192936143636e-10
scene_0,item_4941,6.597837725248175e-10
scene_0,item_2943,6.533842020465209e-10
scene_0,item_807,6.456372600840451e-10
scene_0,item_8694,6.419947540612922e-10
scene_0,item_2091,6.375412868289247e-10
scene_0,item_6189,6.337028090302098e-10
scene_0,item_9081,6.292603019615089e-10
scene_0,item_1128,6.233985911273346e-10
scene_0,item_8241,6.22055679874386e-10
scene_0,item_9822,6.0456369104082e-10
scene_0,item_9690,5.978598773081317e-10
scene_0,item_576,5.880784592657391e-10
scene_0,item_9447,5.687212229154042e-10
scene_0,item_9315,5.629509704663644e-10
scene_0,item_6678,5.529331733200681e-10
scene_0,item_7371,5.500074264296512e-10
scene_0,item_4755,5.460430865845139e-10
scene_0,item_7806,5.386587014820053e-10
scene_0,item_3393,5.095651121758765e-10
scene_0,item_1269,5.077815087051978e-10
scene_0,item_3396,5.034029418123301e-10
scene_0,item_8871,4.987989387358901e-10
scene_0,item_8598,4.8943225374994e-10
scene_0,item_7440,4.829517080477416e-10
scene_0,item_6861,4.811318517866173e-10
scene_0,item_6963,4.753255269533143e-10
scene_0,item_4479,4.721993989968633e-10
scene_0,item_9555,4.640155208241422e-10
scene_0,item_4803,4.364441839673929e-10
scene_0,item_3909,4.298288660908467e-10
scene_0,item_5004,4.257858140700474e-10
scene_0,item_8724,4.133697074084884e-10
scene_0,item_3978,4.0877882819910514e-10
scene_0,item_7170,4.0449966868912173e-10
scene_0,item_159,4.0408191307205356e-10
scene_0,item_5361,3.9770287242945014e-10
scene_0,item_2274,3.9473982355986973e-10
scene_0,item_9612,3.907721663490428e-10
scene_0,item_4062,3.634717557303016e-10
scene_0,item_2112,3.587167582889652e-10
scene_0,item_1911,3.577315811824999e-10
scene_0,item_1830,3.3952778034072273e-10
scene_0,item_747,3.393719190674142e-10
scene_0,item_3516,3.38659122460011e-10
scene_0,item_2757,3.342833285761701e-10
scene_0,item_8826,3.333148048660398e-10
scene_0,item_2412,3.31698608294833e-10
scene_0,item_1479,3.1159991538112866e-10
scene_0,item_7140,3.091027115339156e-10
scene_0,item_9114,3.0284862978923416e-10
scene_0,item_5763,3.0051410440444124e-10
scene_0,item_2016,2.9932796026523107e-10
scene_0,item_3630,2.9832004342302856e-10
scene_0,item_2241,2.82653756132813e-10
scene_0,item_8115,2.797616780946698e-10
scene_0,item_7383,2.6970228109085827e-10
scene_0,item_9135,2.634309612620326e-10
scene_0,item_7968,2.617864170115003e-10
scene_0,item_5496,2.560553057656545e-10
scene_0,item_177,2.5248901684026586e-10
scene_0,item_5616,2.495122535135113e-10
scene_0,item_3741,2.4478766094975695e-10
scene_0,item_8289,2.3830211222751817e-10
scene_0,item_4914,2.2142247733072656e-10
scene_0,item_3531,2.2057770843135747e-10
scene_0,item_213,2.1918205871413028e-10
scene_0,item_435,2.1832415565322626e-10
scene_0,item_7443,2.169795441326034e-10
scene_0,item_3042,2.1148350865113733e-10
scene_0,item_966,2.0766672803445576e-10
scene_0,item_1737,1.973970137718206e-10
scene_0,item_7251,1.949601677011761e-10
scene_0,item_6708,1.941702993176172e-10
scene_0,item_9384,1.8935111955674503e-10
scene_0,item_9990,1.8688152260948998e-10
scene_0,item_1563,1.8296239213007171e-10
scene_0,item_4263,1.7810049903878484e-10
scene_0,item_5040,1.7712750028776483e-10
scene_0,item_1647,1.7579476804312662e-10
scene_0,item_4431,1.7547393341488412e-10
scene_0,item_8469,1.7468294951676049e-10
scene_0,item_1662,1.7185878297821474e-10
scene_0,item_7689,1.690830049863425e-10
scene_0,item_4527,1.6704311762957276e-10
scene_0,item_2787,1.6498216015117216e-10
scene_0,item_2838,1.646682219057418e-10
scene_0,item_4818,1.594109985182805e-10
scene_0,item_7314,1.5797646417447835e-10
scene_0,item_7155,1.5573417102565162e-10
scene_0,item_6336,1.5560300823416862e-10
scene_0,item_6198,1.5158581255656046e-10
scene_0,item_5322,1.443730540744732e-10
scene_0,item_7164,1.4362178476220916e-10
scene_0,item_3873,1.429027058607458e-10
scene_0,item_3207,1.4253384694248032e-10
scene_0,item_3861,1.3878161109564694e-10
scene_0,item_8418,1.3754768117381805e-10
scene_0,item_4881,1.3212350620917299e-10
scene_0,item_6585,1.239024306480489e-10
scene_0,item_234,1.2106691230753415e-10
scene_0,item_5022,1.1907159293319195e-10
scene_0,item_8097,1.15817541884855e-10
scene_0,item_5268,1.1389177263816698e-10
scene_0,item_3969,1.0554430483896485e-10
scene_0,item_7848,1.0104456196905709e-10
scene_0,item_2460,1.0039906776364446e-10
scene_0,item_3774,9.871209213685576e-11
scene_0,item_7716,9.804649092153335e-11
scene_0,item_1878,9.417636082369663e-11
scene_0,item_1713,8.874323686643803e-11
scene_0,item_7062,8.643918989858153e-11
scene_0,item_5604,8.468181321246666e-11
scene_0,item_396,8.283534109343924e-11
scene_0,item_9903,8.136897691866757e-11
scene_0,item_4539,8.09561142302894e-11
scene_0,item_9861,7.777466361032912e-11
scene_0,item_753,7.756797311326917e-11
scene_0,item_7560,7.622481869468445e-11
scene_0,item_5712,7.326450401724265e-11
scene_0,item_4560,6.698830046914853e-11
scene_0,item_9636,6.659367083309136e-11
scene_0,item_9993,6.555674718496473e-11
scene_0,item_3054,6.42121041846064e-11
scene_0,item_5862,6.41744547723144e-11
scene_0,item_2652,6.365609518880358e-11
scene_0,item_1596,6.278352818001656e-11
scene_0,item_9906,6.187987213783307e-11
scene_0,item_2865,6.048301080609853e-11
scene_0,item_8379,5.822989751761181e-11
scene_0,item_3453,5.792531495015525e-11
scene_0,item_4113,5.628972467318346e-11
scene_0,item_6456,5.5700281026221896e-11
scene_0,item_7923,5.391777019117492e-11
scene_0,item_2544,5.290258122954533e-11
scene_0,item_8844,5.2471261500193956e-11
scene_0,item_6699,5.132138706646194e-11
scene_0,item_5073,4.9696450898128106e-11
scene_0,item_6075,4.7388628226225923e-11
scene_0,item_2085,4.551563371528036e-11
scene_0,item_3762,4.480285046360154e-11
scene_0,item_7746,4.4719707237210423e-11
scene_0,item_3540,4.374711328836431e-11
scene_0,item_4104,4.371324283723034e-11
scene_0,item_4668,4.141397691976098e-11
scene_0,item_1059,4.047962506486556e-11
scene_0,item_5874,4.0469149373772976e-11
scene_0,item_7230,3.765739057044563e-11
scene_0,item_9522,3.718355784566686e-11
scene_0,item_1731,3.7073701631535717e-11
scene_0,item_825,3.63512008528339e-11
scene_0,item_6060,3.5716512972161615e-11
scene_0,item_3555,3.5374686288874224e-11
scene_0,item_762,3.496503489028703e-11
scene_0,item_3918,3.474927874604465e-11
scene_0,item_360,3.387613123600239e-11
scene_0,item_9198,3.327118782151562e-11
scene_0,item_6486,3.3143170681981175e-11
scene_0,item_9171,3.302939550200821e-11
scene_0,item_8937,3.2779052281166404e-11
scene_0,item_6591,3.215533159815511e-11
scene_0,item_8697,3.2040661833237203e-11
scene_0,item_3189,3.1861503056590284e-11
scene_0,item_7608,3.06126655881843e-11
scene_0,item_6804,2.9526072370135285e-11
scene_0,item_8142,2.9479786521535415e-11
scene_0,item_1329,2.9052677793429114e-11
scene_0,item_7380,2.8796128536640054e-11
scene_0,item_4011,2.8386041676164446e-11
scene_0,item_3876,2.8365240810437088e-11
scene_0,item_1641,2.8010940064429423e-11
scene_0,item_7467,2.76181941289569e-11
scene_0,item_4491,2.7381808617508115e-11
scene_0,item_7017,2.703656855605067e-11
scene_0,item_9093,2.633724625064623e-11
scene_0,item_8553,2.6242030089384565e-11
scene_0,item_2466,2.5797332350867496e-11
scene_0,item_8775,2.5432663844615223e-11
scene_0,item_9735,2.4269163249167744e-11
scene_0,item_3465,2.41875567191358e-11
scene_0,item_5127,2.22967817485905e-11
scene_0,item_2649,2.2213980867619686e-11
scene_0,item_3000,2.1979540563273166e-11
scene_0,item_7245,2.188285425043469e-11
scene_0,item_8397,2.1148063109359842e-11
scene_0,item_9933,2.0966051312873788e-11
scene_0,item_5379,2.071476569843447e-11
scene_0,item_2244,2.0369150491167372e-11
scene_0,item_9243,2.0091788498786904e-11
scene_0,item_9027,1.9806014156412238e-11
scene_0,item_1749,1.7390180318951045e-11
scene_0,item_9189,1.730481542923076e-11
scene_0,item_1821,1.728595169321714e-11
scene_0,item_7206,1.711661566483243e-11
scene_0,item_5985,1.6762201755794363e-11
scene_0,item_9957,1.671450722477967e-11
scene_0,item_6429,1.6579275125072084e-11
scene_0,item_3576,1.6455621801111837e-11
scene_0,item_9240,1.525861218343608e-11
scene_0,item_3711,1.5226855077038454e-11
scene_0,item_5301,1.4981495483319283e-11
scene_0,item_7818,1.4117686210630755e-11
scene_0,item_3786,1.386139511492068e-11
scene_0,item_7728,1.3711404779245247e-11
scene_0,item_9777,1.3580087264672979e-11
scene_0,item_5913,1.3533198655829349e-11
scene_0,item_8811,1.351289271489498e-11
scene_0,item_2709,1.2337410361922885e-11
scene_0,item_7962,1.227848740335142e-11
scene_0,item_2919,1.1921315802621222e-11
scene_0,item_8466,1.1854098259945721e-11
scene_0,item_2772,1.1631738074383825e-11
scene_0,item_2700,1.1602313403686799e-11
scene_0,item_7620,1.1167685396501464e-11
scene_0,item_3573,1.0963719214876934e-11
scene_0,item_4692,1.0915872285525573e-11
scene_0,item_3789,1.0619222765192264e-11
scene_0,item_4269,1.0258813122752795e-11
scene_0,item_8370,1.0138218741044451e-11
scene_0,item_738,1.0054865132369157e-11
scene_0,item_2295,9.960030553668994e-12
scene_0,item_3819,9.663126685447692e-12
scene_0,item_6945,9.608272447269066e-12
scene_0,item_3216,8.827221833713176e-12
scene_0,item_1284,8.722480233955697e-12
scene_0,item_1104,8.653243312358757e-12
scene_0,item_6789,8.489746092921542e-12
scene_0,item_705,8.476814708393341e-12
scene_0,item_1350,8.465515384937306e-12
scene_0,item_2052,8.465054497804676e-12
scene_0,item_4014,8.314280563433743e-12
scene_0,item_381,8.114410114068969e-12
scene_0,item_9912,8.107113893926777e-12
scene_0,item_4023,8.046997280062909e-12
scene_0,item_3975,7.88555981827722e-12
scene_0,item_7749,7.881472917976304e-12
scene_0,item_6372,7.567278255787794e-12
scene_0,item_5529,7.556947866039913e-12
scene_0,item_4386,7.105750454796958e-12
scene_0,item_6069,7.094864876933027e-12
scene_0,item_4611,7.089622241215097e-12
scene_0,item_6864,6.835963552185993e-12
scene_0,item_4374,6.822859291354052e-12
scene_0,item_5388,6.704354578609637e-12
scene_0,item_3015,5.997800208275261e-12
scene_0,item_498,5.622497254741311e-12
scene_0,item_8457,5.517530494867205e-12
scene_0,item_2391,5.430634266972884e-12
scene_0,item_4065,5.36800077639331e-12
scene_0,item_1560,5.340929653639458e-12
scene_0,item_8526,5.217056093206694e-12
scene_0,item_3156,5.150820783543728e-12
scene_0,item_5589,5.149965960964499e-12
scene_0,item_2901,5.135597037448852e-12
scene_0,item_8349,5.104856297902824e-12
scene_0,item_7002,5.00149788338974e-12
scene_0,item_4806,4.731302327863891e-12
scene_0,item_8043,4.669620014365355e-12
scene_0,item_1266,4.592367496069055e-12
scene_0,item_984,4.4530509974710626e-12
scene_0,item_252,4.421231463380617e-12
scene_0,item_8592,4.360312208055494e-12
scene_0,item_858,4.359220956620525e-12
scene_0,item_8427,4.2828906726852644e-12
scene_0,item_2205,4.199427265283753e-12
scene_0,item_5442,4.1791286907349865e-12
scene_0,item_5028,4.1267267823927865e-12
scene_0,item_4494,3.935247944775321e-12
scene_0,item_2223,3.8432979965342575e-12
scene_0,item_849,3.801343577299183e-12
scene_0,item_4212,3.733237249629863e-12
scene_0,item_6726,3.691620415554693e-12
scene_0,item_7266,3.5156887918062878e-12
scene_0,item_1173,3.468152753143495e-12
scene_0,item_9648,3.446453119699806e-12
scene_0,item_8445,3.268611267906489e-12
scene_0,item_4890,3.23020354458569e-12
scene_0,item_795,3.06180221619654e-12
scene_0,item_9468,3.00216762741364e-12
scene_0,item_9798,2.9655415446551385e-12
scene_0,item_6252,2.937611339709397e-12
scene_0,item_258,2.8243493251414242e-12
scene_0,item_4452,2.7578102812561028e-12
scene_0,item_6477,2.754698404998193e-12
scene_0,item_5208,2.7539987012895873e-12
scene_0,item_9687,2.6792831479287822e-12
scene_0,item_4857,2.4752571165803095e-12
scene_0,item_8307,2.410128921073509e-12
scene_0,item_8334,2.352059515400163e-12
scene_0,item_3162,2.3431342906875397e-12
scene_0,item_4821,2.3145830292293116e-12
scene_0,item_6705,2.299062810578343e-12
scene_0,item_5925,2.2981491616564335e-12
scene_0,item_1227,2.2842270435891456e-12
scene_0,item_8823,2.2099816395600367e-12
scene_0,item_408,2.204146466118482e-12
scene_0,item_9369,2.0938624262622686e-12
scene_0,item_9204,2.059553821191502e-12
scene_0,item_8901,1.994494420360336e-12
scene_0,item_8022,1.942762644964471e-12
scene_0,item_6462,1.9386076142471208e-12
scene_0,item_4242,1.9274594588934566e-12
scene_0,item_5394,1.920537104734489e-12
scene_0,item_3522,1.905457821360151e-12
scene_0,item_4434,1.8749455229813122e-12
scene_0,item_1182,1.7651729659649856e-12
scene_0,item_5253,1.7462169150706072e-12
scene_0,item_1476,1.7397759801311792e-12
scene_0,item_1908,1.7175855436872205e-12
scene_0,item_3798,1.6379132418931638e-12
scene_0,item_6165,1.6341563151021538e-12
scene_0,item_6333,1.61781758414028e-12
scene_0,item_2928,1.4968952982177056e-12
scene_0,item_1809,1.3196508204790201e-12
scene_0,item_1776,1.3100724670708465e-12
scene_0,item_3009,1.1451746814335264e-12
scene_0,item_5646,1.13675871056997e-12
scene_0,item_5214,1.1057126012647782e-12
scene_0,item_6051,1.0956324070527808e-12
scene_0,item_7059,1.080945929691894e-12
scene_0,item_1125,1.031238885788408e-12
scene_0,item_4845,1.0290478410363733e-12
scene_0,item_9519,1.0191992052532555e-12
scene_0,item_5094,1.0050951935086063e-12
scene_0,item_2151,8.682865496039259e-13
scene_0,item_8643,8.680576338329726e-13
scene_0,item_4458,7.984538870281709e-13
scene_0,item_5295,7.909588337559277e-13
scene_0,item_1725,7.909123497215546e-13
scene_0,item_7488,7.893566613955573e-13
scene_0,item_1449,7.811860851866325e-13
scene_0,item_9498,7.739162446539162e-13
scene_0,item_3060,7.71348737075551e-13
scene_0,item_4929,7.087082732539156e-13
scene_0,item_2106,6.817348032776235e-13
scene_0,item_7929,6.44680917499023e-13
scene_1,item_142,1.0
scene_1,item_37,1.0
scene_1,item_46,1.0
scene_1,item_34,1.0
scene_1,item_1,1.0
scene_1,item_4,1.0
scene_1,item_7,1.0
scene_1,item_10,1.0
scene_1,item_31,1.0
scene_1,item_28,1.0
scene_1,item_25,1.0
scene_1,item_139,1.0
scene_1,item_22,1.0
scene_1,item_19,1.0
scene_1,item_136,1.0
scene_1,item_85,1.0
scene_1,item_40,1.0
scene_1,item_43,1.0
scene_1,item_130,1.0
scene_1,item_100,1.0
scene_1,item_103,1.0
scene_1,item_106,1.0
scene_1,item_109,1.0
scene_1,item_49,1.0
scene_1,item_16,1.0
scene_1,item_127,1.0
scene_1,item_112,1.0
scene_1,item_133,1.0
scene_1,item_145,1.0
scene_1,item_115,1.0
scene_1,item_121,1.0
scene_1,item_13,1.0
scene_1,item_97,1.0
scene_1,item_118,1.0
scene_1,item_148,1.0
scene_1,item_61,1.0
scene_1,item_55,1.0
scene_1,item_58,1.0
scene_1,item_64,1.0
scene_1,item_124,1.0
scene_1,item_88,1.0
scene_1,item_94,1.0
scene_1,item_52,1.0
scene_1,item_76,1.0
scene_1,item_70,1.0
scene_1,item_73,1.0
scene_1,item_91,1.0
scene_1,item_67,1.0
scene_1,item_82,1.0
scene_1,item_79,1.0
scene_1,item_6466,0.9637394874907973
scene_1,item_6271,0.9376382244723506
scene_1,item_3259,0.9322010510039854
scene_1,item_8848,0.9297670769923635
scene_1,item_4834,0.9240193247265304
scene_1,item_7318,0.9190444485900243
scene_1,item_4858,0.9185263479334407
scene_1,item_2101,0.9120574726497559
scene_1,item_2302,0.8804745655286054
scene_1,item_6088,0.8728270475655123
scene_1,item_5209,0.8551908507790811
scene_1,item_9310,0.8505955236544455
scene_1,item_7855,0.8411525252398834
scene_1,item_2230,0.8319011267636546
scene_1,item_5677,0.8262623401337108
scene_1,item_6130,0.819820989152198
scene_1,item_1936,0.806383934468007
scene_1,item_3238,0.8055779249424119
scene_1,item_3106,0.7993505060706031
scene_1,item_6091,0.7944040536527309
scene_1,item_7258,0.7943370247981681
scene_1,item_1399,0.7869592119603053
scene_1,item_3271,0.7803533238977778
scene_1,item_9736,0.7579774437253151
scene_1,item_1957,0.737933080155108
scene_1,item_4966,0.7331245285418226
scene_1,item_4849,0.7300651018527778
scene_1,item_4303,0.7253938721474196
scene_1,item_4717,0.7164759028965126
scene_1,item_1840,0.7073045509867686
scene_1,item_3508,0.6948151052233144
scene_1,item_2707,0.665582321565592
scene_1,item_8812,0.6541240321435287
scene_1,item_9106,0.6500185221588605
scene_1,item_8257,0.6361574209877032
scene_1,item_4585,0.6348380203515969
scene_1,item_1501,0.6318310879682055
scene_1,item_2923,0.6250000041173949
scene_1,item_7537,0.6157285346369086
scene_1,item_2815,0.6057278433693445
scene_1,item_4342,0.605551090559953
scene_1,item_6883,0.5986309859392113
scene_1,item_1717,0.5920683680661653
scene_1,item_7132,0.5879896208202869
scene_1,item_3592,0.5333910343254704
scene_1,item_673,0.5277668381761373
scene_1,item_6448,0.5275863713785726
scene_1,item_2938,0.5231707589826025
scene_1,item_5914,0.5143774031408171
scene_1,item_163,0.5110614507266251
scene_1,item_5290,0.5078531331548657
scene_1,item_310,0.5028218361097573
scene_1,item_6724,0.50276647804832
scene_1,item_2692,0.4828788824474022
scene_1,item_8452,0.48083060364407965
scene_1,item_1570,0.4742417733216507
scene_1,item_7474,0.46941800416731916
scene_1,item_1993,0.4692971573135099
scene_1,item_8245,0.46731612109197423
scene_1,item_8065,0.4673046604514342
scene_1,item_5239,0.4630374005064906
scene_1,item_157,0.45816092340697245
scene_1,item_1117,0.4569201540687294
scene_1,item_6577,0.4495049101951799
scene_1,item_8308,0.44669329950408593
scene_1,item_5284,0.4423420095782626
scene_1,item_1051,0.4403575717476394
scene_1,item_8131,0.4385433798124034
scene_1,item_3919,0.43639842034196846
scene_1,item_1156,0.4359320724699297
scene_1,item_8644,0.4323036337181313
scene_1,item_4954,0.42808808584069685
scene_1,item_3655,0.424094878261515
scene_1,item_6793,0.4228810711608833
scene_1,item_5566,0.4141210594248584
scene_1,item_8953,0.4125182218425474
scene_1,item_472,0.41174186854311473
scene_1,item_3415,0.40938599090602534
scene_1,item_5077,0.40937590801194035
scene_1,item_9265,0.4087160015860717
scene_1,item_8017,0.4068326427384456
scene_1,item_3034,0.40612667468994984
scene_1,item_6217,0.40146526793411347
scene_1,item_4240,0.393746344429252
scene_1,item_6748,0.3862854999771792
scene_1,item_5203,0.3838575143230754
scene_1,item_2542,0.3669845595453909
scene_1,item_3085,0.36534632632423164
scene_1,item_625,0.35904588983220476
scene_1,item_3235,0.3575348219821621
scene_1,item_1954,0.3571547044179022
scene_1,item_2803,0.3484113206358172
scene_1,item_8617,0.3471154467632456
scene_1,item_7282,0.33129104422704453
scene_1,item_6826,0.3307902672513877
scene_1,item_6202,0.3304540911863726
scene_1,item_3775,0.3229128289543817
scene_1,item_4405,0.32130982034044164
scene_1,item_4162,0.31846672134720344
scene_1,item_9739,0.31658617405408246
scene_1,item_7786,0.3160912227516693
scene_1,item_5035,0.3155656676598796
scene_1,item_4744,0.31496271586163505
scene_1,item_2149,0.31100105760034064
scene_1,item_2128,0.29799490549291757
scene_1,item_6052,0.295572342312786
scene_1,item_910,0.29305573246095834
scene_1,item_5668,0.29302654945635637
scene_1,item_9214,0.29015131090523727
scene_1,item_7699,0.28574714958960534
scene_1,item_6982,0.2833186126063961
scene_1,item_1285,0.2805111430489064
scene_1,item_7888,0.27608681180073014
scene_1,item_4873,0.2716486779289111
scene_1,item_2287,0.2695413596669745
scene_1,item_8215,0.26952790238337215
scene_1,item_9631,0.2665630814452601
scene_1,item_1738,0.2664499384021019
scene_1,item_8197,0.26540722328454697
scene_1,item_5194,0.2638769175702054
scene_1,item_8716,0.26327442419977276
scene_1,item_568,0.2593046507305117
scene_1,item_6553,0.25921716684242285
scene_1,item_1498,0.25739302450102464
scene_1,item_1642,0.25645515731006163
scene_1,item_5632,0.2551119673922283
scene_1,item_9574,0.24663215310272715
scene_1,item_4288,0.24430882254089964
scene_1,item_5032,0.24341103713861498
scene_1,item_3109,0.23827008813552428
scene_1,item_7861,0.2274265057490357
scene_1,item_5215,0.22677661949852204
scene_1,item_5734,0.22625914087879756
scene_1,item_8548,0.22536054554591137
scene_1,item_8047,0.2246148252388609
scene_1,item_8167,0.21717308646557953
scene_1,item_1981,0.21658152265021022
scene_1,item_5965,0.21646992781492674
scene_1,item_3823,0.216173519406568
scene_1,item_8866,0.21554393889551204
scene_1,item_5929,0.211774247620038
scene_1,item_5827,0.20960854594866432
scene_1,item_6433,0.20800031455359463
scene_1,item_5083,0.2049924817287931
scene_1,item_1522,0.20473965541699168
scene_1,item_4711,0.20248540917659144
scene_1,item_6979,0.1969754841330532
scene_1,item_4768,0.19572510263832368
scene_1,item_3298,0.1942568350859079
scene_1,item_937,0.1914560823157169
scene_1,item_5419,0.19089389388193798
scene_1,item_7420,0.18912375203230888
scene_1,item_6199,0.18903065120208185
scene_1,item_709,0.18592905600188864
scene_1,item_205,0.18545519877098518
scene_1,item_5782,0.17758069179211522
scene_1,item_3475,0.17740778566446466
scene_1,item_6304,0.17729111006696688
scene_1,item_1525,0.1752457407330437
scene_1,item_1864,0.1748690730556832
scene_1,item_5500,0.17192952583564958
scene_1,item_5581,0.17098922214923165
scene_1,item_4228,0.1708355140955319
scene_1,item_6073,0.16964933941068935
scene_1,item_1690,0.1670698619604566
scene_1,item_1057,0.16605841854172745
scene_1,item_7651,0.1649733852235759
scene_1,item_7348,0.1648771776146052
scene_1,item_7933,0.16430107115327755
scene_1,item_8089,0.16171003686130958
scene_1,item_5251,0.16024521236218892
scene_1,item_7303,0.1597374902908797
scene_1,item_250,0.15819953897305733
scene_1,item_9916,0.15668587288527297
scene_1,item_5512,0.15448382514470255
scene_1,item_3865,0.15227107929510855
scene_1,item_7453,0.15090252266059037
scene_1,item_2869,0.1487451265330767
scene_1,item_9976,0.14852763412734102
scene_1,item_2773,0.14823120652907593
scene_1,item_2518,0.14099845457633892
scene_1,item_3733,0.13943088401496465
scene_1,item_6823,0.1394184401537914
scene_1,item_520,0.13865432067851388
scene_1,item_9328,0.13532003750909974
scene_1,item_7552,0.13428079674983506
scene_1,item_7081,0.13280083298352144
scene_1,item_3526,0.13204991561545512
scene_1,item_862,0.13140546727123406
scene_1,item_3145,0.13111704578239744
scene_1,item_7843,0.1310584304252299
scene_1,item_6277,0.1307907972831584
scene_1,item_4420,0.12858154294766938
scene_1,item_6877,0.12572307035182448
scene_1,item_4528,0.12247528408396653
scene_1,item_6418,0.12215578971841513
scene_1,item_4531,0.12010018886914232
scene_1,item_1339,0.11876263398090528
scene_1,item_3772,0.11830836765262319
scene_1,item_5356,0.1156623767093889
scene_1,item_8902,0.11472102778330573
scene_1,item_1282,0.1145033794158503
scene_1,item_4819,0.11246421454556127
scene_1,item_8749,0.11224638741634232
scene_1,item_6361,0.11041906957912263
scene_1,item_5161,0.10891412659554812
scene_1,item_1561,0.1086610503445802
scene_1,item_3349,0.10830407968040251
scene_1,item_7114,0.10700578867964133
scene_1,item_895,0.10621602159535702
scene_1,item_9550,0.1060904018242067
scene_1,item_286,0.10568177016108567
scene_1,item_2032,0.10552960515545033
scene_1,item_4840,0.1050432896397221
scene_1,item_6757,0.104039654904896
scene_1,item_787,0.10157623222448253
scene_1,item_4318,0.10049195958794697
scene_1,item_3523,0.09885019664206723
scene_1,item_7603,0.09735488491938933
scene_1,item_2536,0.09713160763930677
scene_1,item_8287,0.09693133194184286
scene_1,item_8029,0.09573680799585782
scene_1,item_1348,0.09519342507487774
scene_1,item_5482,0.09430537125865039
scene_1,item_2893,0.09404027929430218
scene_1,item_847,0.09043074961646302
scene_1,item_4090,0.08702978936639487
scene_1,item_7987,0.08671151290629252
scene_1,item_8956,0.08626468978492179
scene_1,item_9745,0.08444265780990265
scene_1,item_8509,0.083777730474033
scene_1,item_2173,0.08351751109801585
scene_1,item_3886,0.08301448381641563
scene_1,item_496,0.08293917552787236
scene_1,item_8413,0.08263967456423162
scene_1,item_886,0.08224196762692179
scene_1,item_1096,0.08125684109098429
scene_1,item_3241,0.08060679336256671
scene_1,item_7075,0.08014778694212549
scene_1,item_6280,0.07893849360654925
scene_1,item_9436,0.07753400877300887
scene_1,item_9406,0.07702785136060401
scene_1,item_2116,0.0769298038914967
scene_1,item_2944,0.07680791355380678
scene_1,item_2014,0.07661447273760921
scene_1,item_6562,0.07640362292003107
scene_1,item_2995,0.07584837214425287
scene_1,item_427,0.07566514180578851
scene_1,item_3079,0.07493941911771068
scene_1,item_3457,0.07329219855772261
scene_1,item_9334,0.072777796811875
scene_1,item_9184,0.07152054058012985
scene_1,item_4696,0.07125639628130698
scene_1,item_1882,0.06860814988328623
scene_1,item_4786,0.06703017895032196
scene_1,item_3250,0.06505751425782189
scene_1,item_7720,0.06489109188840414
scene_1,item_1162,0.0644802077022014
scene_1,item_7351,0.06388780876425776
scene_1,item_8557,0.06330978611897047
scene_1,item_9526,0.06183455913751048
scene_1,item_9001,0.06174155100256357
scene_1,item_3385,0.06059467646057098
scene_1,item_9874,0.05942402296616952
scene_1,item_8218,0.058176765164330374
scene_1,item_2791,0.05770633236810855
scene_1,item_6064,0.05659865332990368
scene_1,item_4684,0.05593087763276178
scene_1,item_5812,0.05475898216843308
scene_1,item_9769,0.0539034856158326
scene_1,item_2650,0.05323009508197757
scene_1,item_301,0.05317341562605292
scene_1,item_3649,0.05285681025326064
scene_1,item_8482,0.051472137891351535
scene_1,item_6754,0.05105091787015695
scene_1,item_8710,0.05068842693070329
scene_1,item_4675,0.0505783671182954
scene_1,item_1909,0.05025354644989386
scene_1,item_2749,0.04999395830858594
scene_1,item_5050,0.04946758145356929
scene_1,item_6835,0.04791979846638485
scene_1,item_7690,0.04788250068650964
scene_1,item_1105,0.04709637657589221
scene_1,item_2764,0.0451232265827639
scene_1,item_3211,0.0450153572770916
scene_1,item_5638,0.04431879920751762
scene_1,item_3736,0.04404637049859428
scene_1,item_2422,0.043740812068018595
scene_1,item_2998,0.042999528373846616
scene_1,item_9751,0.04295399514566227
scene_1,item_3634,0.042256408255900484
scene_1,item_6229,0.04224353175131256
scene_1,item_7672,0.04211609162274242
scene_1,item_8788,0.04209432994997992
scene_1,item_8659,0.041824057068692445
scene_1,item_4195,0.04144102120066733
scene_1,item_667,0.04143772449960569
scene_1,item_4615,0.04027634387547072
scene_1,item_3397,0.04013227341200793
scene_1,item_5740,0.03992770188146749
scene_1,item_1477,0.03947070579167929
scene_1,item_3427,0.03920633649884759
scene_1,item_6574,0.03887854215601655
scene_1,item_328,0.0385523759891239
scene_1,item_6898,0.03816589180978782
scene_1,item_3994,0.038106065009686954
scene_1,item_8404,0.03790998552481707
scene_1,item_6706,0.03788630003472771
scene_1,item_4396,0.037626202553826704
scene_1,item_4447,0.037548211188584715
scene_1,item_3472,0.03729135271874485
scene_1,item_6949,0.037159606245026705
scene_1,item_6298,0.036897954326111516
scene_1,item_4609,0.03621661843932484
scene_1,item_8905,0.036014123244539877
scene_1,item_5776,0.035846135030114724
scene_1,item_5578,0.035780772944750745
scene_1,item_7900,0.035627601983035356
scene_1,item_4468,0.03508245192451306
scene_1,item_151,0.03495593506118859
scene_1,item_1669,0.034797365796892576
scene_1,item_8128,0.03479690180966414
scene_1,item_6712,0.034732002657426105
scene_1,item_3199,0.03450761775538738
scene_1,item_4003,0.03447357545446037
scene_1,item_9889,0.033975437470841544
scene_1,item_3166,0.03395685380931702
scene_1,item_8122,0.03356796529595542
scene_1,item_5125,0.03345745681874387
scene_1,item_6616,0.033185604237677586
scene_1,item_9223,0.033146184215870456
scene_1,item_5299,0.03311300028323802
scene_1,item_2887,0.03310238821654875
scene_1,item_3346,0.032867558301410436
scene_1,item_7228,0.03274834224330797
scene_1,item_8353,0.03250421365907671
scene_1,item_9634,0.03227262925251043
scene_1,item_8524,0.03213788276477826
scene_1,item_4912,0.03195237352390887
scene_1,item_7465,0.0318568128313155
scene_1,item_7117,0.031204774495119433
scene_1,item_8158,0.030629571091180512
scene_1,item_2326,0.030576302860007485
scene_1,item_5755,0.03041051864848647
scene_1,item_4771,0.03040563188200587
scene_1,item_4360,0.030247225013218967
scene_1,item_6022,0.03022616453475119
scene_1,item_832,0.0294595901128558
scene_1,item_8194,0.029214931113918784
scene_1,item_9034,0.029039154115249894
scene_1,item_2848,0.028740365795761884
scene_1,item_7894,0.02865719347861186
scene_1,item_9577,0.027869976246479116
scene_1,item_1147,0.027543217119754843
scene_1,item_7645,0.026586103371349708
scene_1,item_9382,0.026505406325364352
scene_1,item_3028,0.026248129769524276
scene_1,item_9688,0.025916757761204955
scene_1,item_3961,0.02591640888750881
scene_1,item_2227,0.025304268545569816
scene_1,item_8344,0.025168605055037246
scene_1,item_3964,0.024982416851136707
scene_1,item_8899,0.024911471455052823
scene_1,item_2245,0.02488462373492771
scene_1,item_3937,0.024689814784573647
scene_1,item_5620,0.024390001317420938
scene_1,item_1948,0.02396498206554802
scene_1,item_2155,0.023955604715237597
scene_1,item_181,0.023791593009153806
scene_1,item_6355,0.02343515310182134
scene_1,item_1273,0.023428191189981025
scene_1,item_5890,0.02342344557948912
scene_1,item_1786,0.02319173347915454
scene_1,item_5227,0.022905211321680646
scene_1,item_8887,0.02279741851679808
scene_1,item_583,0.02265211007801276
scene_1,item_1405,0.022250119118056508
scene_1,item_1972,0.022153702354322374
scene_1,item_475,0.021829904996899005
scene_1,item_7978,0.021696737066451
scene_1,item_8779,0.021520305049065918
scene_1,item_6178,0.02094074995094995
scene_1,item_9220,0.020704197010649215
scene_1,item_8764,0.02066801298832631
scene_1,item_9448,0.020328544159649305
scene_1,item_1780,0.02029244501464103
scene_1,item_4156,0.020239648414547808
scene_1,item_607,0.0201380063365887
scene_1,item_1264,0.019630760192675033
scene_1,item_6085,0.01932302080199037
scene_1,item_6127,0.01928419525176132
scene_1,item_2236,0.0190958694569231
scene_1,item_4393,0.01905541302543052
scene_1,item_3148,0.019022538602552715
scene_1,item_3694,0.018886965001241835
scene_1,item_880,0.01886129655034055
scene_1,item_3097,0.018692729494317606
scene_1,item_2836,0.01850999718071355
scene_1,item_6454,0.017964280443769784
scene_1,item_7687,0.01740018822246858
scene_1,item_208,0.017303409997111316
scene_1,item_8008,0.016998552771810175
scene_1,item_2488,0.016769492520664966
scene_1,item_2521,0.016769492520664966
scene_1,item_8269,0.016448112203646528
scene_1,item_7504,0.01625597652134959
scene_1,item_2812,0.01598298109311231
scene_1,item_6817,0.015690150171412117
scene_1,item_8230,0.015182863511177045
scene_1,item_1393,0.014913019804340183
scene_1,item_7405,0.014840031907243334
scene_1,item_7636,0.014566496883667004
scene_1,item_3412,0.014511064807579289
scene_1,item_2794,0.01442256041925153
scene_1,item_8602,0.01432907235244641
scene_1,item_1012,0.014184681263088843
scene_1,item_3361,0.014028016702016886
scene_1,item_7468,0.013883130114283826
scene_1,item_7309,0.013587787090132652
scene_1,item_1171,0.013440279553768095
scene_1,item_5386,0.013226104125750574
scene_1,item_1549,0.01296231233146913
scene_1,item_9130,0.012869492557271899
scene_1,item_469,0.012621802354811636
scene_1,item_6736,0.012500468799669068
scene_1,item_9031,0.012390679773371023
scene_1,item_7456,0.012294024061175123
scene_1,item_259,0.012292837445295095
scene_1,item_8341,0.01227860669720693
scene_1,item_3019,0.012154765834795621
scene_1,item_4996,0.012086043890539331
scene_1,item_3613,0.01194346058803615
scene_1,item_1699,0.011941812255601505
scene_1,item_7837,0.011882946755435199
scene_1,item_1459,0.01178198991605885
scene_1,item_3262,0.011777272905803106
scene_1,item_7201,0.011772395163226278
scene_1,item_1675,0.011758260762861381
scene_1,item_3610,0.01172631595196205
scene_1,item_8653,0.011581120377132966
scene_1,item_1078,0.01153544714697822
scene_1,item_1195,0.011496777885968463
scene_1,item_7561,0.011362028200675523
scene_1,item_2383,0.011357316987380416
scene_1,item_9058,0.011209877658836747
scene_1,item_6853,0.011142632956464608
scene_1,item_7546,0.010822257563055078
scene_1,item_268,0.01059430160367063
scene_1,item_4279,0.0105447989893486
scene_1,item_5128,0.010504542824627447
scene_1,item_6169,0.01035547695612024
scene_1,item_9322,0.010274515076055719
scene_1,item_6943,0.010247616784573265
scene_1,item_5761,0.01019119649047576
scene_1,item_5116,0.010080795123922862
scene_1,item_7450,0.00999594429999684
scene_1,item_8164,0.009543003078368476
scene_1,item_7870,0.009465301012113875
scene_1,item_3979,0.009376726545309008
scene_1,item_3646,0.009277716246553382
scene_1,item_7873,0.009185597696849315
scene_1,item_3244,0.009097404165485485
scene_1,item_1996,0.009003883233022654
scene_1,item_4174,0.008985466241380163
scene_1,item_5704,0.0089588450642465
scene_1,item_6604,0.008945251560123213
scene_1,item_3721,0.008862256042676151
scene_1,item_8056,0.008693523258417348
scene_1,item_1219,0.008675358035711898
scene_1,item_4843,0.008595986403035195
scene_1,item_8374,0.008205081370520327
scene_1,item_2947,0.008133286848052387
scene_1,item_8377,0.008120793980758243
scene_1,item_793,0.008081280323251144
scene_1,item_2854,0.008072587497790875
scene_1,item_3277,0.00796596869335789
scene_1,item_9658,0.007927849589353046
scene_1,item_2428,0.007681600920524595
scene_1,item_5938,0.0075308785068860466
scene_1,item_8614,0.00750496888051068
scene_1,item_3814,0.007504758587080958
scene_1,item_3100,0.00748669466920066
scene_1,item_5731,0.007470033479466418
scene_1,item_6607,0.007396278641149482
scene_1,item_8416,0.007388817748866424
scene_1,item_2386,0.007332784300795955
scene_1,item_6493,0.00724518419101688
scene_1,item_9004,0.007217087240637357
scene_1,item_7123,0.007128724108806483
scene_1,item_7609,0.006894624674343854
scene_1,item_5491,0.006894430953767411
scene_1,item_4108,0.006664878738009493
scene_1,item_7357,0.006603196912243688
scene_1,item_3217,0.006452171609120332
scene_1,item_7852,0.0064002329479585325
scene_1,item_295,0.006397079078610404
scene_1,item_9124,0.0063902358544582535
scene_1,item_9586,0.006307334617496655
scene_1,item_721,0.0063009394269098315
scene_1,item_7990,0.0062882564706549056
scene_1,item_805,0.0061144754544012634
scene_1,item_1216,0.006084107788107073
scene_1,item_1108,0.006072618380525012
scene_1,item_610,0.006000394682452591
scene_1,item_7759,0.005910615753753681
scene_1,item_4093,0.005772423252099916
scene_1,item_7585,0.005685063971096815
scene_1,item_1648,0.0055902804861731725
scene_1,item_9805,0.005584274278921634
scene_1,item_9256,0.005564639762815754
scene_1,item_2209,0.005391596718058459
scene_1,item_4864,0.005373226960369488
scene_1,item_1297,0.005340979642912777
scene_1,item_6376,0.00529232213568451
scene_1,item_4189,0.005229841778732149
scene_1,item_985,0.0051466464895179535
scene_1,item_7555,0.005056187645324862
scene_1,item_9520,0.005000664967200661
scene_1,item_7684,0.004978635641779245
scene_1,item_4138,0.00486774584511524
scene_1,item_2842,0.004845044073745439
scene_1,item_9373,0.004729497507416771
scene_1,item_6331,0.004700729329071193
scene_1,item_9682,0.004619182807717414
scene_1,item_2068,0.004616356905111891
scene_1,item_5113,0.00452281105503589
scene_1,item_9325,0.004373124152450263
scene_1,item_9073,0.0042962885222303255
scene_1,item_9142,0.00427696434751633
scene_1,item_3982,0.00422660757147557
scene_1,item_1267,0.004208968427599412
scene_1,item_3358,0.004195112042196649
scene_1,item_1639,0.004183031391570916
scene_1,item_232,0.004084321417291789
scene_1,item_6691,0.00408239606153673
scene_1,item_1900,0.004038354521862042
scene_1,item_9691,0.004023143779993136
scene_1,item_4729,0.004016707501722517
scene_1,item_7165,0.00398011948886825
scene_1,item_2788,0.003943402811087916
scene_1,item_4969,0.003940921623073425
scene_1,item_5056,0.003935513364950092
scene_1,item_535,0.0038973541983147613
scene_1,item_9610,0.0038071401231426923
scene_1,item_8914,0.0037615007183447275
scene_1,item_5011,0.003746119308612107
scene_1,item_6124,0.0037180424748963947
scene_1,item_1582,0.0036596637307569554
scene_1,item_8923,0.0036008807896704487
scene_1,item_640,0.003593758609728475
scene_1,item_4432,0.003552279528855971
scene_1,item_3274,0.0034458676652481305
scene_1,item_5392,0.003417318876290203
scene_1,item_7441,0.003395776970208925
scene_1,item_8560,0.003383595858428143
scene_1,item_7702,0.003300786214070496
scene_1,item_370,0.0032888403810342305
scene_1,item_9295,0.003263523788825538
scene_1,item_511,0.003109840461290136
scene_1,item_2713,0.003035670773887203
scene_1,item_2464,0.003035539402740767
scene_1,item_835,0.002952282327779214
scene_1,item_2401,0.0029137797651177084
scene_1,item_5980,0.0028292957878212435
scene_1,item_1336,0.002815420433267979
scene_1,item_6925,0.0028111080692674287
scene_1,item_9076,0.0027510038930937003
scene_1,item_1792,0.0027104105946677225
scene_1,item_3376,0.0027063323533123695
scene_1,item_5569,0.0026807445925237493
scene_1,item_8911,0.0026148751454842844
scene_1,item_3946,0.002586521851965513
scene_1,item_3487,0.0025544611742194094
scene_1,item_3388,0.002480264939653659
scene_1,item_9451,0.0024646827616144834
scene_1,item_2188,0.0024435804796205753
scene_1,item_4579,0.0023461869902458264
scene_1,item_577,0.0023390648131342497
scene_1,item_7279,0.0023186669479112044
scene_1,item_8290,0.0023060142025204317
scene_1,item_1066,0.0022963679542998133
scene_1,item_424,0.0022832013410484958
scene_1,item_4774,0.002277955177703809
scene_1,item_724,0.0022711327602679965
scene_1,item_1810,0.0022494729625613524
scene_1,item_9604,0.0022379029668845017
scene_1,item_2710,0.0021777021111700867
scene_1,item_5764,0.0021473308007487024
scene_1,item_7663,0.002098355684384735
scene_1,item_3448,0.0020923294270758586
scene_1,item_433,0.002086868317727006
scene_1,item_8668,0.0020766848475633442
scene_1,item_7738,0.0020752902809311833
scene_1,item_5809,0.002069449036197564
scene_1,item_4321,0.0020508817538585737
scene_1,item_7471,0.0020471996559755464
scene_1,item_3466,0.0020465417441777344
scene_1,item_5899,0.002015201476482171
scene_1,item_1183,0.001982237494913547
scene_1,item_8527,0.001930487323370961
scene_1,item_5431,0.001927042822832996
scene_1,item_2761,0.0019167730329724695
scene_1,item_7246,0.0019138005112481827
scene_1,item_9880,0.001908623303392439
scene_1,item_5320,0.0019081482405050232
scene_1,item_8392,0.0018157201401116459
scene_1,item_916,0.0018052569378614555
scene_1,item_9790,0.0017954842304039112
scene_1,item_6529,0.0017784920011150696
scene_1,item_6166,0.0017623280046518343
scene_1,item_4000,0.0017604144465011352
scene_1,item_4369,0.001750722524982584
scene_1,item_5137,0.0017488211632244247
scene_1,item_8863,0.0017149616207765357
scene_1,item_634,0.0016991070518239263
scene_1,item_412,0.0016834686225070108
scene_1,item_7813,0.0016615788825397719
scene_1,item_6550,0.0016420413309613411
scene_1,item_5062,0.0016379629273685404
scene_1,item_9139,0.0016331731137142287
scene_1,item_8935,0.0016310353250876773
scene_1,item_8155,0.0016260257659824078
scene_1,item_3751,0.0016224873358025057
scene_1,item_5071,0.0015814183472861827
scene_1,item_6808,0.0015807661379352612
scene_1,item_406,0.0015700421912368027
scene_1,item_3064,0.001555256906366144
scene_1,item_9190,0.0014984908142434677
scene_1,item_7816,0.0014935450764889386
scene_1,item_1627,0.0014740284440323337
scene_1,item_5506,0.0014704848670676325
scene_1,item_9727,0.001464741426460909
scene_1,item_3997,0.001441877459782344
scene_1,item_4252,0.0014381749138897924
scene_1,item_8680,0.0013634212928286776
scene_1,item_2221,0.0013330359228601466
scene_1,item_3172,0.0013298208950584289
scene_1,item_8857,0.0012930476419640274
scene_1,item_1804,0.0012662470053484659
scene_1,item_2365,0.0012160726172106779
scene_1,item_9271,0.0012002373295952528
scene_1,item_4672,0.0011665397269448978
scene_1,item_391,0.0011441877589741577
scene_1,item_5779,0.0011436938950214388
scene_1,item_3031,0.0011430811095130943
scene_1,item_7408,0.0011332521410715973
scene_1,item_9541,0.0011040230966631846
scene_1,item_1186,0.0010920581385701776
scene_1,item_1963,0.0010669741928985978
scene_1,item_4945,0.0010638900885157911
scene_1,item_7810,0.001062478104299913
scene_1,item_5653,0.0010571795744521036
scene_1,item_2308,0.001051074726560385
scene_1,item_9670,0.0010252777964664145
scene_1,item_8494,0.0010219744253324183
scene_1,item_1315,0.0009995409586815106
scene_1,item_2698,0.0009897686030192108
scene_1,item_6658,0.0009762541846644096
scene_1,item_6679,0.0009756262382242829
scene_1,item_2962,0.000966528653602096
scene_1,item_1906,0.0009620395056679055
scene_1,item_9046,0.0009480536146018035
scene_1,item_5695,0.000922037133556595
scene_1,item_3691,0.0009198833177165655
scene_1,item_2593,0.0009113439739997696
scene_1,item_8932,0.0009054990535310294
scene_1,item_4507,0.0008745002089487947
scene_1,item_4972,0.0008508623337426589
scene_1,item_9103,0.0008470724109456251
scene_1,item_7444,0.0008357501289097314
scene_1,item_343,0.0008336412175029913
scene_1,item_5167,0.0008154188739990242
scene_1,item_4261,0.0008117451887730533
scene_1,item_4051,0.0008086838499453496
scene_1,item_2461,0.0008038525065571628
scene_1,item_2503,0.0007912759314992061
scene_1,item_6547,0.0007825728786415347
scene_1,item_3826,0.000776404843713867
scene_1,item_4078,0.0007671772851482778
scene_1,item_8797,0.000753904260975571
scene_1,item_9796,0.0007492995458760686
scene_1,item_8380,0.0007189165860211049
scene_1,item_8518,0.0007158592343714947
scene_1,item_331,0.000713525946865879
scene_1,item_3976,0.0006923519148320421
scene_1,item_2476,0.0006803958676930871
scene_1,item_649,0.000678102668263148
scene_1,item_676,0.0006746513470451994
scene_1,item_9808,0.000672183443333828
scene_1,item_6751,0.0006688524571719227
scene_1,item_3829,0.000664751465556606
scene_1,item_8722,0.000661155517182691
scene_1,item_6274,0.0006587853230106327
scene_1,item_3184,0.0006466059870247063
scene_1,item_5920,0.0006456947643579037
scene_1,item_4372,0.0006370080873884249
scene_1,item_3334,0.0006362161240631469
scene_1,item_2890,0.0006284917841499483
scene_1,item_5164,0.0006277577082060747
scene_1,item_6481,0.0006091361571784343
scene_1,item_325,0.0006069282343219367
scene_1,item_2920,0.000602059599460936
scene_1,item_5185,0.0005986194650677781
scene_1,item_5800,0.0005925345652274889
scene_1,item_9637,0.0005909148722542837
scene_1,item_3601,0.0005694639725294299
scene_1,item_9037,0.0005553386611664264
scene_1,item_4723,0.0005376106255362454
scene_1,item_3073,0.0005336881922302542
scene_1,item_790,0.0005299632781771248
scene_1,item_6151,0.0005132474895417249
scene_1,item_7972,0.0005129652955092931
scene_1,item_8293,0.0005082685737192733
scene_1,item_4960,0.0005054411879345552
scene_1,item_6325,0.000501408741614589
scene_1,item_7804,0.00048000850631957657
scene_1,item_8818,0.00047925948697257376
scene_1,item_3400,0.0004726269291724625
scene_1,item_6061,0.0004719468915500847
scene_1,item_8554,0.0004668910142119847
scene_1,item_2740,0.0004667908624257398
scene_1,item_5656,0.00046523403582297054
scene_1,item_3637,0.00046501306070311274
scene_1,item_9049,0.00046451445819137
scene_1,item_8605,0.0004641870868583198
scene_1,item_352,0.00046372487756094106
scene_1,item_3160,0.0004608549753464573
scene_1,item_4132,0.00045411377032445995
scene_1,item_6661,0.0004509623454950727
scene_1,item_5698,0.0004437342411636052
scene_1,item_7618,0.00043810928783941344
scene_1,item_8020,0.00043688659234303393
scene_1,item_2926,0.0004314848622976073
scene_1,item_442,0.00042828148981131735
scene_1,item_4855,0.00042110764703406483
scene_1,item_238,0.00040991111521689283
scene_1,item_1942,0.00040892825090435916
scene_1,item_4567,0.0004071573192320883
scene_1,item_1324,0.0004011964377840016
scene_1,item_7573,0.0003929638270397633
scene_1,item_3892,0.000389869366990002
scene_1,item_7006,0.0003832306156385181
scene_1,item_2875,0.0003762365995540585
scene_1,item_3394,0.0003740367270716661
scene_1,item_8980,0.0003733503827671475
scene_1,item_817,0.00036700111024737855
scene_1,item_7324,0.00036687077756742683
scene_1,item_7180,0.00036122492107384344
scene_1,item_3784,0.00036082328617707685
scene_1,item_4114,0.0003593709792278023
scene_1,item_2185,0.0003577473513121449
scene_1,item_5014,0.00034555637763142343
scene_1,item_6814,0.0003439133504996256
scene_1,item_3025,0.0003430256519063894
scene_1,item_5944,0.000333860955120055
scene_1,item_565,0.0003307514136599517
scene_1,item_4576,0.00032781722425619304
scene_1,item_253,0.00031289292792880877
scene_1,item_6865,0.0003115600235852272
scene_1,item_2125,0.00030993410154403787
scene_1,item_8578,0.0003008495610696784
scene_1,item_8107,0.0002916597258070391
scene_1,item_5101,0.000288742632934096
scene_1,item_1990,0.00028614764177639965
scene_1,item_2233,0.00027983261961592897
scene_1,item_3076,0.0002786536232794444
scene_1,item_2905,0.0002755617184217028
scene_1,item_6598,0.0002669666568634818
scene_1,item_4837,0.0002628777680337221
scene_1,item_1489,0.0002617924973570253
scene_1,item_9205,0.00026029665775450963
scene_1,item_6595,0.0002590476803251095
scene_1,item_4600,0.00025611056039911143
scene_1,item_4150,0.0002554990702987186
scene_1,item_5197,0.0002477585014266031
scene_1,item_9292,0.00024749514056661523
scene_1,item_8599,0.0002442870530355461
scene_1,item_4333,0.0002432495003506795
scene_1,item_4825,0.00024135334852523835
scene_1,item_9952,0.0002402450977227366
scene_1,item_3319,0.00023583527614343073
scene_1,item_4030,0.0002356321720838226
scene_1,item_1630,0.0002350680635213016
scene_1,item_2203,0.0002329122548181898
scene_1,item_8584,0.00022662297976505443
scene_1,item_6457,0.00022455626989941174
scene_1,item_3673,0.00022451751769969844
scene_1,item_4354,0.0002211985124743871
scene_1,item_1255,0.00021996228306144132
scene_1,item_2158,0.00021906271878918321
scene_1,item_1867,0.00021829009071017057
scene_1,item_5617,0.00021532056675480424
scene_1,item_439,0.00021240350673354557
scene_1,item_8746,0.0002120099129677872
scene_1,item_8431,0.0002015663760303441
scene_1,item_4891,0.00020122074567170705
scene_1,item_2284,0.00019949803704378315
scene_1,item_9379,0.00019684143394814725
scene_1,item_5191,0.00019419152892188827
scene_1,item_256,0.00019336367785736556
scene_1,item_5515,0.00018990946538651894
scene_1,item_7792,0.00018940383211132122
scene_1,item_1828,0.00018734698377318836
scene_1,item_5428,0.0001853614999696625
scene_1,item_4519,0.00018336452979617727
scene_1,item_2581,0.0001807875767113026
scene_1,item_7525,0.00017988144294867362
scene_1,item_5206,0.0001768143348333735
scene_1,item_5860,0.00017635642506824389
scene_1,item_1729,0.000176214260383427
scene_1,item_7267,0.00017391062766407986
scene_1,item_8146,0.0001721284956322886
scene_1,item_8782,0.00017128066354272036
scene_1,item_4978,0.00017035055867415793
scene_1,item_9286,0.0001681504547088353
scene_1,item_1783,0.00016524313382318425
scene_1,item_4390,0.0001607091537943855
scene_1,item_9499,0.0001598017077105941
scene_1,item_9712,0.00015932330457927053
scene_1,item_8434,0.00015708907463608945
scene_1,item_2866,0.00015510175208854004
scene_1,item_628,0.000155057429200497
scene_1,item_760,0.00015457314028981232
scene_1,item_337,0.00015324583852549116
scene_1,item_7834,0.00015274761300353954
scene_1,item_9478,0.0001517341602182987
scene_1,item_3082,0.00014593955885893606
scene_1,item_5962,0.000142492237646233
scene_1,item_6850,0.0001409171675303892
scene_1,item_4348,0.00014052715961008084
scene_1,item_9262,0.0001402967852581277
scene_1,item_1120,0.00013819794286658562
scene_1,item_9010,0.00013726493924711794
scene_1,item_9097,0.00013446803329550898
scene_1,item_8368,0.00013170108591682912
scene_1,item_4852,0.00013133159660037549
scene_1,item_1903,0.00012799375430723806
scene_1,item_1591,0.00012690422844198937
scene_1,item_3490,0.00012672587842742155
scene_1,item_5659,0.0001264588081375863
scene_1,item_3562,0.0001248238707332752
scene_1,item_3877,0.0001244412263700204
scene_1,item_7624,0.00012218472643431326
scene_1,item_1330,0.00011588221633603441
scene_1,item_901,0.00011514710437083675
scene_1,item_877,0.00011069339116459792
scene_1,item_9907,0.00011022880741042445
scene_1,item_2110,0.00011003431609714357
scene_1,item_7915,0.00010898628742340119
scene_1,item_1006,0.00010446407313532139
scene_1,item_4654,0.0001030421831959518
scene_1,item_7939,9.912404085616292e-05
scene_1,item_2677,9.893101037233865e-05
scene_1,item_2017,9.750661825966079e-05
scene_1,item_5068,9.538871190104674e-05
scene_1,item_8545,9.402585346129298e-05
scene_1,item_958,9.394244035412597e-05
scene_1,item_3922,9.242632827477698e-05
scene_1,item_1243,9.237709611688423e-05
scene_1,item_2989,9.141252879622627e-05
scene_1,item_3973,9.06654748771258e-05
scene_1,item_367,8.831810668160917e-05
scene_1,item_1159,8.826243042791746e-05
scene_1,item_7186,8.51885363052121e-05
scene_1,item_7255,8.420939347302695e-05
scene_1,item_8686,8.399691746145215e-05
scene_1,item_9490,7.979259102358501e-05
scene_1,item_4543,7.976282489703414e-05
scene_1,item_9709,7.940389183350045e-05
scene_1,item_5587,7.927516187981332e-05
scene_1,item_9169,7.880956718738939e-05
scene_1,item_2275,7.678745972707148e-05
scene_1,item_6118,7.472444265543467e-05
scene_1,item_7531,7.230332712683411e-05
scene_1,item_2122,7.191486753868866e-05
scene_1,item_670,7.166129457422163e-05
scene_1,item_1711,7.056707790475694e-05
scene_1,item_997,7.024255008015139e-05
scene_1,item_8965,6.988188651545706e-05
scene_1,item_6655,6.979768666142978e-05
scene_1,item_8566,6.874223079473274e-05
scene_1,item_1894,6.870862293970349e-05
scene_1,item_7621,6.807308660847934e-05
scene_1,item_2020,6.783484747344677e-05
scene_1,item_4213,6.772652265659711e-05
scene_1,item_6856,6.699149925622693e-05
scene_1,item_1876,6.654920164310091e-05
scene_1,item_6733,6.505835384644871e-05
scene_1,item_6463,6.114727113977261e-05
scene_1,item_2584,6.11202634833619e-05
scene_1,item_9157,6.098340243167455e-05
scene_1,item_8332,6.0585503028717215e-05
scene_1,item_3088,6.01773085167362e-05
scene_1,item_1987,5.856714524920007e-05
scene_1,item_2881,5.845305876558433e-05
scene_1,item_1672,5.744909701626012e-05
scene_1,item_5866,5.6442384630295806e-05
scene_1,item_4180,5.566065329589903e-05
scene_1,item_4666,5.551285798482e-05
scene_1,item_3907,5.4780459286212524e-05
scene_1,item_6940,5.3889832553479674e-05
scene_1,item_7222,5.303414384721978e-05
scene_1,item_718,5.2447140347173154e-05
scene_1,item_3556,5.1377251845228475e-05
scene_1,item_9763,5.0823063786222944e-05
scene_1,item_1417,4.9910878124874506e-05
scene_1,item_3136,4.862350986634368e-05
scene_1,item_9871,4.821323057125178e-05
scene_1,item_7417,4.8053703537066456e-05
scene_1,item_8941,4.6881548881100687e-05
scene_1,item_3535,4.548695802458688e-05
scene_1,item_730,4.516048720244341e-05
scene_1,item_3622,4.509337935440358e-05
scene_1,item_7795,4.4941625320702305e-05
scene_1,item_3367,4.3989748305419455e-05
scene_1,item_7717,4.384449058225906e-05
scene_1,item_4630,4.3837964910666613e-05
scene_1,item_7879,4.354239927875732e-05
scene_1,item_7729,4.27556002163696e-05
scene_1,item_4006,4.23484421715783e-05
scene_1,item_7072,4.1668044743938326e-05
scene_1,item_6385,4.061603578454352e-05
scene_1,item_961,3.875812334033618e-05
scene_1,item_8929,3.874847110040938e-05
scene_1,item_6955,3.8700887419010826e-05
scene_1,item_6976,3.798567630685429e-05
scene_1,item_4474,3.7790508567225146e-05
scene_1,item_7654,3.750082199333577e-05
scene_1,item_4306,3.700410982045638e-05
scene_1,item_5527,3.611075845053788e-05
scene_1,item_6961,3.570016667665482e-05
scene_1,item_4561,3.5537079822655e-05
scene_1,item_1144,3.4532707580824154e-05
scene_1,item_289,3.4175942844493e-05
scene_1,item_6601,3.3260970916893084e-05
scene_1,item_7825,3.295596455497438e-05
scene_1,item_5833,3.286971012162058e-05
scene_1,item_8092,3.268366528123242e-05
scene_1,item_8221,3.265093979691902e-05
scene_1,item_5338,3.2547518162047034e-05
scene_1,item_9958,3.245362583599821e-05
scene_1,item_1429,3.240163687638131e-05
scene_1,item_3712,3.203782316585806e-05
scene_1,item_7102,3.174580151998186e-05
scene_1,item_622,3.1137688364630925e-05
scene_1,item_4270,3.1049292601800144e-05
scene_1,item_1813,3.0970980056955624e-05
scene_1,item_6772,3.092594641275363e-05
scene_1,item_8260,3.0846902982494905e-05
scene_1,item_7771,3.0815443478635985e-05
scene_1,item_7639,3.036656633264763e-05
scene_1,item_4345,2.978105464528743e-05
scene_1,item_5737,2.9443786436152917e-05
scene_1,item_646,2.842253319198221e-05
scene_1,item_4501,2.832069888065579e-05
scene_1,item_6802,2.759358231798711e-05
scene_1,item_754,2.7313326531692772e-05
scene_1,item_6994,2.6622447911820352e-05
scene_1,item_3223,2.657104024033619e-05
scene_1,item_4720,2.552843952542192e-05
scene_1,item_5317,2.5360131958785656e-05
scene_1,item_6619,2.4579678180430433e-05
scene_1,item_7777,2.3704638883927958e-05
scene_1,item_3253,2.2788076215539165e-05
scene_1,item_1579,2.2613203646951687e-05
scene_1,item_3460,2.188511496580345e-05
scene_1,item_9892,2.148049950182127e-05
scene_1,item_2059,2.1040327460014137e-05
scene_1,item_3532,2.0902160812850487e-05
scene_1,item_8569,2.0719537847958258e-05
scene_1,item_9316,2.010709649323205e-05
scene_1,item_5752,1.9826985092455998e-05
scene_1,item_6832,1.9681834625604947e-05
scene_1,item_3940,1.968016454414236e-05
scene_1,item_4069,1.9564927413537555e-05
scene_1,item_8275,1.9452324871427885e-05
scene_1,item_2950,1.938473550310892e-05
scene_1,item_1777,1.9120540920506446e-05
scene_1,item_514,1.902366192579324e-05
scene_1,item_9019,1.887169528513899e-05
scene_1,item_9787,1.882460708070474e-05
scene_1,item_706,1.870817852871456e-05
scene_1,item_6997,1.870404463695967e-05
scene_1,item_2548,1.8680847658851477e-05
scene_1,item_9229,1.833372095901718e-05
scene_1,item_184,1.7728302708044385e-05
scene_1,item_3193,1.7396249524169726e-05
scene_1,item_9187,1.7307543660865704e-05
scene_1,item_7414,1.7304594350338662e-05
scene_1,item_655,1.7238657117760453e-05
scene_1,item_6844,1.6920102269597434e-05
scene_1,item_2314,1.6764112510868905e-05
scene_1,item_4846,1.6574970532334018e-05
scene_1,item_2647,1.648835070084487e-05
scene_1,item_9232,1.5773466468731646e-05
scene_1,item_9217,1.5598887182143727e-05
scene_1,item_6247,1.557143746683987e-05
scene_1,item_6688,1.533881364848467e-05
scene_1,item_7108,1.53306805763272e-05
scene_1,item_6136,1.5226632441045104e-05
scene_1,item_766,1.5003105821481654e-05
scene_1,item_5305,1.4949258048373082e-05
scene_1,item_3862,1.457577751092716e-05
scene_1,item_1519,1.4559300992167065e-05
scene_1,item_1855,1.4463050771657556e-05
scene_1,item_421,1.4315778301364225e-05
scene_1,item_8500,1.426162926475613e-05
scene_1,item_2131,1.4156110390937483e-05
scene_1,item_1366,1.3746967320889759e-05
scene_1,item_2089,1.3678450383196922e-05
scene_1,item_6571,1.338833391497145e-05
scene_1,item_8611,1.3345149841933239e-05
scene_1,item_7903,1.3236185756941968e-05
scene_1,item_8719,1.3215496084570151e-05
scene_1,item_1447,1.3007851983009764e-05
scene_1,item_4678,1.2867858977777954e-05
scene_1,item_7510,1.2787292671743084e-05
scene_1,item_4276,1.226238355953549e-05
scene_1,item_9028,1.2115743230764361e-05
scene_1,item_9838,1.206217964768835e-05
scene_1,item_6838,1.1784556644338548e-05
scene_1,item_7288,1.1758760071601913e-05
scene_1,item_1174,1.1603121159611646e-05
scene_1,item_7876,1.1598715199794316e-05
scene_1,item_6631,1.1472833064133516e-05
scene_1,item_2452,1.129058158525974e-05
scene_1,item_3373,1.1280636541743278e-05
scene_1,item_6214,1.11498069056175e-05
scene_1,item_6223,1.1066273829805273e-05
scene_1,item_4894,1.0809936323716804e-05
scene_1,item_8095,1.0523752970739324e-05
scene_1,item_1564,1.0182233656820819e-05
scene_1,item_3859,1.015966323488355e-05
scene_1,item_9136,9.753786876543268e-06
scene_1,item_8398,9.55661196152537e-06
scene_1,item_4471,9.537538773565625e-06
scene_1,item_6502,9.090361520556043e-06
scene_1,item_5599,8.875377255141372e-06
scene_1,item_3934,8.784033569036923e-06
scene_1,item_2656,8.728508927102895e-06
scene_1,item_7387,8.39334266197544e-06
scene_1,item_8920,8.359002590643257e-06
scene_1,item_5986,8.15295201086114e-06
scene_1,item_580,8.108228409978075e-06
scene_1,item_9733,8.099029326337955e-06
scene_1,item_9646,7.986354603524395e-06
scene_1,item_1615,7.983564238052929e-06
scene_1,item_5692,7.970322881357738e-06
scene_1,item_9175,7.96057969459265e-06
scene_1,item_9112,7.952932420516361e-06
scene_1,item_4492,7.613802003995588e-06
scene_1,item_6643,7.575788190200455e-06
scene_1,item_2167,7.571546339020936e-06
scene_1,item_5104,7.567439237612774e-06
scene_1,item_235,7.361843594531105e-06
scene_1,item_316,7.178755891763372e-06
scene_1,item_3589,7.125706386486155e-06
scene_1,item_913,6.951234592291093e-06
scene_1,item_418,6.846355259064264e-06
scene_1,item_7177,6.722307928601774e-06
scene_1,item_6916,6.687552597397269e-06
scene_1,item_7630,6.627643872236628e-06
scene_1,item_2164,6.501599922634577e-06
scene_1,item_8044,6.467380667477313e-06
scene_1,item_6187,6.463854629808e-06
scene_1,item_1693,6.299991251154722e-06
scene_1,item_6769,6.1922992179890075e-06
scene_1,item_2437,6.102609945445545e-06
scene_1,item_1771,6.042451498064184e-06
scene_1,item_6445,6.0078187471552466e-06
scene_1,item_2602,5.920299350626447e-06
scene_1,item_2827,5.907257477337936e-06
scene_1,item_7462,5.884994307784611e-06
scene_1,item_487,5.397077030259522e-06
scene_1,item_2614,5.3008881024509025e-06
scene_1,item_7039,5.239479919435493e-06
scene_1,item_7774,4.955882175251962e-06
scene_1,item_8479,4.948764393003072e-06
scene_1,item_3955,4.851784753236188e-06
scene_1,item_9778,4.826178596799125e-06
scene_1,item_346,4.744237939310406e-06
scene_1,item_523,4.668787650689654e-06
scene_1,item_7291,4.647916795422923e-06
scene_1,item_4456,4.626395745187497e-06
scene_1,item_9886,4.599077824972521e-06
scene_1,item_5902,4.578834434044656e-06
scene_1,item_7375,4.533682258797351e-06
scene_1,item_8296,4.441265167279889e-06
scene_1,item_5365,4.424451357124727e-06
scene_1,item_5443,4.05082966897508e-06
scene_1,item_517,4.038260513118776e-06
scene_1,item_8824,4.0114433333487665e-06
scene_1,item_3046,4.000707604317427e-06
scene_1,item_9589,3.995136019089713e-06
scene_1,item_5806,3.969163485863331e-06
scene_1,item_3340,3.960377183371342e-06
scene_1,item_4801,3.9423676918096216e-06
scene_1,item_2818,3.93940903463709e-06
scene_1,item_5773,3.863855745537272e-06
scene_1,item_7204,3.8073804798894208e-06
scene_1,item_7210,3.7976494516245167e-06
scene_1,item_5707,3.6105312285487268e-06
scene_1,item_6937,3.593354958699604e-06
scene_1,item_8743,3.5491677620141226e-06
scene_1,item_2377,3.4743804393242375e-06
scene_1,item_6067,3.4406173483967265e-06
scene_1,item_2809,3.4405555772438543e-06
scene_1,item_5344,3.214743776586529e-06
scene_1,item_6958,3.1941578827328526e-06
scene_1,item_3187,3.1267933349641382e-06
scene_1,item_9088,3.1225165423542083e-06
scene_1,item_3598,3.1132508784317583e-06
scene_1,item_4327,3.0905648723081944e-06
scene_1,item_2686,3.0851129551364244e-06
scene_1,item_6037,3.054632673207459e-06
scene_1,item_5134,2.9967048967258365e-06
scene_1,item_9064,2.992384544406005e-06
scene_1,item_5371,2.9859691701787304e-06
scene_1,item_8227,2.9463729624789394e-06
scene_1,item_1927,2.928403784598543e-06
scene_1,item_3739,2.8845945786691364e-06
scene_1,item_8389,2.8784029800214363e-06
scene_1,item_4285,2.819991344175484e-06
scene_1,item_2182,2.693788887816571e-06
scene_1,item_1237,2.6909630172300547e-06
scene_1,item_9934,2.6708269601391466e-06
scene_1,item_9853,2.669860239784041e-06
scene_1,item_3328,2.5379018076636336e-06
scene_1,item_6058,2.5356940593462835e-06
scene_1,item_298,2.519697679867279e-06
scene_1,item_8998,2.4857414555967236e-06
scene_1,item_8137,2.3572455659384156e-06
scene_1,item_6580,2.3357068564860104e-06
scene_1,item_4045,2.2714418823696313e-06
scene_1,item_1897,2.252998611052985e-06
scene_1,item_1069,2.239139059569463e-06
scene_1,item_7966,2.1190647670755117e-06
scene_1,item_202,2.1163227277034273e-06
scene_1,item_5326,2.1034311907333106e-06
scene_1,item_4555,2.0636283644281256e-06
scene_1,item_4255,2.0511599491179204e-06
scene_1,item_6292,2.0372015217501447e-06
scene_1,item_2620,2.030256824149089e-06
scene_1,item_2554,2.02392638317459e-06
scene_1,item_6343,1.968848882347045e-06
scene_1,item_5464,1.9628473698471908e-06
scene_1,item_3496,1.9581161902059184e-06
scene_1,item_2311,1.9377416296782123e-06
scene_1,item_2152,1.933493357521462e-06
scene_1,item_6511,1.9131917953432933e-06
scene_1,item_3355,1.9073545494848827e-06
scene_1,item_394,1.9063426539065757e-06
scene_1,item_8698,1.8988221046674968e-06
scene_1,item_7483,1.8718685975055088e-06
scene_1,item_2779,1.775150616465987e-06
scene_1,item_9397,1.7587822413695743e-06
scene_1,item_382,1.7577499731145564e-06
scene_1,item_7174,1.7333097640397047e-06
scene_1,item_9820,1.7013692692967874e-06
scene_1,item_508,1.6984968342414902e-06
scene_1,item_409,1.6714110232651783e-06
scene_1,item_7141,1.6672388264347703e-06
scene_1,item_7840,1.5556851464915776e-06
scene_1,item_2380,1.5463423430352074e-06
scene_1,item_8890,1.5306940655376664e-06
scene_1,item_9595,1.504093534480376e-06
scene_1,item_5770,1.4965680310075597e-06
scene_1,item_6742,1.4767685490816177e-06
scene_1,item_154,1.4631518032440526e-06
scene_1,item_6307,1.4412500833461933e-06
scene_1,item_2161,1.423552451162124e-06
scene_1,item_9529,1.3737940050279087e-06
scene_1,item_2191,1.3447762186391668e-06
scene_1,item_2170,1.3091796691663869e-06
scene_1,item_2368,1.2967730669124253e-06
scene_1,item_1600,1.2771209391028074e-06
scene_1,item_1036,1.2664166574493095e-06
scene_1,item_9643,1.2649381390268282e-06
scene_1,item_9718,1.2507316478751886e-06
scene_1,item_2662,1.2316410153113928e-06
scene_1,item_2398,1.2202860715832813e-06
scene_1,item_1246,1.2121345987857657e-06
scene_1,item_7054,1.2110772114807267e-06
scene_1,item_1726,1.2028512340605121e-06
scene_1,item_7219,1.195256501889869e-06
scene_1,item_1852,1.1849968158924228e-06
scene_1,item_3169,1.1501397621739253e-06
scene_1,item_5665,1.1483228178892617e-06
scene_1,item_6025,1.1093141372678558e-06
scene_1,item_2578,1.0489506136908906e-06
scene_1,item_3856,1.0460974276202347e-06
scene_1,item_9544,1.0192308586663672e-06
scene_1,item_1531,1.0147111229925218e-06
scene_1,item_4429,1.0104372307409694e-06
scene_1,item_2623,9.871666153936378e-07
scene_1,item_5473,9.863919401156594e-07
scene_1,item_6586,9.72311566536999e-07
scene_1,item_2029,9.645954422540432e-07
scene_1,item_8830,9.573504835157334e-07
scene_1,item_811,9.362807141575885e-07
scene_1,item_7750,9.298509802131982e-07
scene_1,item_8278,8.776535921834964e-07
scene_1,item_5788,8.71254135949597e-07
scene_1,item_4828,8.633426064470316e-07
scene_1,item_1201,8.329337751185473e-07
scene_1,item_6613,8.221997697318608e-07
scene_1,item_5719,8.024143279318053e-07
scene_1,item_3256,7.873482786432302e-07
scene_1,item_7129,7.871111210844827e-07
scene_1,item_1945,7.639715904293564e-07
scene_1,item_8689,7.484606216514301e-07
scene_1,item_3310,7.380854843494132e-07
scene_1,item_1384,7.369305048243241e-07
scene_1,item_2329,7.334760508210981e-07
scene_1,item_4753,7.283031143176264e-07
scene_1,item_313,7.208343956497508e-07
scene_1,item_9007,7.15220763826931e-07
scene_1,item_3049,7.049855045884073e-07
scene_1,item_8650,6.906875904291148e-07
scene_1,item_9832,6.856254426987102e-07
scene_1,item_802,6.796085341088841e-07
scene_1,item_3052,6.676897232817531e-07
scene_1,item_6634,6.582257686542779e-07
scene_1,item_9358,6.443704967842374e-07
scene_1,item_6805,6.322346940997042e-07
scene_1,item_946,6.227730163729656e-07
scene_1,item_7807,6.174430854210323e-07
scene_1,item_7549,6.126339061373781e-07
scene_1,item_8701,6.093052647041452e-07
scene_1,item_685,5.916735690617505e-07
scene_1,item_6106,5.903595035012273e-07
scene_1,item_2722,5.875164597448216e-07
scene_1,item_5893,5.830993253821683e-07
scene_1,item_490,5.822020523139892e-07
scene_1,item_8359,5.814387626339985e-07
scene_1,item_9607,5.646206189198965e-07
scene_1,item_4984,5.612455718494667e-07
scene_1,item_8395,5.483154680190958e-07
scene_1,item_8806,5.383250855566504e-07
scene_1,item_1687,5.36123365575161e-07
scene_1,item_2704,5.319894408599036e-07
scene_1,item_9997,5.31796738835882e-07
scene_1,item_1873,5.304598304942131e-07
scene_1,item_3178,5.299037458080958e-07
scene_1,item_5854,5.22067965624078e-07
scene_1,item_7660,5.082238710610398e-07
scene_1,item_9559,5.080104017198694e-07
scene_1,item_6157,5.07254254839582e-07
scene_1,item_1471,4.900948624195355e-07
scene_1,item_1252,4.759599825607291e-07
scene_1,item_6922,4.6686403883624685e-07
scene_1,item_7189,4.270938426938372e-07
scene_1,item_8572,4.196285208391596e-07
scene_1,item_4594,4.038221977186099e-07
scene_1,item_6859,3.8738945207063244e-07
scene_1,item_7294,3.846303353363429e-07
scene_1,item_7501,3.8070702907051416e-07
scene_1,item_7492,3.7928600865275337e-07
scene_1,item_2494,3.724442896290491e-07
scene_1,item_3988,3.692393104261901e-07
scene_1,item_9619,3.580647128627635e-07
scene_1,item_7681,3.5140369813671684e-07
scene_1,item_451,3.4973023587964626e-07
scene_1,item_8737,3.477551159710961e-07
scene_1,item_820,3.428743738933751e-07
scene_1,item_8635,3.42629103016157e-07
scene_1,item_7951,3.419538297648731e-07
scene_1,item_4339,3.357000793457585e-07
scene_1,item_3625,3.3367895270217037e-07
scene_1,item_9667,3.295953685222842e-07
scene_1,item_9400,3.257683590217922e-07
scene_1,item_1612,3.2518826442103516e-07
scene_1,item_8983,3.217972252972971e-07
scene_1,item_2263,3.194729907738741e-07
scene_1,item_7489,3.184404185101204e-07
scene_1,item_7063,3.149159081606059e-07
scene_1,item_6946,3.104699482968886e-07
scene_1,item_589,3.0625116307687133e-07
scene_1,item_5029,3.0113312931795533e-07
scene_1,item_505,2.9095182115175483e-07
scene_1,item_5335,2.812681960491974e-07
scene_1,item_691,2.7845155006072466e-07
scene_1,item_4660,2.713569284067321e-07
scene_1,item_3628,2.6787292348195343e-07
scene_1,item_2557,2.547326161409967e-07
scene_1,item_1132,2.495613837406911e-07
scene_1,item_4081,2.4850054621514357e-07
scene_1,item_1054,2.472941942888331e-07
scene_1,item_3115,2.4704781037964025e-07
scene_1,item_7147,2.3007213190658987e-07
scene_1,item_3715,2.2992343871104365e-07
scene_1,item_5830,2.2688897248173092e-07
scene_1,item_3544,2.2563829408942435e-07
scene_1,item_6919,2.2348098021133355e-07
scene_1,item_6391,2.067109748084016e-07
scene_1,item_6778,2.0476931934768732e-07
scene_1,item_8119,2.0255823216809994e-07
scene_1,item_8632,2.022675594066554e-07
scene_1,item_199,2.0178267832784127e-07
scene_1,item_1345,2.0021654101218484e-07
scene_1,item_2953,1.9675886632006165e-07
scene_1,item_9253,1.959199150979242e-07
scene_1,item_3007,1.9580034787875894e-07
scene_1,item_9352,1.9159550041326367e-07
scene_1,item_1276,1.9157284747581474e-07
scene_1,item_7726,1.9005724436227541e-07
scene_1,item_2095,1.8872805687059757e-07
scene_1,item_6709,1.880186379636931e-07
scene_1,item_9475,1.858068433020253e-07
scene_1,item_2278,1.8407371707173037e-07
scene_1,item_4024,1.790525378508903e-07
scene_1,item_5896,1.7027503048478256e-07
scene_1,item_8908,1.6888938957222495e-07
scene_1,item_1513,1.6822563394080625e-07
scene_1,item_2674,1.6794621402833928e-07
scene_1,item_3787,1.6776350388699436e-07
scene_1,item_5446,1.676307446207453e-07
scene_1,item_2611,1.6716357857082962e-07
scene_1,item_3769,1.6619024649461168e-07
scene_1,item_1168,1.6059485611212903e-07
scene_1,item_7234,1.5621056192378212e-07
scene_1,item_6010,1.487708828621064e-07
scene_1,item_6649,1.4839595437647215e-07
scene_1,item_919,1.4454706033898982e-07
scene_1,item_6019,1.4292889586165418e-07
scene_1,item_9754,1.428038391712601e-07
scene_1,item_2863,1.417282013065087e-07
scene_1,item_4075,1.4142674177869412e-07
scene_1,item_9208,1.3606472718419344e-07
scene_1,item_6439,1.3415293097836997e-07
scene_1,item_9094,1.295071500881052e-07
scene_1,item_8989,1.280292274544909e-07
scene_1,item_3493,1.2690426351069401e-07
scene_1,item_8143,1.2509719509639245e-07
scene_1,item_4111,1.246132233523789e-07
scene_1,item_8800,1.2395753236017638e-07
scene_1,item_9085,1.2261202075523383e-07
scene_1,item_6241,1.2077714738646805e-07
scene_1,item_2782,1.2046830694774619e-07
scene_1,item_7723,1.1984332593726942e-07
scene_1,item_9919,1.1877141250922845e-07
scene_1,item_5791,1.165899610820336e-07
scene_1,item_784,1.1578717317610785e-07
scene_1,item_7372,1.1316100349331415e-07
scene_1,item_3538,1.0585950777088636e-07
scene_1,item_5683,1.0470671339181525e-07
scene_1,item_9556,1.0469198617468569e-07
scene_1,item_3682,1.0095452897675831e-07
scene_1,item_8335,1.0028240423339831e-07
scene_1,item_5887,9.990573658836918e-08
scene_1,item_1141,9.74287271103161e-08
scene_1,item_3331,9.622133877548006e-08
scene_1,item_1099,9.535653949568485e-08
scene_1,item_9016,9.467470096202669e-08
scene_1,item_9883,9.363245327469207e-08
scene_1,item_6484,9.278269726235968e-08
scene_1,item_8026,9.174765495312694e-08
scene_1,item_4537,9.071829633248375e-08
scene_1,item_1678,9.0416602997348e-08
scene_1,item_2482,8.782275704044953e-08
scene_1,item_4735,8.69941842669258e-08
scene_1,item_2416,8.463404916146237e-08
scene_1,item_4921,8.43980573977819e-08
scene_1,item_7021,8.349085717442763e-08
scene_1,item_4039,8.270019915488421e-08
scene_1,item_7057,8.163189363619599e-08
scene_1,item_6862,7.969337590619837e-08
scene_1,item_9091,7.884955824961093e-08
scene_1,item_8761,7.623954025418138e-08
scene_1,item_550,7.54434001789538e-08
scene_1,item_5110,7.328894613592868e-08
scene_1,item_2299,7.325022247708462e-08
scene_1,item_2338,7.251969856626952e-08
scene_1,item_5992,7.229883205595716e-08
scene_1,item_7666,7.169552968195412e-08
scene_1,item_196,6.992467384656686e-08
scene_1,item_4489,6.986917778513948e-08
scene_1,item_4222,6.84634614776076e-08
scene_1,item_9784,6.705778716292747e-08
scene_1,item_7627,6.638712143214901e-08
scene_1,item_1435,6.517416652086672e-08
scene_1,item_4033,6.375055954362955e-08
scene_1,item_4669,6.359843583462353e-08
scene_1,item_5623,6.303849794235105e-08
scene_1,item_7051,6.26802371314473e-08
scene_1,item_9982,6.095068205657768e-08
scene_1,item_5248,6.03367554977143e-08
scene_1,item_4072,5.968239082367764e-08
scene_1,item_3685,5.953236179188793e-08
scene_1,item_7345,5.839181094059927e-08
scene_1,item_385,5.822822643399639e-08
scene_1,item_7393,5.7143477408747244e-08
scene_1,item_898,5.668857873615746e-08
scene_1,item_7906,5.61542325115273e-08
scene_1,item_9355,5.595654623146e-08
scene_1,item_6703,5.508656135432362e-08
scene_1,item_4441,5.3275072128308394e-08
scene_1,item_9697,5.24972254808146e-08
scene_1,item_2896,5.0395726802502224e-08
scene_1,item_9970,4.991478951535542e-08
scene_1,item_7000,4.774787402067242e-08
scene_1,item_4657,4.683241980070436e-08
scene_1,item_8149,4.666273370015103e-08
scene_1,item_4210,4.561936380077523e-08
scene_1,item_9973,4.535738811713733e-08
scene_1,item_6790,4.358911716924371e-08
scene_1,item_4975,4.1836522914941815e-08
scene_1,item_4096,4.026387276082069e-08
scene_1,item_7105,3.960741630034314e-08
scene_1,item_1342,3.926475667509972e-08
scene_1,item_1333,3.725122472876191e-08
scene_1,item_5188,3.719322437918778e-08
scene_1,item_6133,3.5810007580381595e-08
scene_1,item_4993,3.566354769492835e-08
scene_1,item_9928,3.5608682217900367e-08
scene_1,item_2425,3.548590258349889e-08
scene_1,item_2332,3.433688482784002e-08
scene_1,item_2785,3.3640013931338914e-08
scene_1,item_8032,3.265776053948115e-08
scene_1,item_8539,3.2565220640317096e-08
scene_1,item_3757,3.225476821986157e-08
scene_1,item_5626,3.218348147973195e-08
scene_1,item_9817,3.186457354800325e-08
scene_1,item_7507,3.186124694852694e-08
scene_1,item_7516,3.113945945687409e-08
scene_1,item_2254,3.097395917339808e-08
scene_1,item_6952,3.081639525230041e-08
scene_1,item_949,3.068333262138368e-08
scene_1,item_703,2.8866949173638667e-08
scene_1,item_5005,2.7300535690057835e-08
scene_1,item_9613,2.7090493235142627e-08
scene_1,item_976,2.6217332005832714e-08
scene_1,item_1300,2.6155152783525104e-08
scene_1,item_7924,2.5704413186046723e-08
scene_1,item_3796,2.5303212218681444e-08
scene_1,item_5377,2.5014190173028528e-08
scene_1,item_319,2.484314988222551e-08
scene_1,item_9673,2.469714809805155e-08
scene_1,item_8647,2.4694548484760842e-08
scene_1,item_9598,2.4330641865658824e-08
scene_1,item_874,2.4065559686034493e-08
scene_1,item_8881,2.383791690994829e-08
scene_1,item_8233,2.358847441149977e-08
scene_1,item_2119,2.3554678433512552e-08
scene_1,item_7111,2.323790565000328e-08
scene_1,item_8860,2.2514243624094488e-08
scene_1,item_9235,2.243735462839269e-08
scene_1,item_931,2.2378673080153315e-08
scene_1,item_7765,2.2201173017642568e-08
scene_1,item_5542,2.2170239197537728e-08
scene_1,item_3322,2.2068826289088882e-08
scene_1,item_307,2.198458116419602e-08
scene_1,item_8608,2.1928899698493294e-08
scene_1,item_4363,2.1928899698493294e-08
scene_1,item_7732,2.1263178019364722e-08
scene_1,item_7477,2.087839243306489e-08
scene_1,item_4309,2.086425495394189e-08
scene_1,item_3061,2.0858955788056777e-08
scene_1,item_4009,2.0775665531733988e-08
scene_1,item_5380,2.0398558977537518e-08
scene_1,item_3676,1.9573820259385943e-08
scene_1,item_3670,1.9496742180709615e-08
scene_1,item_6436,1.936605431702358e-08
scene_1,item_8986,1.8927945977383342e-08
scene_1,item_9862,1.8735174614820543e-08
scene_1,item_5539,1.8311668789682628e-08
scene_1,item_1030,1.8242120483047773e-08
scene_1,item_970,1.791457496594331e-08
scene_1,item_6334,1.7826753969126866e-08
scene_1,item_5329,1.7750677398831208e-08
scene_1,item_9685,1.756466184769648e-08
scene_1,item_6163,1.747143297398999e-08
scene_1,item_6310,1.657746681032296e-08
scene_1,item_1402,1.6211645934520217e-08
scene_1,item_2470,1.598485505667454e-08
scene_1,item_2731,1.580496077332328e-08
scene_1,item_4936,1.5595004863226033e-08
scene_1,item_6541,1.5544101691607982e-08
scene_1,item_9850,1.533028873220181e-08
scene_1,item_7594,1.522673144328698e-08
scene_1,item_1597,1.518608293235104e-08
scene_1,item_3301,1.5119970000426143e-08
scene_1,item_2716,1.498376929557218e-08
scene_1,item_9427,1.4547631871498639e-08
scene_1,item_2680,1.3748735992561077e-08
scene_1,item_3103,1.3586257122887139e-08
scene_1,item_3190,1.2641003567612468e-08
scene_1,item_6184,1.1936281884301648e-08
scene_1,item_4903,1.1598081213620047e-08
scene_1,item_6787,1.118648146483881e-08
scene_1,item_3289,1.0999796702347746e-08
scene_1,item_7897,1.0749677263285666e-08
scene_1,item_5362,1.0561594403402813e-08
scene_1,item_2005,1.0497338727888717e-08
scene_1,item_2956,1.0272294531760373e-08
scene_1,item_3517,1.0232990317965754e-08
scene_1,item_6763,9.918160344717084e-09
scene_1,item_2902,9.76216315562666e-09
scene_1,item_397,9.61041868814635e-09
scene_1,item_1351,9.607916006496268e-09
scene_1,item_3214,9.50791142323536e-09
scene_1,item_3745,9.505021832703247e-09
scene_1,item_8671,9.456028626443295e-09
scene_1,item_6388,9.439820266003222e-09
scene_1,item_3574,9.197898017303644e-09
scene_1,item_5455,9.015943022667693e-09
scene_1,item_9700,8.68925206456258e-09
scene_1,item_3139,8.567294495230637e-09
scene_1,item_9898,8.374943118136652e-09
scene_1,item_952,8.342323443249878e-09
scene_1,item_7495,7.915627398732782e-09
scene_1,item_4426,7.822633068148294e-09
scene_1,item_3541,7.781718025442525e-09
scene_1,item_9517,7.565654129327775e-09
scene_1,item_6715,7.5601953314025e-09
scene_1,item_1321,7.479096607130728e-09
scene_1,item_6592,7.367810002147301e-09
scene_1,item_4357,7.286954095620588e-09
scene_1,item_6145,7.066369419797585e-09
scene_1,item_1495,7.032988356820673e-09
scene_1,item_334,6.851350981281041e-09
scene_1,item_7138,6.6930437319108105e-09
scene_1,item_3763,6.687314275163046e-09
scene_1,item_349,6.652890960288641e-09
scene_1,item_2038,6.577762214111872e-09
scene_1,item_3553,6.43066695769835e-09
scene_1,item_2533,6.334934774958094e-09
scene_1,item_5140,6.18982847342855e-09
scene_1,item_4900,6.107111226366071e-09
scene_1,item_1846,6.089516214125798e-09
scene_1,item_457,6.025596930043613e-09
scene_1,item_6112,5.979961779062206e-09
scene_1,item_4480,5.812783914347322e-09
scene_1,item_8449,5.6677491824281974e-09
scene_1,item_1654,5.312731255639088e-09
scene_1,item_5689,5.280972125337454e-09
scene_1,item_4702,5.196333036457647e-09
scene_1,item_9193,5.153936586078402e-09
scene_1,item_6730,5.1392339732633346e-09
scene_1,item_1807,5.103389558522196e-09
scene_1,item_7003,4.9979666415471774e-09
scene_1,item_4624,4.989221860771453e-09
scene_1,item_6262,4.971776698179405e-09
scene_1,item_1801,4.942978666774637e-09
scene_1,item_2218,4.880125136112641e-09
scene_1,item_7822,4.8177246036016705e-09
scene_1,item_8422,4.744494847817114e-09
scene_1,item_5608,4.6608353423646225e-09
scene_1,item_2959,4.545944713400132e-09
scene_1,item_1375,4.541903407504926e-09
scene_1,item_3607,4.515217437840233e-09
scene_1,item_7447,4.434389002975439e-09
scene_1,item_1294,4.427092881470238e-09
scene_1,item_7087,4.3901998109259135e-09
scene_1,item_2479,4.1008166295661e-09
scene_1,item_6403,3.980253309407109e-09
scene_1,item_7927,3.8352450968673236e-09
scene_1,item_3112,3.6828859073656792e-09
scene_1,item_7864,3.6040721564057535e-09
scene_1,item_484,3.479215235517282e-09
scene_1,item_1795,3.452783255049157e-09
scene_1,item_1633,3.4157981058256113e-09
scene_1,item_3853,3.372300355586302e-09
scene_1,item_5044,3.350339193881664e-09
scene_1,item_3520,3.2430304104651345e-09
scene_1,item_3700,3.2209429804818152e-09
scene_1,item_1618,3.1843582242015554e-09
scene_1,item_7711,3.10637238586773e-09
scene_1,item_9013,3.098899467129157e-09
scene_1,item_7276,3.0550451327245176e-09
scene_1,item_7696,2.9998711011058808e-09
scene_1,item_4756,2.990151888580518e-09
scene_1,item_4411,2.9343917791669e-09
scene_1,item_1372,2.846812720706441e-09
scene_1,item_7429,2.785073563121741e-09
scene_1,item_2566,2.7777851545625156e-09
scene_1,item_6238,2.595869430077072e-09
scene_1,item_5293,2.534520735829808e-09
scene_1,item_1924,2.5339465433665997e-09
scene_1,item_7642,2.504204623236286e-09
scene_1,item_2527,2.501594948448717e-09
scene_1,item_9487,2.48475243482076e-09
scene_1,item_4282,2.4735103297691083e-09
scene_1,item_700,2.4637697523613558e-09
scene_1,item_7243,2.3733361133489563e-09
scene_1,item_1912,2.2700111055076717e-09
scene_1,item_8464,2.24250765406788e-09
scene_1,item_9844,2.2313125145660213e-09
scene_1,item_7216,2.2007038653769915e-09
scene_1,item_3037,2.1817988549115103e-09
scene_1,item_8767,2.1658606482379047e-09
scene_1,item_226,2.16364225234764e-09
scene_1,item_547,2.12161804415193e-09
scene_1,item_7657,2.0554827605759426e-09
scene_1,item_8827,1.977793549089431e-09
scene_1,item_5563,1.962761812282848e-09
scene_1,item_2176,1.915653538013319e-09
scene_1,item_4048,1.9057800378263056e-09
scene_1,item_4882,1.8784298989046264e-09
scene_1,item_5926,1.8457897765993333e-09
scene_1,item_6421,1.815943313185538e-09
scene_1,item_5146,1.7985980405981251e-09
scene_1,item_5650,1.747518786625112e-09
scene_1,item_5716,1.7320376384694665e-09
scene_1,item_6430,1.6094685617083735e-09
scene_1,item_7984,1.5572421499814144e-09
scene_1,item_7480,1.5087070132528e-09
scene_1,item_9742,1.5078382517200132e-09
scene_1,item_1825,1.4946925310397212e-09
scene_1,item_4015,1.485899067696881e-09
scene_1,item_4216,1.4250406381522543e-09
scene_1,item_8563,1.4198527079228565e-09
scene_1,item_1279,1.3865419263106956e-09
scene_1,item_4237,1.3549901083668847e-09
scene_1,item_7735,1.323429172581648e-09
scene_1,item_1516,1.3077804429108503e-09
scene_1,item_6082,1.2967468814586952e-09
scene_1,item_6268,1.2920116475865937e-09
scene_1,item_6373,1.2726182255027746e-09
scene_1,item_5518,1.2711743941033167e-09
scene_1,item_5038,1.252983791319559e-09
scene_1,item_5983,1.18708270866272e-09
scene_1,item_1702,1.1815551651189788e-09
scene_1,item_5521,1.1430488663039062e-09
scene_1,item_5602,1.138540195136993e-09
scene_1,item_1759,1.0540580847547408e-09
scene_1,item_8362,1.0539598182459453e-09
scene_1,item_1084,1.0292131126354136e-09
scene_1,item_2701,1.023371478612436e-09
scene_1,item_8179,1.013178447671942e-09
scene_1,item_1774,1.000113995528369e-09
scene_1,item_8839,9.436450608577936e-10
scene_1,item_9724,9.43358155342755e-10
scene_1,item_5662,8.828698134117248e-10
scene_1,item_6469,8.721099274558922e-10
scene_1,item_4642,8.481182645495014e-10
scene_1,item_1234,8.458518200752916e-10
scene_1,item_6244,7.980290323178051e-10
scene_1,item_4582,7.604926028299509e-10
scene_1,item_1507,7.602776759973951e-10
scene_1,item_2872,7.561161458746713e-10
scene_1,item_8386,7.443070627213974e-10
scene_1,item_538,7.141427058803409e-10
scene_1,item_7207,7.139741708556042e-10
scene_1,item_8713,7.135530016729089e-10
scene_1,item_2407,7.074145420922138e-10
scene_1,item_7045,6.403188611571914e-10
scene_1,item_1270,6.385165303784002e-10
scene_1,item_7543,6.369454051516462e-10
scene_1,item_8239,6.294290833562629e-10
scene_1,item_2758,6.182786540378608e-10
scene_1,item_3928,6.121506887651384e-10
scene_1,item_925,5.94667772919121e-10
scene_1,item_5857,5.894100122646644e-10
scene_1,item_7558,5.73005595839191e-10
scene_1,item_4273,5.70423316912567e-10
scene_1,item_4084,5.038446331933317e-10
scene_1,item_7633,4.958607844890958e-10
scene_1,item_1621,4.937926200132496e-10
scene_1,item_4546,4.908643003806337e-10
scene_1,item_7564,4.886178013160893e-10
scene_1,item_4963,4.855915209998392e-10
scene_1,item_9988,4.711244461647617e-10
scene_1,item_6172,4.687523080877539e-10
scene_1,item_5686,4.592688512196751e-10
scene_1,item_3790,4.5116928711462253e-10
scene_1,item_2512,4.5083437283346165e-10
scene_1,item_1003,4.4502816933877005e-10
scene_1,item_2035,4.4363315169317096e-10
scene_1,item_1798,4.41151812031584e-10
scene_1,item_6490,4.344128107720922e-10
scene_1,item_4408,4.326866032259021e-10
scene_1,item_9079,4.268301335256773e-10
scene_1,item_5536,4.2536783664049594e-10
scene_1,item_829,4.17948077477336e-10
scene_1,item_6499,4.0487190142935166e-10
scene_1,item_1453,3.9408390957971056e-10
scene_1,item_5917,3.763351284382741e-10
scene_1,item_1720,3.727518073785431e-10
scene_1,item_9445,3.707982066379652e-10
scene_1,item_4207,3.6482944565955104e-10
scene_1,item_1228,3.5900569029852707e-10
scene_1,item_9859,3.582181531604741e-10
scene_1,item_376,3.499859046752314e-10
scene_1,item_7384,3.413588320081576e-10
scene_1,item_2443,3.296354451488738e-10
scene_1,item_1537,3.295158167385309e-10
scene_1,item_994,3.1787058664527354e-10
scene_1,item_4225,3.1533143446783725e-10
scene_1,item_436,3.0283171691542937e-10
scene_1,item_4291,2.993099041414531e-10
scene_1,item_8506,2.9455889130662234e-10
scene_1,item_8314,2.8802010078673343e-10
scene_1,item_6286,2.6441844024609237e-10
scene_1,item_8371,2.6196144565315227e-10
scene_1,item_5263,2.590775874302192e-10
scene_1,item_1684,2.57816936048109e-10
scene_1,item_445,2.5379164853392376e-10
scene_1,item_9430,2.5067646392843686e-10
scene_1,item_1819,2.4485565884446784e-10
scene_1,item_6559,2.4194721119906096e-10
scene_1,item_8299,2.3843005052706727e-10
scene_1,item_3442,2.3120943316260548e-10
scene_1,item_5131,2.298832019386486e-10
scene_1,item_9277,2.2798300492782166e-10
scene_1,item_2908,2.214919924928671e-10
scene_1,item_2272,2.2109602405940012e-10
scene_1,item_3529,2.114113260298575e-10
scene_1,item_4102,2.0807420096739918e-10
scene_1,item_8707,2.0114627297529293e-10
scene_1,item_5998,2.0060790289067e-10
scene_1,item_6250,1.9327266546865947e-10
scene_1,item_6682,1.9040527363076427e-10
scene_1,item_6589,1.8988539514546293e-10
scene_1,item_5848,1.7784760466342938e-10
scene_1,item_6301,1.7722963657948082e-10
scene_1,item_3724,1.7586959528268896e-10
scene_1,item_9766,1.697768245283486e-10
scene_1,item_4990,1.6355221642047377e-10
scene_1,item_9109,1.5600994205069096e-10
scene_1,item_5212,1.5417953726532763e-10
scene_1,item_1657,1.5356895528710647e-10
scene_1,item_7705,1.4297394500553862e-10
scene_1,item_9571,1.4221883168041078e-10
scene_1,item_7339,1.367435810445611e-10
scene_1,item_2725,1.2996369223414828e-10
scene_1,item_3391,1.280332488714965e-10
scene_1,item_4999,1.2756772218323754e-10
scene_1,item_7396,1.2571252747313598e-10
scene_1,item_7615,1.2216558555591653e-10
scene_1,item_4498,1.2175114209230068e-10
scene_1,item_4099,1.1633416726838588e-10
scene_1,item_4564,1.1373097728015979e-10
scene_1,item_3151,1.1129292381949818e-10
scene_1,item_4591,1.1002809978174675e-10
scene_1,item_5470,1.0589042874678239e-10
scene_1,item_2599,1.036048613289984e-10
scene_1,item_175,1.0335531867326443e-10
scene_1,item_9457,1.0223955642082733e-10
scene_1,item_4861,1.0022167226537787e-10
scene_1,item_4123,9.792643489754182e-11
scene_1,item_1354,9.765326941736234e-11
scene_1,item_4780,9.742251687687125e-11
scene_1,item_7438,9.52301352968454e-11
scene_1,item_2878,9.434664876366416e-11
scene_1,item_9070,9.384637964258267e-11
scene_1,item_2689,9.010368360538537e-11
scene_1,item_4483,8.955963476431143e-11
scene_1,item_6283,8.896709855925912e-11
scene_1,item_5176,8.258790242873023e-11
scene_1,item_9244,8.046850559797607e-11
scene_1,item_8281,7.833623715783524e-11
scene_1,item_6235,7.820133271828857e-11
scene_1,item_2743,7.738680320459644e-11
scene_1,item_7753,7.452533412971215e-11
scene_1,item_8326,7.40500250489649e-11
scene_1,item_6040,7.390913140498534e-11
scene_1,item_7435,7.313977052670742e-11
scene_1,item_5155,7.249043892906073e-11
scene_1,item_544,7.164790462590587e-11
scene_1,item_6775,6.966785023493762e-11
scene_1,item_3640,6.88641004160735e-11
scene_1,item_5341,6.869253998148616e-11
scene_1,item_6964,6.796714598720231e-11
scene_1,item_4897,6.746533326780094e-11
scene_1,item_7231,6.740178640422623e-11
scene_1,item_8002,6.698587523055313e-11
scene_1,item_4243,6.654361791832436e-11
scene_1,item_1093,6.521544097208009e-11
scene_1,item_529,6.233091473734234e-11
scene_1,item_5878,6.182520402048424e-11
scene_1,item_2317,6.04305561287934e-11
scene_1,item_2023,5.902710727753703e-11
scene_1,item_751,5.7647845703382344e-11
scene_1,item_2767,5.5547503950628134e-11
scene_1,item_850,5.355152683204918e-11
scene_1,item_7762,5.12339145890088e-11
scene_1,item_778,5.114052512650796e-11
scene_1,item_1573,5.113789682451745e-11
scene_1,item_2077,4.8538988954867364e-11
scene_1,item_9628,4.8512757719132314e-11
scene_1,item_4201,4.835192369675005e-11
scene_1,item_9580,4.810111122002576e-11
scene_1,item_8575,4.721489427770968e-11
scene_1,item_7126,4.545443018034508e-11
scene_1,item_8833,4.521234565015909e-11
scene_1,item_4312,4.433876577775762e-11
scene_1,item_2983,4.4171950855464796e-11
scene_1,item_9052,4.357598111862368e-11
scene_1,item_853,4.3242918612014813e-11
scene_1,item_8419,3.82909408114472e-11
scene_1,item_7528,3.774255276395681e-11
scene_1,item_3454,3.7702416367652535e-11
scene_1,item_2197,3.6724723119999476e-11
scene_1,item_4087,3.6375318285457916e-11
scene_1,item_1741,3.636208943403729e-11
scene_1,item_1486,3.566294762460101e-11
scene_1,item_244,3.495953887041725e-11
scene_1,item_478,3.406320424589587e-11
scene_1,item_5296,3.400826005547613e-11
scene_1,item_9463,3.365145464120374e-11
scene_1,item_4378,3.280812922376166e-11
scene_1,item_7744,3.2363773685256006e-11
scene_1,item_3820,3.2073009454739534e-11
scene_1,item_5884,3.203287244384677e-11
scene_1,item_2992,3.149575738624053e-11
scene_1,item_5575,3.0977878358379266e-11
scene_1,item_5722,2.984318863138438e-11
scene_1,item_1939,2.953185610608219e-11
scene_1,item_2257,2.927800708360114e-11
scene_1,item_5947,2.8824881080316934e-11
scene_1,item_8695,2.8772109072798544e-11
scene_1,item_3067,2.8176339750728276e-11
scene_1,item_7969,2.766203947572066e-11
scene_1,item_5257,2.7238858524204165e-11
scene_1,item_6208,2.632330108959212e-11
scene_1,item_868,2.590634703027849e-11
scene_1,item_6451,2.5651700030516886e-11
scene_1,item_9841,2.5637549377569268e-11
scene_1,item_5746,2.558640060463297e-11
scene_1,item_745,2.5466990996965583e-11
scene_1,item_6532,2.5055924875816882e-11
scene_1,item_2431,2.470582094102622e-11
scene_1,item_3004,2.4652580307173462e-11
scene_1,item_733,2.3832622658597166e-11
scene_1,item_7183,2.355797327857378e-11
scene_1,item_1009,2.3378015601001738e-11
scene_1,item_8926,2.2844883517942604e-11
scene_1,item_4192,2.2767286629667317e-11
scene_1,item_8851,2.2487907880361613e-11
scene_1,item_571,2.1840211010529978e-11
scene_1,item_2833,2.1425842547467263e-11
scene_1,item_217,2.102853843411448e-11
scene_1,item_4165,2.082540653385353e-11
scene_1,item_2356,2.0772035800276106e-11
scene_1,item_1858,2.0430771964167515e-11
scene_1,item_8329,2.0298692957854655e-11
scene_1,item_9994,1.9812685285615322e-11
scene_1,item_5497,1.964955401326298e-11
scene_1,item_8206,1.908876796681377e-11
scene_1,item_1933,1.900035058664473e-11
scene_1,item_5863,1.896006333845643e-11
scene_1,item_2626,1.7667537385776806e-11
scene_1,item_697,1.5837733061231273e-11
scene_1,item_2911,1.5641947645659595e-11
scene_1,item_8587,1.5400713439950728e-11
scene_1,item_5269,1.4548949051585193e-11
scene_1,item_5557,1.3874630632443627e-11
scene_1,item_2062,1.3764610407513265e-11
scene_1,item_2008,1.3663126556722527e-11
scene_1,item_1291,1.3137869605375006e-11
scene_1,item_9283,1.2512514210537762e-11
scene_1,item_3043,1.2194152896909621e-11
scene_1,item_6628,1.2036953716986254e-11
scene_1,item_5503,1.1860930849660833e-11
scene_1,item_4612,1.1332689277130326e-11
scene_1,item_8446,1.0972394362772633e-11
scene_1,item_2560,1.0359617584241189e-11
scene_1,item_4171,1.0358496494720885e-11
scene_1,item_541,1.0323242211275595e-11
scene_1,item_3403,1.015282757810585e-11
scene_1,item_2344,1.014101478378529e-11
scene_1,item_6400,1.0120442896646981e-11
scene_1,item_2734,9.91612674341955e-12
scene_1,item_4924,9.122183424957256e-12
scene_1,item_6316,9.115742249383381e-12
scene_1,item_5143,8.852521365900811e-12
scene_1,item_1861,8.84265679132323e-12
scene_1,item_8161,8.647584621582618e-12
scene_1,item_5401,8.49661362134e-12
scene_1,item_6667,8.481126381847305e-12
scene_1,item_6907,8.427480181962945e-12
scene_1,item_7675,8.295362522650523e-12
scene_1,item_3163,8.099832424339759e-12
scene_1,item_3436,8.011502734052003e-12
scene_1,item_430,8.004511709926288e-12
scene_1,item_574,7.946410032928118e-12
scene_1,item_7333,7.863133814725613e-12
scene_1,item_1696,7.739166851757614e-12
scene_1,item_3247,7.530774453596257e-12
scene_1,item_3292,7.025280993505092e-12
scene_1,item_9781,6.962233580773495e-12
scene_1,item_8101,6.948318747336153e-12
scene_1,item_7891,6.273263511058371e-12
scene_1,item_1558,6.107411131758146e-12
scene_1,item_9151,6.09230193521655e-12
scene_1,item_3580,6.084593432423308e-12
scene_1,item_727,5.981612693714082e-12
scene_1,item_2404,5.9004444870473654e-12
scene_1,item_2200,5.670944693077635e-12
scene_1,item_4159,5.591236556103986e-12
scene_1,item_5605,5.483614273018126e-12
scene_1,item_1543,5.4142291607292094e-12
scene_1,item_9721,5.156919180293006e-12
scene_1,item_637,5.132147234402084e-12
scene_1,item_6379,5.1293072741693484e-12
scene_1,item_4522,5.122922923135302e-12
scene_1,item_2563,5.104805009934871e-12
scene_1,item_241,5.048725110460145e-12
scene_1,item_5080,4.997946449604016e-12
scene_1,item_6988,4.9165005572441774e-12
scene_1,item_1822,4.8161307377013704e-12
scene_1,item_1261,4.695148156111641e-12
scene_1,item_6967,4.676678624376338e-12
scene_1,item_5359,4.490188806231658e-12
scene_1,item_6001,4.429804615477354e-12
scene_1,item_481,4.30550911680989e-12
scene_1,item_3382,4.2509617834414154e-12
scene_1,item_5836,4.211487735667129e-12
scene_1,item_9409,4.081049422103899e-12
scene_1,item_988,4.060278242867242e-12
scene_1,item_7930,4.049422836445993e-12
scene_1,item_8593,3.990218308698587e-12
scene_1,item_6685,3.877451067163046e-12
scene_1,item_1750,3.69742799010653e-12
scene_1,item_262,3.631201300338984e-12
scene_1,item_9640,3.609314589784036e-12
scene_1,item_1534,3.5063964640977176e-12
scene_1,item_6424,3.467117661643716e-12
scene_1,item_5494,3.448701567833879e-12
scene_1,item_8815,3.4388541209547758e-12
scene_1,item_1978,3.39544768084928e-12
scene_1,item_6901,3.3534183916279054e-12
scene_1,item_7249,3.318685826024251e-12
scene_1,item_8728,3.2989952200023884e-12
scene_1,item_6622,3.2700384289212073e-12
scene_1,item_3808,3.161091685891826e-12
scene_1,item_1111,3.0041458556077642e-12
scene_1,item_3511,2.961136155583014e-12
scene_1,item_3883,2.9014970034284694e-12
scene_1,item_5905,2.7943486736208328e-12
scene_1,item_9025,2.7505191135171742e-12
scene_1,item_4330,2.68791808294346e-12
scene_1,item_3832,2.6812417740792775e-12
scene_1,item_3760,2.498562656160468e-12
scene_1,item_4267,2.485995566738081e-12
scene_1,item_6295,2.4486602277353057e-12
scene_1,item_688,2.4417983903724507e-12
scene_1,item_4795,2.3458662679828716e-12
scene_1,item_2305,2.3206959276961686e-12
scene_1,item_5935,2.305850352719788e-12
scene_1,item_7945,2.2507057799319002e-12
scene_1,item_2659,2.1162594451679984e-12
scene_1,item_5368,2.0990310679797492e-12
scene_1,item_4804,2.0764286900236044e-12
scene_1,item_7579,1.959785801296966e-12
scene_1,item_5311,1.851877456516541e-12
scene_1,item_4513,1.753443137579432e-12
scene_1,item_8212,1.6869721299401587e-12
scene_1,item_4618,1.64164581931247e-12
scene_2,item_128,1.0
scene_2,item_62,1.0
scene_2,item_65,1.0
scene_2,item_68,1.0
scene_2,item_71,1.0
scene_2,item_74,1.0
scene_2,item_77,1.0
scene_2,item_38,1.0
scene_2,item_41,1.0
scene_2,item_44,1.0
scene_2,item_47,1.0
scene_2,item_50,1.0
scene_2,item_53,1.0
scene_2,item_104,1.0
scene_2,item_107,1.0
scene_2,item_14,1.0
scene_2,item_17,1.0
scene_2,item_20,1.0
scene_2,item_23,1.0
scene_2,item_26,1.0
scene_2,item_149,1.0
scene_2,item_80,1.0
scene_2,item_83,1.0
scene_2,item_59,1.0
scene_2,item_56,1.0
scene_2,item_32,1.0
scene_2,item_35,1.0
scene_2,item_131,1.0
scene_2,item_122,1.0
scene_2,item_113,1.0
scene_2,item_116,1.0
scene_2,item_119,1.0
scene_2,item_110,1.0
scene_2,item_143,1.0
scene_2,item_140,1.0
scene_2,item_137,1.0
scene_2,item_134,1.0
scene_2,item_5,1.0
scene_2,item_2,1.0
scene_2,item_11,1.0
scene_2,item_146,1.0
scene_2,item_86,1.0
scene_2,item_8,1.0
scene_2,item_101,1.0
scene_2,item_98,1.0
scene_2,item_89,1.0
scene_2,item_92,1.0
scene_2,item_95,1.0
scene_2,item_29,1.0
scene_2,item_125,1.0
scene_2,item_3968,0.9988043432311151
scene_2,item_4901,0.9884721701230244
scene_2,item_8348,0.9857312939436409
scene_2,item_833,0.9673523041766326
scene_2,item_7511,0.9382984363784459
scene_2,item_5324,0.9349746175878444
scene_2,item_8261,0.9051230481369158
scene_2,item_659,0.899048546249077
scene_2,item_4856,0.8990161685780788
scene_2,item_7034,0.8934532377038326
scene_2,item_6746,0.8924453810738411
scene_2,item_9773,0.8817913850125967
scene_2,item_2585,0.8790838128115701
scene_2,item_383,0.8611101670565929
scene_2,item_1940,0.8437359431946647
scene_2,item_8606,0.8424783124155992
scene_2,item_8849,0.8276371033250259
scene_2,item_4637,0.820603107157679
scene_2,item_1832,0.819013903535762
scene_2,item_9602,0.8100677729549184
scene_2,item_1550,0.8028300506426088
scene_2,item_7664,0.7916372870398973
scene_2,item_9746,0.7860360808178386
scene_2,item_4817,0.7833584986857253
scene_2,item_6203,0.7831318310445781
scene_2,item_8660,0.7816600377392939
scene_2,item_1283,0.776173978175929
scene_2,item_8510,0.7503481469461457
scene_2,item_3497,0.7439688764238581
scene_2,item_9632,0.738471356219216
scene_2,item_4133,0.7289671777941628
scene_2,item_6464,0.7282450729445742
scene_2,item_2477,0.7275588351571279
scene_2,item_8258,0.727435730531352
scene_2,item_9425,0.7236032262143226
scene_2,item_5138,0.7194074310173831
scene_2,item_2270,0.7005827428086933
scene_2,item_845,0.6926737375598738
scene_2,item_9032,0.6907476603276124
scene_2,item_9995,0.6805762019677667
scene_2,item_6845,0.6674848510634693
scene_2,item_290,0.660466103630202
scene_2,item_8930,0.6452315190622326
scene_2,item_1115,0.6390596206388954
scene_2,item_9347,0.636304031911341
scene_2,item_2432,0.6338446094982757
scene_2,item_2756,0.6249482038237087
scene_2,item_9500,0.6249406130672474
scene_2,item_9383,0.6122091510168283
scene_2,item_4571,0.6114580551831015
scene_2,item_1559,0.6107449689974426
scene_2,item_9515,0.6023896280355104
scene_2,item_4373,0.5978861776626477
scene_2,item_5717,0.5978352724302283
scene_2,item_3023,0.5975953471103308
scene_2,item_4247,0.5972901223762062
scene_2,item_9794,0.596411627618011
scene_2,item_4895,0.5950346957808835
scene_2,item_7397,0.5897155256300712
scene_2,item_2843,0.5867517786968591
scene_2,item_9554,0.5817662902743387
scene_2,item_5972,0.5766813361072046
scene_2,item_9665,0.5624024749126996
scene_2,item_5561,0.5598582317264216
scene_2,item_5666,0.5569922951639911
scene_2,item_911,0.5511012868192817
scene_2,item_8534,0.549416801238347
scene_2,item_5480,0.5460627653301555
scene_2,item_4838,0.5450311663244194
scene_2,item_9641,0.5445061094444933
scene_2,item_2390,0.5328892211256485
scene_2,item_932,0.5316869285232572
scene_2,item_2609,0.5204239173569181
scene_2,item_9587,0.5128662314185805
scene_2,item_6566,0.5125591263842092
scene_2,item_512,0.5074337389105198
scene_2,item_9548,0.4874237114921053
scene_2,item_7301,0.4826895711208105
scene_2,item_7376,0.47897892095643624
scene_2,item_1127,0.47179636827628696
scene_2,item_2987,0.471669163750028
scene_2,item_5987,0.4684653549686404
scene_2,item_6662,0.4634830497095756
scene_2,item_7373,0.46142980464507244
scene_2,item_2720,0.4544129031171599
scene_2,item_2702,0.45094051981173056
scene_2,item_7277,0.4393092488977126
scene_2,item_6701,0.4359593450603047
scene_2,item_7811,0.4323789950257785
scene_2,item_6296,0.42428993934269926
scene_2,item_5228,0.4235704009266415
scene_2,item_9308,0.4205436226076485
scene_2,item_8765,0.39789446729035033
scene_2,item_9791,0.39674367781199166
scene_2,item_2273,0.3927242768720517
scene_2,item_9176,0.39208077964369265
scene_2,item_5174,0.37984010242602445
scene_2,item_3200,0.37860432768786917
scene_2,item_6500,0.37056539346079254
scene_2,item_3668,0.36511158589406884
scene_2,item_5528,0.36476429804436045
scene_2,item_3698,0.3609116199885417
scene_2,item_1325,0.35698794070986317
scene_2,item_9941,0.355555815739927
scene_2,item_3140,0.35348582613112456
scene_2,item_1919,0.34286347527421873
scene_2,item_9968,0.33804763176196834
scene_2,item_4238,0.3330040846558753
scene_2,item_6668,0.32801305330237934
scene_2,item_689,0.3204750004450423
scene_2,item_821,0.3193116840472529
scene_2,item_4028,0.31780508629335597
scene_2,item_6815,0.3135249788287094
scene_2,item_2366,0.3018000573051248
scene_2,item_6572,0.2985669722376529
scene_2,item_7241,0.29550343689146835
scene_2,item_9608,0.2942850947377043
scene_2,item_3077,0.2926014189151965
scene_2,item_7832,0.2875237618259057
scene_2,item_3164,0.28684773951855375
scene_2,item_5726,0.28297889997807457
scene_2,item_2231,0.282461019217451
scene_2,item_3563,0.2806713915372152
scene_2,item_8795,0.27821902163636464
scene_2,item_5900,0.271313876019133
scene_2,item_7304,0.2669972687528323
scene_2,item_7238,0.2656008606610319
scene_2,item_9902,0.2625175242610536
scene_2,item_7175,0.2620293799285174
scene_2,item_590,0.2536197747904938
scene_2,item_1109,0.25158528534526875
scene_2,item_9713,0.24704362068490376
scene_2,item_5231,0.242211007286655
scene_2,item_1598,0.24188665369516815
scene_2,item_5096,0.23895937803553088
scene_2,item_167,0.23815831737013565
scene_2,item_2660,0.23124740652016357
scene_2,item_6626,0.23033265554310675
scene_2,item_1718,0.22811831201204819
scene_2,item_7778,0.22736100870038053
scene_2,item_3134,0.22168169663598372
scene_2,item_2090,0.2215397487866889
scene_2,item_2549,0.2167246541855853
scene_2,item_1373,0.21555373235401243
scene_2,item_5087,0.2152802267313151
scene_2,item_2903,0.21513954295178772
scene_2,item_1613,0.21146229222632815
scene_2,item_6938,0.20687241310573015
scene_2,item_4376,0.20543726180054692
scene_2,item_8528,0.19993596164097108
scene_2,item_6650,0.19615656188066646
scene_2,item_491,0.19107199146433101
scene_2,item_7754,0.19053020507722904
scene_2,item_2765,0.19018904319387295
scene_2,item_9710,0.18842308204293734
scene_2,item_1862,0.18810932134255
scene_2,item_3248,0.18592945887789225
scene_2,item_6665,0.1843927271102646
scene_2,item_9413,0.18246660527117217
scene_2,item_6632,0.182452769307567
scene_2,item_1094,0.17955597691848751
scene_2,item_5060,0.17800495404335795
scene_2,item_9929,0.17799369694855915
scene_2,item_9992,0.17725449227358545
scene_2,item_761,0.17514772901759446
scene_2,item_6551,0.17463201950447635
scene_2,item_4892,0.1737830999687833
scene_2,item_1712,0.16989910289476642
scene_2,item_7499,0.16817510767442134
scene_2,item_3674,0.16495754279735875
scene_2,item_8036,0.16338568686736743
scene_2,item_7412,0.1626784466505944
scene_2,item_2189,0.15945542928526746
scene_2,item_8153,0.1573977965369982
scene_2,item_1913,0.15627836595599387
scene_2,item_8648,0.1543839687031506
scene_2,item_1772,0.1543015982644951
scene_2,item_2081,0.1539529763330296
scene_2,item_2060,0.15145297901985333
scene_2,item_8228,0.15134710384884106
scene_2,item_1454,0.15130477383875968
scene_2,item_8045,0.15024450700381226
scene_2,item_8879,0.14951630110949896
scene_2,item_3770,0.14746467043510722
scene_2,item_2423,0.14680368265272298
scene_2,item_8204,0.145996810784401
scene_2,item_4157,0.144462132306187
scene_2,item_4883,0.1426356677839468
scene_2,item_6857,0.1422147124153505
scene_2,item_7220,0.13618870125655355
scene_2,item_8120,0.13522422282374078
scene_2,item_494,0.13271724370188562
scene_2,item_6455,0.1283500506879752
scene_2,item_6914,0.1281795330234393
scene_2,item_3167,0.12720818219690694
scene_2,item_8567,0.12712200486659136
scene_2,item_9125,0.12705375352554096
scene_2,item_9692,0.12644270216843814
scene_2,item_194,0.12554349825587624
scene_2,item_4052,0.12126523079784397
scene_2,item_8819,0.11903970253918683
scene_2,item_4760,0.11890859338012953
scene_2,item_5165,0.11633346673763761
scene_2,item_3755,0.11588676853901331
scene_2,item_6554,0.11440092376450309
scene_2,item_8393,0.11422638703457826
scene_2,item_8441,0.11363138780808867
scene_2,item_7604,0.1127018243000387
scene_2,item_278,0.1095425375393631
scene_2,item_5621,0.10928667777990494
scene_2,item_7979,0.10685307324834097
scene_2,item_2654,0.10659232904153952
scene_2,item_7232,0.10643754697047007
scene_2,item_4361,0.10584100948573917
scene_2,item_5918,0.10295422932136346
scene_2,item_5816,0.10231729314185033
scene_2,item_7880,0.10049270384333915
scene_2,item_7925,0.10006373956552461
scene_2,item_1490,0.0994825754749881
scene_2,item_3965,0.09946334516409346
scene_2,item_6116,0.09932371291380909
scene_2,item_6677,0.09880018748850229
scene_2,item_4070,0.09879764026281998
scene_2,item_6740,0.09795672819320443
scene_2,item_2282,0.09764774004618804
scene_2,item_1433,0.09731710046259298
scene_2,item_9488,0.09080755093424421
scene_2,item_1964,0.0906796954710769
scene_2,item_3263,0.08799590354315516
scene_2,item_3344,0.08736165047662968
scene_2,item_6689,0.08670488021379523
scene_2,item_506,0.08622800002685638
scene_2,item_8273,0.08610750473448366
scene_2,item_2924,0.084065323243044
scene_2,item_5378,0.08345310165138684
scene_2,item_1211,0.08250219258715925
scene_2,item_3521,0.07904316328242016
scene_2,item_9962,0.07791187737284949
scene_2,item_857,0.07761689078637996
scene_2,item_7037,0.07443867261134227
scene_2,item_4973,0.07418826818499695
scene_2,item_3527,0.07400412943580228
scene_2,item_350,0.073186203340758
scene_2,item_6980,0.07311764599240625
scene_2,item_3614,0.07280706268665495
scene_2,item_8972,0.07198319438716502
scene_2,item_6176,0.07157371840915198
scene_2,item_3116,0.07137354564415171
scene_2,item_6842,0.07104236183595146
scene_2,item_8615,0.07073109658869046
scene_2,item_1958,0.06993726927514536
scene_2,item_7403,0.06982158084887799
scene_2,item_4307,0.06778384922491754
scene_2,item_9911,0.06751812502760611
scene_2,item_5435,0.06572126560836383
scene_2,item_5510,0.06474206446321905
scene_2,item_6188,0.06471076813445013
scene_2,item_4943,0.06415747882536103
scene_2,item_9008,0.0641113690816123
scene_2,item_1415,0.06382703811854058
scene_2,item_3224,0.06361958200386086
scene_2,item_6101,0.0632148923331402
scene_2,item_6014,0.06191435194238378
scene_2,item_4823,0.06143164755449855
scene_2,item_7190,0.060032803806401636
scene_2,item_5867,0.05965568785199118
scene_2,item_5807,0.05908385403821176
scene_2,item_9614,0.059018840363794414
scene_2,item_9581,0.058300598739409806
scene_2,item_1103,0.057978863941925585
scene_2,item_950,0.056994761114035314
scene_2,item_5843,0.056423928077692934
scene_2,item_905,0.05574871837557649
scene_2,item_9509,0.05526613850223337
scene_2,item_3131,0.05498373414887707
scene_2,item_9536,0.05345811012587947
scene_2,item_3557,0.05268335876302447
scene_2,item_9803,0.05228011562799292
scene_2,item_2864,0.05220243648102488
scene_2,item_3851,0.05203508531205972
scene_2,item_7124,0.05090555866828915
scene_2,item_2960,0.05068412044083535
scene_2,item_8717,0.04999638827587031
scene_2,item_8474,0.049965433049926546
scene_2,item_4775,0.04984114067539231
scene_2,item_9545,0.04972697734634444
scene_2,item_1445,0.0474961427753083
scene_2,item_8753,0.047203001326631674
scene_2,item_9068,0.046884982443167744
scene_2,item_578,0.046108725878052856
scene_2,item_3368,0.04582327042928159
scene_2,item_9332,0.04534251598240607
scene_2,item_497,0.04480735315203365
scene_2,item_4616,0.04461399994467903
scene_2,item_6098,0.04374314600633124
scene_2,item_5039,0.043713052813309866
scene_2,item_7256,0.043215965065901404
scene_2,item_9362,0.04315821479797915
scene_2,item_5927,0.04271473118418082
scene_2,item_6317,0.042324976049960994
scene_2,item_326,0.042179986456061636
scene_2,item_9845,0.04195033655952228
scene_2,item_8762,0.04073087592670521
scene_2,item_9266,0.039631427939620635
scene_2,item_3218,0.03933835535757266
scene_2,item_887,0.03872554625743581
scene_2,item_8396,0.038126541244155716
scene_2,item_7946,0.03738752552432485
scene_2,item_6341,0.03688211466303288
scene_2,item_7055,0.036669213136919676
scene_2,item_5687,0.036023705054962316
scene_2,item_1595,0.034616573218835586
scene_2,item_9338,0.034429196246156035
scene_2,item_4253,0.03435534540963042
scene_2,item_8786,0.033858926648909056
scene_2,item_4382,0.033847633087964325
scene_2,item_6434,0.03376868017067484
scene_2,item_5906,0.03346492017571961
scene_2,item_5276,0.03316867676447792
scene_2,item_6536,0.03204184439650794
scene_2,item_9950,0.031966544146702615
scene_2,item_8618,0.03072015076119013
scene_2,item_8663,0.030464991910161155
scene_2,item_1274,0.029886246194887053
scene_2,item_1811,0.02964216351242455
scene_2,item_1901,0.029528365441762783
scene_2,item_431,0.02931657469243997
scene_2,item_5774,0.028510402117878003
scene_2,item_7550,0.028083150704464314
scene_2,item_9908,0.028002958399029106
scene_2,item_614,0.02791661461471884
scene_2,item_4367,0.027872416554599346
scene_2,item_2564,0.02741130161954822
scene_2,item_2510,0.027372290936346997
scene_2,item_4691,0.02692280654940285
scene_2,item_8048,0.02660219269281307
scene_2,item_9395,0.026295178574554694
scene_2,item_7793,0.026166363380056432
scene_2,item_5117,0.026076380871208643
scene_2,item_9719,0.025906726573637115
scene_2,item_4829,0.025405174559268516
scene_2,item_2438,0.025079081873445097
scene_2,item_2435,0.024958727359183804
scene_2,item_1529,0.024327201387183098
scene_2,item_7826,0.02422340728253153
scene_2,item_1628,0.02416792150196224
scene_2,item_2354,0.023747986557041398
scene_2,item_5903,0.023711792122045862
scene_2,item_8708,0.0236536088669102
scene_2,item_1301,0.023120204949608935
scene_2,item_7391,0.022791411071824634
scene_2,item_6878,0.022611590889345275
scene_2,item_6716,0.022345641233794733
scene_2,item_9329,0.022050476132580033
scene_2,item_5012,0.021985827864659795
scene_2,item_7994,0.021822202627147524
scene_2,item_1805,0.021364393128667718
scene_2,item_6443,0.020940277000670207
scene_2,item_8600,0.020866899230006848
scene_2,item_1361,0.02004060196311872
scene_2,item_2948,0.019836537103939
scene_2,item_3611,0.019504775096230484
scene_2,item_3560,0.019317539409649608
scene_2,item_3545,0.01931517720018662
scene_2,item_8246,0.019224052503952524
scene_2,item_8423,0.01922170135847908
scene_2,item_3692,0.019086328895248805
scene_2,item_2228,0.01882602541692107
scene_2,item_8657,0.018769783048116457
scene_2,item_3209,0.018753452186584793
scene_2,item_1346,0.018722614217322617
scene_2,item_7748,0.018563854382492907
scene_2,item_1049,0.018540127831898262
scene_2,item_1022,0.018540127831898262
scene_2,item_5366,0.01849150462971123
scene_2,item_6635,0.01848974341499593
scene_2,item_8669,0.01845555772676995
scene_2,item_1493,0.01841867580863348
scene_2,item_3158,0.018388871269759192
scene_2,item_3842,0.018065070387047785
scene_2,item_4859,0.01786346613711505
scene_2,item_4604,0.01781025173586325
scene_2,item_6371,0.017541450913497365
scene_2,item_9731,0.017440834071405686
scene_2,item_1619,0.01702184675737248
scene_2,item_6785,0.01655554164682329
scene_2,item_9557,0.016519858882044835
scene_2,item_7148,0.01608467249834489
scene_2,item_8552,0.01574500519770261
scene_2,item_2879,0.01566401815507825
scene_2,item_254,0.015438040942912429
scene_2,item_7796,0.01532959598255019
scene_2,item_7142,0.014754590262377812
scene_2,item_3722,0.014636541175107008
scene_2,item_6953,0.014098139919404788
scene_2,item_3794,0.013871377384075536
scene_2,item_1988,0.013671420364297575
scene_2,item_6863,0.013450935173500825
scene_2,item_4619,0.013312938266545683
scene_2,item_4916,0.012930414065695834
scene_2,item_8768,0.012867201028539697
scene_2,item_6254,0.01278332334685217
scene_2,item_4997,0.012537098376778927
scene_2,item_8720,0.012437807469975339
scene_2,item_1877,0.0120261117396658
scene_2,item_7541,0.0119609085421701
scene_2,item_7559,0.011949689870946188
scene_2,item_8063,0.011675572800097083
scene_2,item_8684,0.011646583870344068
scene_2,item_4163,0.011539132130274233
scene_2,item_5516,0.011305823298447518
scene_2,item_8732,0.011266813769755926
scene_2,item_9470,0.011013360351456999
scene_2,item_7976,0.011010770104765638
scene_2,item_9875,0.010879295825545596
scene_2,item_647,0.01063281344744565
scene_2,item_8696,0.010618388858447424
scene_2,item_1292,0.010562781995336785
scene_2,item_8948,0.010522027321734835
scene_2,item_8951,0.010506874583797472
scene_2,item_8672,0.010442421236232818
scene_2,item_2696,0.010415678751933962
scene_2,item_6557,0.010339288200579059
scene_2,item_7394,0.01012079505610964
scene_2,item_5585,0.01005696041844583
scene_2,item_2324,0.010023102595791753
scene_2,item_5348,0.009595531479596976
scene_2,item_5162,0.009520204682028615
scene_2,item_3743,0.009431013606483324
scene_2,item_1376,0.009247842241748508
scene_2,item_8030,0.009202654183974413
scene_2,item_401,0.00896877559005491
scene_2,item_6077,0.00892577825137934
scene_2,item_7430,0.008846419479193285
scene_2,item_4196,0.008844817104675735
scene_2,item_434,0.00876725489454789
scene_2,item_3014,0.008663251061480337
scene_2,item_6941,0.008630935259634398
scene_2,item_1166,0.008584835266782444
scene_2,item_1757,0.008306005243539551
scene_2,item_2162,0.008273940061528758
scene_2,item_1265,0.00825997087296529
scene_2,item_2669,0.008166815996027936
scene_2,item_3944,0.007939687178256091
scene_2,item_9800,0.007900368841321446
scene_2,item_1835,0.007630902874806074
scene_2,item_4598,0.007581484182813021
scene_2,item_7640,0.007453542473637414
scene_2,item_1937,0.007442062974751007
scene_2,item_4424,0.0073828518006732275
scene_2,item_8417,0.007298162844474388
scene_2,item_8210,0.00721148035749095
scene_2,item_5114,0.007063962181133639
scene_2,item_5450,0.007003239066090538
scene_2,item_515,0.0067981469444160485
scene_2,item_7463,0.006422053206958318
scene_2,item_9197,0.006375112560254774
scene_2,item_248,0.006352437902852884
scene_2,item_5330,0.006314701528483822
scene_2,item_4751,0.006286032447979337
scene_2,item_6989,0.006275501940072517
scene_2,item_6293,0.006038299348020452
scene_2,item_2288,0.006018483106219954
scene_2,item_5453,0.005990271249363877
scene_2,item_8351,0.005796177152386647
scene_2,item_5132,0.005786605324621165
scene_2,item_8483,0.005760504034505509
scene_2,item_8867,0.005750664200657645
scene_2,item_2348,0.005591624549650652
scene_2,item_4727,0.005528707211947621
scene_2,item_1622,0.0054455482825707885
scene_2,item_674,0.005443775767795
scene_2,item_1829,0.0054331523984256875
scene_2,item_4031,0.005116792282024519
scene_2,item_623,0.005041712268608486
scene_2,item_392,0.00495002810578847
scene_2,item_2798,0.004871086516236562
scene_2,item_7064,0.00473734248726879
scene_2,item_5618,0.0045413944082775565
scene_2,item_2264,0.004534674801086881
scene_2,item_8315,0.004517274551660607
scene_2,item_9944,0.004498272969617509
scene_2,item_2474,0.004448634340573201
scene_2,item_3719,0.004431616854095745
scene_2,item_716,0.004426568056868403
scene_2,item_1358,0.00442423487114828
scene_2,item_8942,0.004408752572208774
scene_2,item_6965,0.004268948767268651
scene_2,item_1406,0.004253507157880449
scene_2,item_5786,0.004231774363221635
scene_2,item_6038,0.004098754334077377
scene_2,item_9689,0.004070278485091518
scene_2,item_2414,0.0040673135991533245
scene_2,item_2861,0.004055764706011561
scene_2,item_8603,0.004033107882415098
scene_2,item_3728,0.003964849223276155
scene_2,item_7937,0.003906697782383791
scene_2,item_251,0.003856927750780516
scene_2,item_3359,0.0038548857634948144
scene_2,item_8792,0.0038389171937037335
scene_2,item_3635,0.0038079896660319318
scene_2,item_152,0.00379574064440314
scene_2,item_9161,0.0037782772423602404
scene_2,item_1646,0.003770006689133014
scene_2,item_3281,0.003753948294757472
scene_2,item_9458,0.003750508156993723
scene_2,item_5252,0.00374900405625865
scene_2,item_2180,0.0037318022685739697
scene_2,item_8327,0.0037122290066354275
scene_2,item_485,0.0036631780445975375
scene_2,item_9212,0.003626229945402287
scene_2,item_6497,0.0035206181705941648
scene_2,item_1043,0.0035133479710718106
scene_2,item_9983,0.003375661783755235
scene_2,item_5975,0.0033261830450829434
scene_2,item_6449,0.003266625066208136
scene_2,item_7253,0.003214480090049555
scene_2,item_2681,0.003200394929625673
scene_2,item_6068,0.003195927918422585
scene_2,item_7385,0.003167974375047585
scene_2,item_7730,0.0031673812264338104
scene_2,item_9101,0.0031186126460331196
scene_2,item_6245,0.00304354777472159
scene_2,item_4232,0.003012927134359792
scene_2,item_7415,0.002974179526003696
scene_2,item_8189,0.0029410481624296057
scene_2,item_2408,0.002911846727065869
scene_2,item_1364,0.0028928555725389045
scene_2,item_1208,0.0028744826699917633
scene_2,item_3644,0.0028493784750732447
scene_2,item_1457,0.002814173698454898
scene_2,item_6200,0.0027781038081191854
scene_2,item_5714,0.0026936562168929173
scene_2,item_5999,0.0026623970884887037
scene_2,item_6848,0.002559106130021049
scene_2,item_8876,0.002464095371057334
scene_2,item_7130,0.002446267456797264
scene_2,item_5438,0.0024309647087156845
scene_2,item_7766,0.0023861998371012836
scene_2,item_6143,0.0023242446477343705
scene_2,item_4526,0.002321338391174491
scene_2,item_2927,0.0023153342840609033
scene_2,item_629,0.0023153342840609033
scene_2,item_5261,0.0022993855574781875
scene_2,item_1604,0.0022876686489461187
scene_2,item_272,0.0022597964857069106
scene_2,item_1859,0.0022575928000952137
scene_2,item_644,0.002249322916804092
scene_2,item_281,0.002243401138679412
scene_2,item_2396,0.00223840720614323
scene_2,item_9650,0.0022121152253229805
scene_2,item_317,0.002170972406958668
scene_2,item_9041,0.0021549811753309948
scene_2,item_5225,0.002138105656436939
scene_2,item_7322,0.00206972645052528
scene_2,item_5207,0.002050170706932246
scene_2,item_9368,0.0020375108360952917
scene_2,item_5948,0.002007922199347726
scene_2,item_5504,0.00195973971972813
scene_2,item_7244,0.0019594817197993706
scene_2,item_6947,0.0019471078142368969
scene_2,item_2405,0.0019369910244841704
scene_2,item_6353,0.0019070286973639032
scene_2,item_5627,0.0018768826349754458
scene_2,item_2411,0.0018739429344372693
scene_2,item_2990,0.0018300028583788832
scene_2,item_1826,0.0018288763418128128
scene_2,item_5654,0.0018094828908810398
scene_2,item_2021,0.0018048973414377836
scene_2,item_7628,0.001792443601013756
scene_2,item_4025,0.001770303666147983
scene_2,item_6713,0.0017689011574850404
scene_2,item_7109,0.0017382400320697206
scene_2,item_5597,0.0017176061914983352
scene_2,item_7850,0.0017066384152244168
scene_2,item_2897,0.0016997055962632195
scene_2,item_7196,0.0016941939121443135
scene_2,item_9185,0.0016862934120490843
scene_2,item_2261,0.0016841381734749358
scene_2,item_7154,0.0016629764312777978
scene_2,item_5336,0.001656800084355888
scene_2,item_4268,0.0016471773010937546
scene_2,item_854,0.0016420962791559655
scene_2,item_8591,0.0015801519230345864
scene_2,item_6140,0.0015488690681168048
scene_2,item_2762,0.0015433990933880863
scene_2,item_5297,0.0015409891439806481
scene_2,item_8651,0.0015333741015840332
scene_2,item_9479,0.0014764295438366474
scene_2,item_9296,0.0014729243435422778
scene_2,item_9155,0.0014624353978150303
scene_2,item_2480,0.0014555402910392825
scene_2,item_6113,0.00145495995778956
scene_2,item_5171,0.001432585474113025
scene_2,item_275,0.0014256159034568016
scene_2,item_8960,0.0014155159650805645
scene_2,item_4313,0.001411962929488363
scene_2,item_4400,0.0014065871585624003
scene_2,item_7685,0.0013939968961127604
scene_2,item_8249,0.0013801265465960386
scene_2,item_8954,0.0013706631852448727
scene_2,item_2120,0.0013660460593552205
scene_2,item_5822,0.0013497445331736517
scene_2,item_5312,0.0013487456919385452
scene_2,item_4544,0.001329863661036656
scene_2,item_8438,0.0013168260356467094
scene_2,item_7814,0.0013060978569783312
scene_2,item_9200,0.001289781483225531
scene_2,item_6719,0.0012499416101368615
scene_2,item_1736,0.0012484582833530388
scene_2,item_9011,0.001239925338975945
scene_2,item_5879,0.001224591646788499
scene_2,item_4511,0.0012218119402698576
scene_2,item_3749,0.001218821060955616
scene_2,item_1040,0.0012040441952448628
scene_2,item_5852,0.0011118453955427621
scene_2,item_8390,0.0011079427014739323
scene_2,item_8588,0.0010864707035593978
scene_2,item_8738,0.001085531554490437
scene_2,item_4073,0.0010751884807464263
scene_2,item_7865,0.0010619578664193012
scene_2,item_5669,0.0010553702796580816
scene_2,item_1541,0.00105422113180728
scene_2,item_7973,0.0010452430671005247
scene_2,item_5129,0.0010450090359382098
scene_2,item_6401,0.0010387713674069648
scene_2,item_3713,0.0009970144651496504
scene_2,item_9218,0.0009955844353260893
scene_2,item_5522,0.0009827884738942767
scene_2,item_4385,0.0009818186969115937
scene_2,item_692,0.000978402490230099
scene_2,item_752,0.0009726227768304662
scene_2,item_9986,0.000935697840160062
scene_2,item_9842,0.0009247280607046215
scene_2,item_2105,0.0009054392209900372
scene_2,item_4529,0.000900779523656983
scene_2,item_218,0.0008960758167865839
scene_2,item_1682,0.0008944774149782646
scene_2,item_3338,0.0008887513179847402
scene_2,item_2147,0.0008857686397698039
scene_2,item_3980,0.0008716934342382565
scene_2,item_5285,0.0008530918648260199
scene_2,item_7454,0.0008523999110257964
scene_2,item_2567,0.0008273253247671964
scene_2,item_2708,0.0008246044028685169
scene_2,item_7985,0.0008157566331156677
scene_2,item_5996,0.0008124242523947642
scene_2,item_1412,0.0007963426577816102
scene_2,item_9365,0.0007880022157912467
scene_2,item_9398,0.0007874563202109054
scene_2,item_3638,0.0007744757514654723
scene_2,item_8666,0.0007639110845003071
scene_2,item_5249,0.0007596373034316316
scene_2,item_2192,0.0007566525856039559
scene_2,item_9434,0.0007500717738125687
scene_2,item_8780,0.0007389030966422688
scene_2,item_9146,0.000727994386822557
scene_2,item_6236,0.0007237184142403895
scene_2,item_7493,0.0007193580530653271
scene_2,item_3530,0.0007156068567401517
scene_2,item_5282,0.0007087501998971688
scene_2,item_9260,0.0006995939609656913
scene_2,item_6242,0.0006980192677902361
scene_2,item_9491,0.0006944073285284258
scene_2,item_584,0.0006931898959607493
scene_2,item_668,0.0006723180047046541
scene_2,item_7079,0.0006698282553274658
scene_2,item_2351,0.0006672968933183204
scene_2,item_5057,0.0006648754969372963
scene_2,item_6239,0.0006604383231558682
scene_2,item_710,0.0006575027845904813
scene_2,item_5357,0.0006525986918338257
scene_2,item_4670,0.0006450740773460811
scene_2,item_5495,0.0006446829520872086
scene_2,item_2489,0.0006395803586158177
scene_2,item_335,0.0006180735560487021
scene_2,item_6581,0.0006162836222360308
scene_2,item_2315,0.0006034901813613141
scene_2,item_6134,0.0005961426572065562
scene_2,item_3161,0.000588460985780473
scene_2,item_9236,0.0005814586970803733
scene_2,item_6302,0.0005797803049530325
scene_2,item_6809,0.0005647466484418305
scene_2,item_6629,0.0005612313442413455
scene_2,item_5144,0.0005513411104484984
scene_2,item_5090,0.0005246383069217949
scene_2,item_5588,0.0005197435733337286
scene_2,item_8276,0.0005090353298236079
scene_2,item_4565,0.0005078855190501003
scene_2,item_5990,0.0004993187915237181
scene_2,item_4787,0.0004971021363912491
scene_2,item_3989,0.0004947587940644527
scene_2,item_2378,0.0004918314806074938
scene_2,item_8138,0.0004907268050594074
scene_2,item_5045,0.0004899242318550123
scene_2,item_9452,0.0004898193162969184
scene_2,item_425,0.0004891229289673167
scene_2,item_665,0.0004885321268597811
scene_2,item_8051,0.00048763602695197007
scene_2,item_6854,0.00047562043166340413
scene_2,item_3863,0.00046643623222470553
scene_2,item_4208,0.00046392002129595045
scene_2,item_2993,0.00045826608361695655
scene_2,item_4712,0.00045743779173062474
scene_2,item_7784,0.0004561421140340487
scene_2,item_8561,0.000453519672250036
scene_2,item_8213,0.00045319984506842143
scene_2,item_9143,0.0004478510265023072
scene_2,item_728,0.0004448512971037107
scene_2,item_9659,0.0004224580978395447
scene_2,item_6131,0.00041732607450597337
scene_2,item_9878,0.0004142567604979006
scene_2,item_8111,0.0004140656554570416
scene_2,item_1796,0.000411475081938318
scene_2,item_995,0.000397480413750236
scene_2,item_8840,0.0003937327627407862
scene_2,item_3608,0.00039186876413905024
scene_2,item_8054,0.0003887411166612807
scene_2,item_5489,0.0003865303994654071
scene_2,item_8354,0.0003842548251859153
scene_2,item_3650,0.00038416596781299186
scene_2,item_6437,0.0003754088988186778
scene_2,item_5696,0.0003720006228895059
scene_2,item_1976,0.0003704420893213854
scene_2,item_698,0.00036715682767279867
scene_2,item_9248,0.00035198063147182963
scene_2,item_6329,0.0003507364867560884
scene_2,item_5795,0.0003451128737527596
scene_2,item_998,0.0003420876243401887
scene_2,item_5051,0.0003419182517202234
scene_2,item_1910,0.000340524020714079
scene_2,item_5567,0.00033537045705517613
scene_2,item_9344,0.0003336918325505228
scene_2,item_9701,0.0003309737038934322
scene_2,item_5564,0.0003286638541420133
scene_2,item_785,0.0003276823284915961
scene_2,item_8654,0.0003274894092618229
scene_2,item_3323,0.00032716474108869666
scene_2,item_6128,0.0003260005340099594
scene_2,item_3254,0.00032511237126113117
scene_2,item_1520,0.0003182191954943395
scene_2,item_8519,0.00031432306015253907
scene_2,item_5000,0.00031091202212870603
scene_2,item_2717,0.00030339004270188874
scene_2,item_4913,0.00030323924713664265
scene_2,item_7823,0.0003017962332357734
scene_2,item_3107,0.00030019186569597996
scene_2,item_7418,0.0002943825528950128
scene_2,item_5594,0.0002893972168870609
scene_2,item_9377,0.00028873152161765605
scene_2,item_3599,0.0002837814078168521
scene_2,item_6431,0.0002816638568691905
scene_2,item_6314,0.00027619768666318784
scene_2,item_8414,0.0002737164910186795
scene_2,item_2450,0.00027318366519963136
scene_2,item_6524,0.00027051768294259897
scene_2,item_7460,0.00027025205231370373
scene_2,item_2789,0.0002692424365930782
scene_2,item_3095,0.00026912908350402954
scene_2,item_2318,0.00026687169614775664
scene_2,item_8429,0.00026606519152995006
scene_2,item_9152,0.0002658826013741657
scene_2,item_3710,0.0002654970711147392
scene_2,item_4961,0.0002628093645849134
scene_2,item_5042,0.00025885136505431836
scene_2,item_4187,0.00025198447096694255
scene_2,item_1388,0.00024607415464417685
scene_2,item_5006,0.0002458510140929998
scene_2,item_9572,0.00024408820040457848
scene_2,item_8192,0.00024364941190411333
scene_2,item_4097,0.00023997106241174378
scene_2,item_6485,0.00023989594336677834
scene_2,item_9083,0.0002346312877824259
scene_2,item_8564,0.0002313275888951391
scene_2,item_3764,0.00023103410342995728
scene_2,item_6599,0.00022983133330279858
scene_2,item_4748,0.00022680995029067803
scene_2,item_419,0.00022590113456112077
scene_2,item_2051,0.00022500996153098764
scene_2,item_8141,0.0002244987264310569
scene_2,item_6017,0.00022282835470764076
scene_2,item_4088,0.0002227234830573712
scene_2,item_4874,0.00022008606502645295
scene_2,item_1850,0.00020990470477224356
scene_2,item_6560,0.0002058574493535275
scene_2,item_992,0.00020279026722469138
scene_2,item_4142,0.00020027441480388784
scene_2,item_1517,0.00019773582200652948
scene_2,item_9686,0.00019230249769641548
scene_2,item_8363,0.00019130750349419834
scene_2,item_4985,0.00018843554504540582
scene_2,item_8804,0.00018583691304291933
scene_2,item_5123,0.00018397753124805842
scene_2,item_7547,0.00017901810701108538
scene_2,item_2393,0.00017820797035403017
scene_2,item_3431,0.00017637231864161691
scene_2,item_8633,0.00017514672827299616
scene_2,item_6347,0.00017347601988987934
scene_2,item_4826,0.00017330047853098373
scene_2,item_7013,0.00017076355389400097
scene_2,item_3875,0.0001671656930597905
scene_2,item_7247,0.0001656920525996842
scene_2,item_3032,0.00016207430382707952
scene_2,item_9017,0.00015009144219149223
scene_2,item_9521,0.0001500652052537012
scene_2,item_3845,0.00014853922556706223
scene_2,item_4658,0.00014811003365346838
scene_2,item_6197,0.0001476726490066917
scene_2,item_3839,0.0001457337475566555
scene_2,item_6479,0.00014442038234811552
scene_2,item_3572,0.0001438515399330965
scene_2,item_8891,0.00014333732948459718
scene_2,item_6095,0.0001367076945360674
scene_2,item_7853,0.00013436934290811031
scene_2,item_770,0.0001326145753652658
scene_2,item_8402,0.00013225742836764877
scene_2,item_2027,0.00013107016128271164
scene_2,item_9254,0.00012696598685642288
scene_2,item_6056,0.00012629012463074248
scene_2,item_5681,0.00012181729862924815
scene_2,item_6035,0.00012019642872999423
scene_2,item_1205,0.00011994080044283031
scene_2,item_2579,0.0001196588760219475
scene_2,item_1697,0.00011943303344977357
scene_2,item_1703,0.00011793162706472597
scene_2,item_7697,0.00011493550478982208
scene_2,item_5651,0.00011426674532695287
scene_2,item_704,0.00011376399996454444
scene_2,item_7934,0.00011254085251065128
scene_2,item_8009,0.0001119556133069779
scene_2,item_4700,0.00011157186509612269
scene_2,item_6803,0.00011137868139750487
scene_2,item_4631,0.00011048320262501976
scene_2,item_5018,0.00010789208406961203
scene_2,item_9116,0.00010623044961773217
scene_2,item_4592,0.00010438357597396394
scene_2,item_332,9.957766327769915e-05
scene_2,item_2726,9.800065130742706e-05
scene_2,item_500,9.767116236450326e-05
scene_2,item_6833,9.67857960198524e-05
scene_2,item_9302,9.655672035364457e-05
scene_2,item_9512,9.519631578188949e-05
scene_2,item_4199,9.500152278506924e-05
scene_2,item_6656,9.486983481763211e-05
scene_2,item_7745,9.227138161372966e-05
scene_2,item_4445,9.200956346207492e-05
scene_2,item_7679,9.195015967978185e-05
scene_2,item_2999,9.068338372126388e-05
scene_2,item_6089,8.945807758042025e-05
scene_2,item_2888,8.894197248505905e-05
scene_2,item_3815,8.883277965708873e-05
scene_2,item_2954,8.851456408160307e-05
scene_2,item_5492,8.815040741550337e-05
scene_2,item_7157,8.798096421289778e-05
scene_2,item_4982,8.706379885875907e-05
scene_2,item_4415,8.39926386069502e-05
scene_2,item_3623,8.264045047829972e-05
scene_2,item_8735,8.222905786366021e-05
scene_2,item_5414,8.165405400342368e-05
scene_2,item_7802,7.939656872235668e-05
scene_2,item_3536,7.83853142830808e-05
scene_2,item_2759,7.82048709713514e-05
scene_2,item_5735,7.812113985410884e-05
scene_2,item_683,7.661255419758891e-05
scene_2,item_2225,7.605459837039151e-05
scene_2,item_1706,7.585223383920922e-05
scene_2,item_7718,7.484455256047867e-05
scene_2,item_4493,7.473757520827837e-05
scene_2,item_6158,7.441269128917498e-05
scene_2,item_1202,7.413496313239714e-05
scene_2,item_8264,7.391350310785381e-05
scene_2,item_4697,7.311963271230975e-05
scene_2,item_6758,7.272698128219567e-05
scene_2,item_1448,7.24553443011154e-05
scene_2,item_9497,7.19372534168473e-05
scene_2,item_3434,7.046978516846917e-05
scene_2,item_6224,6.903693058008724e-05
scene_2,item_164,6.843980506326083e-05
scene_2,item_929,6.814145330070018e-05
scene_2,item_7424,6.753640520388856e-05
scene_2,item_1856,6.676752225392692e-05
scene_2,item_365,6.540973893715688e-05
scene_2,item_4079,6.448081182323969e-05
scene_2,item_7088,6.410172663459218e-05
scene_2,item_815,6.371959309975252e-05
scene_2,item_2738,6.234943978913222e-05
scene_2,item_7997,6.0403850946980866e-05
scene_2,item_5699,5.878706817253696e-05
scene_2,item_4169,5.8520909237041115e-05
scene_2,item_1229,5.660285080948614e-05
scene_2,item_5216,5.6549032563296206e-05
scene_2,item_3515,5.624007603500935e-05
scene_2,item_8906,5.404626635666916e-05
scene_2,item_6950,5.2780735964864734e-05
scene_2,item_2459,5.147526783015662e-05
scene_2,item_5639,5.0634318952064396e-05
scene_2,item_8243,5.062431874682018e-05
scene_2,item_2399,4.941527198138062e-05
scene_2,item_8678,4.806748458002096e-05
scene_2,item_7163,4.749935983377833e-05
scene_2,item_3512,4.624034849967638e-05
scene_2,item_8549,4.598379477456638e-05
scene_2,item_4328,4.565919498499153e-05
scene_2,item_6263,4.5552240993389775e-05
scene_2,item_3197,4.553644444722566e-05
scene_2,item_6641,4.528965623616847e-05
scene_2,item_7637,4.521938338445081e-05
scene_2,item_8108,4.510895483219108e-05
scene_2,item_6416,4.477849278212658e-05
scene_2,item_713,4.4374759810175686e-05
scene_2,item_6041,4.426193755792214e-05
scene_2,item_5036,4.384893419535084e-05
scene_2,item_8723,4.265546871253069e-05
scene_2,item_2894,4.2441368152728554e-05
scene_2,item_3737,4.227237649780001e-05
scene_2,item_2906,4.222411302459778e-05
scene_2,item_1991,4.215007300792025e-05
scene_2,item_7031,4.07156287439109e-05
scene_2,item_581,4.06893158613456e-05
scene_2,item_9410,3.990025661175215e-05
scene_2,item_5810,3.989694766190356e-05
scene_2,item_8450,3.97700846856516e-05
scene_2,item_3803,3.964755850052595e-05
scene_2,item_2687,3.8403294626994464e-05
scene_2,item_9263,3.769600694063373e-05
scene_2,item_8024,3.699149055422125e-05
scene_2,item_1610,3.693433186910549e-05
scene_2,item_9926,3.6919595121037414e-05
scene_2,item_7343,3.659621385179737e-05
scene_2,item_734,3.65050177905162e-05
scene_2,item_1565,3.524409135973756e-05
scene_2,item_3818,3.502640647713741e-05
scene_2,item_9059,3.496053981841438e-05
scene_2,item_4388,3.428899417929482e-05
scene_2,item_638,3.344477784144437e-05
scene_2,item_3035,3.189344485334615e-05
scene_2,item_9293,3.153045976416509e-05
scene_2,item_3056,3.1481487879872094e-05
scene_2,item_2102,3.135806949064432e-05
scene_2,item_1355,3.1082997226091714e-05
scene_2,item_2285,3.0419487852812643e-05
scene_2,item_7379,2.900377339175596e-05
scene_2,item_5894,2.8339519851921544e-05
scene_2,item_7235,2.804444345613706e-05
scene_2,item_6080,2.795612660105974e-05
scene_2,item_1880,2.7946278148408016e-05
scene_2,item_1199,2.7704409744933703e-05
scene_2,item_6344,2.723633854262122e-05
scene_2,item_338,2.7144102932598063e-05
scene_2,item_3470,2.6502410301832387e-05
scene_2,item_8033,2.5317689687582064e-05
scene_2,item_1295,2.5225379209095064e-05
scene_2,item_7721,2.4800417821011404e-05
scene_2,item_1616,2.4792064831155492e-05
scene_2,item_1781,2.436965367225769e-05
scene_2,item_1775,2.3199723061919864e-05
scene_2,item_7631,2.2759738636879823e-05
scene_2,item_1694,2.2710202070483834e-05
scene_2,item_1844,2.2468255890125054e-05
scene_2,item_3977,2.228184380636766e-05
scene_2,item_7073,2.2106643737054742e-05
scene_2,item_2042,2.1531733450779235e-05
scene_2,item_3380,2.129726290916732e-05
scene_2,item_9623,2.1165722024011144e-05
scene_2,item_9422,2.1012183807787612e-05
scene_2,item_8435,2.0680987219212484e-05
scene_2,item_2519,2.0328639095551067e-05
scene_2,item_1460,1.960465586161931e-05
scene_2,item_3122,1.8906617299145836e-05
scene_2,item_8630,1.875175088877672e-05
scene_2,item_2651,1.8357756100716614e-05
scene_2,item_6155,1.7566412562226224e-05
scene_2,item_9281,1.7317420176301677e-05
scene_2,item_6737,1.7220602038203945e-05
scene_2,item_3872,1.7119346319558995e-05
scene_2,item_5198,1.686526952899962e-05
scene_2,item_554,1.6273285244767214e-05
scene_2,item_3884,1.6216146593872585e-05
scene_2,item_9785,1.5958417073825053e-05
scene_2,item_2714,1.5817251888106335e-05
scene_2,item_7586,1.5782149856636183e-05
scene_2,item_569,1.5667918514990193e-05
scene_2,item_1583,1.5608034293243928e-05
scene_2,item_9239,1.5558477379962647e-05
scene_2,item_6122,1.5427332752533108e-05
scene_2,item_9974,1.537070476714815e-05
scene_2,item_3950,1.5301969526466348e-05
scene_2,item_7526,1.5017132688178625e-05
scene_2,item_3080,1.4949928241037578e-05
scene_2,item_224,1.4923587952695518e-05
scene_2,item_1031,1.4678224846969838e-05
scene_2,item_1556,1.4633784091933161e-05
scene_2,item_6587,1.4528105008130916e-05
scene_2,item_3812,1.4518896417941293e-05
scene_2,item_5939,1.4223526806943069e-05
scene_2,item_4292,1.3977797584933037e-05
scene_2,item_9866,1.3928716934052169e-05
scene_2,item_7280,1.3714029913782505e-05
scene_2,item_4862,1.3700145491522776e-05
scene_2,item_827,1.3129577977679142e-05
scene_2,item_1472,1.304743712288476e-05
scene_2,item_1172,1.2899059853968678e-05
scene_2,item_413,1.244414253705822e-05
scene_2,item_7841,1.2255867120390169e-05
scene_2,item_2771,1.2217702072720828e-05
scene_2,item_6326,1.2019681194157992e-05
scene_2,item_6992,1.1964472409899176e-05
scene_2,item_6896,1.1588624637979299e-05
scene_2,item_5834,1.154031293212167e-05
scene_2,item_1097,1.1348223759971244e-05
scene_2,item_8822,1.126715627239996e-05
scene_2,item_2216,1.0812203066635034e-05
scene_2,item_6491,1.0755296834600351e-05
scene_2,item_6902,1.073670222843417e-05
scene_2,item_4439,1.0639958151883075e-05
scene_2,item_2441,1.0462032153168036e-05
scene_2,item_3407,1.0456235663996204e-05
scene_2,item_4886,1.043814166002666e-05
scene_2,item_9818,1.038871920711376e-05
scene_2,item_6215,1.0288234940715581e-05
scene_2,item_5159,1.0253350356886667e-05
scene_2,item_3362,9.931912028736482e-06
scene_2,item_9182,9.798226806796256e-06
scene_2,item_371,9.6641021015389e-06
scene_2,item_7466,9.393486801087252e-06
scene_2,item_7211,9.331325436947582e-06
scene_2,item_8279,9.28698385802063e-06
scene_2,item_7001,9.244132028656269e-06
scene_2,item_362,8.903641751175006e-06
scene_2,item_4274,8.757712894974113e-06
scene_2,item_6698,8.630779150567692e-06
scene_2,item_8105,8.52685823366944e-06
scene_2,item_7214,8.40507023404065e-06
scene_2,item_6257,8.333243413722109e-06
scene_2,item_3278,8.116630764840163e-06
scene_2,item_8408,7.820809586904588e-06
scene_2,item_2363,7.71378647979667e-06
scene_2,item_4736,7.70192301214945e-06
scene_2,item_7562,7.65410983814109e-06
scene_2,item_2690,7.069731357502346e-06
scene_2,item_8453,7.06477318440411e-06
scene_2,item_1427,6.46613271034175e-06
scene_2,item_4001,6.432211801701989e-06
scene_2,item_4940,6.38024953479891e-06
scene_2,item_5576,6.144850308353472e-06
scene_2,item_1286,5.680715228375856e-06
scene_2,item_2873,5.389575816417908e-06
scene_2,item_2186,5.26073400807417e-06
scene_2,item_5027,5.096162416790149e-06
scene_2,item_4340,5.045908914778149e-06
scene_2,item_1907,5.043583252154363e-06
scene_2,item_2501,5.021184942064133e-06
scene_2,item_5819,4.99471749775843e-06
scene_2,item_3773,4.959578855424854e-06
scene_2,item_7490,4.849906318749095e-06
scene_2,item_9128,4.825941017548109e-06
scene_2,item_5402,4.733827382101171e-06
scene_2,item_4100,4.651761375545484e-06
scene_2,item_230,4.4742654088092065e-06
scene_2,item_1337,4.285497713051654e-06
scene_2,item_3461,4.128398469048356e-06
scene_2,item_7268,4.07720883278493e-06
scene_2,item_6611,4.0367864118980845e-06
scene_2,item_269,4.018873850804953e-06
scene_2,item_5420,3.971766126963648e-06
scene_2,item_7334,3.848743074188309e-06
scene_2,item_2996,3.7937108423257065e-06
scene_2,item_2777,3.784218078082603e-06
scene_2,item_3854,3.7672564269097185e-06
scene_2,item_6275,3.7634822050103158e-06
scene_2,item_2039,3.7212069222575962e-06
scene_2,item_4505,3.678600565230852e-06
scene_2,item_2381,3.5432223655967063e-06
scene_2,item_1112,3.393787191430482e-06
scene_2,item_7907,3.3639881943489823e-06
scene_2,item_5360,3.3351016393456413e-06
scene_2,item_9503,3.2961890363832366e-06
scene_2,item_4109,3.27262906554675e-06
scene_2,item_4871,3.2155677726668823e-06
scene_2,item_7757,3.182298364710147e-06
scene_2,item_9038,3.1669856797446777e-06
scene_2,item_2981,3.0961668169926676e-06
scene_2,item_3155,2.998746101431893e-06
scene_2,item_9755,2.9855809331723937e-06
scene_2,item_1664,2.9671686996913684e-06
scene_2,item_1922,2.94079070243058e-06
scene_2,item_1997,2.9147975160167983e-06
scene_2,item_2600,2.8972785849195754e-06
scene_2,item_2327,2.828063050467119e-06
scene_2,item_3680,2.8255607394099268e-06
scene_2,item_3044,2.800807020892839e-06
scene_2,item_5672,2.727798527477933e-06
scene_2,item_9506,2.7196207096227914e-06
scene_2,item_9029,2.7180469927983775e-06
scene_2,item_7601,2.6393755821394972e-06
scene_2,item_4589,2.5118527299749713e-06
scene_2,item_9854,2.5092576240620205e-06
scene_2,item_1154,2.463523367003258e-06
scene_2,item_7361,2.439498103166315e-06
scene_2,item_5846,2.4313636314382875e-06
scene_2,item_7670,2.4243115198178664e-06
scene_2,item_4520,2.42022158088982e-06
scene_2,item_2108,2.3649475940532844e-06
scene_2,item_6377,2.3627570876923134e-06
scene_2,item_2498,2.3611262223580037e-06
scene_2,item_1037,2.343386219551433e-06
scene_2,item_695,2.3138393414535002e-06
scene_2,item_7022,2.297947340069963e-06
scene_2,item_7103,2.2807084539598794e-06
scene_2,item_7349,2.198215141602367e-06
scene_2,item_9224,2.1855593741481064e-06
scene_2,item_8843,2.183609422711383e-06
scene_2,item_2795,2.1347425220999223e-06
scene_2,item_9275,2.1311263052114565e-06
scene_2,item_5237,2.120738504517455e-06
scene_2,item_6440,2.0719484848283403e-06
scene_2,item_1883,2.01911371383505e-06
scene_2,item_9677,1.9800290680611474e-06
scene_2,item_587,1.9789076941046407e-06
scene_2,item_329,1.9411445476381943e-06
scene_2,item_7532,1.927490017294081e-06
scene_2,item_6272,1.90735683238649e-06
scene_2,item_1271,1.8862530737124176e-06
scene_2,item_3647,1.8558360039551734e-06
scene_2,item_215,1.7609985639171966e-06
scene_2,item_7136,1.7593518764234146e-06
scene_2,item_9605,1.7515584724683199e-06
scene_2,item_3308,1.731076711722552e-06
scene_2,item_8897,1.7291397119347045e-06
scene_2,item_2255,1.7146631824444487e-06
scene_2,item_8885,1.6982131725141003e-06
scene_2,item_5183,1.6936657122611541e-06
scene_2,item_7331,1.6885096281906724e-06
scene_2,item_641,1.6489556977201287e-06
scene_2,item_1238,1.5955236752574498e-06
scene_2,item_8312,1.580733975121547e-06
scene_2,item_8291,1.5659616454931206e-06
scene_2,item_1841,1.5536962733261797e-06
scene_2,item_476,1.5336486756825083e-06
scene_2,item_2573,1.519246441892654e-06
scene_2,item_1511,1.4996016101146185e-06
scene_2,item_7457,1.4807215794463488e-06
scene_2,item_1139,1.4783744032950575e-06
scene_2,item_8915,1.4490692900492543e-06
scene_2,item_2279,1.4305676221463016e-06
scene_2,item_1085,1.3252712998555816e-06
scene_2,item_9098,1.3168088432054163e-06
scene_2,item_9374,1.3017273073171836e-06
scene_2,item_5558,1.299318273364959e-06
scene_2,item_4124,1.2832411165018909e-06
scene_2,item_9827,1.2830271093883225e-06
scene_2,item_6776,1.2744242205302145e-06
scene_2,item_9419,1.2605371607826944e-06
scene_2,item_2168,1.258225267898774e-06
scene_2,item_5342,1.25140701676351e-06
scene_2,item_3605,1.2333841012557245e-06
scene_2,item_4040,1.2273565506870634e-06
scene_2,item_9671,1.225058103357644e-06
scene_2,item_9443,1.2115120839112783e-06
scene_2,item_9053,1.2059238543130652e-06
scene_2,item_8168,1.2012525954840197e-06
scene_2,item_548,1.1695187514080536e-06
scene_2,item_899,1.165438908733326e-06
scene_2,item_3293,1.1408442692981678e-06
scene_2,item_5837,1.1224414045453898e-06
scene_2,item_7517,1.1189995656453705e-06
scene_2,item_4346,1.1113599743293274e-06
scene_2,item_3629,1.0958032201352832e-06
scene_2,item_2417,1.0910371832803418e-06
scene_2,item_6548,1.0785261086295062e-06
scene_2,item_2333,1.0569305415515001e-06
scene_2,item_8507,1.0403440892900317e-06
scene_2,item_1979,1.0288376611399207e-06
scene_2,item_6539,1.0263825967586766e-06
scene_2,item_1970,1.0215657461867864e-06
scene_2,item_9935,1.0173214665682584e-06
scene_2,item_5600,1.016239347256259e-06
scene_2,item_7442,9.969878683526386e-07
scene_2,item_3185,9.833877448609654e-07
scene_2,item_8597,9.817348135095175e-07
scene_2,item_1787,9.776142396390432e-07
scene_2,item_7652,9.642159041710703e-07
scene_2,item_7178,9.582107328909526e-07
scene_2,item_6908,9.496083497118414e-07
scene_2,item_4655,9.370026087735861e-07
scene_2,item_8537,9.206190459400207e-07
scene_2,item_2144,9.100045085786599e-07
scene_2,item_6308,8.729343732125409e-07
scene_2,item_4934,8.622695764885222e-07
scene_2,item_6419,8.574593376419982e-07
scene_2,item_7982,8.332624964704475e-07
scene_2,item_8900,8.331998657002139e-07
scene_2,item_8627,8.257792418948268e-07
scene_2,item_1016,8.183148825939511e-07
scene_2,item_7250,8.008948720083267e-07
scene_2,item_7910,7.86909571868492e-07
scene_2,item_4280,7.497425048455074e-07
scene_2,item_8285,7.421180861543337e-07
scene_2,item_5603,7.376657863191103e-07
scene_2,item_3752,7.336129953179899e-07
scene_2,item_2711,7.129965119793592e-07
scene_2,item_3071,7.112345996664952e-07
scene_2,item_5240,6.960524537590266e-07
scene_2,item_7091,6.914625576039717e-07
scene_2,item_4682,6.831452398023758e-07
scene_2,item_8057,6.667748405511203e-07
scene_2,item_6452,6.467164477941237e-07
scene_2,item_3701,6.299484397008715e-07
scene_2,item_9947,6.202151281691863e-07
scene_2,item_1193,6.164375493028846e-07
scene_2,item_227,6.07413549055268e-07
scene_2,item_650,5.991543710941623e-07
scene_2,item_6722,5.955802021993975e-07
scene_2,item_8642,5.868407613731287e-07
scene_2,item_3170,5.60314520337853e-07
scene_2,item_7895,5.586212957372276e-07
scene_2,item_5321,5.520974996898044e-07
scene_2,item_9392,5.301884470486562e-07
scene_2,item_9566,5.134848764140696e-07
scene_2,item_8801,5.094135478771911e-07
scene_2,item_3899,5.071232520753413e-07
scene_2,item_575,5.003119950991838e-07
scene_2,item_6062,4.995956713823383e-07
scene_2,item_2054,4.933346731898649e-07
scene_2,item_7313,4.646527982775488e-07
scene_2,item_1463,4.5781522088707297e-07
scene_2,item_1748,4.5777136863765894e-07
scene_2,item_8099,4.4506208477410805e-07
scene_2,item_8381,4.4036674978127823e-07
scene_2,item_6728,4.3809172324957374e-07
scene_2,item_3887,4.333511308495779e-07
scene_2,item_8513,4.310615423206793e-07
scene_2,item_8789,4.3102017242112873e-07
scene_2,item_7589,4.187006858868765e-07
scene_2,item_1574,4.182102410239201e-07
scene_2,item_4949,4.176802219401578e-07
scene_2,item_4577,4.17503693412163e-07
scene_2,item_1799,4.123918759313346e-07
scene_2,item_7121,4.084544542583548e-07
scene_2,item_3290,4.082817005123739e-07
scene_2,item_5606,4.056910611007096e-07
scene_2,item_1526,4.0191608764913046e-07
scene_2,item_2732,3.909897077505919e-07
scene_2,item_5315,3.887298735269187e-07
scene_2,item_7700,3.879295931561371e-07
scene_2,item_3704,3.7984556145732e-07
scene_2,item_4724,3.724486738788495e-07
scene_2,item_7835,3.7191032150960297e-07
scene_2,item_779,3.656073054856931e-07
scene_2,item_2072,3.6451531029920906e-07
scene_2,item_4433,3.594424209500424e-07
scene_2,item_2360,3.4878555767616784e-07
scene_2,item_9464,3.470572913329554e-07
scene_2,item_5804,3.405888611247828e-07
scene_2,item_7496,3.334488952205959e-07
scene_2,item_4298,3.3279122663759267e-07
scene_2,item_6446,3.2425441409051826e-07
scene_2,item_872,3.2191331445179505e-07
scene_2,item_1439,3.212652256098828e-07
scene_2,item_7202,3.191862045862298e-07
scene_2,item_8675,3.1763702872169584e-07
scene_2,item_8834,3.128934290496119e-07
scene_2,item_6926,3.0879907660271825e-07
scene_2,item_6356,2.9516266761873416e-07
scene_2,item_9863,2.940406014532255e-07
scene_2,item_4709,2.922345629940949e-07
scene_2,item_7874,2.889073262452593e-07
scene_2,item_2246,2.848288954062972e-07
scene_2,item_617,2.8237896704349634e-07
scene_2,item_4928,2.698266827204194e-07
scene_2,item_1382,2.5876781938065455e-07
scene_2,item_9899,2.583087025479224e-07
scene_2,item_3203,2.5547573372930166e-07
scene_2,item_2219,2.5494759893705784e-07
scene_2,item_626,2.5207153632142e-07
scene_2,item_7514,2.4895921150148344e-07
scene_2,item_5126,2.349982255750635e-07
scene_2,item_1946,2.3383262869272766e-07
scene_2,item_7619,2.2942810420799674e-07
scene_2,item_3149,2.2447379106623227e-07
scene_2,item_1892,2.2281198328514593e-07
scene_2,item_3500,2.1386380999345528e-07
scene_2,item_9560,2.1135453149238533e-07
scene_2,item_677,2.0910782229952148e-07
scene_2,item_1580,2.0824672431560639e-07
scene_2,item_5513,2.0282039550903693e-07
scene_2,item_5093,2.01893005555086e-07
scene_2,item_3113,2.0149624389122327e-07
scene_2,item_4211,1.93805428498956e-07
scene_2,item_9527,1.9372146470531256e-07
scene_2,item_1949,1.9015912639981184e-07
scene_2,item_896,1.868075188532074e-07
scene_2,item_5966,1.865718952267102e-07
scene_2,item_1067,1.8011486758407897e-07
scene_2,item_5180,1.7823262142472652e-07
scene_2,item_6029,1.7553852533655593e-07
scene_2,item_3689,1.745837146048935e-07
scene_2,item_1679,1.7365795754622352e-07
scene_2,item_983,1.7028153224970599e-07
scene_2,item_3068,1.6784661933748914e-07
scene_2,item_518,1.6648358543180202e-07
scene_2,item_7061,1.661839744712893e-07
scene_2,item_2048,1.6288700812926834e-07
scene_2,item_7988,1.5752182566424993e-07
scene_2,item_9758,1.5746873509848959e-07
scene_2,item_917,1.5132414506304795e-07
scene_2,item_5741,1.4605501366766553e-07
scene_2,item_7433,1.4599405921626176e-07
scene_2,item_3098,1.459186259076655e-07
scene_2,item_9872,1.4555359847062025e-07
scene_2,item_7019,1.4371023438048493e-07
scene_2,item_4754,1.432394019843784e-07
scene_2,item_9767,1.3902148771979013e-07
scene_2,item_1313,1.3749903413388226e-07
scene_2,item_4793,1.3515261925075356e-07
scene_2,item_5882,1.3001140582045604e-07
scene_2,item_8909,1.293386575086965e-07
scene_2,item_6119,1.2445401990520383e-07
scene_2,item_4931,1.1855849273904614e-07
scene_2,item_9350,1.1552196696060007e-07
scene_2,item_8456,1.144761545840619e-07
scene_2,item_3389,1.1248858775143907e-07
scene_2,item_3125,1.0413635643451092e-07
scene_2,item_5210,1.0086198737465788e-07
scene_2,item_6869,1.0024297392654212e-07
scene_2,item_1640,9.842178152369704e-08
scene_2,item_7583,9.743783972520084e-08
scene_2,item_725,9.699534514874454e-08
scene_2,item_5219,9.619367253551287e-08
scene_2,item_3986,9.617235678428304e-08
scene_2,item_7481,9.544264109972614e-08
scene_2,item_6002,9.507979544917865e-08
scene_2,item_3962,9.316329364164586e-08
scene_2,item_3467,9.200354640251329e-08
scene_2,item_9638,9.166815811652184e-08
scene_2,item_1430,8.96425167255231e-08
scene_2,item_1577,8.937500425245017e-08
scene_2,item_749,8.828946833315227e-08
scene_2,item_9980,8.651786322222317e-08
scene_2,item_6839,8.467784050388292e-08
scene_2,item_1256,8.435638343190279e-08
scene_2,item_320,8.405651540505437e-08
scene_2,item_611,8.183352505305333e-08
scene_2,item_7358,8.086134334812804e-08
scene_2,item_6191,8.052128029630657e-08
scene_2,item_9836,7.944815122603706e-08
scene_2,item_9092,7.885920621499406e-08
scene_2,item_8771,7.817295041070063e-08
scene_2,item_3746,7.800189604243759e-08
scene_2,item_7838,7.697065479168084e-08
scene_2,item_533,7.46650015739249e-08
scene_2,item_8750,7.439551641938695e-08
scene_2,item_5831,7.3669006722511e-08
scene_2,item_8231,7.364954782862198e-08
scene_2,item_3683,7.35254274826569e-08
scene_2,item_9611,7.332248703820443e-08
scene_2,item_4130,7.320187578024098e-08
scene_2,item_1442,6.88703781226439e-08
scene_2,item_9695,6.767296359312263e-08
scene_2,item_9809,6.656217071478219e-08
scene_2,item_5405,6.566429181197286e-08
scene_2,item_1643,6.554920750284494e-08
scene_2,item_7346,6.287326142726537e-08
scene_2,item_8318,6.123759615350458e-08
scene_2,item_4166,6.10638278045547e-08
scene_2,item_3404,6.006190222826081e-08
scene_2,item_2036,5.948227653615068e-08
scene_2,item_4718,5.90251347366088e-08
scene_2,item_9380,5.7540680604174674e-08
scene_2,item_7370,5.607513863210081e-08
scene_2,item_2939,5.578616767309259e-08
scene_2,item_1484,5.574157494663934e-08
scene_2,item_3092,5.503953908095796e-08
scene_2,item_2330,5.4159012100127135e-08
scene_2,item_5861,5.404353091658035e-08
scene_2,item_839,5.402800358241718e-08
scene_2,item_5213,5.180781041462403e-08
scene_2,item_3548,5.073160520704532e-08
scene_2,item_4202,4.987885819457882e-08
scene_2,item_2969,4.7995754213110217e-08
scene_2,item_3848,4.76842453063126e-08
scene_2,item_2846,4.5411367811138077e-08
scene_2,item_6410,4.486159503659214e-08
scene_2,item_5102,4.480512291707753e-08
scene_2,item_1751,4.4454875393801446e-08
scene_2,item_3893,4.062786674202311e-08
scene_2,item_7553,4.0309272959283786e-08
scene_2,item_6461,3.919930062112277e-08
scene_2,item_2528,3.843990104701495e-08
scene_2,item_1739,3.752994053414071e-08
scene_2,item_6821,3.708281266113989e-08
scene_2,item_6596,3.5403449342988155e-08
scene_2,item_848,3.531515894011588e-08
scene_2,item_7673,3.511509133681593e-08
scene_2,item_1403,3.450132482873502e-08
scene_2,item_5771,3.3987053787783256e-08
scene_2,item_3464,3.392691652978948e-08
scene_2,item_2111,3.369722584696248e-08
scene_2,item_4364,3.3224335133541194e-08
scene_2,item_155,3.2581355286387355e-08
scene_2,item_3542,3.184986147761403e-08
scene_2,item_530,3.150128270765308e-08
scene_2,item_6782,3.12848903882674e-08
scene_2,item_3179,3.037131848282026e-08
scene_2,item_8969,2.9646318384016288e-08
scene_2,item_1688,2.9528669820724424e-08
scene_2,item_2132,2.9384397106807468e-08
scene_2,item_9959,2.9219387916526676e-08
scene_2,item_8522,2.905770939867798e-08
scene_2,item_2207,2.860001321683104e-08
scene_2,item_5813,2.7307903779529395e-08
scene_2,item_2804,2.615137870595392e-08
scene_2,item_947,2.5659189968586932e-08
scene_2,item_1136,2.5137336865688825e-08
scene_2,item_2267,2.4147656571629113e-08
scene_2,item_1334,2.4144604664594053e-08
scene_2,item_6590,2.3902665109425193e-08
scene_2,item_5375,2.352975872429767e-08
scene_2,item_4421,2.3467332847600153e-08
scene_2,item_3011,2.2612885355162075e-08
scene_2,item_2336,2.2091311386789366e-08
scene_2,item_9056,2.1204085232674107e-08
scene_2,item_5399,2.092508380802657e-08
scene_2,item_4580,2.083846141244874e-08
scene_2,item_2513,2.0263200331876646e-08
scene_2,item_2543,2.021774647949055e-08
scene_2,item_6734,1.991202637507319e-08
scene_2,item_6392,1.928896854489097e-08
scene_2,item_1328,1.9176731842944584e-08
scene_2,item_1010,1.897992253525665e-08
scene_2,item_4811,1.765333701627218e-08
scene_2,item_4181,1.7411901615725986e-08
scene_2,item_7160,1.7323526811590843e-08
scene_2,item_9437,1.6931363520359188e-08
scene_2,item_8864,1.6729421479480446e-08
scene_2,item_2426,1.6512899978344522e-08
scene_2,item_9569,1.649037769537223e-08
scene_2,item_1088,1.5981517582543758e-08
scene_2,item_5912,1.578987674327913e-08
scene_2,item_4667,1.4910099898338803e-08
scene_2,item_737,1.4648523453860155e-08
scene_2,item_4334,1.452951439196456e-08
scene_2,item_1247,1.4432446376856972e-08
scene_2,item_8144,1.4236833475665594e-08
scene_2,item_1847,1.4168050944920375e-08
scene_2,item_6209,1.4011009282223043e-08
scene_2,item_5915,1.3953451571675765e-08
scene_2,item_9227,1.3540913252455628e-08
scene_2,item_6335,1.3427453245170322e-08
scene_2,item_6320,1.327323194105578e-08
scene_2,item_3416,1.317693717658173e-08
scene_2,item_6818,1.2986929923270182e-08
scene_2,item_5780,1.2712621741226964e-08
scene_2,item_9320,1.2698958957865638e-08
scene_2,item_3761,1.2415034088958798e-08
scene_2,item_7004,1.1394247676614629e-08
scene_2,item_9086,1.0512526924747599e-08
scene_2,item_662,1.0370609381265886e-08
scene_2,item_8117,1.0211288083561869e-08
scene_2,item_9242,1.0145587292578183e-08
scene_2,item_2153,9.595488351383599e-09
scene_2,item_4370,9.35217422545728e-09
scene_2,item_5477,9.084174216138459e-09
scene_2,item_551,8.486316561640168e-09
scene_2,item_1226,8.279306091292673e-09
scene_2,item_7967,8.194695267314767e-09
scene_2,item_4790,7.89103947395141e-09
scene_2,item_4460,7.890177841692479e-09
scene_2,item_5675,7.681295294960863e-09
scene_2,item_6584,7.632586267267356e-09
scene_2,item_5507,7.515322745894316e-09
scene_2,item_719,7.46910325331646e-09
scene_2,item_2930,7.437792193673862e-09
scene_2,item_6653,7.403043096662064e-09
scene_2,item_4586,7.306131486053071e-09
scene_2,item_767,7.30325278358322e-09
scene_2,item_467,7.252099874222872e-09
scene_2,item_9461,7.250511907664004e-09
scene_2,item_3566,7.0044091894481036e-09
scene_2,item_1730,6.977279802013284e-09
scene_2,item_7049,6.868419369277163e-09
scene_2,item_2819,6.803326675599706e-09
scene_2,item_9551,6.722431014178973e-09
scene_2,item_8012,6.6223652182046566e-09
scene_2,item_2546,6.592033899020078e-09
scene_2,item_8636,6.530482484603352e-09
scene_2,item_1370,6.338403649182468e-09
scene_2,item_458,6.289238421931752e-09
scene_2,item_455,6.249099510439435e-09
scene_2,item_8855,6.174455248053888e-09
scene_2,item_9179,6.059030839575352e-09
scene_2,item_1496,5.934828993011226e-09
scene_2,item_9194,5.860977403176282e-09
scene_2,item_7172,5.794786224401017e-09
scene_2,item_7328,5.778702359871011e-09
scene_2,item_4094,5.642975140510949e-09
scene_2,item_8903,5.6304061815817684e-09
scene_2,item_3665,5.572395537293289e-09
scene_2,item_8186,5.545873422682209e-09
scene_2,item_5372,5.392267237845522e-09
scene_2,item_9137,5.2163940467795055e-09
scene_2,item_3494,5.1387955889301156e-09
scene_2,item_6911,5.116425865094465e-09
scene_2,item_3062,5.043618811534992e-09
scene_2,item_8165,4.968179151941531e-09
scene_2,item_4286,4.797191675691498e-09
scene_2,item_8828,4.77170620749996e-09
scene_2,item_1895,4.713899900779744e-09
scene_2,item_4448,4.698954491785882e-09
scene_2,item_8321,4.64004243097638e-09
scene_2,item_2618,4.460810512632694e-09
scene_2,item_7520,4.4102834676069054e-09
scene_2,item_3236,4.377524002239005e-09
scene_2,item_8174,4.292395896511324e-09
scene_2,item_7115,4.2535609817072335e-09
scene_2,item_4976,4.205870225636634e-09
scene_2,item_6899,4.125723395036484e-09
scene_2,item_4160,4.1248034139636325e-09
scene_2,item_3695,4.0272344662531185e-09
scene_2,item_632,3.920762621959041e-09
scene_2,item_6170,3.8721860099295005e-09
scene_2,item_2633,3.782521968560524e-09
scene_2,item_1934,3.765050810565369e-09
scene_2,item_1853,3.755210379764339e-09
scene_2,item_4406,3.705219365814224e-09
scene_2,item_7769,3.6604589592520826e-09
scene_2,item_8060,3.594821406616479e-09
scene_2,item_3284,3.482217974079293e-09
scene_2,item_5465,3.4473289105042516e-09
scene_2,item_4034,3.4369822937447607e-09
scene_2,item_1391,3.4291266613167186e-09
scene_2,item_8222,3.3128358808848435e-09
scene_2,item_5729,3.2959135995420554e-09
scene_2,item_6638,3.2468144570985175e-09
scene_2,item_7151,3.185288950019584e-09
scene_2,item_2555,3.1258066379977526e-09
scene_2,item_7505,3.0796477625744915e-09
scene_2,item_9956,2.9597369113518712e-09
scene_2,item_221,2.913193214824923e-09
scene_2,item_3458,2.897074150975743e-09
scene_2,item_8612,2.8293661496181905e-09
scene_2,item_7100,2.7711295517770565e-09
scene_2,item_4865,2.710313912242917e-09
scene_2,item_8927,2.6707113394473134e-09
scene_2,item_5069,2.6497116456532673e-09
scene_2,item_4022,2.6387045963695794e-09
scene_2,item_2234,2.468550986327582e-09
scene_2,item_4805,2.4348570955604723e-09
scene_2,item_6659,2.4107269228528913e-09
scene_2,item_803,2.2991943645268015e-09
scene_2,item_3374,2.265885130443241e-09
scene_2,item_1898,2.2624874093872944e-09
scene_2,item_4451,2.222350173225883e-09
scene_2,item_173,2.183995878289956e-09
scene_2,item_7487,2.178484238894179e-09
scene_2,item_5189,2.1337548226540387e-09
scene_2,item_7181,2.0277967064914998e-09
scene_2,item_6359,2.0202682298075484e-09
scene_2,item_6050,1.9502842276367318e-09
scene_2,item_3455,1.9469007044392225e-09
scene_2,item_7862,1.8703723605373334e-09
scene_2,item_5963,1.7834712302715133e-09
scene_2,item_2024,1.7349618541738621e-09
scene_2,item_3176,1.7137618812069088e-09
scene_2,item_9140,1.6981435481139957e-09
scene_2,item_5426,1.6973643104987585e-09
scene_2,item_170,1.685136867229767e-09
scene_2,item_1673,1.6554532456746431e-09
scene_2,item_593,1.6141362733451628e-09
scene_2,item_4688,1.6073971183595861e-09
scene_2,item_3533,1.5892420944324463e-09
scene_2,item_5411,1.574868351424055e-09
scene_2,item_8774,1.5734560151622198e-09
scene_2,item_6617,1.5221928840035028e-09
scene_2,item_6146,1.4691904810776828e-09
scene_2,item_3995,1.4333744528845332e-09
scene_2,item_1409,1.4197773918600583e-09
scene_2,item_2339,1.4045528640149841e-09
scene_2,item_4694,1.3909956000564285e-09
scene_2,item_5222,1.3842645440688054e-09
scene_2,item_7577,1.3507045340194836e-09
scene_2,item_5648,1.3457793904159892e-09
scene_2,item_7007,1.316774264823119e-09
scene_2,item_4610,1.3037662973694188e-09
scene_2,item_4403,1.3027105453045824e-09
scene_2,item_8726,1.2782112072583937e-09
scene_2,item_653,1.2761405810330212e-09
scene_2,item_1586,1.2739846715362904e-09
scene_2,item_1079,1.2515158671030045e-09
scene_2,item_9485,1.2414901789896899e-09
scene_2,item_7565,1.1927100759738612e-09
scene_2,item_209,1.1335212608143525e-09
scene_2,item_8090,1.1241504029449102e-09
scene_2,item_7169,1.1063279106451043e-09
scene_2,item_2504,1.0997056319574386e-09
scene_2,item_2828,1.0954905827255593e-09
scene_2,item_1790,1.0670411912387404e-09
scene_2,item_4937,1.054903603182342e-09
scene_2,item_8207,1.0542400495773054e-09
scene_2,item_8981,1.049239572137736e-09
scene_2,item_2612,1.0294662126258888e-09
scene_2,item_8006,1.027595107809418e-09
scene_2,item_5009,1.0210721233337984e-09
scene_2,item_5552,1.019192007423659e-09
scene_2,item_5033,9.921764963701244e-10
scene_2,item_2723,9.872767294168789e-10
scene_2,item_1547,9.628119394134684e-10
scene_2,item_1691,9.571124026521186e-10
scene_2,item_3020,9.547658456909553e-10
scene_2,item_2384,9.516902651507436e-10
scene_2,item_7616,9.294923868571823e-10
scene_2,item_7715,9.084339023960847e-10
scene_2,item_8492,8.976053151444595e-10
scene_2,item_5417,8.922379696789457e-10
scene_2,item_3350,8.912977062356227e-10
scene_2,item_4613,8.866938692282662e-10
scene_2,item_5393,8.864029998473034e-10
scene_2,item_2570,8.839343354484465e-10
scene_2,item_1235,8.447934407912418e-10
scene_2,item_8303,8.411723230752617e-10
scene_2,item_2945,8.26468566707622e-10
scene_2,item_686,8.264103317993154e-10
scene_2,item_5690,8.184311153674628e-10
scene_2,item_6104,8.147853775652274e-10
scene_2,item_5945,8.017150002544947e-10
scene_2,item_8198,7.990802884212233e-10
scene_2,item_7112,7.670980118148379e-10
scene_2,item_5978,7.641235142280688e-10
scene_2,item_2735,7.523899279462849e-10
scene_2,item_5444,7.450332432802492e-10
scene_2,item_5501,6.75160988974428e-10
scene_2,item_8852,6.689318126812584e-10
scene_2,item_3581,6.674621555552066e-10
scene_2,item_6563,6.382631101260193e-10
scene_2,item_8570,6.180942708723762e-10
scene_2,item_2900,6.030052709120197e-10
scene_2,item_4016,6.024046120434814e-10
scene_2,item_9335,5.931399477038945e-10
scene_2,item_9134,5.930836234806958e-10
scene_2,item_6767,5.910874635338584e-10
scene_2,item_5456,5.853325176631165e-10
scene_2,item_1865,5.80872507232882e-10
scene_2,item_1802,5.750088407086121e-10
scene_2,item_755,5.727856267882576e-10
scene_2,item_8462,5.715752380887134e-10
scene_2,item_9770,5.692295381098861e-10
scene_2,item_4454,5.598330178074434e-10
scene_2,item_8837,5.336402082618102e-10
scene_2,item_2114,5.261655983378694e-10
scene_2,item_5759,5.227653843199072e-10
scene_2,item_2183,5.109947125093345e-10
scene_2,item_5333,4.893856844729032e-10
scene_2,item_4301,4.860763830117132e-10
scene_2,item_3191,4.754814089503055e-10
scene_2,item_3662,4.705493711235131e-10
scene_2,item_7955,4.681243515129981e-10
scene_2,item_2165,4.5913778647560215e-10
scene_2,item_7469,4.5111715397427426e-10
scene_2,item_7478,4.38224886550357e-10
scene_2,item_3332,4.179741570930099e-10
scene_2,item_1181,4.123410075783652e-10
scene_2,item_4463,4.043348364786338e-10
scene_2,item_866,4.026278449377508e-10
scene_2,item_1838,4.0236659469111443e-10
scene_2,item_9356,3.978929423733604e-10
scene_2,item_7262,3.8351036400952615e-10
scene_2,item_2882,3.582998410378219e-10
scene_2,item_2984,3.57626080792539e-10
scene_2,item_7742,3.4864945323033386e-10
scene_2,item_3065,3.479512400686224e-10
scene_2,item_4205,3.4626598817415933e-10
scene_2,item_8096,3.319233585464683e-10
scene_2,item_5636,3.3081712593873886e-10
scene_2,item_7892,3.257805521702002e-10
scene_2,item_1817,3.09367205969053e-10
scene_2,item_8135,3.090073839104991e-10
scene_2,item_6008,2.9771177001268386e-10
scene_2,item_3365,2.9668006018745527e-10
scene_2,item_233,2.6873118284000174e-10
scene_2,item_5441,2.6859377248284076e-10
scene_2,item_8129,2.636406291986256e-10
scene_2,item_8252,2.614202695741723e-10
scene_2,item_6503,2.515308648604804e-10
scene_2,item_9113,2.4877680930816676e-10
scene_2,item_1601,2.4700928337631454e-10
scene_2,item_2957,2.469911870874909e-10
scene_2,item_6806,2.379564226368325e-10
scene_2,item_7340,2.332200583547393e-10
scene_2,item_6974,2.3192256816554763e-10
scene_2,item_1064,2.243929973204294e-10
scene_2,item_8081,2.2034450078879953e-10
scene_2,item_818,2.1643572865903787e-10
scene_2,item_863,2.0526408461272448e-10
scene_2,item_5390,2.020759893193141e-10
scene_2,item_5762,2.0156005526175692e-10
scene_2,item_2123,1.9620948398272803e-10
scene_2,item_4139,1.9606471279892229e-10
scene_2,item_6362,1.94828734964435e-10
scene_2,item_8132,1.929247704915603e-10
scene_2,item_8882,1.897353551366422e-10
scene_2,item_1175,1.8927791609868787e-10
scene_2,item_5732,1.831156532761818e-10
scene_2,item_2780,1.7949336787430148e-10
scene_2,item_773,1.773227434303975e-10
scene_2,item_8531,1.743790317726212e-10
scene_2,item_7655,1.5997093703694376e-10
scene_2,item_9716,1.5855866395949232e-10
scene_2,item_2300,1.5732210817302293e-10
scene_2,item_2933,1.5612584148371351e-10
scene_2,item_3305,1.5421786633465448e-10
scene_2,item_6221,1.5051419193006604e-10
scene_2,item_4430,1.4159949143590317e-10
scene_2,item_977,1.3889970377729e-10
scene_2,item_1340,1.352897548133871e-10
scene_2,item_4820,1.3119066244025806e-10
scene_2,item_4043,1.2899490167548822e-10
scene_2,item_2069,1.2381291723750926e-10
scene_2,item_9578,1.2248726587858585e-10
scene_2,item_9047,1.2151495553669608e-10
scene_2,item_7706,1.2145727993480151e-10
scene_2,item_6731,1.2039956134357453e-10
scene_2,item_9965,1.184647527400917e-10
scene_2,item_7316,1.1252586145900025e-10
scene_2,item_9938,1.120757546210052e-10
scene_2,item_3221,1.1131735803323892e-10
scene_2,item_6890,1.0968612331716811e-10
scene_2,item_5531,1.0912108564784198e-10
scene_2,item_8150,1.064500200763918e-10
scene_2,item_6851,1.0142378221021465e-10
scene_2,item_1007,1.0125822412337844e-10
scene_2,item_4466,1.0070487502753497e-10
scene_2,item_602,9.959441896010198e-11
scene_2,item_5147,9.566417979101972e-11
scene_2,item_4475,9.555343499155382e-11
scene_2,item_8369,9.232541655725934e-11
scene_2,item_8384,8.990357391456975e-11
scene_2,item_3371,8.83113993713658e-11
scene_2,item_4559,8.6213465973038e-11
scene_2,item_6647,8.540470221790824e-11
scene_2,item_2630,8.513531504786424e-11
scene_2,item_2018,8.479384259085208e-11
scene_2,item_6011,8.45284573089996e-11
scene_2,item_2810,8.449427265213835e-11
scene_2,item_9164,8.395974882412009e-11
scene_2,item_9272,8.244871907646128e-11
scene_2,item_6887,8.241743396400489e-11
scene_2,item_4250,8.071228870269855e-11
scene_2,item_2627,7.790975667148087e-11
scene_2,item_5471,7.676663146763752e-11
scene_2,item_2057,7.46424685461211e-11
scene_2,item_6920,7.438523035940783e-11
scene_2,item_7529,7.435691108642667e-11
scene_2,item_7523,7.373652026161017e-11
scene_2,item_356,7.342074749192276e-11
scene_2,item_1082,7.088174994215828e-11
scene_2,item_389,6.917547023987998e-11
scene_2,item_3791,6.82330101418665e-11
scene_2,item_2357,6.724986672480382e-11
scene_2,item_8225,6.474751301538017e-11
scene_2,item_8585,6.406910674876691e-11
scene_2,item_5156,6.300405149365195e-11
scene_2,item_9575,6.249631415195601e-11
scene_2,item_5201,6.06315923607449e-11
scene_2,item_9776,5.932991651749162e-11
scene_2,item_1250,5.93192974478835e-11
scene_2,item_4847,5.830391008298033e-11
scene_2,item_680,5.811624321025672e-11
scene_2,item_8267,5.701997449061472e-11
scene_2,item_9473,5.6016873069743225e-11
scene_2,item_2240,5.5910774494729414e-11
scene_2,item_257,5.5173510793858e-11
scene_2,item_6422,5.2348327485372706e-11
scene_2,item_6368,4.948486942668907e-11
scene_2,item_1925,4.870052744754125e-11
scene_2,item_4946,4.852787022334104e-11
scene_2,item_1061,4.67961647495072e-11
scene_2,item_8858,4.645970755641163e-11
scene_2,item_1607,4.560642236259163e-11
scene_2,item_5072,4.4338267899827e-11
scene_2,item_2210,4.048710775311776e-11
scene_2,item_8747,3.960149964659902e-11
scene_2,item_7058,3.955433303771035e-11
scene_2,item_9023,3.845545484725498e-11
scene_2,item_7634,3.7694000620880336e-11
scene_2,item_2291,3.546572114145938e-11
scene_2,item_2444,3.4336422631655405e-11
scene_2,item_7367,3.39577614834646e-11
scene_2,item_4049,3.343650836384325e-11
scene_2,item_9860,3.152233082023867e-11
scene_2,item_7961,3.137867968193687e-11
scene_2,item_3383,3.0994383525245806e-11
scene_2,item_8216,3.092566333446724e-11
scene_2,item_6476,2.962052850896112e-11
scene_2,item_7886,2.8411889350378767e-11
scene_2,item_8894,2.8236831493268282e-11
scene_2,item_2663,2.7846029690755105e-11
scene_2,item_7808,2.706302810589316e-11
scene_2,item_4265,2.6794607345799238e-11
scene_2,item_7097,2.6592890780216522e-11
scene_2,item_6872,2.615949342292908e-11
scene_2,item_1352,2.5596733880159785e-11
scene_2,item_4706,2.5420447698713305e-11
scene_2,item_7352,2.5291829855590192e-11
scene_2,item_3785,2.5115595480648526e-11
scene_2,item_4607,2.507271170749994e-11
scene_2,item_7667,2.3333592819775903e-11
scene_2,item_9071,2.2194313900607156e-11
scene_2,item_1121,2.1366620596968597e-11
scene_2,item_2402,2.0846571074847547e-11
scene_2,item_470,2.063697578702609e-11
scene_2,item_6398,2.0335550617772907e-11
scene_2,item_1931,2.008833088488884e-11
scene_2,item_5255,1.9904563738828554e-11
scene_2,item_479,1.9669712947684058e-11
scene_2,item_2597,1.895446809527043e-11
scene_2,item_4259,1.737822514429759e-11
scene_2,item_989,1.7193323748622837e-11
scene_2,item_3152,1.7153559115726296e-11
scene_2,item_5984,1.7089756827075448e-11
scene_2,item_2606,1.6622934088929913e-11
scene_2,item_671,1.6419975787884207e-11
scene_2,item_1379,1.624451859253491e-11
scene_2,item_9653,1.5496805390423115e-11
scene_2,item_7199,1.4918652073317654e-11
scene_2,item_7856,1.4829565538478222e-11
scene_2,item_8102,1.4657638888200787e-11
scene_2,item_2741,1.3732719380432048e-11
scene_2,item_179,1.358112631005063e-11
scene_2,item_4436,1.332991667067311e-11
scene_2,item_6707,1.3229773802632484e-11
scene_2,item_2117,1.3148348542016587e-11
scene_2,item_9599,1.3125072725187166e-11
scene_2,item_9095,1.304146941646507e-11
scene_2,item_1715,1.2426987484754793e-11
scene_2,item_9230,1.1527308070040408e-11
scene_2,item_2516,1.1278229439138234e-11
scene_2,item_4235,1.1154447087624292e-11
scene_2,item_4190,1.1104583785262143e-11
scene_2,item_3707,1.0956284728555681e-11
scene_2,item_8825,1.0897856527100661e-11
scene_2,item_2066,1.0665126706618374e-11
scene_2,item_2531,1.0621687678510696e-11
scene_2,item_4664,1.0095262339956339e-11
scene_2,item_2495,9.706376411525776e-12
scene_2,item_2342,9.470534779163433e-12
scene_2,item_6470,9.322385148345581e-12
scene_2,item_1019,8.903362495598598e-12
scene_2,item_2885,8.878949421447945e-12
scene_2,item_1469,8.335224953492392e-12
scene_2,item_545,8.326600510262306e-12
scene_2,item_8486,7.951000391998837e-12
scene_2,item_8966,7.671046791097793e-12
scene_2,item_4733,7.608433604414082e-12
scene_2,item_437,7.350213431258725e-12
scene_2,item_1304,7.213338956784485e-12
scene_2,item_4061,7.129902528312075e-12
scene_2,item_3386,7.0804837016553114e-12
scene_2,item_9812,7.04045460826849e-12
scene_2,item_1532,6.984551966402718e-12
scene_2,item_4352,6.689911829173228e-12
scene_2,item_9788,6.5703670043039175e-12
scene_2,item_7922,6.545521166856346e-12
scene_2,item_8744,6.527573777621457e-12
scene_2,item_9107,6.426179456085621e-12
scene_2,item_6365,6.1570890977694165e-12
scene_2,item_3590,5.9595059681549855e-12
scene_2,item_7871,5.830404381017444e-12
scene_2,item_9707,5.829761707757397e-12
scene_2,item_8147,5.798993882556439e-12
scene_2,item_2507,5.477554709748349e-12
scene_2,item_1661,5.4215658206541085e-12
scene_2,item_8324,5.218085824941644e-12
scene_2,item_9779,5.191309394189685e-12
scene_2,item_4151,5.152391729975887e-12
scene_2,item_4877,5.066417528935608e-12
scene_2,item_9131,5.012418661464824e-12
scene_2,item_2045,4.977418604096138e-12
scene_2,item_764,4.914114771271603e-12
scene_2,item_4757,4.8714005347359715e-12
scene_2,item_1421,4.6757342023519935e-12
scene_2,item_4769,4.622561031893875e-12
scene_2,item_4958,4.6050096655233445e-12
scene_2,item_800,4.259393925332884e-12
scene_2,item_5657,4.2088172098480285e-12
scene_2,item_566,4.195475288441959e-12
scene_2,item_4772,4.144824888103854e-12
scene_2,item_1562,4.121789225513602e-12
scene_2,item_5633,4.116738032012368e-12
scene_2,item_8975,4.060549716076161e-12
scene_2,item_7889,3.96983989130025e-12
scene_2,item_4397,3.958446688497771e-12
scene_2,item_5663,3.94092122434348e-12
scene_2,item_9596,3.87232411730414e-12
scene_2,item_8093,3.668157875073157e-12
scene_2,item_7883,3.5731206592933604e-12
scene_2,item_806,3.559341284449187e-12
scene_2,item_7658,3.4366556633491743e-12
scene_2,item_4679,3.3698557134440904e-12
scene_2,item_9542,3.3378651134769352e-12
scene_2,item_6161,3.283693434293874e-12
scene_2,item_5141,3.226836186116631e-12
scene_2,item_8420,3.15484115281395e-12
scene_2,item_302,3.0419122570097086e-12
scene_2,item_7226,3.0146366344849067e-12
scene_2,item_3143,2.997034561091441e-12
scene_2,item_3119,2.8694468802797423e-12
scene_2,item_1436,2.839581883746807e-12
scene_2,item_4628,2.752013728233197e-12
scene_2,item_8219,2.7262568757028615e-12
scene_2,item_6179,2.661037883042777e-12
scene_2,item_6428,2.637000120166643e-12
scene_2,item_3620,2.4631210144530702e-12
scene_2,item_1310,2.4311489777843736e-12
scene_2,item_8282,2.4244042701161117e-12
scene_2,item_2345,2.4095339393628927e-12
scene_2,item_1649,2.3870214104059503e-12
scene_2,item_4412,2.2304032416322334e-12
scene_2,item_6488,2.1838983916408305e-12
scene_2,item_1034,2.1754656206242526e-12
scene_2,item_3476,2.1386368974947305e-12
scene_2,item_1475,2.098702647639342e-12
scene_2,item_7751,2.051581514658881e-12
scene_2,item_3797,1.9875438991265486e-12
scene_2,item_9173,1.9765154566349255e-12
scene_2,item_6413,1.913162256820885e-12
scene_2,item_3575,1.8874794757264694e-12
scene_2,item_2825,1.8542137554977947e-12
scene_2,item_9590,1.7744779114957023e-12
scene_2,item_1868,1.726042167229048e-12
scene_2,item_8426,1.7178486976073662e-12
scene_2,item_6836,1.7170117352008504e-12
scene_2,item_9833,1.709594839135896e-12
scene_2,item_2009,1.6966533187907018e-12
scene_2,item_1241,1.6676532852562325e-12
scene_2,item_8399,1.6598234787614914e-12
scene_2,item_7508,1.6509863849877967e-12
scene_2,item_4349,1.518428991045133e-12
scene_2,item_2087,1.5009589297069841e-12
scene_2,item_3788,1.4788195652471727e-12
scene_2,item_8297,1.4745232231188745e-12
scene_2,item_7799,1.471891850649518e-12
scene_2,item_7166,1.436644350785808e-12
scene_2,item_605,1.4352366799940704e-12
scene_2,item_5555,1.4318884870773162e-12
scene_2,item_6743,1.4278888680440703e-12
scene_2,item_3602,1.4067936070387466e-12
scene_2,item_7292,1.403145224371964e-12
scene_2,item_4535,1.391331029624346e-12
scene_2,item_3779,1.3625889652977514e-12
scene_2,item_3857,1.3549750163659743e-12
