scene,user,item,score
scene_0,user_3645,item_4821,0.36067376022224085
scene_0,user_3645,item_7806,0.36067376022224085
scene_0,user_3645,item_2568,0.2944888920518062
scene_0,user_3645,item_7542,0.2944888920518062
scene_0,user_7213,item_4821,0.2944888920518062
scene_0,user_7213,item_5997,0.2944888920518062
scene_0,user_2629,item_5997,0.36067376022224085
scene_0,user_2629,item_2568,0.2944888920518062
scene_0,user_2629,item_7542,0.2944888920518062
scene_0,user_5729,item_2004,0.5100697232983947
scene_0,user_9809,item_6270,0.25694917118487537
scene_0,user_9809,item_8034,0.25694917118487537
scene_0,user_9809,item_8127,0.25694917118487537
scene_0,user_9809,item_840,0.25694917118487537
scene_0,user_9809,item_969,0.25694917118487537
scene_0,user_548,item_2004,0.5100697232983947
scene_0,user_2238,item_2274,0.36067376022224085
scene_0,user_8614,item_4863,0.6436363296498353
scene_0,user_1675,item_8655,0.39464380868665966
scene_0,user_1675,item_867,0.39464380868665966
scene_0,user_3462,item_8655,0.39464380868665966
scene_0,user_3462,item_867,0.39464380868665966
scene_0,user_6381,item_8655,0.39464380868665966
scene_0,user_6381,item_867,0.39464380868665966
scene_0,user_5031,item_8166,0.2790553132756236
scene_0,user_5031,item_867,0.2790553132756236
scene_0,user_4286,item_7731,0.31066746727980593
scene_0,user_4286,item_8655,0.2790553132756236
scene_0,user_7039,item_5412,0.6436363296498353
scene_0,user_7783,item_4245,0.1894615908449756
scene_0,user_7783,item_4608,0.1894615908449756
scene_0,user_7783,item_4656,0.1894615908449756
scene_0,user_7783,item_5337,0.1894615908449756
scene_0,user_4985,item_1848,0.2679391513217467
scene_0,user_4985,item_4245,0.2679391513217467
scene_0,user_4985,item_4608,0.2679391513217467
scene_0,user_4985,item_4656,0.2679391513217467
scene_0,user_4985,item_5337,0.2679391513217467
scene_0,user_6365,item_1848,0.2679391513217467
scene_0,user_6365,item_4245,0.2679391513217467
scene_0,user_6365,item_4608,0.2679391513217467
scene_0,user_6365,item_4656,0.2679391513217467
scene_0,user_6365,item_5337,0.2679391513217467
scene_0,user_2875,item_1848,0.2679391513217467
scene_0,user_2875,item_4245,0.2679391513217467
scene_0,user_2875,item_4608,0.2679391513217467
scene_0,user_2875,item_4656,0.2679391513217467
scene_0,user_2875,item_5337,0.2679391513217467
scene_0,user_2162,item_3333,0.22755980665670933
scene_0,user_2162,item_3813,0.22755980665670933
scene_0,user_2162,item_7644,0.22755980665670933
scene_0,user_2162,item_1848,0.1894615908449756
scene_0,user_2162,item_4245,0.1894615908449756
scene_0,user_2162,item_4608,0.1894615908449756
scene_0,user_2162,item_4656,0.1894615908449756
scene_0,user_5439,item_1848,0.2679391513217467
scene_0,user_5439,item_4245,0.2679391513217467
scene_0,user_5439,item_4608,0.2679391513217467
scene_0,user_5439,item_4656,0.2679391513217467
scene_0,user_5439,item_5337,0.2679391513217467
scene_0,user_1019,item_5619,0.25694917118487537
scene_0,user_1019,item_7359,0.25694917118487537
scene_0,user_1019,item_753,0.25694917118487537
scene_0,user_1019,item_1848,0.1894615908449756
scene_0,user_1019,item_4245,0.1894615908449756
scene_0,user_1019,item_4656,0.1894615908449756
scene_0,user_1019,item_5337,0.1894615908449756
scene_0,user_7885,item_1848,0.2679391513217467
scene_0,user_7885,item_4245,0.2679391513217467
scene_0,user_7885,item_4608,0.2679391513217467
scene_0,user_7885,item_4656,0.2679391513217467
scene_0,user_7885,item_5337,0.2679391513217467
scene_0,user_3835,item_9402,0.2790553132756236
scene_0,user_3835,item_1848,0.1894615908449756
scene_0,user_3835,item_4245,0.1894615908449756
scene_0,user_3835,item_4608,0.1894615908449756
scene_0,user_3835,item_5337,0.1894615908449756
scene_0,user_5097,item_4236,0.2790553132756236
scene_0,user_5097,item_9207,0.2790553132756236
scene_0,user_5097,item_1848,0.1894615908449756
scene_0,user_5097,item_4608,0.1894615908449756
scene_0,user_5097,item_4656,0.1894615908449756
scene_0,user_5097,item_5337,0.1894615908449756
scene_0,user_9684,item_1848,0.2679391513217467
scene_0,user_9684,item_4245,0.2679391513217467
scene_0,user_9684,item_4608,0.2679391513217467
scene_0,user_9684,item_4656,0.2679391513217467
scene_0,user_9684,item_5337,0.2679391513217467
scene_0,user_202,item_1848,0.2679391513217467
scene_0,user_202,item_4245,0.2679391513217467
scene_0,user_202,item_4608,0.2679391513217467
scene_0,user_202,item_4656,0.2679391513217467
scene_0,user_202,item_5337,0.2679391513217467
scene_0,user_1273,item_1848,0.2679391513217467
scene_0,user_1273,item_4245,0.2679391513217467
scene_0,user_1273,item_4608,0.2679391513217467
scene_0,user_1273,item_4656,0.2679391513217467
scene_0,user_1273,item_5337,0.2679391513217467
scene_0,user_9783,item_3459,0.43935014561520125
scene_0,user_9783,item_8439,0.43935014561520125
scene_0,user_4845,item_8439,0.31066746727980593
scene_0,user_4845,item_5124,0.24044917348149392
scene_0,user_4845,item_615,0.19632592803453744
scene_0,user_4845,item_7206,0.19632592803453744
scene_0,user_440,item_3459,0.31066746727980593
scene_0,user_440,item_5049,0.21714724095162588
scene_0,user_440,item_7833,0.21714724095162588
scene_0,user_440,item_4158,0.17729997979489165
scene_0,user_440,item_4407,0.17729997979489165
scene_0,user_440,item_6288,0.17729997979489165
scene_0,user_440,item_6723,0.17729997979489165
scene_0,user_8214,item_3459,0.43935014561520125
scene_0,user_8214,item_8439,0.43935014561520125
scene_0,user_4230,item_9681,0.6436363296498353
scene_0,user_577,item_4044,0.4164701851078906
scene_0,user_577,item_8025,0.4164701851078906
scene_0,user_2341,item_8574,0.20979811974466375
scene_0,user_3611,item_4044,0.4164701851078906
scene_0,user_3611,item_8025,0.4164701851078906
scene_0,user_5403,item_5322,0.3633810027301768
scene_0,user_4504,item_5322,0.3633810027301768
scene_0,user_4524,item_5322,0.3633810027301768
scene_0,user_3534,item_5322,0.3633810027301768
scene_0,user_4764,item_5322,0.3633810027301768
scene_0,user_2018,item_2100,0.3633810027301768
scene_0,user_2018,item_5085,0.3633810027301768
scene_0,user_7129,item_315,0.31066746727980593
scene_0,user_7129,item_9873,0.31066746727980593
scene_0,user_7129,item_5085,0.25694917118487537
scene_0,user_5671,item_2100,0.3633810027301768
scene_0,user_5671,item_5085,0.3633810027301768
scene_0,user_1221,item_2100,0.3633810027301768
scene_0,user_1221,item_5085,0.3633810027301768
scene_0,user_7052,item_2100,0.3633810027301768
scene_0,user_7052,item_5085,0.3633810027301768
scene_0,user_450,item_2100,0.25694917118487537
scene_0,user_1932,item_1779,0.5100697232983947
scene_0,user_5764,item_1779,0.5100697232983947
scene_0,user_5398,item_6798,0.20121480219092233
scene_0,user_3056,item_693,0.6436363296498353
scene_0,user_3912,item_7944,0.3400464821989298
scene_0,user_3912,item_3885,0.13337720371237885
scene_0,user_3912,item_3933,0.13337720371237885
scene_0,user_3912,item_4200,0.13337720371237885
scene_0,user_3912,item_5049,0.13337720371237885
scene_0,user_3912,item_5094,0.13337720371237885
scene_0,user_3912,item_5331,0.13337720371237885
scene_0,user_3912,item_5451,0.13337720371237885
scene_0,user_3912,item_5979,0.13337720371237885
scene_0,user_3912,item_660,0.13337720371237885
scene_0,user_3912,item_6942,0.13337720371237885
scene_0,user_3912,item_7197,0.13337720371237885
scene_0,user_3912,item_7365,0.13337720371237885
scene_0,user_901,item_7944,0.3400464821989298
scene_0,user_901,item_3885,0.13337720371237885
scene_0,user_901,item_3933,0.13337720371237885
scene_0,user_901,item_4200,0.13337720371237885
scene_0,user_901,item_5049,0.13337720371237885
scene_0,user_901,item_5094,0.13337720371237885
scene_0,user_901,item_5331,0.13337720371237885
scene_0,user_901,item_5451,0.13337720371237885
scene_0,user_901,item_5979,0.13337720371237885
scene_0,user_901,item_660,0.13337720371237885
scene_0,user_901,item_6942,0.13337720371237885
scene_0,user_901,item_7197,0.13337720371237885
scene_0,user_901,item_7365,0.13337720371237885
scene_0,user_6990,item_7944,0.3400464821989298
scene_0,user_6990,item_3885,0.13337720371237885
scene_0,user_6990,item_3933,0.13337720371237885
scene_0,user_6990,item_4200,0.13337720371237885
scene_0,user_6990,item_5049,0.13337720371237885
scene_0,user_6990,item_5094,0.13337720371237885
scene_0,user_6990,item_5331,0.13337720371237885
scene_0,user_6990,item_5451,0.13337720371237885
scene_0,user_6990,item_5979,0.13337720371237885
scene_0,user_6990,item_660,0.13337720371237885
scene_0,user_6990,item_6942,0.13337720371237885
scene_0,user_6990,item_7197,0.13337720371237885
scene_0,user_6990,item_7365,0.13337720371237885
scene_0,user_5538,item_7944,0.3400464821989298
scene_0,user_5538,item_3885,0.13337720371237885
scene_0,user_5538,item_3933,0.13337720371237885
scene_0,user_5538,item_4200,0.13337720371237885
scene_0,user_5538,item_5049,0.13337720371237885
scene_0,user_5538,item_5094,0.13337720371237885
scene_0,user_5538,item_5331,0.13337720371237885
scene_0,user_5538,item_5451,0.13337720371237885
scene_0,user_5538,item_5979,0.13337720371237885
scene_0,user_5538,item_660,0.13337720371237885
scene_0,user_5538,item_6942,0.13337720371237885
scene_0,user_5538,item_7197,0.13337720371237885
scene_0,user_5538,item_7365,0.13337720371237885
scene_0,user_2447,item_7944,0.3400464821989298
scene_0,user_2447,item_3885,0.13337720371237885
scene_0,user_2447,item_3933,0.13337720371237885
scene_0,user_2447,item_4200,0.13337720371237885
scene_0,user_2447,item_5049,0.13337720371237885
scene_0,user_2447,item_5094,0.13337720371237885
scene_0,user_2447,item_5331,0.13337720371237885
scene_0,user_2447,item_5451,0.13337720371237885
scene_0,user_2447,item_5979,0.13337720371237885
scene_0,user_2447,item_660,0.13337720371237885
scene_0,user_2447,item_6942,0.13337720371237885
scene_0,user_2447,item_7197,0.13337720371237885
scene_0,user_2447,item_7365,0.13337720371237885
scene_0,user_7871,item_3885,0.09431192520072264
scene_0,user_7871,item_3933,0.09431192520072264
scene_0,user_7871,item_4200,0.09431192520072264
scene_0,user_7871,item_5049,0.09431192520072264
scene_0,user_7871,item_5094,0.09431192520072264
scene_0,user_7871,item_5331,0.09431192520072264
scene_0,user_7871,item_5451,0.09431192520072264
scene_0,user_7871,item_5979,0.09431192520072264
scene_0,user_7871,item_660,0.09431192520072264
scene_0,user_7871,item_6942,0.09431192520072264
scene_0,user_7871,item_7197,0.09431192520072264
scene_0,user_7871,item_7365,0.09431192520072264
scene_0,user_0,item_6267,0.14146788780108396
scene_0,user_0,item_4173,0.10945449905878096
scene_0,user_0,item_3042,0.1007837567594748
scene_0,user_0,item_6156,0.1007837567594748
scene_0,user_0,item_6411,0.1007837567594748
scene_0,user_803,item_5634,0.5100697232983947
scene_0,user_9152,item_5634,0.5100697232983947
scene_0,user_7615,item_5670,0.2790553132756236
scene_0,user_7615,item_63,0.22784770917926217
scene_0,user_7615,item_8538,0.22784770917926217
scene_0,user_7282,item_4410,0.20851619571212315
scene_0,user_7282,item_5142,0.20851619571212315
scene_0,user_7282,item_9378,0.20851619571212315
scene_0,user_7282,item_6492,0.17025276086700514
scene_0,user_7282,item_8034,0.17025276086700514
scene_0,user_7282,item_8340,0.17025276086700514
scene_0,user_7282,item_996,0.17025276086700514
scene_0,user_8574,item_8856,0.6436363296498353
scene_0,user_1429,item_2028,0.25365892483943775
scene_0,user_1429,item_1128,0.07700536446710148
scene_0,user_1429,item_3885,0.07700536446710148
scene_0,user_1429,item_3933,0.07700536446710148
scene_0,user_1429,item_4200,0.07700536446710148
scene_0,user_1429,item_5049,0.07700536446710148
scene_0,user_1429,item_5094,0.07700536446710148
scene_0,user_1429,item_5331,0.07700536446710148
scene_0,user_1429,item_5451,0.07700536446710148
scene_0,user_1429,item_660,0.07700536446710148
scene_0,user_1429,item_6942,0.07700536446710148
scene_0,user_1429,item_7197,0.07700536446710148
scene_0,user_1429,item_7365,0.07700536446710148
scene_0,user_9394,item_5979,0.5255268625199613
scene_0,user_9394,item_9672,0.5255268625199613
scene_0,user_7994,item_591,0.31066746727980593
scene_0,user_2687,item_1380,0.6436363296498353
scene_0,user_6675,item_8847,0.3400464821989298
scene_0,user_7371,item_8847,0.3400464821989298
scene_0,user_4056,item_8847,0.3400464821989298
scene_0,user_4866,item_8847,0.3400464821989298
scene_0,user_4322,item_8847,0.3400464821989298
scene_0,user_1899,item_8847,0.3400464821989298
scene_0,user_2954,item_9957,0.5100697232983947
scene_0,user_2316,item_9957,0.5100697232983947
scene_0,user_7255,item_4257,0.20851619571212315
scene_0,user_7255,item_8640,0.20851619571212315
scene_0,user_7255,item_3702,0.17025276086700514
scene_0,user_7255,item_9555,0.17025276086700514
scene_0,user_6629,item_1905,0.29488643195052716
scene_0,user_6629,item_4257,0.29488643195052716
scene_0,user_6629,item_8640,0.29488643195052716
scene_0,user_6629,item_3702,0.240773763449582
scene_0,user_6629,item_9555,0.240773763449582
scene_0,user_9520,item_1905,0.29488643195052716
scene_0,user_9520,item_4257,0.29488643195052716
scene_0,user_9520,item_8640,0.29488643195052716
scene_0,user_9520,item_3702,0.240773763449582
scene_0,user_9520,item_9555,0.240773763449582
scene_0,user_1316,item_9483,0.22755980665670933
scene_0,user_1316,item_9561,0.22755980665670933
scene_0,user_1316,item_1905,0.20851619571212315
scene_0,user_1316,item_8640,0.20851619571212315
scene_0,user_1316,item_3702,0.17025276086700514
scene_0,user_1316,item_9555,0.17025276086700514
scene_0,user_3647,item_1905,0.29488643195052716
scene_0,user_3647,item_4257,0.29488643195052716
scene_0,user_3647,item_8640,0.29488643195052716
scene_0,user_3647,item_3702,0.240773763449582
scene_0,user_3647,item_9555,0.240773763449582
scene_0,user_3138,item_5511,0.25694917118487537
scene_0,user_3138,item_3138,0.20979811974466375
scene_0,user_3138,item_6558,0.20979811974466375
scene_0,user_3138,item_1905,0.20851619571212315
scene_0,user_3138,item_4257,0.20851619571212315
scene_0,user_3138,item_3702,0.17025276086700514
scene_0,user_3138,item_9555,0.17025276086700514
scene_0,user_7450,item_18,0.37160360818355515
scene_0,user_7450,item_1905,0.17025276086700514
scene_0,user_7450,item_4257,0.17025276086700514
scene_0,user_7450,item_8640,0.17025276086700514
scene_0,user_9895,item_1905,0.29488643195052716
scene_0,user_9895,item_4257,0.29488643195052716
scene_0,user_9895,item_8640,0.29488643195052716
scene_0,user_9895,item_3702,0.240773763449582
scene_0,user_9895,item_9555,0.240773763449582
scene_0,user_8953,item_1905,0.29488643195052716
scene_0,user_8953,item_4257,0.29488643195052716
scene_0,user_8953,item_8640,0.29488643195052716
scene_0,user_8953,item_3702,0.240773763449582
scene_0,user_8953,item_9555,0.240773763449582
scene_0,user_6010,item_1905,0.29488643195052716
scene_0,user_6010,item_4257,0.29488643195052716
scene_0,user_6010,item_8640,0.29488643195052716
scene_0,user_6010,item_3702,0.240773763449582
scene_0,user_6010,item_9555,0.240773763449582
scene_0,user_6611,item_3693,0.43935014561520125
scene_0,user_6611,item_8505,0.43935014561520125
scene_0,user_1424,item_3102,0.36067376022224085
scene_0,user_1424,item_3693,0.31066746727980593
scene_0,user_6456,item_8505,0.31066746727980593
scene_0,user_6456,item_153,0.21967507280760062
scene_0,user_6456,item_4089,0.21967507280760062
scene_0,user_6456,item_8727,0.21967507280760062
scene_0,user_6057,item_3693,0.43935014561520125
scene_0,user_6057,item_8505,0.43935014561520125
scene_0,user_1364,item_4410,0.5100697232983947
scene_0,user_436,item_4410,0.5100697232983947
scene_0,user_6286,item_1698,0.21714724095162588
scene_0,user_6286,item_3330,0.21714724095162588
scene_0,user_6286,item_3891,0.21714724095162588
scene_0,user_6286,item_5211,0.21714724095162588
scene_0,user_6286,item_8856,0.21714724095162588
scene_0,user_5592,item_9738,0.43935014561520125
scene_0,user_5592,item_1872,0.35872789172491043
scene_0,user_5592,item_4377,0.35872789172491043
scene_0,user_4608,item_9738,0.43935014561520125
scene_0,user_4608,item_1872,0.35872789172491043
scene_0,user_4608,item_4377,0.35872789172491043
scene_0,user_2553,item_1872,0.25365892483943775
scene_0,user_2553,item_4377,0.25365892483943775
scene_0,user_9467,item_9738,0.25365892483943775
scene_0,user_6182,item_3285,0.6436363296498353
scene_0,user_5385,item_2346,0.6436363296498353
scene_0,user_2545,item_7320,0.35872789172491043
scene_0,user_2545,item_9537,0.35872789172491043
scene_0,user_3478,item_7320,0.35872789172491043
scene_0,user_3478,item_9537,0.35872789172491043
scene_0,user_7734,item_1755,0.1642911980209368
scene_0,user_7734,item_216,0.1642911980209368
scene_0,user_7734,item_621,0.1642911980209368
scene_0,user_7734,item_7848,0.1642911980209368
scene_0,user_7734,item_8043,0.1642911980209368
scene_0,user_2305,item_7320,0.35872789172491043
scene_0,user_2305,item_9537,0.35872789172491043
scene_0,user_3633,item_5502,0.2790553132756236
scene_0,user_3633,item_6627,0.2790553132756236
scene_0,user_3633,item_1806,0.22755980665670933
scene_0,user_3633,item_3000,0.22755980665670933
scene_0,user_3633,item_4305,0.22755980665670933
scene_0,user_3633,item_3639,0.18580180409177757
scene_0,user_3633,item_5901,0.18580180409177757
scene_0,user_4973,item_1806,0.18580180409177757
scene_0,user_4973,item_3000,0.18580180409177757
scene_0,user_4973,item_4305,0.18580180409177757
scene_0,user_4973,item_9987,0.18580180409177757
scene_0,user_6281,item_3000,0.22755980665670933
scene_0,user_6281,item_4305,0.22755980665670933
scene_0,user_6281,item_9987,0.22755980665670933
scene_0,user_6281,item_3639,0.18580180409177757
scene_0,user_6281,item_5901,0.18580180409177757
scene_0,user_3313,item_4725,0.36067376022224085
scene_0,user_3313,item_1806,0.22755980665670933
scene_0,user_3313,item_4305,0.22755980665670933
scene_0,user_3313,item_9987,0.22755980665670933
scene_0,user_3313,item_3639,0.18580180409177757
scene_0,user_3313,item_5901,0.18580180409177757
scene_0,user_1546,item_1806,0.32181816482491765
scene_0,user_1546,item_3000,0.32181816482491765
scene_0,user_1546,item_4305,0.32181816482491765
scene_0,user_1546,item_9987,0.32181816482491765
scene_0,user_1546,item_3639,0.26276343125998064
scene_0,user_1546,item_5901,0.26276343125998064
scene_0,user_3315,item_8160,0.36067376022224085
scene_0,user_3315,item_1806,0.22755980665670933
scene_0,user_3315,item_3000,0.22755980665670933
scene_0,user_3315,item_9987,0.22755980665670933
scene_0,user_3315,item_3639,0.18580180409177757
scene_0,user_3315,item_5901,0.18580180409177757
scene_0,user_5496,item_1806,0.32181816482491765
scene_0,user_5496,item_3000,0.32181816482491765
scene_0,user_5496,item_4305,0.32181816482491765
scene_0,user_5496,item_9987,0.32181816482491765
scene_0,user_5496,item_3639,0.26276343125998064
scene_0,user_5496,item_5901,0.26276343125998064
scene_0,user_9850,item_1806,0.32181816482491765
scene_0,user_9850,item_3000,0.32181816482491765
scene_0,user_9850,item_4305,0.32181816482491765
scene_0,user_9850,item_9987,0.32181816482491765
scene_0,user_9850,item_3639,0.26276343125998064
scene_0,user_9850,item_5901,0.26276343125998064
scene_0,user_8041,item_2682,0.5100697232983947
scene_0,user_8041,item_9042,0.5100697232983947
scene_0,user_5367,item_9042,0.36067376022224085
scene_0,user_678,item_2682,0.36067376022224085
scene_0,user_4693,item_126,0.43935014561520125
scene_0,user_4693,item_591,0.43935014561520125
scene_0,user_7988,item_126,0.31066746727980593
scene_0,user_7211,item_126,0.43935014561520125
scene_0,user_7211,item_591,0.43935014561520125
scene_0,user_3310,item_3426,0.5100697232983947
scene_0,user_6264,item_3426,0.5100697232983947
scene_0,user_5923,item_4074,0.45511961331341866
scene_0,user_9949,item_4548,0.39464380868665966
scene_0,user_9949,item_537,0.39464380868665966
scene_0,user_4223,item_4548,0.39464380868665966
scene_0,user_4223,item_537,0.39464380868665966
scene_0,user_2524,item_537,0.2790553132756236
scene_0,user_8317,item_4548,0.39464380868665966
scene_0,user_8317,item_537,0.39464380868665966
scene_0,user_7440,item_2754,0.36067376022224085
scene_0,user_7440,item_4548,0.2790553132756236
scene_0,user_5757,item_3879,0.43935014561520125
scene_0,user_5131,item_3879,0.43935014561520125
scene_0,user_8732,item_3879,0.43935014561520125
scene_0,user_4404,item_7083,0.6436363296498353
scene_0,user_8961,item_3786,0.37160360818355515
scene_0,user_8961,item_7719,0.37160360818355515
scene_0,user_8961,item_1320,0.24044917348149392
scene_0,user_6172,item_2055,0.37160360818355515
scene_0,user_7913,item_6084,0.37160360818355515
scene_0,user_7913,item_9894,0.25365892483943775
scene_0,user_7913,item_7041,0.19632592803453744
scene_0,user_7913,item_8859,0.19632592803453744
scene_0,user_7913,item_9351,0.19632592803453744
scene_0,user_7913,item_9369,0.19632592803453744
scene_0,user_3036,item_2409,0.25365892483943775
scene_0,user_3036,item_5718,0.25365892483943775
scene_0,user_9992,item_9894,0.43935014561520125
scene_0,user_9992,item_2409,0.35872789172491043
scene_0,user_9992,item_5718,0.35872789172491043
scene_0,user_8296,item_9894,0.43935014561520125
scene_0,user_8296,item_2409,0.35872789172491043
scene_0,user_8296,item_5718,0.35872789172491043
scene_0,user_6032,item_9609,0.45511961331341866
scene_0,user_7079,item_5952,0.45511961331341866
scene_0,user_7079,item_8340,0.36067376022224085
scene_0,user_9285,item_7953,0.45511961331341866
scene_0,user_2999,item_381,0.6436363296498353
scene_0,user_5065,item_7590,0.5100697232983947
scene_0,user_5872,item_7590,0.5100697232983947
scene_0,user_5677,item_2904,0.5100697232983947
scene_0,user_6878,item_2121,0.31066746727980593
scene_0,user_6878,item_9735,0.31066746727980593
scene_0,user_5557,item_2904,0.5100697232983947
scene_0,user_9765,item_4089,0.5100697232983947
scene_0,user_1673,item_4089,0.5100697232983947
scene_0,user_4374,item_153,0.32181816482491765
scene_0,user_4374,item_3693,0.32181816482491765
scene_0,user_4374,item_8727,0.32181816482491765
scene_0,user_871,item_2544,0.32181816482491765
scene_0,user_871,item_5466,0.32181816482491765
scene_0,user_871,item_567,0.32181816482491765
scene_0,user_871,item_3693,0.22755980665670933
scene_0,user_871,item_4089,0.22755980665670933
scene_0,user_871,item_8727,0.22755980665670933
scene_0,user_5599,item_5859,0.25694917118487537
scene_0,user_5599,item_6558,0.25694917118487537
scene_0,user_5599,item_5466,0.22755980665670933
scene_0,user_5599,item_567,0.22755980665670933
scene_0,user_5599,item_3693,0.16090908241245883
scene_0,user_5599,item_4089,0.16090908241245883
scene_0,user_5599,item_8727,0.16090908241245883
scene_0,user_6207,item_1524,0.32181816482491765
scene_0,user_6207,item_1281,0.21967507280760062
scene_0,user_6207,item_2544,0.16090908241245883
scene_0,user_6207,item_5466,0.16090908241245883
scene_0,user_6207,item_567,0.16090908241245883
scene_0,user_8775,item_2544,0.32181816482491765
scene_0,user_8775,item_5466,0.32181816482491765
scene_0,user_8775,item_567,0.32181816482491765
scene_0,user_8775,item_3693,0.22755980665670933
scene_0,user_8775,item_4089,0.22755980665670933
scene_0,user_8775,item_8727,0.22755980665670933
scene_0,user_7667,item_2544,0.32181816482491765
scene_0,user_7667,item_5466,0.32181816482491765
scene_0,user_7667,item_567,0.32181816482491765
scene_0,user_7667,item_3693,0.22755980665670933
scene_0,user_7667,item_4089,0.22755980665670933
scene_0,user_7667,item_8727,0.22755980665670933
scene_0,user_8184,item_2544,0.32181816482491765
scene_0,user_8184,item_5466,0.32181816482491765
scene_0,user_8184,item_567,0.32181816482491765
scene_0,user_8184,item_3693,0.22755980665670933
scene_0,user_8184,item_4089,0.22755980665670933
scene_0,user_8184,item_8727,0.22755980665670933
scene_0,user_342,item_7335,0.31066746727980593
scene_0,user_342,item_2544,0.22755980665670933
scene_0,user_342,item_5466,0.22755980665670933
scene_0,user_342,item_3693,0.16090908241245883
scene_0,user_342,item_4089,0.16090908241245883
scene_0,user_342,item_8727,0.16090908241245883
scene_0,user_3192,item_7839,0.36067376022224085
scene_0,user_3192,item_2544,0.22755980665670933
scene_0,user_3192,item_567,0.22755980665670933
scene_0,user_3192,item_3693,0.16090908241245883
scene_0,user_3192,item_4089,0.16090908241245883
scene_0,user_3192,item_8727,0.16090908241245883
scene_0,user_3685,item_4860,0.3400464821989298
scene_0,user_6135,item_4860,0.3400464821989298
scene_0,user_9300,item_4860,0.3400464821989298
scene_0,user_7603,item_678,0.24044917348149392
scene_0,user_4737,item_4860,0.3400464821989298
scene_0,user_582,item_4860,0.3400464821989298
scene_0,user_9399,item_4860,0.3400464821989298
scene_0,user_3141,item_861,0.5100697232983947
scene_0,user_1515,item_861,0.5100697232983947
scene_0,user_1094,item_4575,0.21714724095162588
scene_0,user_1094,item_6405,0.17729997979489165
scene_0,user_1094,item_7674,0.17729997979489165
scene_0,user_1094,item_7749,0.17729997979489165
scene_0,user_1094,item_9363,0.17729997979489165
scene_0,user_5813,item_2718,0.31066746727980593
scene_0,user_4627,item_2262,0.6436363296498353
scene_0,user_6075,item_5655,0.35872789172491043
scene_0,user_6075,item_987,0.35872789172491043
scene_0,user_9001,item_5655,0.35872789172491043
scene_0,user_9001,item_987,0.35872789172491043
scene_0,user_7010,item_5655,0.35872789172491043
scene_0,user_7010,item_987,0.35872789172491043
scene_0,user_7374,item_3621,0.2944888920518062
scene_0,user_5160,item_3213,0.5100697232983947
scene_0,user_8249,item_3213,0.5100697232983947
scene_0,user_3426,item_1815,0.22755980665670933
scene_0,user_3426,item_5247,0.22755980665670933
scene_0,user_4741,item_9684,0.6436363296498353
scene_0,user_8089,item_423,0.3633810027301768
scene_0,user_8089,item_7812,0.3633810027301768
scene_0,user_5127,item_7812,0.25694917118487537
scene_0,user_2884,item_423,0.3633810027301768
scene_0,user_2884,item_7812,0.3633810027301768
scene_0,user_6906,item_423,0.3633810027301768
scene_0,user_6906,item_7812,0.3633810027301768
scene_0,user_2499,item_423,0.3633810027301768
scene_0,user_2499,item_7812,0.3633810027301768
scene_0,user_337,item_423,0.25694917118487537
scene_0,user_6369,item_2886,0.20979811974466375
scene_0,user_6369,item_3684,0.20979811974466375
scene_0,user_565,item_5505,0.3633810027301768
scene_0,user_565,item_2886,0.29669934630327804
scene_0,user_565,item_3684,0.29669934630327804
scene_0,user_8664,item_5505,0.3633810027301768
scene_0,user_8664,item_2886,0.29669934630327804
scene_0,user_8664,item_3684,0.29669934630327804
scene_0,user_9886,item_5505,0.20979811974466375
scene_0,user_3762,item_5505,0.3633810027301768
scene_0,user_3762,item_2886,0.29669934630327804
scene_0,user_3762,item_3684,0.29669934630327804
scene_0,user_36,item_5505,0.3633810027301768
scene_0,user_36,item_2886,0.29669934630327804
scene_0,user_36,item_3684,0.29669934630327804
scene_0,user_1197,item_7644,0.25365892483943775
scene_0,user_1197,item_3084,0.17729997979489165
scene_0,user_1197,item_4410,0.17729997979489165
scene_0,user_2503,item_3084,0.30709257318568767
scene_0,user_2503,item_4410,0.30709257318568767
scene_0,user_2503,item_5160,0.2507400360344115
scene_0,user_2503,item_6027,0.2507400360344115
scene_0,user_415,item_3084,0.30709257318568767
scene_0,user_415,item_4410,0.30709257318568767
scene_0,user_415,item_5160,0.2507400360344115
scene_0,user_415,item_6027,0.2507400360344115
scene_0,user_5715,item_3084,0.30709257318568767
scene_0,user_5715,item_4410,0.30709257318568767
scene_0,user_5715,item_5160,0.2507400360344115
scene_0,user_5715,item_6027,0.2507400360344115
scene_0,user_3160,item_4410,0.21714724095162588
scene_0,user_3160,item_5160,0.17729997979489165
scene_0,user_3160,item_6027,0.17729997979489165
scene_0,user_3549,item_3084,0.30709257318568767
scene_0,user_3549,item_4410,0.30709257318568767
scene_0,user_3549,item_5160,0.2507400360344115
scene_0,user_3549,item_6027,0.2507400360344115
scene_0,user_1480,item_3084,0.30709257318568767
scene_0,user_1480,item_4410,0.30709257318568767
scene_0,user_1480,item_5160,0.2507400360344115
scene_0,user_1480,item_6027,0.2507400360344115
scene_0,user_7050,item_3084,0.30709257318568767
scene_0,user_7050,item_4410,0.30709257318568767
scene_0,user_7050,item_5160,0.2507400360344115
scene_0,user_7050,item_6027,0.2507400360344115
scene_0,user_2866,item_1293,0.21714724095162588
scene_0,user_2866,item_3084,0.21714724095162588
scene_0,user_2866,item_3330,0.21714724095162588
scene_0,user_2866,item_3891,0.21714724095162588
scene_0,user_2866,item_5211,0.21714724095162588
scene_0,user_2866,item_8856,0.21714724095162588
scene_0,user_2866,item_5160,0.17729997979489165
scene_0,user_2866,item_6027,0.17729997979489165
scene_0,user_8707,item_171,0.5100697232983947
scene_0,user_2891,item_171,0.5100697232983947
scene_0,user_5365,item_480,0.37160360818355515
scene_0,user_5365,item_9306,0.37160360818355515
scene_0,user_7839,item_3294,0.6436363296498353
scene_0,user_3144,item_1704,0.5100697232983947
scene_0,user_7057,item_1704,0.5100697232983947
scene_0,user_5255,item_4017,0.43935014561520125
scene_0,user_5255,item_5766,0.43935014561520125
scene_0,user_3509,item_4017,0.31066746727980593
scene_0,user_941,item_4017,0.43935014561520125
scene_0,user_941,item_5766,0.43935014561520125
scene_0,user_8105,item_5766,0.31066746727980593
scene_0,user_8661,item_9498,0.5100697232983947
scene_0,user_1434,item_9498,0.5100697232983947
scene_0,user_500,item_6429,0.6436363296498353
scene_0,user_6663,item_2409,0.36067376022224085
scene_0,user_180,item_7041,0.6436363296498353
scene_0,user_7486,item_1272,0.37160360818355515
scene_0,user_7486,item_9555,0.37160360818355515
scene_0,user_3156,item_3702,0.6436363296498353
scene_0,user_5578,item_1347,0.43935014561520125
scene_0,user_7729,item_1347,0.43935014561520125
scene_0,user_3950,item_1347,0.43935014561520125
scene_0,user_8942,item_3213,0.3400464821989298
scene_0,user_8942,item_3291,0.3400464821989298
scene_0,user_8942,item_5604,0.3400464821989298
scene_0,user_8942,item_8295,0.3400464821989298
scene_0,user_8942,item_9906,0.3400464821989298
scene_0,user_5192,item_3213,0.24044917348149392
scene_0,user_5192,item_5604,0.24044917348149392
scene_0,user_5192,item_8295,0.24044917348149392
scene_0,user_5192,item_9906,0.24044917348149392
scene_0,user_1145,item_3213,0.24044917348149392
scene_0,user_1145,item_3291,0.24044917348149392
scene_0,user_1145,item_5604,0.24044917348149392
scene_0,user_1145,item_8295,0.24044917348149392
scene_0,user_6602,item_2394,0.2790553132756236
scene_0,user_6602,item_2751,0.2790553132756236
scene_0,user_6602,item_2862,0.2790553132756236
scene_0,user_6602,item_3213,0.24044917348149392
scene_0,user_6602,item_3291,0.24044917348149392
scene_0,user_6602,item_8295,0.24044917348149392
scene_0,user_6602,item_9906,0.24044917348149392
scene_0,user_2813,item_2556,0.2944888920518062
scene_0,user_2813,item_9246,0.2944888920518062
scene_0,user_2813,item_3213,0.24044917348149392
scene_0,user_2813,item_3291,0.24044917348149392
scene_0,user_2813,item_5604,0.24044917348149392
scene_0,user_2813,item_9906,0.24044917348149392
scene_0,user_686,item_3213,0.3400464821989298
scene_0,user_686,item_3291,0.3400464821989298
scene_0,user_686,item_5604,0.3400464821989298
scene_0,user_686,item_8295,0.3400464821989298
scene_0,user_686,item_9906,0.3400464821989298
scene_0,user_503,item_3291,0.24044917348149392
scene_0,user_503,item_5604,0.24044917348149392
scene_0,user_503,item_8295,0.24044917348149392
scene_0,user_503,item_9906,0.24044917348149392
scene_0,user_503,item_1614,0.22755980665670933
scene_0,user_503,item_5247,0.22755980665670933
scene_0,user_6612,item_3447,0.43935014561520125
scene_0,user_6612,item_7644,0.43935014561520125
scene_0,user_6612,item_9,0.43935014561520125
scene_0,user_2294,item_7644,0.31066746727980593
scene_0,user_2294,item_9,0.31066746727980593
scene_0,user_6893,item_3447,0.31066746727980593
scene_0,user_6893,item_9,0.31066746727980593
scene_0,user_6893,item_5160,0.18033688011112042
scene_0,user_6893,item_5337,0.18033688011112042
scene_0,user_6893,item_6972,0.18033688011112042
scene_0,user_6893,item_7098,0.18033688011112042
scene_0,user_6893,item_9573,0.18033688011112042
scene_0,user_6893,item_2955,0.1472444460259031
scene_0,user_6893,item_3918,0.1472444460259031
scene_0,user_4114,item_3969,0.36067376022224085
scene_0,user_4114,item_3447,0.31066746727980593
scene_0,user_4114,item_7644,0.31066746727980593
scene_0,user_4114,item_1230,0.2944888920518062
scene_0,user_4114,item_9057,0.2944888920518062
scene_0,user_890,item_2001,0.6436363296498353
scene_0,user_5748,item_132,0.29669934630327804
scene_0,user_5748,item_4377,0.29669934630327804
scene_0,user_7618,item_132,0.29669934630327804
scene_0,user_7618,item_4377,0.29669934630327804
scene_0,user_1593,item_132,0.29669934630327804
scene_0,user_1593,item_4377,0.29669934630327804
scene_0,user_3605,item_132,0.29669934630327804
scene_0,user_3605,item_4377,0.29669934630327804
scene_0,user_2022,item_132,0.29669934630327804
scene_0,user_2022,item_4377,0.29669934630327804
scene_0,user_2466,item_6501,0.43935014561520125
scene_0,user_2466,item_7710,0.43935014561520125
scene_0,user_4912,item_7710,0.31066746727980593
scene_0,user_4912,item_465,0.21714724095162588
scene_0,user_4912,item_6213,0.21714724095162588
scene_0,user_4912,item_7569,0.21714724095162588
scene_0,user_3191,item_6501,0.31066746727980593
scene_0,user_3191,item_4347,0.22755980665670933
scene_0,user_3191,item_8961,0.22755980665670933
scene_0,user_3191,item_2805,0.16090908241245883
scene_0,user_3191,item_8913,0.16090908241245883
scene_0,user_3191,item_9012,0.16090908241245883
scene_0,user_7706,item_6501,0.43935014561520125
scene_0,user_7706,item_7710,0.43935014561520125
scene_0,user_1406,item_504,0.6436363296498353
scene_0,user_6638,item_8688,0.43935014561520125
scene_0,user_2990,item_6765,0.31066746727980593
scene_0,user_2398,item_8688,0.43935014561520125
scene_0,user_4143,item_8688,0.43935014561520125
scene_0,user_31,item_6996,0.5100697232983947
scene_0,user_1950,item_5712,0.2790553132756236
scene_0,user_8431,item_6996,0.5100697232983947
scene_0,user_9409,item_2628,0.5255268625199613
scene_0,user_9409,item_9027,0.5255268625199613
scene_0,user_9881,item_8460,0.37160360818355515
scene_0,user_9781,item_7134,0.26276343125998064
scene_0,user_9781,item_9882,0.26276343125998064
scene_0,user_6001,item_7134,0.26276343125998064
scene_0,user_6001,item_9882,0.26276343125998064
scene_0,user_6582,item_7134,0.26276343125998064
scene_0,user_6582,item_9882,0.26276343125998064
scene_0,user_4477,item_7134,0.26276343125998064
scene_0,user_4477,item_9882,0.26276343125998064
scene_0,user_3494,item_7134,0.26276343125998064
scene_0,user_3494,item_9882,0.26276343125998064
scene_0,user_2352,item_7134,0.26276343125998064
scene_0,user_2352,item_9882,0.26276343125998064
scene_0,user_125,item_2838,0.20979811974466375
scene_0,user_125,item_4041,0.20979811974466375
scene_0,user_7249,item_7134,0.26276343125998064
scene_0,user_7249,item_9882,0.26276343125998064
scene_0,user_3131,item_8118,0.5255268625199613
scene_0,user_3131,item_9918,0.5255268625199613
scene_0,user_1750,item_2016,0.37160360818355515
scene_0,user_6726,item_8307,0.6436363296498353
scene_0,user_1756,item_3576,0.2790553132756236
scene_0,user_8956,item_7716,0.6436363296498353
scene_0,user_2086,item_4107,0.6436363296498353
scene_0,user_1203,item_4335,0.2790553132756236
scene_0,user_1203,item_8631,0.2790553132756236
scene_0,user_6244,item_8181,0.5100697232983947
scene_0,user_7426,item_8181,0.5100697232983947
scene_0,user_9462,item_4389,0.5255268625199613
scene_0,user_9462,item_8280,0.5255268625199613
scene_0,user_1083,item_5088,0.37160360818355515
scene_0,user_1083,item_4125,0.20979811974466375
scene_0,user_6333,item_1869,0.6436363296498353
scene_0,user_7884,item_1035,0.25694917118487537
scene_0,user_7884,item_6270,0.25694917118487537
scene_0,user_7884,item_8034,0.25694917118487537
scene_0,user_7884,item_8127,0.25694917118487537
scene_0,user_7884,item_840,0.25694917118487537
scene_0,user_8028,item_1035,0.25694917118487537
scene_0,user_8028,item_6270,0.25694917118487537
scene_0,user_8028,item_8034,0.25694917118487537
scene_0,user_8028,item_8127,0.25694917118487537
scene_0,user_8028,item_969,0.25694917118487537
scene_0,user_8028,item_6093,0.22755980665670933
scene_0,user_8028,item_9777,0.22755980665670933
scene_0,user_4454,item_9264,0.45511961331341866
scene_0,user_4454,item_1035,0.25694917118487537
scene_0,user_4454,item_6270,0.25694917118487537
scene_0,user_4454,item_8034,0.25694917118487537
scene_0,user_4454,item_840,0.25694917118487537
scene_0,user_4454,item_969,0.25694917118487537
scene_0,user_1352,item_1035,0.25694917118487537
scene_0,user_1352,item_6270,0.25694917118487537
scene_0,user_1352,item_8127,0.25694917118487537
scene_0,user_1352,item_840,0.25694917118487537
scene_0,user_1352,item_969,0.25694917118487537
scene_0,user_1352,item_6492,0.19632592803453744
scene_0,user_1352,item_8856,0.19632592803453744
scene_0,user_9336,item_2832,0.36067376022224085
scene_0,user_9336,item_1035,0.25694917118487537
scene_0,user_9336,item_8034,0.25694917118487537
scene_0,user_9336,item_8127,0.25694917118487537
scene_0,user_9336,item_840,0.25694917118487537
scene_0,user_9336,item_969,0.25694917118487537
scene_0,user_5072,item_1941,0.37160360818355515
scene_0,user_5072,item_8118,0.37160360818355515
scene_0,user_5072,item_2160,0.36067376022224085
scene_0,user_8277,item_9918,0.36067376022224085
scene_0,user_3731,item_2160,0.5100697232983947
scene_0,user_3731,item_9918,0.5100697232983947
scene_0,user_8488,item_1476,0.31066746727980593
scene_0,user_4542,item_5409,0.5100697232983947
scene_0,user_817,item_5409,0.5100697232983947
scene_0,user_264,item_7068,0.43935014561520125
scene_0,user_264,item_9672,0.43935014561520125
scene_0,user_9509,item_7068,0.43935014561520125
scene_0,user_9509,item_9672,0.43935014561520125
scene_0,user_4560,item_2646,0.31066746727980593
scene_0,user_4560,item_2928,0.31066746727980593
scene_0,user_4560,item_9672,0.31066746727980593
scene_0,user_4387,item_7068,0.31066746727980593
scene_0,user_4387,item_1227,0.25365892483943775
scene_0,user_4387,item_5979,0.25365892483943775
scene_0,user_8418,item_4086,0.31066746727980593
scene_0,user_3715,item_4086,0.43935014561520125
scene_0,user_3715,item_9789,0.43935014561520125
scene_0,user_1690,item_9789,0.31066746727980593
scene_0,user_1821,item_4086,0.43935014561520125
scene_0,user_1821,item_9789,0.43935014561520125
scene_0,user_6025,item_3525,0.31066746727980593
scene_0,user_4660,item_4653,0.31066746727980593
scene_0,user_4660,item_1851,0.21714724095162588
scene_0,user_4660,item_6156,0.21714724095162588
scene_0,user_4660,item_7569,0.21714724095162588
scene_0,user_4660,item_8697,0.21714724095162588
scene_0,user_7000,item_3525,0.43935014561520125
scene_0,user_7000,item_4653,0.43935014561520125
scene_0,user_7765,item_3525,0.43935014561520125
scene_0,user_7765,item_4653,0.43935014561520125
scene_0,user_776,item_1320,0.3400464821989298
scene_0,user_776,item_1428,0.3400464821989298
scene_0,user_2442,item_1320,0.3400464821989298
scene_0,user_2442,item_1428,0.3400464821989298
scene_0,user_2494,item_1320,0.3400464821989298
scene_0,user_2494,item_1428,0.3400464821989298
scene_0,user_5468,item_1320,0.3400464821989298
scene_0,user_5468,item_1428,0.3400464821989298
scene_0,user_9661,item_1428,0.24044917348149392
scene_0,user_9433,item_1320,0.3400464821989298
scene_0,user_9433,item_1428,0.3400464821989298
scene_0,user_2741,item_3870,0.36067376022224085
scene_0,user_6670,item_3738,0.36067376022224085
scene_0,user_6670,item_579,0.31066746727980593
scene_0,user_501,item_3738,0.5100697232983947
scene_0,user_501,item_3870,0.5100697232983947
scene_0,user_4964,item_111,0.31066746727980593
scene_0,user_4964,item_9873,0.31066746727980593
scene_0,user_2599,item_111,0.43935014561520125
scene_0,user_2599,item_315,0.43935014561520125
scene_0,user_2599,item_9873,0.43935014561520125
scene_0,user_8250,item_111,0.31066746727980593
scene_0,user_8250,item_315,0.31066746727980593
scene_0,user_9151,item_9207,0.3633810027301768
scene_0,user_8986,item_9207,0.3633810027301768
scene_0,user_3319,item_4245,0.45511961331341866
scene_0,user_5562,item_9207,0.3633810027301768
scene_0,user_9589,item_9207,0.3633810027301768
scene_0,user_1852,item_9207,0.3633810027301768
scene_0,user_1324,item_2904,0.3633810027301768
scene_0,user_7572,item_2904,0.3633810027301768
scene_0,user_7545,item_2904,0.3633810027301768
scene_0,user_8509,item_2904,0.3633810027301768
scene_0,user_189,item_1470,0.31066746727980593
scene_0,user_189,item_9735,0.31066746727980593
scene_0,user_7108,item_2904,0.3633810027301768
scene_0,user_3406,item_3642,0.5100697232983947
scene_0,user_3406,item_4578,0.5100697232983947
scene_0,user_3613,item_4578,0.36067376022224085
scene_0,user_9136,item_3642,0.36067376022224085
scene_0,user_9136,item_9252,0.18463468653442752
scene_0,user_9136,item_4851,0.15075359027602253
scene_0,user_9136,item_8190,0.15075359027602253
scene_0,user_2433,item_4683,0.5100697232983947
scene_0,user_9729,item_4683,0.5100697232983947
scene_0,user_5942,item_2043,0.2790553132756236
scene_0,user_8335,item_5175,0.6436363296498353
scene_0,user_4995,item_6915,0.5100697232983947
scene_0,user_4486,item_6915,0.5100697232983947
scene_0,user_2972,item_3216,0.6436363296498353
scene_0,user_3308,item_1557,0.43935014561520125
scene_0,user_3308,item_2718,0.43935014561520125
scene_0,user_192,item_1557,0.31066746727980593
scene_0,user_7126,item_1557,0.43935014561520125
scene_0,user_7126,item_2718,0.43935014561520125
scene_0,user_9804,item_4863,0.6436363296498353
scene_0,user_9282,item_1062,0.36067376022224085
scene_0,user_9241,item_51,0.36067376022224085
scene_0,user_9241,item_7134,0.36067376022224085
scene_0,user_447,item_2838,0.36067376022224085
scene_0,user_447,item_6627,0.2790553132756236
scene_0,user_447,item_9165,0.2790553132756236
scene_0,user_2927,item_2838,0.5100697232983947
scene_0,user_2927,item_51,0.5100697232983947
scene_0,user_6734,item_8172,0.31066746727980593
scene_0,user_9568,item_8172,0.43935014561520125
scene_0,user_9568,item_8442,0.43935014561520125
scene_0,user_8283,item_4686,0.37160360818355515
scene_0,user_8283,item_4689,0.37160360818355515
scene_0,user_8283,item_8442,0.31066746727980593
scene_0,user_9253,item_8172,0.43935014561520125
scene_0,user_9253,item_8442,0.43935014561520125
scene_0,user_4124,item_453,0.6436363296498353
scene_0,user_740,item_6039,0.39464380868665966
scene_0,user_740,item_7917,0.3222253204769533
scene_0,user_740,item_8988,0.3222253204769533
scene_0,user_9635,item_7917,0.22784770917926217
scene_0,user_9635,item_8988,0.22784770917926217
scene_0,user_1178,item_6039,0.39464380868665966
scene_0,user_1178,item_7917,0.3222253204769533
scene_0,user_1178,item_8988,0.3222253204769533
scene_0,user_3941,item_6039,0.39464380868665966
scene_0,user_3941,item_7917,0.3222253204769533
scene_0,user_3941,item_8988,0.3222253204769533
scene_0,user_1487,item_3885,0.22784770917926217
scene_0,user_1487,item_6039,0.22784770917926217
scene_0,user_1487,item_6717,0.22784770917926217
scene_0,user_1487,item_2322,0.20979811974466375
scene_0,user_1487,item_2367,0.20979811974466375
scene_0,user_1487,item_6477,0.20979811974466375
scene_0,user_1279,item_7041,0.3400464821989298
scene_0,user_1279,item_8859,0.3400464821989298
scene_0,user_1279,item_9351,0.3400464821989298
scene_0,user_1279,item_9369,0.3400464821989298
scene_0,user_1279,item_1434,0.2776467900719271
scene_0,user_1279,item_5718,0.2776467900719271
scene_0,user_7720,item_7041,0.24044917348149392
scene_0,user_7720,item_8859,0.24044917348149392
scene_0,user_7720,item_9351,0.24044917348149392
scene_0,user_7720,item_1434,0.19632592803453744
scene_0,user_7720,item_5718,0.19632592803453744
scene_0,user_6360,item_7041,0.3400464821989298
scene_0,user_6360,item_8859,0.3400464821989298
scene_0,user_6360,item_9351,0.3400464821989298
scene_0,user_6360,item_9369,0.3400464821989298
scene_0,user_6360,item_1434,0.2776467900719271
scene_0,user_6360,item_5718,0.2776467900719271
scene_0,user_7412,item_7041,0.24044917348149392
scene_0,user_7412,item_9351,0.24044917348149392
scene_0,user_7412,item_9369,0.24044917348149392
scene_0,user_7412,item_1434,0.19632592803453744
scene_0,user_7412,item_5718,0.19632592803453744
scene_0,user_5384,item_7125,0.2790553132756236
scene_0,user_5384,item_7041,0.24044917348149392
scene_0,user_5384,item_8859,0.24044917348149392
scene_0,user_5384,item_9369,0.24044917348149392
scene_0,user_5384,item_1434,0.19632592803453744
scene_0,user_5384,item_5718,0.19632592803453744
scene_0,user_3229,item_1749,0.36067376022224085
scene_0,user_3229,item_8859,0.24044917348149392
scene_0,user_3229,item_9351,0.24044917348149392
scene_0,user_3229,item_9369,0.24044917348149392
scene_0,user_3229,item_1434,0.19632592803453744
scene_0,user_3229,item_5718,0.19632592803453744
scene_0,user_9293,item_3423,0.45511961331341866
scene_0,user_9293,item_5733,0.31066746727980593
scene_0,user_933,item_6087,0.45511961331341866
scene_0,user_933,item_2997,0.31066746727980593
scene_0,user_933,item_4476,0.31066746727980593
scene_0,user_1486,item_8841,0.43935014561520125
scene_0,user_7696,item_8841,0.43935014561520125
scene_0,user_1667,item_8841,0.43935014561520125
scene_0,user_2980,item_708,0.36067376022224085
scene_0,user_2980,item_72,0.36067376022224085
scene_0,user_2980,item_81,0.36067376022224085
scene_0,user_4783,item_7509,0.19732190434332983
scene_0,user_4783,item_8358,0.19732190434332983
scene_0,user_7366,item_708,0.36067376022224085
scene_0,user_7366,item_72,0.36067376022224085
scene_0,user_7366,item_81,0.36067376022224085
scene_0,user_7344,item_462,0.5100697232983947
scene_0,user_6819,item_3843,0.2790553132756236
scene_0,user_1308,item_462,0.5100697232983947
scene_0,user_3269,item_333,0.5100697232983947
scene_0,user_4713,item_333,0.5100697232983947
scene_0,user_3603,item_3186,0.37160360818355515
scene_0,user_3603,item_7761,0.25365892483943775
scene_0,user_9000,item_7797,0.37160360818355515
scene_0,user_9000,item_8637,0.37160360818355515
scene_0,user_2853,item_8883,0.5100697232983947
scene_0,user_2855,item_8883,0.5100697232983947
scene_0,user_9370,item_153,0.3633810027301768
scene_0,user_9370,item_5859,0.3633810027301768
scene_0,user_9370,item_6558,0.3633810027301768
scene_0,user_6410,item_153,0.25694917118487537
scene_0,user_6410,item_5859,0.25694917118487537
scene_0,user_6410,item_336,0.22755980665670933
scene_0,user_6410,item_9393,0.22755980665670933
scene_0,user_6410,item_3138,0.18580180409177757
scene_0,user_6410,item_3666,0.18580180409177757
scene_0,user_6410,item_8640,0.18580180409177757
scene_0,user_6410,item_9576,0.18580180409177757
scene_0,user_7191,item_153,0.25694917118487537
scene_0,user_7191,item_6558,0.25694917118487537
scene_0,user_5504,item_153,0.3633810027301768
scene_0,user_5504,item_5859,0.3633810027301768
scene_0,user_5504,item_6558,0.3633810027301768
scene_0,user_3186,item_153,0.3633810027301768
scene_0,user_3186,item_5859,0.3633810027301768
scene_0,user_3186,item_6558,0.3633810027301768
scene_0,user_5149,item_1815,0.2944888920518062
scene_0,user_5149,item_2940,0.25365892483943775
scene_0,user_5149,item_7524,0.25365892483943775
scene_0,user_5149,item_7470,0.20979811974466375
scene_0,user_5149,item_5199,0.17129944745658357
scene_0,user_5149,item_7389,0.17129944745658357
scene_0,user_1220,item_7470,0.3633810027301768
scene_0,user_1220,item_5199,0.29669934630327804
scene_0,user_1220,item_7389,0.29669934630327804
scene_0,user_1220,item_8295,0.29669934630327804
scene_0,user_1220,item_9246,0.29669934630327804
scene_0,user_7263,item_7470,0.3633810027301768
scene_0,user_7263,item_5199,0.29669934630327804
scene_0,user_7263,item_7389,0.29669934630327804
scene_0,user_7263,item_8295,0.29669934630327804
scene_0,user_7263,item_9246,0.29669934630327804
scene_0,user_7140,item_5811,0.22784770917926217
scene_0,user_7140,item_9255,0.22784770917926217
scene_0,user_7140,item_7470,0.20979811974466375
scene_0,user_7140,item_8295,0.17129944745658357
scene_0,user_7140,item_9246,0.17129944745658357
scene_0,user_9602,item_7470,0.3633810027301768
scene_0,user_9602,item_5199,0.29669934630327804
scene_0,user_9602,item_7389,0.29669934630327804
scene_0,user_9602,item_8295,0.29669934630327804
scene_0,user_9602,item_9246,0.29669934630327804
scene_0,user_3134,item_5715,0.36067376022224085
scene_0,user_3134,item_5199,0.20979811974466375
scene_0,user_3134,item_7389,0.20979811974466375
scene_0,user_3134,item_8295,0.20979811974466375
scene_0,user_3134,item_9246,0.20979811974466375
scene_0,user_452,item_4251,0.2944888920518062
scene_0,user_452,item_4722,0.2944888920518062
scene_0,user_452,item_672,0.2944888920518062
scene_0,user_452,item_7713,0.2944888920518062
scene_0,user_607,item_3861,0.2944888920518062
scene_0,user_88,item_3861,0.5100697232983947
scene_0,user_88,item_4722,0.4164701851078906
scene_0,user_88,item_672,0.4164701851078906
scene_0,user_9563,item_1005,0.4164701851078906
scene_0,user_9563,item_7542,0.4164701851078906
scene_0,user_2392,item_1005,0.4164701851078906
scene_0,user_2392,item_7542,0.4164701851078906
scene_0,user_8245,item_9855,0.6436363296498353
scene_0,user_7827,item_6282,0.2790553132756236
scene_0,user_8607,item_6282,0.39464380868665966
scene_0,user_8607,item_7887,0.39464380868665966
scene_0,user_2391,item_7887,0.2790553132756236
scene_0,user_3726,item_6282,0.39464380868665966
scene_0,user_3726,item_7887,0.39464380868665966
scene_0,user_1978,item_6282,0.39464380868665966
scene_0,user_1978,item_7887,0.39464380868665966
scene_0,user_1902,item_4323,0.43935014561520125
scene_0,user_252,item_4323,0.43935014561520125
scene_0,user_5196,item_4323,0.43935014561520125
scene_0,user_544,item_1260,0.36067376022224085
scene_0,user_4850,item_1932,0.5255268625199613
scene_0,user_4850,item_9027,0.5255268625199613
scene_0,user_7556,item_5880,0.39464380868665966
scene_0,user_7556,item_9984,0.39464380868665966
scene_0,user_1358,item_9984,0.2790553132756236
scene_0,user_8424,item_5880,0.2790553132756236
scene_0,user_4727,item_5880,0.39464380868665966
scene_0,user_4727,item_9984,0.39464380868665966
scene_0,user_8483,item_5880,0.39464380868665966
scene_0,user_8483,item_9984,0.39464380868665966
scene_0,user_4895,item_7068,0.43935014561520125
scene_0,user_8842,item_7068,0.43935014561520125
scene_0,user_1858,item_7068,0.43935014561520125
scene_0,user_4874,item_2028,0.31066746727980593
scene_0,user_4874,item_2928,0.31066746727980593
scene_0,user_4370,item_9453,0.45511961331341866
scene_0,user_4678,item_375,0.45511961331341866
scene_0,user_3584,item_1374,0.6436363296498353
scene_0,user_3149,item_2262,0.6436363296498353
scene_0,user_2432,item_3342,0.3633810027301768
scene_0,user_9888,item_3342,0.3633810027301768
scene_0,user_7666,item_3342,0.3633810027301768
scene_0,user_2112,item_3342,0.3633810027301768
scene_0,user_7607,item_3342,0.3633810027301768
scene_0,user_7237,item_5604,0.39464380868665966
scene_0,user_5814,item_1815,0.2790553132756236
scene_0,user_5814,item_2394,0.2790553132756236
scene_0,user_5814,item_2862,0.2790553132756236
scene_0,user_9523,item_5604,0.39464380868665966
scene_0,user_8165,item_5604,0.39464380868665966
scene_0,user_7842,item_5604,0.39464380868665966
scene_0,user_6798,item_3828,0.5100697232983947
scene_0,user_6798,item_537,0.5100697232983947
scene_0,user_9954,item_537,0.36067376022224085
scene_0,user_9954,item_7002,0.24044917348149392
scene_0,user_9954,item_87,0.24044917348149392
scene_0,user_9954,item_9087,0.24044917348149392
scene_0,user_2208,item_1407,0.36067376022224085
scene_0,user_2208,item_3828,0.36067376022224085
scene_0,user_9348,item_5145,0.43935014561520125
scene_0,user_8713,item_5145,0.43935014561520125
scene_0,user_4151,item_5145,0.43935014561520125
scene_0,user_8134,item_7710,0.36067376022224085
scene_0,user_8134,item_8913,0.36067376022224085
scene_0,user_8134,item_9012,0.36067376022224085
scene_0,user_7879,item_5307,0.25503486164919736
scene_0,user_7879,item_5547,0.25503486164919736
scene_0,user_7879,item_3858,0.19732190434332983
scene_0,user_7879,item_1887,0.16090908241245883
scene_0,user_7879,item_4347,0.16090908241245883
scene_0,user_7879,item_8961,0.16090908241245883
scene_0,user_2618,item_7710,0.36067376022224085
scene_0,user_2618,item_8913,0.36067376022224085
scene_0,user_2618,item_9012,0.36067376022224085
scene_0,user_8268,item_9393,0.24044917348149392
scene_0,user_5934,item_3354,0.24044917348149392
scene_0,user_5934,item_6558,0.24044917348149392
scene_0,user_5934,item_9924,0.24044917348149392
scene_0,user_5259,item_9393,0.3400464821989298
scene_0,user_5259,item_9924,0.3400464821989298
scene_0,user_7337,item_9393,0.3400464821989298
scene_0,user_7337,item_9924,0.3400464821989298
scene_0,user_4718,item_9393,0.3400464821989298
scene_0,user_4718,item_9924,0.3400464821989298
scene_0,user_1252,item_9393,0.3400464821989298
scene_0,user_1252,item_9924,0.3400464821989298
scene_0,user_4419,item_9393,0.3400464821989298
scene_0,user_4419,item_9924,0.3400464821989298
scene_0,user_153,item_5646,0.5100697232983947
scene_0,user_2293,item_5646,0.5100697232983947
scene_0,user_8605,item_4239,0.21714724095162588
scene_0,user_8605,item_8394,0.21714724095162588
scene_0,user_2360,item_2004,0.36067376022224085
scene_0,user_7836,item_6270,0.6436363296498353
scene_0,user_4843,item_2286,0.36067376022224085
scene_0,user_4843,item_4041,0.25694917118487537
scene_0,user_4843,item_1935,0.20979811974466375
scene_0,user_4843,item_9882,0.20979811974466375
scene_0,user_4551,item_2286,0.5100697232983947
scene_0,user_4551,item_7134,0.5100697232983947
scene_0,user_7008,item_5271,0.25694917118487537
scene_0,user_7008,item_5838,0.25694917118487537
scene_0,user_7008,item_6972,0.25694917118487537
scene_0,user_3172,item_8919,0.39464380868665966
scene_0,user_6325,item_8919,0.39464380868665966
scene_0,user_3875,item_8919,0.39464380868665966
scene_0,user_9592,item_8919,0.39464380868665966
scene_0,user_6136,item_5478,0.37160360818355515
scene_0,user_6136,item_7848,0.37160360818355515
scene_0,user_5637,item_4254,0.37160360818355515
scene_0,user_5637,item_7320,0.37160360818355515
scene_0,user_5637,item_279,0.25365892483943775
scene_0,user_5637,item_3885,0.20711164485320396
scene_0,user_5637,item_7332,0.20711164485320396
scene_0,user_8590,item_5604,0.39464380868665966
scene_0,user_8590,item_4665,0.3222253204769533
scene_0,user_8590,item_555,0.3222253204769533
scene_0,user_4096,item_5604,0.22784770917926217
scene_0,user_2270,item_1815,0.2790553132756236
scene_0,user_2270,item_2394,0.2790553132756236
scene_0,user_2270,item_2751,0.2790553132756236
scene_0,user_2270,item_4665,0.22784770917926217
scene_0,user_2270,item_555,0.22784770917926217
scene_0,user_5646,item_5604,0.39464380868665966
scene_0,user_5646,item_4665,0.3222253204769533
scene_0,user_5646,item_555,0.3222253204769533
scene_0,user_7679,item_5604,0.39464380868665966
scene_0,user_7679,item_4665,0.3222253204769533
scene_0,user_7679,item_555,0.3222253204769533
scene_0,user_1005,item_1470,0.31066746727980593
scene_0,user_1005,item_2121,0.31066746727980593
scene_0,user_8413,item_1470,0.43935014561520125
scene_0,user_8413,item_2121,0.43935014561520125
scene_0,user_8413,item_9735,0.43935014561520125
scene_0,user_1361,item_3333,0.43935014561520125
scene_0,user_1361,item_750,0.43935014561520125
scene_0,user_4351,item_750,0.31066746727980593
scene_0,user_4351,item_5337,0.24044917348149392
scene_0,user_8324,item_3333,0.31066746727980593
scene_0,user_4969,item_3333,0.43935014561520125
scene_0,user_4969,item_750,0.43935014561520125
scene_0,user_5231,item_8703,0.6436363296498353
scene_0,user_200,item_6312,0.36067376022224085
scene_0,user_6002,item_2028,0.31066746727980593
scene_0,user_6002,item_2646,0.31066746727980593
scene_0,user_8128,item_7068,0.6436363296498353
scene_0,user_390,item_4146,0.25694917118487537
scene_0,user_390,item_9246,0.25694917118487537
scene_0,user_390,item_6288,0.20979811974466375
scene_0,user_390,item_7176,0.20979811974466375
scene_0,user_1157,item_3747,0.3633810027301768
scene_0,user_1157,item_4146,0.3633810027301768
scene_0,user_1157,item_9246,0.3633810027301768
scene_0,user_1157,item_6288,0.29669934630327804
scene_0,user_1157,item_7176,0.29669934630327804
scene_0,user_6805,item_3924,0.2790553132756236
scene_0,user_6805,item_7482,0.2790553132756236
scene_0,user_6805,item_3747,0.25694917118487537
scene_0,user_6805,item_9246,0.25694917118487537
scene_0,user_6805,item_6288,0.20979811974466375
scene_0,user_6805,item_7176,0.20979811974466375
scene_0,user_4456,item_3747,0.3633810027301768
scene_0,user_4456,item_4146,0.3633810027301768
scene_0,user_4456,item_9246,0.3633810027301768
scene_0,user_4456,item_6288,0.29669934630327804
scene_0,user_4456,item_7176,0.29669934630327804
scene_0,user_4720,item_3747,0.20979811974466375
scene_0,user_4720,item_4146,0.20979811974466375
scene_0,user_4720,item_6993,0.20979811974466375
scene_0,user_4720,item_9246,0.20979811974466375
scene_0,user_4720,item_9303,0.20979811974466375
scene_0,user_4720,item_6723,0.17129944745658357
scene_0,user_4720,item_8439,0.17129944745658357
scene_0,user_9694,item_7524,0.31066746727980593
scene_0,user_9694,item_3747,0.25694917118487537
scene_0,user_9694,item_4146,0.25694917118487537
scene_0,user_9694,item_2556,0.25365892483943775
scene_0,user_9694,item_8295,0.25365892483943775
scene_0,user_9694,item_6288,0.20979811974466375
scene_0,user_9694,item_7176,0.20979811974466375
scene_0,user_3252,item_573,0.43935014561520125
scene_0,user_2157,item_573,0.43935014561520125
scene_0,user_583,item_573,0.43935014561520125
scene_0,user_6096,item_7002,0.39464380868665966
scene_0,user_1417,item_7002,0.39464380868665966
scene_0,user_9202,item_3828,0.2790553132756236
scene_0,user_9202,item_9717,0.2790553132756236
scene_0,user_5811,item_7002,0.39464380868665966
scene_0,user_980,item_7002,0.39464380868665966
scene_0,user_6372,item_3918,0.19632592803453744
scene_0,user_6372,item_7644,0.19632592803453744
scene_0,user_6439,item_999,0.3400464821989298
scene_0,user_6439,item_3918,0.2776467900719271
scene_0,user_6439,item_7644,0.2776467900719271
scene_0,user_9311,item_999,0.3400464821989298
scene_0,user_9311,item_3918,0.2776467900719271
scene_0,user_9311,item_7644,0.2776467900719271
scene_0,user_3966,item_999,0.3400464821989298
scene_0,user_3966,item_3918,0.2776467900719271
scene_0,user_3966,item_7644,0.2776467900719271
scene_0,user_8603,item_999,0.3400464821989298
scene_0,user_8603,item_3918,0.2776467900719271
scene_0,user_8603,item_7644,0.2776467900719271
scene_0,user_9425,item_999,0.3400464821989298
scene_0,user_9425,item_3918,0.2776467900719271
scene_0,user_9425,item_7644,0.2776467900719271
scene_0,user_9393,item_999,0.19632592803453744
scene_0,user_9393,item_1860,0.1472444460259031
scene_0,user_9393,item_5160,0.1472444460259031
scene_0,user_9393,item_5337,0.1472444460259031
scene_0,user_9393,item_6972,0.1472444460259031
scene_0,user_9393,item_7098,0.1472444460259031
scene_0,user_9393,item_9573,0.1472444460259031
scene_0,user_3182,item_9729,0.6436363296498353
scene_0,user_1976,item_3321,0.36067376022224085
scene_0,user_7694,item_3423,0.36067376022224085
scene_0,user_7694,item_7182,0.2944888920518062
scene_0,user_7694,item_9963,0.2944888920518062
scene_0,user_7694,item_5922,0.25694917118487537
scene_0,user_8993,item_7566,0.36067376022224085
scene_0,user_8993,item_2415,0.31066746727980593
scene_0,user_8993,item_4476,0.31066746727980593
scene_0,user_8993,item_7182,0.2944888920518062
scene_0,user_8993,item_9963,0.2944888920518062
scene_0,user_6776,item_3423,0.2944888920518062
scene_0,user_6776,item_7566,0.2944888920518062
scene_0,user_6776,item_3177,0.22784770917926217
scene_0,user_3743,item_3165,0.3400464821989298
scene_0,user_3743,item_5820,0.3400464821989298
scene_0,user_3743,item_6756,0.3400464821989298
scene_0,user_487,item_3165,0.24044917348149392
scene_0,user_487,item_5820,0.24044917348149392
scene_0,user_162,item_3165,0.24044917348149392
scene_0,user_162,item_6756,0.24044917348149392
scene_0,user_7012,item_5820,0.24044917348149392
scene_0,user_7012,item_6756,0.24044917348149392
scene_0,user_2722,item_3165,0.3400464821989298
scene_0,user_2722,item_5820,0.3400464821989298
scene_0,user_2722,item_6756,0.3400464821989298
scene_0,user_3399,item_3165,0.3400464821989298
scene_0,user_3399,item_5820,0.3400464821989298
scene_0,user_3399,item_6756,0.3400464821989298
scene_0,user_4518,item_3165,0.3400464821989298
scene_0,user_4518,item_5820,0.3400464821989298
scene_0,user_4518,item_6756,0.3400464821989298
scene_0,user_8433,item_1347,0.36067376022224085
scene_0,user_6040,item_1347,0.5100697232983947
scene_0,user_6040,item_4725,0.5100697232983947
scene_0,user_9093,item_660,0.6436363296498353
scene_0,user_1130,item_483,0.20121480219092233
scene_0,user_1130,item_1128,0.0789229386765558
scene_0,user_1130,item_3885,0.0789229386765558
scene_0,user_1130,item_3933,0.0789229386765558
scene_0,user_1130,item_4200,0.0789229386765558
scene_0,user_1130,item_5049,0.0789229386765558
scene_0,user_1130,item_5094,0.0789229386765558
scene_0,user_1130,item_5331,0.0789229386765558
scene_0,user_1130,item_5451,0.0789229386765558
scene_0,user_1130,item_5979,0.0789229386765558
scene_0,user_1130,item_6942,0.0789229386765558
scene_0,user_1130,item_7197,0.0789229386765558
scene_0,user_1130,item_7365,0.0789229386765558
scene_0,user_7820,item_4200,0.43935014561520125
scene_0,user_710,item_4200,0.43935014561520125
scene_0,user_3200,item_4200,0.43935014561520125
scene_0,user_9935,item_6156,0.25694917118487537
scene_0,user_9935,item_1128,0.1007837567594748
scene_0,user_9935,item_3885,0.1007837567594748
scene_0,user_9935,item_3933,0.1007837567594748
scene_0,user_9935,item_5049,0.1007837567594748
scene_0,user_9935,item_5094,0.1007837567594748
scene_0,user_9935,item_5331,0.1007837567594748
scene_0,user_9935,item_5451,0.1007837567594748
scene_0,user_9935,item_5979,0.1007837567594748
scene_0,user_9935,item_660,0.1007837567594748
scene_0,user_9935,item_6942,0.1007837567594748
scene_0,user_9935,item_7197,0.1007837567594748
scene_0,user_9935,item_7365,0.1007837567594748
scene_0,user_4122,item_9768,0.31066746727980593
scene_0,user_6347,item_4320,0.43935014561520125
scene_0,user_6347,item_9768,0.43935014561520125
scene_0,user_2484,item_4320,0.31066746727980593
scene_0,user_3598,item_4320,0.43935014561520125
scene_0,user_3598,item_9768,0.43935014561520125
scene_0,user_6038,item_1698,0.6436363296498353
scene_0,user_2725,item_7449,0.43935014561520125
scene_0,user_9628,item_7449,0.43935014561520125
scene_0,user_8337,item_7449,0.43935014561520125
scene_0,user_7549,item_5697,0.5100697232983947
scene_0,user_6395,item_5697,0.5100697232983947
scene_0,user_6429,item_3792,0.5100697232983947
scene_0,user_9627,item_3792,0.5100697232983947
scene_0,user_8091,item_1272,0.20979811974466375
scene_0,user_8091,item_5511,0.20979811974466375
scene_0,user_8091,item_2544,0.18580180409177757
scene_0,user_8091,item_336,0.18580180409177757
scene_0,user_8091,item_3369,0.18580180409177757
scene_0,user_8091,item_6489,0.18580180409177757
scene_0,user_8091,item_8322,0.18580180409177757
scene_0,user_8091,item_9393,0.18580180409177757
scene_0,user_8091,item_3666,0.15170653777113954
scene_0,user_8091,item_9576,0.15170653777113954
scene_0,user_6378,item_3369,0.32181816482491765
scene_0,user_6378,item_6489,0.32181816482491765
scene_0,user_6378,item_8322,0.32181816482491765
scene_0,user_6378,item_6558,0.26276343125998064
scene_0,user_6378,item_8640,0.26276343125998064
scene_0,user_4948,item_3369,0.32181816482491765
scene_0,user_4948,item_6489,0.32181816482491765
scene_0,user_4948,item_8322,0.32181816482491765
scene_0,user_4948,item_6558,0.26276343125998064
scene_0,user_4948,item_8640,0.26276343125998064
scene_0,user_7260,item_7014,0.25694917118487537
scene_0,user_7260,item_3369,0.22755980665670933
scene_0,user_7260,item_6489,0.22755980665670933
scene_0,user_7260,item_6558,0.18580180409177757
scene_0,user_7260,item_8640,0.18580180409177757
scene_0,user_8187,item_6489,0.22755980665670933
scene_0,user_8187,item_8322,0.22755980665670933
scene_0,user_8187,item_6558,0.18580180409177757
scene_0,user_8187,item_8640,0.18580180409177757
scene_0,user_3045,item_3369,0.32181816482491765
scene_0,user_3045,item_6489,0.32181816482491765
scene_0,user_3045,item_8322,0.32181816482491765
scene_0,user_3045,item_6558,0.26276343125998064
scene_0,user_3045,item_8640,0.26276343125998064
scene_0,user_2624,item_3369,0.22755980665670933
scene_0,user_2624,item_8322,0.22755980665670933
scene_0,user_2624,item_6558,0.18580180409177757
scene_0,user_2624,item_8640,0.18580180409177757
scene_0,user_4572,item_3369,0.32181816482491765
scene_0,user_4572,item_6489,0.32181816482491765
scene_0,user_4572,item_8322,0.32181816482491765
scene_0,user_4572,item_6558,0.26276343125998064
scene_0,user_4572,item_8640,0.26276343125998064
scene_0,user_61,item_2100,0.6436363296498353
scene_0,user_5753,item_3,0.39464380868665966
scene_0,user_6774,item_3,0.39464380868665966
scene_0,user_7011,item_3,0.39464380868665966
scene_0,user_1051,item_3,0.39464380868665966
scene_0,user_1974,item_2997,0.22784770917926217
scene_0,user_1974,item_7182,0.22784770917926217
scene_0,user_7494,item_9963,0.6436363296498353
scene_0,user_7081,item_252,0.6436363296498353
scene_0,user_6757,item_6201,0.39464380868665966
scene_0,user_6748,item_6201,0.39464380868665966
scene_0,user_404,item_6201,0.39464380868665966
scene_0,user_3602,item_6201,0.39464380868665966
scene_0,user_5864,item_1614,0.32181816482491765
scene_0,user_5864,item_1815,0.32181816482491765
scene_0,user_5864,item_5247,0.32181816482491765
scene_0,user_2946,item_1614,0.32181816482491765
scene_0,user_2946,item_1815,0.32181816482491765
scene_0,user_2946,item_5247,0.32181816482491765
scene_0,user_2052,item_1614,0.32181816482491765
scene_0,user_2052,item_1815,0.32181816482491765
scene_0,user_2052,item_5247,0.32181816482491765
scene_0,user_2122,item_1614,0.32181816482491765
scene_0,user_2122,item_1815,0.32181816482491765
scene_0,user_2122,item_5247,0.32181816482491765
scene_0,user_6875,item_1614,0.32181816482491765
scene_0,user_6875,item_1815,0.32181816482491765
scene_0,user_6875,item_5247,0.32181816482491765
scene_0,user_237,item_1614,0.22755980665670933
scene_0,user_237,item_1815,0.22755980665670933
scene_0,user_8938,item_2247,0.39464380868665966
scene_0,user_9456,item_2247,0.39464380868665966
scene_0,user_9761,item_2247,0.39464380868665966
scene_0,user_2430,item_2247,0.39464380868665966
scene_0,user_8301,item_3456,0.5255268625199613
scene_0,user_8301,item_6306,0.5255268625199613
scene_0,user_4640,item_2721,0.22784770917926217
scene_0,user_6635,item_5382,0.5100697232983947
scene_0,user_7770,item_5382,0.5100697232983947
scene_0,user_8728,item_543,0.6436363296498353
scene_0,user_5294,item_3666,0.43935014561520125
scene_0,user_1128,item_3666,0.43935014561520125
scene_0,user_3479,item_7386,0.25694917118487537
scene_0,user_3479,item_8160,0.25694917118487537
scene_0,user_3479,item_4329,0.20979811974466375
scene_0,user_3479,item_63,0.20979811974466375
scene_0,user_3479,item_6558,0.20979811974466375
scene_0,user_3479,item_9576,0.20979811974466375
scene_0,user_5010,item_3666,0.43935014561520125
scene_0,user_2807,item_1329,0.5100697232983947
scene_0,user_469,item_1329,0.5100697232983947
scene_0,user_743,item_1707,0.37160360818355515
scene_0,user_743,item_9696,0.25365892483943775
scene_0,user_6998,item_9729,0.6436363296498353
scene_0,user_4512,item_2982,0.36067376022224085
scene_0,user_609,item_4623,0.5100697232983947
scene_0,user_609,item_3354,0.4164701851078906
scene_0,user_609,item_8829,0.4164701851078906
scene_0,user_5087,item_4623,0.2944888920518062
scene_0,user_5087,item_9393,0.25365892483943775
scene_0,user_5087,item_8724,0.19632592803453744
scene_0,user_5433,item_3354,0.2944888920518062
scene_0,user_5433,item_8829,0.2944888920518062
scene_0,user_7829,item_2457,0.5100697232983947
scene_0,user_3591,item_2457,0.5100697232983947
scene_0,user_15,item_1293,0.21714724095162588
scene_0,user_15,item_1698,0.21714724095162588
scene_0,user_15,item_3891,0.21714724095162588
scene_0,user_15,item_5211,0.21714724095162588
scene_0,user_15,item_8856,0.21714724095162588
scene_0,user_35,item_4410,0.5100697232983947
scene_0,user_6516,item_4410,0.5100697232983947
scene_0,user_6337,item_2910,0.3400464821989298
scene_0,user_6337,item_5337,0.3400464821989298
scene_0,user_253,item_2910,0.3400464821989298
scene_0,user_253,item_5337,0.3400464821989298
scene_0,user_1792,item_2910,0.3400464821989298
scene_0,user_1792,item_5337,0.3400464821989298
scene_0,user_6406,item_2910,0.3400464821989298
scene_0,user_6406,item_5337,0.3400464821989298
scene_0,user_3218,item_2910,0.24044917348149392
scene_0,user_3218,item_1074,0.22755980665670933
scene_0,user_3218,item_3813,0.22755980665670933
scene_0,user_3218,item_7644,0.22755980665670933
scene_0,user_7982,item_2910,0.3400464821989298
scene_0,user_7982,item_5337,0.3400464821989298
scene_0,user_9772,item_2739,0.6436363296498353
scene_0,user_5240,item_9393,0.43935014561520125
scene_0,user_5240,item_3324,0.35872789172491043
scene_0,user_5240,item_8829,0.35872789172491043
scene_0,user_2315,item_9393,0.43935014561520125
scene_0,user_2315,item_3324,0.35872789172491043
scene_0,user_2315,item_8829,0.35872789172491043
scene_0,user_8383,item_3324,0.25365892483943775
scene_0,user_8383,item_8829,0.25365892483943775
scene_0,user_8383,item_2814,0.24044917348149392
scene_0,user_8383,item_6558,0.24044917348149392
scene_0,user_3846,item_6558,0.43935014561520125
scene_0,user_4422,item_6558,0.43935014561520125
scene_0,user_5503,item_6558,0.43935014561520125
scene_0,user_1774,item_2544,0.22755980665670933
scene_0,user_1774,item_9393,0.22755980665670933
scene_0,user_1774,item_3138,0.18580180409177757
scene_0,user_1774,item_3666,0.18580180409177757
scene_0,user_1774,item_8640,0.18580180409177757
scene_0,user_1774,item_9576,0.18580180409177757
scene_0,user_7905,item_3138,0.5100697232983947
scene_0,user_2588,item_3138,0.5100697232983947
scene_0,user_9514,item_6357,0.6436363296498353
scene_0,user_8427,item_5694,0.24044917348149392
scene_0,user_8427,item_5799,0.24044917348149392
scene_0,user_8427,item_8697,0.24044917348149392
scene_0,user_8427,item_9063,0.24044917348149392
scene_0,user_2899,item_6111,0.5255268625199613
scene_0,user_2899,item_6645,0.5255268625199613
scene_0,user_2034,item_5223,0.2944888920518062
scene_0,user_5929,item_2415,0.31066746727980593
scene_0,user_5929,item_2997,0.31066746727980593
scene_0,user_7725,item_2415,0.43935014561520125
scene_0,user_7725,item_2997,0.43935014561520125
scene_0,user_7725,item_4476,0.43935014561520125
scene_0,user_9460,item_1386,0.45511961331341866
scene_0,user_9460,item_7086,0.45511961331341866
scene_0,user_9791,item_1860,0.5100697232983947
scene_0,user_8463,item_1860,0.5100697232983947
scene_0,user_9831,item_3219,0.4164701851078906
scene_0,user_9831,item_6306,0.4164701851078906
scene_0,user_694,item_3219,0.4164701851078906
scene_0,user_694,item_6306,0.4164701851078906
scene_0,user_9374,item_1080,0.3400464821989298
scene_0,user_9374,item_5124,0.3400464821989298
scene_0,user_9374,item_615,0.2776467900719271
scene_0,user_9374,item_7206,0.2776467900719271
scene_0,user_8723,item_1080,0.3400464821989298
scene_0,user_8723,item_5124,0.3400464821989298
scene_0,user_8723,item_615,0.2776467900719271
scene_0,user_8723,item_7206,0.2776467900719271
scene_0,user_4171,item_1080,0.19632592803453744
scene_0,user_4171,item_5124,0.19632592803453744
scene_0,user_4171,item_6156,0.19632592803453744
scene_0,user_9135,item_1080,0.3400464821989298
scene_0,user_9135,item_5124,0.3400464821989298
scene_0,user_9135,item_615,0.2776467900719271
scene_0,user_9135,item_7206,0.2776467900719271
scene_0,user_3628,item_1080,0.24044917348149392
scene_0,user_3628,item_4224,0.20121480219092233
scene_0,user_3628,item_5334,0.20121480219092233
scene_0,user_3628,item_99,0.20121480219092233
scene_0,user_3628,item_615,0.19632592803453744
scene_0,user_3628,item_7206,0.19632592803453744
scene_0,user_1379,item_1080,0.3400464821989298
scene_0,user_1379,item_5124,0.3400464821989298
scene_0,user_1379,item_615,0.2776467900719271
scene_0,user_1379,item_7206,0.2776467900719271
scene_0,user_9792,item_8646,0.3633810027301768
scene_0,user_1099,item_8646,0.3633810027301768
scene_0,user_946,item_8646,0.3633810027301768
scene_0,user_9516,item_8646,0.3633810027301768
scene_0,user_7178,item_8646,0.3633810027301768
scene_0,user_6782,item_5169,0.5100697232983947
scene_0,user_3443,item_8331,0.31066746727980593
scene_0,user_3443,item_8766,0.31066746727980593
scene_0,user_3664,item_5169,0.5100697232983947
scene_0,user_106,item_1851,0.30709257318568767
scene_0,user_106,item_2046,0.30709257318568767
scene_0,user_106,item_6156,0.30709257318568767
scene_0,user_106,item_7569,0.30709257318568767
scene_0,user_106,item_8697,0.30709257318568767
scene_0,user_3585,item_1851,0.30709257318568767
scene_0,user_3585,item_2046,0.30709257318568767
scene_0,user_3585,item_6156,0.30709257318568767
scene_0,user_3585,item_7569,0.30709257318568767
scene_0,user_3585,item_8697,0.30709257318568767
scene_0,user_9233,item_1851,0.30709257318568767
scene_0,user_9233,item_2046,0.30709257318568767
scene_0,user_9233,item_6156,0.30709257318568767
scene_0,user_9233,item_7569,0.30709257318568767
scene_0,user_9233,item_8697,0.30709257318568767
scene_0,user_3687,item_4311,0.36067376022224085
scene_0,user_3687,item_6501,0.36067376022224085
scene_0,user_3687,item_1851,0.21714724095162588
scene_0,user_3687,item_2046,0.21714724095162588
scene_0,user_3687,item_6156,0.21714724095162588
scene_0,user_3687,item_8697,0.21714724095162588
scene_0,user_5222,item_2046,0.21714724095162588
scene_0,user_5222,item_6156,0.21714724095162588
scene_0,user_5222,item_7569,0.21714724095162588
scene_0,user_5222,item_8697,0.21714724095162588
scene_0,user_3810,item_1851,0.30709257318568767
scene_0,user_3810,item_2046,0.30709257318568767
scene_0,user_3810,item_6156,0.30709257318568767
scene_0,user_3810,item_7569,0.30709257318568767
scene_0,user_3810,item_8697,0.30709257318568767
scene_0,user_9558,item_6357,0.22755980665670933
scene_0,user_9558,item_6834,0.22755980665670933
scene_0,user_9558,item_7344,0.22755980665670933
scene_0,user_9558,item_8496,0.22755980665670933
scene_0,user_9558,item_1851,0.21714724095162588
scene_0,user_9558,item_2046,0.21714724095162588
scene_0,user_9558,item_6156,0.21714724095162588
scene_0,user_9558,item_7569,0.21714724095162588
scene_0,user_4956,item_4200,0.22755980665670933
scene_0,user_4956,item_615,0.22755980665670933
scene_0,user_4956,item_1851,0.21714724095162588
scene_0,user_4956,item_2046,0.21714724095162588
scene_0,user_4956,item_7569,0.21714724095162588
scene_0,user_4956,item_8697,0.21714724095162588
scene_0,user_5252,item_7716,0.6436363296498353
scene_0,user_1446,item_1953,0.2790553132756236
scene_0,user_5,item_5655,0.6436363296498353
scene_0,user_4515,item_1596,0.2944888920518062
scene_0,user_4515,item_987,0.2944888920518062
scene_0,user_8030,item_5634,0.3034130755422791
scene_0,user_8030,item_8538,0.3034130755422791
scene_0,user_8030,item_3249,0.20979811974466375
scene_0,user_8030,item_7386,0.20979811974466375
scene_0,user_8030,item_8160,0.20979811974466375
scene_0,user_8030,item_6558,0.17129944745658357
scene_0,user_8030,item_9576,0.17129944745658357
scene_0,user_1456,item_4923,0.2790553132756236
scene_0,user_1456,item_8100,0.2790553132756236
scene_0,user_1456,item_3249,0.25694917118487537
scene_0,user_1456,item_8160,0.25694917118487537
scene_0,user_1456,item_4329,0.20979811974466375
scene_0,user_1456,item_63,0.20979811974466375
scene_0,user_1456,item_6558,0.20979811974466375
scene_0,user_1456,item_9576,0.20979811974466375
scene_0,user_5189,item_3249,0.3633810027301768
scene_0,user_5189,item_7386,0.3633810027301768
scene_0,user_5189,item_8160,0.3633810027301768
scene_0,user_5189,item_4329,0.29669934630327804
scene_0,user_5189,item_63,0.29669934630327804
scene_0,user_5189,item_6558,0.29669934630327804
scene_0,user_5189,item_9576,0.29669934630327804
scene_0,user_9715,item_4305,0.2790553132756236
scene_0,user_9715,item_3249,0.25694917118487537
scene_0,user_9715,item_7386,0.25694917118487537
scene_0,user_9715,item_4329,0.20979811974466375
scene_0,user_9715,item_63,0.20979811974466375
scene_0,user_9715,item_6558,0.20979811974466375
scene_0,user_9715,item_9576,0.20979811974466375
scene_0,user_1716,item_3249,0.20979811974466375
scene_0,user_1716,item_7386,0.20979811974466375
scene_0,user_1716,item_8160,0.20979811974466375
scene_0,user_1716,item_2544,0.18580180409177757
scene_0,user_1716,item_336,0.18580180409177757
scene_0,user_1716,item_9393,0.18580180409177757
scene_0,user_1716,item_4329,0.17129944745658357
scene_0,user_1716,item_63,0.17129944745658357
scene_0,user_1716,item_3138,0.15170653777113954
scene_0,user_1716,item_8640,0.15170653777113954
scene_0,user_3355,item_1683,0.5255268625199613
scene_0,user_3355,item_2886,0.5255268625199613
scene_0,user_608,item_1281,0.43935014561520125
scene_0,user_608,item_153,0.31066746727980593
scene_0,user_608,item_4089,0.31066746727980593
scene_0,user_608,item_8727,0.31066746727980593
scene_0,user_1015,item_1281,0.43935014561520125
scene_0,user_1015,item_153,0.31066746727980593
scene_0,user_1015,item_4089,0.31066746727980593
scene_0,user_1015,item_8727,0.31066746727980593
scene_0,user_1693,item_3843,0.31066746727980593
scene_0,user_1693,item_5910,0.31066746727980593
scene_0,user_1693,item_645,0.31066746727980593
scene_0,user_8408,item_3843,0.31066746727980593
scene_0,user_8408,item_5487,0.31066746727980593
scene_0,user_8408,item_645,0.31066746727980593
scene_0,user_8408,item_6669,0.2790553132756236
scene_0,user_8408,item_942,0.2790553132756236
scene_0,user_7923,item_3843,0.31066746727980593
scene_0,user_7923,item_5487,0.31066746727980593
scene_0,user_7923,item_5910,0.31066746727980593
scene_0,user_9914,item_5487,0.31066746727980593
scene_0,user_9914,item_5910,0.31066746727980593
scene_0,user_9914,item_645,0.31066746727980593
scene_0,user_9914,item_462,0.19493562262564004
scene_0,user_9914,item_9870,0.19493562262564004
scene_0,user_3333,item_210,0.6436363296498353
scene_0,user_994,item_2676,0.6436363296498353
scene_0,user_6335,item_1449,0.45511961331341866
scene_0,user_5896,item_4380,0.25694917118487537
scene_0,user_5896,item_5337,0.25694917118487537
scene_0,user_5896,item_9045,0.25694917118487537
scene_0,user_5896,item_9357,0.25694917118487537
scene_0,user_3568,item_5337,0.3633810027301768
scene_0,user_3568,item_7230,0.3633810027301768
scene_0,user_3568,item_9045,0.3633810027301768
scene_0,user_3568,item_9357,0.3633810027301768
scene_0,user_2332,item_7230,0.25694917118487537
scene_0,user_2332,item_9045,0.25694917118487537
scene_0,user_2332,item_9357,0.25694917118487537
scene_0,user_2332,item_1074,0.22755980665670933
scene_0,user_2332,item_3333,0.22755980665670933
scene_0,user_2332,item_7644,0.22755980665670933
scene_0,user_9324,item_5337,0.25694917118487537
scene_0,user_9324,item_7230,0.25694917118487537
scene_0,user_9324,item_9357,0.25694917118487537
scene_0,user_9324,item_561,0.22755980665670933
scene_0,user_7835,item_5337,0.3633810027301768
scene_0,user_7835,item_7230,0.3633810027301768
scene_0,user_7835,item_9045,0.3633810027301768
scene_0,user_7835,item_9357,0.3633810027301768
scene_0,user_6420,item_1503,0.31066746727980593
scene_0,user_6420,item_5337,0.25694917118487537
scene_0,user_6420,item_7230,0.25694917118487537
scene_0,user_6420,item_9045,0.25694917118487537
scene_0,user_6504,item_5211,0.43935014561520125
scene_0,user_6504,item_9870,0.43935014561520125
scene_0,user_6256,item_5211,0.43935014561520125
scene_0,user_6256,item_9870,0.43935014561520125
scene_0,user_8117,item_5211,0.31066746727980593
scene_0,user_8117,item_3843,0.21714724095162588
scene_0,user_8117,item_7635,0.21714724095162588
scene_0,user_1964,item_4410,0.45511961331341866
scene_0,user_1964,item_9870,0.31066746727980593
scene_0,user_1651,item_2754,0.3400464821989298
scene_0,user_1651,item_7002,0.3400464821989298
scene_0,user_1651,item_87,0.3400464821989298
scene_0,user_1651,item_9087,0.3400464821989298
scene_0,user_9701,item_2754,0.3400464821989298
scene_0,user_9701,item_7002,0.3400464821989298
scene_0,user_9701,item_87,0.3400464821989298
scene_0,user_9701,item_9087,0.3400464821989298
scene_0,user_5747,item_2952,0.2790553132756236
scene_0,user_5747,item_9717,0.2790553132756236
scene_0,user_5747,item_2754,0.24044917348149392
scene_0,user_5747,item_87,0.24044917348149392
scene_0,user_5747,item_9087,0.24044917348149392
scene_0,user_8444,item_7920,0.45511961331341866
scene_0,user_8444,item_2754,0.24044917348149392
scene_0,user_8444,item_7002,0.24044917348149392
scene_0,user_8444,item_9087,0.24044917348149392
scene_0,user_1490,item_2754,0.3400464821989298
scene_0,user_1490,item_7002,0.3400464821989298
scene_0,user_1490,item_87,0.3400464821989298
scene_0,user_1490,item_9087,0.3400464821989298
scene_0,user_6414,item_1686,0.31066746727980593
scene_0,user_6414,item_2754,0.24044917348149392
scene_0,user_6414,item_7002,0.24044917348149392
scene_0,user_6414,item_87,0.24044917348149392
scene_0,user_8075,item_2454,0.2790553132756236
scene_0,user_8075,item_3729,0.19493562262564004
scene_0,user_8075,item_9870,0.19493562262564004
scene_0,user_9197,item_3729,0.2756806013068237
scene_0,user_9197,item_462,0.2756806013068237
scene_0,user_9197,item_9870,0.2756806013068237
scene_0,user_4836,item_3729,0.2756806013068237
scene_0,user_4836,item_462,0.2756806013068237
scene_0,user_4836,item_9870,0.2756806013068237
scene_0,user_3419,item_3729,0.2756806013068237
scene_0,user_3419,item_462,0.2756806013068237
scene_0,user_3419,item_9870,0.2756806013068237
scene_0,user_6594,item_3729,0.2756806013068237
scene_0,user_6594,item_462,0.2756806013068237
scene_0,user_6594,item_9870,0.2756806013068237
scene_0,user_5026,item_3729,0.2756806013068237
scene_0,user_5026,item_462,0.2756806013068237
scene_0,user_5026,item_9870,0.2756806013068237
scene_0,user_9692,item_3825,0.21714724095162588
scene_0,user_9692,item_7635,0.21714724095162588
scene_0,user_9692,item_3729,0.19493562262564004
scene_0,user_9692,item_462,0.19493562262564004
scene_0,user_3124,item_3729,0.2756806013068237
scene_0,user_3124,item_462,0.2756806013068237
scene_0,user_3124,item_9870,0.2756806013068237
scene_0,user_2569,item_3729,0.2756806013068237
scene_0,user_2569,item_462,0.2756806013068237
scene_0,user_2569,item_9870,0.2756806013068237
scene_0,user_7478,item_3729,0.2756806013068237
scene_0,user_7478,item_462,0.2756806013068237
scene_0,user_7478,item_9870,0.2756806013068237
scene_0,user_5413,item_3729,0.2756806013068237
scene_0,user_5413,item_462,0.2756806013068237
scene_0,user_5413,item_9870,0.2756806013068237
scene_0,user_2998,item_8913,0.32181816482491765
scene_0,user_1,item_8913,0.32181816482491765
scene_0,user_7962,item_8913,0.32181816482491765
scene_0,user_6118,item_8913,0.32181816482491765
scene_0,user_4933,item_8913,0.32181816482491765
scene_0,user_3475,item_8913,0.32181816482491765
scene_0,user_2828,item_8913,0.32181816482491765
scene_0,user_6441,item_2805,0.19732190434332983
scene_0,user_6441,item_7710,0.19732190434332983
scene_0,user_6441,item_9012,0.19732190434332983
scene_0,user_6424,item_2565,0.2944888920518062
scene_0,user_9239,item_2565,0.5100697232983947
scene_0,user_9239,item_4251,0.4164701851078906
scene_0,user_9239,item_7713,0.4164701851078906
scene_0,user_4585,item_210,0.31066746727980593
scene_0,user_4585,item_3675,0.2790553132756236
scene_0,user_4585,item_7032,0.2790553132756236
scene_0,user_7919,item_210,0.43935014561520125
scene_0,user_7919,item_579,0.43935014561520125
scene_0,user_5860,item_210,0.43935014561520125
scene_0,user_5860,item_579,0.43935014561520125
scene_0,user_7104,item_390,0.36067376022224085
scene_0,user_5029,item_3957,0.5100697232983947
scene_0,user_403,item_3957,0.5100697232983947
scene_0,user_3792,item_6717,0.2790553132756236
scene_0,user_3792,item_2331,0.22784770917926217
scene_0,user_3792,item_7917,0.22784770917926217
scene_0,user_3792,item_4302,0.22755980665670933
scene_0,user_3792,item_5478,0.18580180409177757
scene_0,user_3792,item_7332,0.18580180409177757
scene_0,user_3792,item_1128,0.08925629958861248
scene_0,user_3792,item_3933,0.08925629958861248
scene_0,user_3792,item_4200,0.08925629958861248
scene_0,user_3792,item_5049,0.08925629958861248
scene_0,user_3792,item_5094,0.08925629958861248
scene_0,user_3792,item_5331,0.08925629958861248
scene_0,user_3792,item_5451,0.08925629958861248
scene_0,user_3792,item_5979,0.08925629958861248
scene_0,user_3792,item_660,0.08925629958861248
scene_0,user_3792,item_6942,0.08925629958861248
scene_0,user_3792,item_7197,0.08925629958861248
scene_0,user_3792,item_7365,0.08925629958861248
scene_0,user_6863,item_279,0.25365892483943775
scene_0,user_6863,item_2859,0.20711164485320396
scene_0,user_6863,item_7848,0.20711164485320396
scene_0,user_6863,item_4302,0.18580180409177757
scene_0,user_6863,item_8988,0.18580180409177757
scene_0,user_6863,item_1128,0.07287746344036289
scene_0,user_6863,item_3933,0.07287746344036289
scene_0,user_6863,item_4200,0.07287746344036289
scene_0,user_6863,item_5049,0.07287746344036289
scene_0,user_6863,item_5094,0.07287746344036289
scene_0,user_6863,item_5331,0.07287746344036289
scene_0,user_6863,item_5451,0.07287746344036289
scene_0,user_6863,item_5979,0.07287746344036289
scene_0,user_6863,item_660,0.07287746344036289
scene_0,user_6863,item_6942,0.07287746344036289
scene_0,user_6863,item_7197,0.07287746344036289
scene_0,user_6863,item_7365,0.07287746344036289
scene_0,user_5769,item_4302,0.32181816482491765
scene_0,user_5769,item_8988,0.32181816482491765
scene_0,user_5769,item_5478,0.26276343125998064
scene_0,user_5769,item_7332,0.26276343125998064
scene_0,user_5769,item_1128,0.12622746940545188
scene_0,user_5769,item_3933,0.12622746940545188
scene_0,user_5769,item_4200,0.12622746940545188
scene_0,user_5769,item_5049,0.12622746940545188
scene_0,user_5769,item_5094,0.12622746940545188
scene_0,user_5769,item_5331,0.12622746940545188
scene_0,user_5769,item_5451,0.12622746940545188
scene_0,user_5769,item_5979,0.12622746940545188
scene_0,user_5769,item_660,0.12622746940545188
scene_0,user_5769,item_6942,0.12622746940545188
scene_0,user_5769,item_7197,0.12622746940545188
scene_0,user_5769,item_7365,0.12622746940545188
scene_0,user_6841,item_5580,0.2790553132756236
scene_0,user_6841,item_8469,0.2790553132756236
scene_0,user_6841,item_915,0.2790553132756236
scene_0,user_6841,item_8988,0.22755980665670933
scene_0,user_6841,item_5478,0.18580180409177757
scene_0,user_6841,item_7332,0.18580180409177757
scene_0,user_6841,item_1128,0.08925629958861248
scene_0,user_6841,item_3933,0.08925629958861248
scene_0,user_6841,item_4200,0.08925629958861248
scene_0,user_6841,item_5049,0.08925629958861248
scene_0,user_6841,item_5094,0.08925629958861248
scene_0,user_6841,item_5331,0.08925629958861248
scene_0,user_6841,item_5451,0.08925629958861248
scene_0,user_6841,item_5979,0.08925629958861248
scene_0,user_6841,item_660,0.08925629958861248
scene_0,user_6841,item_6942,0.08925629958861248
scene_0,user_6841,item_7197,0.08925629958861248
scene_0,user_6841,item_7365,0.08925629958861248
scene_0,user_9443,item_4302,0.32181816482491765
scene_0,user_9443,item_8988,0.32181816482491765
scene_0,user_9443,item_5478,0.26276343125998064
scene_0,user_9443,item_7332,0.26276343125998064
scene_0,user_9443,item_1128,0.12622746940545188
scene_0,user_9443,item_3933,0.12622746940545188
scene_0,user_9443,item_4200,0.12622746940545188
scene_0,user_9443,item_5049,0.12622746940545188
scene_0,user_9443,item_5094,0.12622746940545188
scene_0,user_9443,item_5331,0.12622746940545188
scene_0,user_9443,item_5451,0.12622746940545188
scene_0,user_9443,item_5979,0.12622746940545188
scene_0,user_9443,item_660,0.12622746940545188
scene_0,user_9443,item_6942,0.12622746940545188
scene_0,user_9443,item_7197,0.12622746940545188
scene_0,user_9443,item_7365,0.12622746940545188
scene_0,user_8686,item_4302,0.32181816482491765
scene_0,user_8686,item_8988,0.32181816482491765
scene_0,user_8686,item_5478,0.26276343125998064
scene_0,user_8686,item_7332,0.26276343125998064
scene_0,user_8686,item_1128,0.12622746940545188
scene_0,user_8686,item_3933,0.12622746940545188
scene_0,user_8686,item_4200,0.12622746940545188
scene_0,user_8686,item_5049,0.12622746940545188
scene_0,user_8686,item_5094,0.12622746940545188
scene_0,user_8686,item_5331,0.12622746940545188
scene_0,user_8686,item_5451,0.12622746940545188
scene_0,user_8686,item_5979,0.12622746940545188
scene_0,user_8686,item_660,0.12622746940545188
scene_0,user_8686,item_6942,0.12622746940545188
scene_0,user_8686,item_7197,0.12622746940545188
scene_0,user_8686,item_7365,0.12622746940545188
scene_0,user_8725,item_4302,0.32181816482491765
scene_0,user_8725,item_8988,0.32181816482491765
scene_0,user_8725,item_5478,0.26276343125998064
scene_0,user_8725,item_7332,0.26276343125998064
scene_0,user_8725,item_1128,0.12622746940545188
scene_0,user_8725,item_3933,0.12622746940545188
scene_0,user_8725,item_4200,0.12622746940545188
scene_0,user_8725,item_5049,0.12622746940545188
scene_0,user_8725,item_5094,0.12622746940545188
scene_0,user_8725,item_5331,0.12622746940545188
scene_0,user_8725,item_5451,0.12622746940545188
scene_0,user_8725,item_5979,0.12622746940545188
scene_0,user_8725,item_660,0.12622746940545188
scene_0,user_8725,item_6942,0.12622746940545188
scene_0,user_8725,item_7197,0.12622746940545188
scene_0,user_8725,item_7365,0.12622746940545188
scene_0,user_9513,item_1302,0.29488643195052716
scene_0,user_9513,item_3957,0.29488643195052716
scene_0,user_9513,item_8796,0.29488643195052716
scene_0,user_9079,item_3957,0.20851619571212315
scene_0,user_9079,item_8796,0.20851619571212315
scene_0,user_1730,item_1302,0.29488643195052716
scene_0,user_1730,item_3957,0.29488643195052716
scene_0,user_1730,item_8796,0.29488643195052716
scene_0,user_7862,item_6129,0.2790553132756236
scene_0,user_7862,item_1302,0.20851619571212315
scene_0,user_7862,item_3957,0.20851619571212315
scene_0,user_1313,item_1302,0.29488643195052716
scene_0,user_1313,item_3957,0.29488643195052716
scene_0,user_1313,item_8796,0.29488643195052716
scene_0,user_9833,item_3873,0.36067376022224085
scene_0,user_9833,item_1302,0.20851619571212315
scene_0,user_9833,item_8796,0.20851619571212315
scene_0,user_5224,item_1302,0.29488643195052716
scene_0,user_5224,item_3957,0.29488643195052716
scene_0,user_5224,item_8796,0.29488643195052716
scene_0,user_2738,item_1302,0.29488643195052716
scene_0,user_2738,item_3957,0.29488643195052716
scene_0,user_2738,item_8796,0.29488643195052716
scene_0,user_8244,item_1302,0.29488643195052716
scene_0,user_8244,item_3957,0.29488643195052716
scene_0,user_8244,item_8796,0.29488643195052716
scene_0,user_50,item_1302,0.29488643195052716
scene_0,user_50,item_3957,0.29488643195052716
scene_0,user_50,item_8796,0.29488643195052716
scene_0,user_8142,item_4002,0.43935014561520125
scene_0,user_8142,item_6495,0.43935014561520125
scene_0,user_8142,item_6912,0.43935014561520125
scene_0,user_3958,item_4002,0.31066746727980593
scene_0,user_3958,item_6912,0.31066746727980593
scene_0,user_2053,item_6495,0.31066746727980593
scene_0,user_2053,item_6912,0.31066746727980593
scene_0,user_912,item_4002,0.31066746727980593
scene_0,user_912,item_6495,0.31066746727980593
scene_0,user_912,item_2853,0.2790553132756236
scene_0,user_912,item_4020,0.2790553132756236
scene_0,user_912,item_9243,0.2790553132756236
scene_0,user_9673,item_4146,0.5100697232983947
scene_0,user_5106,item_4146,0.5100697232983947
scene_0,user_3405,item_2940,0.2790553132756236
scene_0,user_3405,item_7482,0.2790553132756236
scene_0,user_2747,item_6411,0.3633810027301768
scene_0,user_2747,item_1128,0.14252975567616036
scene_0,user_2747,item_3885,0.14252975567616036
scene_0,user_2747,item_4200,0.14252975567616036
scene_0,user_2747,item_5049,0.14252975567616036
scene_0,user_2747,item_5094,0.14252975567616036
scene_0,user_2747,item_5331,0.14252975567616036
scene_0,user_2747,item_5451,0.14252975567616036
scene_0,user_2747,item_5979,0.14252975567616036
scene_0,user_2747,item_660,0.14252975567616036
scene_0,user_2747,item_6942,0.14252975567616036
scene_0,user_2747,item_7197,0.14252975567616036
scene_0,user_2747,item_7365,0.14252975567616036
scene_0,user_5325,item_6411,0.3633810027301768
scene_0,user_5325,item_1128,0.14252975567616036
scene_0,user_5325,item_3885,0.14252975567616036
scene_0,user_5325,item_4200,0.14252975567616036
scene_0,user_5325,item_5049,0.14252975567616036
scene_0,user_5325,item_5094,0.14252975567616036
scene_0,user_5325,item_5331,0.14252975567616036
scene_0,user_5325,item_5451,0.14252975567616036
scene_0,user_5325,item_5979,0.14252975567616036
scene_0,user_5325,item_660,0.14252975567616036
scene_0,user_5325,item_6942,0.14252975567616036
scene_0,user_5325,item_7197,0.14252975567616036
scene_0,user_5325,item_7365,0.14252975567616036
scene_0,user_9220,item_6411,0.3633810027301768
scene_0,user_9220,item_1128,0.14252975567616036
scene_0,user_9220,item_3885,0.14252975567616036
scene_0,user_9220,item_4200,0.14252975567616036
scene_0,user_9220,item_5049,0.14252975567616036
scene_0,user_9220,item_5094,0.14252975567616036
scene_0,user_9220,item_5331,0.14252975567616036
scene_0,user_9220,item_5451,0.14252975567616036
scene_0,user_9220,item_5979,0.14252975567616036
scene_0,user_9220,item_660,0.14252975567616036
scene_0,user_9220,item_6942,0.14252975567616036
scene_0,user_9220,item_7197,0.14252975567616036
scene_0,user_9220,item_7365,0.14252975567616036
scene_0,user_6993,item_6411,0.3633810027301768
scene_0,user_6993,item_1128,0.14252975567616036
scene_0,user_6993,item_3885,0.14252975567616036
scene_0,user_6993,item_4200,0.14252975567616036
scene_0,user_6993,item_5049,0.14252975567616036
scene_0,user_6993,item_5094,0.14252975567616036
scene_0,user_6993,item_5331,0.14252975567616036
scene_0,user_6993,item_5451,0.14252975567616036
scene_0,user_6993,item_5979,0.14252975567616036
scene_0,user_6993,item_660,0.14252975567616036
scene_0,user_6993,item_6942,0.14252975567616036
scene_0,user_6993,item_7197,0.14252975567616036
scene_0,user_6993,item_7365,0.14252975567616036
scene_0,user_4349,item_8046,0.20851619571212315
scene_0,user_4349,item_1128,0.1007837567594748
scene_0,user_4349,item_3885,0.1007837567594748
scene_0,user_4349,item_4200,0.1007837567594748
scene_0,user_4349,item_5049,0.1007837567594748
scene_0,user_4349,item_5094,0.1007837567594748
scene_0,user_4349,item_5331,0.1007837567594748
scene_0,user_4349,item_5451,0.1007837567594748
scene_0,user_4349,item_5979,0.1007837567594748
scene_0,user_4349,item_660,0.1007837567594748
scene_0,user_4349,item_6942,0.1007837567594748
scene_0,user_4349,item_7197,0.1007837567594748
scene_0,user_4349,item_7365,0.1007837567594748
scene_0,user_2728,item_3873,0.5100697232983947
scene_0,user_2728,item_390,0.5100697232983947
scene_0,user_5793,item_8904,0.5100697232983947
scene_0,user_6449,item_8904,0.5100697232983947
scene_0,user_4712,item_9,0.5100697232983947
scene_0,user_3382,item_1860,0.36067376022224085
scene_0,user_3382,item_1230,0.2944888920518062
scene_0,user_3382,item_9057,0.2944888920518062
scene_0,user_9936,item_9,0.5100697232983947
scene_0,user_7475,item_6840,0.43935014561520125
scene_0,user_7475,item_8259,0.43935014561520125
scene_0,user_7475,item_9084,0.43935014561520125
scene_0,user_7762,item_8259,0.31066746727980593
scene_0,user_7762,item_9084,0.31066746727980593
scene_0,user_6665,item_6840,0.31066746727980593
scene_0,user_6665,item_8259,0.31066746727980593
scene_0,user_258,item_6840,0.31066746727980593
scene_0,user_258,item_9084,0.31066746727980593
scene_0,user_2533,item_1710,0.5100697232983947
scene_0,user_6326,item_1710,0.5100697232983947
scene_0,user_459,item_2853,0.2790553132756236
scene_0,user_459,item_3906,0.2790553132756236
scene_0,user_459,item_9243,0.2790553132756236
scene_0,user_805,item_6912,0.6436363296498353
scene_0,user_207,item_7320,0.45511961331341866
scene_0,user_7610,item_621,0.5100697232983947
scene_0,user_9195,item_621,0.5100697232983947
scene_0,user_1288,item_7134,0.6436363296498353
scene_0,user_3717,item_2838,0.25694917118487537
scene_0,user_3717,item_1935,0.20979811974466375
scene_0,user_3717,item_9882,0.20979811974466375
scene_0,user_4303,item_8574,0.3633810027301768
scene_0,user_4303,item_1089,0.29669934630327804
scene_0,user_4303,item_8025,0.29669934630327804
scene_0,user_3690,item_7920,0.25694917118487537
scene_0,user_3690,item_1089,0.20979811974466375
scene_0,user_3690,item_8025,0.20979811974466375
scene_0,user_3980,item_8574,0.3633810027301768
scene_0,user_3980,item_1089,0.29669934630327804
scene_0,user_3980,item_8025,0.29669934630327804
scene_0,user_8751,item_8574,0.3633810027301768
scene_0,user_8751,item_1089,0.29669934630327804
scene_0,user_8751,item_8025,0.29669934630327804
scene_0,user_5564,item_8574,0.3633810027301768
scene_0,user_5564,item_1089,0.29669934630327804
scene_0,user_5564,item_8025,0.29669934630327804
scene_0,user_8848,item_3426,0.45511961331341866
scene_0,user_8848,item_2922,0.31066746727980593
scene_0,user_6701,item_972,0.36067376022224085
scene_0,user_8779,item_1173,0.36067376022224085
scene_0,user_8580,item_1173,0.5100697232983947
scene_0,user_8580,item_972,0.5100697232983947
scene_0,user_6655,item_1974,0.39464380868665966
scene_0,user_6655,item_4335,0.39464380868665966
scene_0,user_6655,item_8631,0.39464380868665966
scene_0,user_1410,item_1974,0.2790553132756236
scene_0,user_1410,item_8631,0.2790553132756236
scene_0,user_1410,item_5907,0.19632592803453744
scene_0,user_1410,item_6882,0.19632592803453744
scene_0,user_261,item_1974,0.39464380868665966
scene_0,user_261,item_4335,0.39464380868665966
scene_0,user_261,item_8631,0.39464380868665966
scene_0,user_5766,item_1974,0.2790553132756236
scene_0,user_5766,item_4335,0.2790553132756236
scene_0,user_5766,item_5652,0.25694917118487537
scene_0,user_7761,item_2940,0.39464380868665966
scene_0,user_7761,item_3924,0.39464380868665966
scene_0,user_7761,item_7482,0.39464380868665966
scene_0,user_2099,item_2940,0.2790553132756236
scene_0,user_2099,item_3924,0.2790553132756236
scene_0,user_8782,item_2940,0.39464380868665966
scene_0,user_8782,item_3924,0.39464380868665966
scene_0,user_8782,item_7482,0.39464380868665966
scene_0,user_1003,item_5241,0.4164701851078906
scene_0,user_1003,item_9801,0.4164701851078906
scene_0,user_9381,item_5241,0.4164701851078906
scene_0,user_9381,item_9801,0.4164701851078906
scene_0,user_9645,item_249,0.5100697232983947
scene_0,user_8685,item_249,0.5100697232983947
scene_0,user_8198,item_3042,0.3633810027301768
scene_0,user_8198,item_6156,0.3633810027301768
scene_0,user_8198,item_1128,0.14252975567616036
scene_0,user_8198,item_3885,0.14252975567616036
scene_0,user_8198,item_3933,0.14252975567616036
scene_0,user_8198,item_5049,0.14252975567616036
scene_0,user_8198,item_5094,0.14252975567616036
scene_0,user_8198,item_5331,0.14252975567616036
scene_0,user_8198,item_5451,0.14252975567616036
scene_0,user_8198,item_5979,0.14252975567616036
scene_0,user_8198,item_660,0.14252975567616036
scene_0,user_8198,item_6942,0.14252975567616036
scene_0,user_8198,item_7197,0.14252975567616036
scene_0,user_8198,item_7365,0.14252975567616036
scene_0,user_9095,item_3042,0.25694917118487537
scene_0,user_9095,item_3525,0.22755980665670933
scene_0,user_9095,item_615,0.22755980665670933
scene_0,user_9095,item_1128,0.1007837567594748
scene_0,user_9095,item_3885,0.1007837567594748
scene_0,user_9095,item_3933,0.1007837567594748
scene_0,user_9095,item_5049,0.1007837567594748
scene_0,user_9095,item_5094,0.1007837567594748
scene_0,user_9095,item_5331,0.1007837567594748
scene_0,user_9095,item_5451,0.1007837567594748
scene_0,user_9095,item_5979,0.1007837567594748
scene_0,user_9095,item_660,0.1007837567594748
scene_0,user_9095,item_6942,0.1007837567594748
scene_0,user_9095,item_7197,0.1007837567594748
scene_0,user_9095,item_7365,0.1007837567594748
scene_0,user_2686,item_3042,0.3633810027301768
scene_0,user_2686,item_6156,0.3633810027301768
scene_0,user_2686,item_1128,0.14252975567616036
scene_0,user_2686,item_3885,0.14252975567616036
scene_0,user_2686,item_3933,0.14252975567616036
scene_0,user_2686,item_5049,0.14252975567616036
scene_0,user_2686,item_5094,0.14252975567616036
scene_0,user_2686,item_5331,0.14252975567616036
scene_0,user_2686,item_5451,0.14252975567616036
scene_0,user_2686,item_5979,0.14252975567616036
scene_0,user_2686,item_660,0.14252975567616036
scene_0,user_2686,item_6942,0.14252975567616036
scene_0,user_2686,item_7197,0.14252975567616036
scene_0,user_2686,item_7365,0.14252975567616036
scene_0,user_1418,item_3042,0.3633810027301768
scene_0,user_1418,item_6156,0.3633810027301768
scene_0,user_1418,item_1128,0.14252975567616036
scene_0,user_1418,item_3885,0.14252975567616036
scene_0,user_1418,item_3933,0.14252975567616036
scene_0,user_1418,item_5049,0.14252975567616036
scene_0,user_1418,item_5094,0.14252975567616036
scene_0,user_1418,item_5331,0.14252975567616036
scene_0,user_1418,item_5451,0.14252975567616036
scene_0,user_1418,item_5979,0.14252975567616036
scene_0,user_1418,item_660,0.14252975567616036
scene_0,user_1418,item_6942,0.14252975567616036
scene_0,user_1418,item_7197,0.14252975567616036
scene_0,user_1418,item_7365,0.14252975567616036
scene_0,user_3551,item_5334,0.5255268625199613
scene_0,user_3551,item_9081,0.5255268625199613
scene_0,user_4284,item_5124,0.2944888920518062
scene_0,user_270,item_5361,0.6436363296498353
scene_0,user_1131,item_5646,0.43935014561520125
scene_0,user_2434,item_5646,0.43935014561520125
scene_0,user_2776,item_2829,0.21714724095162588
scene_0,user_2776,item_8394,0.21714724095162588
scene_0,user_5688,item_5646,0.43935014561520125
scene_0,user_7920,item_1074,0.2790553132756236
scene_0,user_7920,item_9207,0.2790553132756236
scene_0,user_9899,item_1074,0.39464380868665966
scene_0,user_9899,item_4236,0.39464380868665966
scene_0,user_9899,item_9207,0.39464380868665966
scene_0,user_7493,item_1074,0.39464380868665966
scene_0,user_7493,item_4236,0.39464380868665966
scene_0,user_7493,item_9207,0.39464380868665966
scene_0,user_4200,item_2109,0.45511961331341866
scene_0,user_4200,item_1074,0.2790553132756236
scene_0,user_4200,item_4236,0.2790553132756236
scene_0,user_3783,item_3861,0.3222253204769533
scene_0,user_3783,item_7713,0.3222253204769533
scene_0,user_3680,item_3861,0.3222253204769533
scene_0,user_3680,item_7713,0.3222253204769533
scene_0,user_2196,item_3861,0.3222253204769533
scene_0,user_2196,item_7713,0.3222253204769533
scene_0,user_4142,item_3861,0.3222253204769533
scene_0,user_4142,item_7713,0.3222253204769533
scene_0,user_6592,item_2859,0.43935014561520125
scene_0,user_6218,item_2859,0.43935014561520125
scene_0,user_5329,item_2859,0.43935014561520125
scene_0,user_6559,item_1272,0.32181816482491765
scene_0,user_6559,item_9483,0.32181816482491765
scene_0,user_6559,item_9561,0.32181816482491765
scene_0,user_2773,item_1272,0.32181816482491765
scene_0,user_2773,item_9483,0.32181816482491765
scene_0,user_2773,item_9561,0.32181816482491765
scene_0,user_8674,item_1272,0.32181816482491765
scene_0,user_8674,item_9483,0.32181816482491765
scene_0,user_8674,item_9561,0.32181816482491765
scene_0,user_8045,item_1272,0.22755980665670933
scene_0,user_8045,item_9483,0.22755980665670933
scene_0,user_5660,item_1272,0.32181816482491765
scene_0,user_5660,item_9483,0.32181816482491765
scene_0,user_5660,item_9561,0.32181816482491765
scene_0,user_407,item_1272,0.22755980665670933
scene_0,user_407,item_9561,0.22755980665670933
scene_0,user_5228,item_1272,0.32181816482491765
scene_0,user_5228,item_9483,0.32181816482491765
scene_0,user_5228,item_9561,0.32181816482491765
scene_0,user_2711,item_7863,0.43935014561520125
scene_0,user_2711,item_894,0.43935014561520125
scene_0,user_6551,item_7863,0.43935014561520125
scene_0,user_6551,item_894,0.43935014561520125
scene_0,user_1609,item_7863,0.31066746727980593
scene_0,user_5908,item_894,0.31066746727980593
scene_0,user_338,item_4986,0.6436363296498353
scene_0,user_7708,item_7338,0.6436363296498353
scene_0,user_6719,item_909,0.24044917348149392
scene_0,user_6719,item_2730,0.19632592803453744
scene_0,user_6719,item_6714,0.19632592803453744
scene_0,user_2467,item_5970,0.39464380868665966
scene_0,user_715,item_5970,0.39464380868665966
scene_0,user_9499,item_5970,0.39464380868665966
scene_0,user_5273,item_5970,0.39464380868665966
scene_0,user_1752,item_3885,0.39464380868665966
scene_0,user_1752,item_5580,0.39464380868665966
scene_0,user_1752,item_8469,0.39464380868665966
scene_0,user_1752,item_915,0.39464380868665966
scene_0,user_9354,item_3885,0.2790553132756236
scene_0,user_9354,item_5580,0.2790553132756236
scene_0,user_9354,item_915,0.2790553132756236
scene_0,user_9354,item_8139,0.25694917118487537
scene_0,user_9708,item_3885,0.2790553132756236
scene_0,user_9708,item_8469,0.2790553132756236
scene_0,user_9708,item_915,0.2790553132756236
scene_0,user_9920,item_3885,0.2790553132756236
scene_0,user_9920,item_5580,0.2790553132756236
scene_0,user_9920,item_8469,0.2790553132756236
scene_0,user_7155,item_1347,0.5100697232983947
scene_0,user_7155,item_8160,0.5100697232983947
scene_0,user_7826,item_1347,0.36067376022224085
scene_0,user_7826,item_3666,0.2790553132756236
scene_0,user_7186,item_3525,0.36067376022224085
scene_0,user_7186,item_6501,0.36067376022224085
scene_0,user_7186,item_5904,0.20121480219092233
scene_0,user_7186,item_7818,0.20121480219092233
scene_0,user_5283,item_5904,0.2845607022086219
scene_0,user_5283,item_7569,0.2845607022086219
scene_0,user_5283,item_7818,0.2845607022086219
scene_0,user_1159,item_5904,0.2845607022086219
scene_0,user_1159,item_7569,0.2845607022086219
scene_0,user_1159,item_7818,0.2845607022086219
scene_0,user_6939,item_5904,0.20121480219092233
scene_0,user_6939,item_7569,0.20121480219092233
scene_0,user_6673,item_5904,0.2845607022086219
scene_0,user_6673,item_7569,0.2845607022086219
scene_0,user_6673,item_7818,0.2845607022086219
scene_0,user_2593,item_5904,0.2845607022086219
scene_0,user_2593,item_7569,0.2845607022086219
scene_0,user_2593,item_7818,0.2845607022086219
scene_0,user_9764,item_5904,0.2845607022086219
scene_0,user_9764,item_7569,0.2845607022086219
scene_0,user_9764,item_7818,0.2845607022086219
scene_0,user_9270,item_4590,0.37160360818355515
scene_0,user_9270,item_8520,0.37160360818355515
scene_0,user_9270,item_7569,0.20121480219092233
scene_0,user_9270,item_7818,0.20121480219092233
scene_0,user_6527,item_5904,0.2845607022086219
scene_0,user_6527,item_7569,0.2845607022086219
scene_0,user_6527,item_7818,0.2845607022086219
scene_0,user_6926,item_5904,0.2845607022086219
scene_0,user_6926,item_7569,0.2845607022086219
scene_0,user_6926,item_7818,0.2845607022086219
scene_0,user_598,item_5904,0.2845607022086219
scene_0,user_598,item_7569,0.2845607022086219
scene_0,user_598,item_7818,0.2845607022086219
scene_0,user_1089,item_306,0.6436363296498353
scene_0,user_9242,item_2622,0.36067376022224085
scene_0,user_19,item_1260,0.5100697232983947
scene_0,user_19,item_2622,0.5100697232983947
scene_0,user_1776,item_3666,0.35872789172491043
scene_0,user_1776,item_63,0.35872789172491043
scene_0,user_1369,item_3666,0.35872789172491043
scene_0,user_1369,item_63,0.35872789172491043
scene_0,user_3250,item_3666,0.35872789172491043
scene_0,user_3250,item_63,0.35872789172491043
scene_0,user_467,item_5817,0.5100697232983947
scene_0,user_8839,item_5817,0.5100697232983947
scene_0,user_8439,item_4107,0.3400464821989298
scene_0,user_8439,item_5907,0.2776467900719271
scene_0,user_8439,item_6882,0.2776467900719271
scene_0,user_3048,item_4107,0.3400464821989298
scene_0,user_3048,item_5907,0.2776467900719271
scene_0,user_3048,item_6882,0.2776467900719271
scene_0,user_8553,item_4107,0.3400464821989298
scene_0,user_8553,item_5907,0.2776467900719271
scene_0,user_8553,item_6882,0.2776467900719271
scene_0,user_9211,item_4107,0.3400464821989298
scene_0,user_9211,item_5907,0.2776467900719271
scene_0,user_9211,item_6882,0.2776467900719271
scene_0,user_7476,item_4107,0.3400464821989298
scene_0,user_7476,item_5907,0.2776467900719271
scene_0,user_7476,item_6882,0.2776467900719271
scene_0,user_4281,item_6792,0.20979811974466375
scene_0,user_4281,item_8496,0.20979811974466375
scene_0,user_4281,item_4107,0.19632592803453744
scene_0,user_6103,item_7833,0.6436363296498353
scene_0,user_6093,item_8439,0.36067376022224085
scene_0,user_6093,item_4746,0.25503486164919736
scene_0,user_6093,item_7143,0.25503486164919736
scene_0,user_6093,item_9162,0.25503486164919736
scene_0,user_5874,item_1887,0.22755980665670933
scene_0,user_5874,item_8961,0.22755980665670933
scene_0,user_5874,item_2805,0.16090908241245883
scene_0,user_5874,item_8913,0.16090908241245883
scene_0,user_5874,item_9012,0.16090908241245883
scene_0,user_210,item_7710,0.5100697232983947
scene_0,user_5873,item_7710,0.5100697232983947
scene_0,user_4613,item_5721,0.43935014561520125
scene_0,user_2193,item_5721,0.43935014561520125
scene_0,user_1355,item_5721,0.43935014561520125
scene_0,user_389,item_7140,0.25694917118487537
scene_0,user_9108,item_7140,0.3633810027301768
scene_0,user_9108,item_756,0.3633810027301768
scene_0,user_6464,item_7140,0.3633810027301768
scene_0,user_6464,item_756,0.3633810027301768
scene_0,user_8478,item_7140,0.3633810027301768
scene_0,user_8478,item_756,0.3633810027301768
scene_0,user_9431,item_7140,0.3633810027301768
scene_0,user_9431,item_756,0.3633810027301768
scene_0,user_5595,item_756,0.25694917118487537
scene_0,user_8786,item_7509,0.6436363296498353
scene_0,user_9836,item_81,0.45511961331341866
scene_0,user_9385,item_4125,0.3633810027301768
scene_0,user_9385,item_1992,0.29669934630327804
scene_0,user_9385,item_8280,0.29669934630327804
scene_0,user_894,item_1992,0.20979811974466375
scene_0,user_894,item_8280,0.20979811974466375
scene_0,user_7644,item_4125,0.3633810027301768
scene_0,user_7644,item_1992,0.29669934630327804
scene_0,user_7644,item_8280,0.29669934630327804
scene_0,user_4255,item_4125,0.3633810027301768
scene_0,user_4255,item_1992,0.29669934630327804
scene_0,user_4255,item_8280,0.29669934630327804
scene_0,user_1625,item_4125,0.3633810027301768
scene_0,user_1625,item_1992,0.29669934630327804
scene_0,user_1625,item_8280,0.29669934630327804
scene_0,user_40,item_1293,0.30709257318568767
scene_0,user_40,item_1698,0.30709257318568767
scene_0,user_40,item_3330,0.30709257318568767
scene_0,user_40,item_3891,0.30709257318568767
scene_0,user_40,item_5211,0.30709257318568767
scene_0,user_40,item_8856,0.30709257318568767
scene_0,user_2697,item_1293,0.30709257318568767
scene_0,user_2697,item_1698,0.30709257318568767
scene_0,user_2697,item_3330,0.30709257318568767
scene_0,user_2697,item_3891,0.30709257318568767
scene_0,user_2697,item_5211,0.30709257318568767
scene_0,user_2697,item_8856,0.30709257318568767
scene_0,user_1881,item_1293,0.30709257318568767
scene_0,user_1881,item_1698,0.30709257318568767
scene_0,user_1881,item_3330,0.30709257318568767
scene_0,user_1881,item_3891,0.30709257318568767
scene_0,user_1881,item_5211,0.30709257318568767
scene_0,user_1881,item_8856,0.30709257318568767
scene_0,user_7595,item_1293,0.21714724095162588
scene_0,user_7595,item_1698,0.21714724095162588
scene_0,user_7595,item_3330,0.21714724095162588
scene_0,user_7595,item_5211,0.21714724095162588
scene_0,user_7595,item_8856,0.21714724095162588
scene_0,user_1866,item_3825,0.45511961331341866
scene_0,user_1866,item_1293,0.21714724095162588
scene_0,user_1866,item_1698,0.21714724095162588
scene_0,user_1866,item_3330,0.21714724095162588
scene_0,user_1866,item_3891,0.21714724095162588
scene_0,user_1866,item_8856,0.21714724095162588
scene_0,user_2087,item_1293,0.21714724095162588
scene_0,user_2087,item_1698,0.21714724095162588
scene_0,user_2087,item_3330,0.21714724095162588
scene_0,user_2087,item_3891,0.21714724095162588
scene_0,user_2087,item_5211,0.21714724095162588
scene_0,user_2087,item_1215,0.20851619571212315
scene_0,user_2087,item_5142,0.20851619571212315
scene_0,user_2087,item_9378,0.20851619571212315
scene_0,user_2087,item_6492,0.17025276086700514
scene_0,user_2087,item_8034,0.17025276086700514
scene_0,user_2087,item_8340,0.17025276086700514
scene_0,user_2087,item_996,0.17025276086700514
scene_0,user_8825,item_7920,0.36067376022224085
scene_0,user_9317,item_4638,0.36067376022224085
scene_0,user_9317,item_8574,0.21714724095162588
scene_0,user_9317,item_87,0.21714724095162588
scene_0,user_6800,item_4638,0.5100697232983947
scene_0,user_6800,item_7920,0.5100697232983947
scene_0,user_3183,item_7365,0.6436363296498353
scene_0,user_1703,item_6117,0.24044917348149392
scene_0,user_1703,item_1128,0.09431192520072264
scene_0,user_1703,item_3885,0.09431192520072264
scene_0,user_1703,item_3933,0.09431192520072264
scene_0,user_1703,item_4200,0.09431192520072264
scene_0,user_1703,item_5049,0.09431192520072264
scene_0,user_1703,item_5094,0.09431192520072264
scene_0,user_1703,item_5331,0.09431192520072264
scene_0,user_1703,item_5451,0.09431192520072264
scene_0,user_1703,item_5979,0.09431192520072264
scene_0,user_1703,item_660,0.09431192520072264
scene_0,user_1703,item_6942,0.09431192520072264
scene_0,user_1703,item_7197,0.09431192520072264
scene_0,user_6605,item_4713,0.6436363296498353
scene_0,user_2135,item_8277,0.5100697232983947
scene_0,user_8520,item_7467,0.36067376022224085
scene_0,user_4935,item_8277,0.5100697232983947
scene_0,user_7033,item_3423,0.6436363296498353
scene_0,user_3495,item_7533,0.43935014561520125
scene_0,user_3925,item_7533,0.43935014561520125
scene_0,user_4844,item_7533,0.43935014561520125
scene_0,user_3610,item_3756,0.43935014561520125
scene_0,user_3610,item_7452,0.43935014561520125
scene_0,user_651,item_7452,0.31066746727980593
scene_0,user_8025,item_3756,0.31066746727980593
scene_0,user_6483,item_3756,0.43935014561520125
scene_0,user_6483,item_7452,0.43935014561520125
scene_0,user_4442,item_2319,0.5100697232983947
scene_0,user_991,item_2319,0.5100697232983947
scene_0,user_673,item_8976,0.5100697232983947
scene_0,user_5104,item_8619,0.31066746727980593
scene_0,user_2206,item_8976,0.5100697232983947
scene_0,user_2083,item_5256,0.22784770917926217
scene_0,user_2083,item_7926,0.22784770917926217
scene_0,user_2083,item_7791,0.18580180409177757
scene_0,user_2083,item_6687,0.17129944745658357
scene_0,user_2083,item_8502,0.17129944745658357
scene_0,user_5633,item_5256,0.2790553132756236
scene_0,user_5633,item_7053,0.22784770917926217
scene_0,user_5633,item_8037,0.22784770917926217
scene_0,user_6955,item_5256,0.39464380868665966
scene_0,user_6955,item_7926,0.39464380868665966
scene_0,user_6955,item_7053,0.3222253204769533
scene_0,user_6955,item_8037,0.3222253204769533
scene_0,user_5687,item_5256,0.39464380868665966
scene_0,user_5687,item_7926,0.39464380868665966
scene_0,user_5687,item_7053,0.3222253204769533
scene_0,user_5687,item_8037,0.3222253204769533
scene_0,user_4505,item_7926,0.2790553132756236
scene_0,user_4505,item_7053,0.22784770917926217
scene_0,user_4505,item_8037,0.22784770917926217
scene_0,user_4629,item_3273,0.43935014561520125
scene_0,user_5666,item_3273,0.43935014561520125
scene_0,user_6363,item_3273,0.43935014561520125
scene_0,user_2522,item_2154,0.26111287778149245
scene_0,user_2522,item_9252,0.26111287778149245
scene_0,user_2522,item_4851,0.2131977719447878
scene_0,user_2522,item_8190,0.2131977719447878
scene_0,user_4701,item_2154,0.26111287778149245
scene_0,user_4701,item_9252,0.26111287778149245
scene_0,user_4701,item_4851,0.2131977719447878
scene_0,user_4701,item_8190,0.2131977719447878
scene_0,user_8131,item_2154,0.26111287778149245
scene_0,user_8131,item_9252,0.26111287778149245
scene_0,user_8131,item_4851,0.2131977719447878
scene_0,user_8131,item_8190,0.2131977719447878
scene_0,user_3255,item_2154,0.26111287778149245
scene_0,user_3255,item_9252,0.26111287778149245
scene_0,user_3255,item_4851,0.2131977719447878
scene_0,user_3255,item_8190,0.2131977719447878
scene_0,user_4274,item_2154,0.26111287778149245
scene_0,user_4274,item_9252,0.26111287778149245
scene_0,user_4274,item_4851,0.2131977719447878
scene_0,user_4274,item_8190,0.2131977719447878
scene_0,user_43,item_2154,0.26111287778149245
scene_0,user_43,item_9252,0.26111287778149245
scene_0,user_43,item_4851,0.2131977719447878
scene_0,user_43,item_8190,0.2131977719447878
scene_0,user_2958,item_2154,0.26111287778149245
scene_0,user_2958,item_9252,0.26111287778149245
scene_0,user_2958,item_4851,0.2131977719447878
scene_0,user_2958,item_8190,0.2131977719447878
scene_0,user_736,item_2154,0.26111287778149245
scene_0,user_736,item_9252,0.26111287778149245
scene_0,user_736,item_4851,0.2131977719447878
scene_0,user_736,item_8190,0.2131977719447878
scene_0,user_1244,item_2154,0.26111287778149245
scene_0,user_1244,item_9252,0.26111287778149245
scene_0,user_1244,item_4851,0.2131977719447878
scene_0,user_1244,item_8190,0.2131977719447878
scene_0,user_6708,item_2154,0.15075359027602253
scene_0,user_6708,item_9252,0.15075359027602253
scene_0,user_5552,item_2154,0.26111287778149245
scene_0,user_5552,item_9252,0.26111287778149245
scene_0,user_5552,item_4851,0.2131977719447878
scene_0,user_5552,item_8190,0.2131977719447878
scene_0,user_6120,item_2154,0.18463468653442752
scene_0,user_6120,item_4851,0.15075359027602253
scene_0,user_6120,item_8190,0.15075359027602253
scene_0,user_1536,item_2154,0.26111287778149245
scene_0,user_1536,item_9252,0.26111287778149245
scene_0,user_1536,item_4851,0.2131977719447878
scene_0,user_1536,item_8190,0.2131977719447878
scene_0,user_7289,item_5904,0.5255268625199613
scene_0,user_7289,item_8520,0.5255268625199613
scene_0,user_2539,item_4311,0.37160360818355515
scene_0,user_8414,item_5985,0.6436363296498353
scene_0,user_352,item_1074,0.3633810027301768
scene_0,user_352,item_5619,0.3633810027301768
scene_0,user_352,item_7359,0.3633810027301768
scene_0,user_352,item_753,0.3633810027301768
scene_0,user_6803,item_1074,0.25694917118487537
scene_0,user_6803,item_5619,0.25694917118487537
scene_0,user_6803,item_7359,0.25694917118487537
scene_0,user_8959,item_1074,0.25694917118487537
scene_0,user_8959,item_5619,0.25694917118487537
scene_0,user_8959,item_753,0.25694917118487537
scene_0,user_6331,item_4038,0.2790553132756236
scene_0,user_6331,item_9429,0.2790553132756236
scene_0,user_6331,item_1074,0.25694917118487537
scene_0,user_6331,item_7359,0.25694917118487537
scene_0,user_6331,item_753,0.25694917118487537
scene_0,user_2427,item_1074,0.3633810027301768
scene_0,user_2427,item_5619,0.3633810027301768
scene_0,user_2427,item_7359,0.3633810027301768
scene_0,user_2427,item_753,0.3633810027301768
scene_0,user_2050,item_2454,0.39464380868665966
scene_0,user_2050,item_3843,0.39464380868665966
scene_0,user_6922,item_2454,0.39464380868665966
scene_0,user_6922,item_3843,0.39464380868665966
scene_0,user_6924,item_2454,0.39464380868665966
scene_0,user_6924,item_3843,0.39464380868665966
scene_0,user_6236,item_3324,0.3400464821989298
scene_0,user_4522,item_3324,0.3400464821989298
scene_0,user_685,item_3324,0.3400464821989298
scene_0,user_4965,item_3324,0.3400464821989298
scene_0,user_2900,item_3324,0.3400464821989298
scene_0,user_587,item_3324,0.3400464821989298
scene_0,user_934,item_6501,0.6436363296498353
scene_0,user_5500,item_1887,0.21714724095162588
scene_0,user_5500,item_6213,0.21714724095162588
scene_0,user_5500,item_7569,0.21714724095162588
scene_0,user_9505,item_2046,0.6436363296498353
scene_0,user_1851,item_1074,0.39464380868665966
scene_0,user_1851,item_9402,0.39464380868665966
scene_0,user_2984,item_1074,0.39464380868665966
scene_0,user_2984,item_9402,0.39464380868665966
scene_0,user_5323,item_1074,0.2790553132756236
scene_0,user_527,item_1074,0.39464380868665966
scene_0,user_527,item_9402,0.39464380868665966
scene_0,user_6956,item_2862,0.5255268625199613
scene_0,user_6956,item_555,0.5255268625199613
scene_0,user_3880,item_6009,0.5100697232983947
scene_0,user_9740,item_6009,0.5100697232983947
scene_0,user_1147,item_2298,0.37160360818355515
scene_0,user_5708,item_4686,0.5255268625199613
scene_0,user_5708,item_8172,0.5255268625199613
scene_0,user_6652,item_7413,0.43935014561520125
scene_0,user_9019,item_7413,0.43935014561520125
scene_0,user_3058,item_7413,0.43935014561520125
scene_0,user_3285,item_2565,0.4164701851078906
scene_0,user_3285,item_672,0.4164701851078906
scene_0,user_2311,item_2565,0.4164701851078906
scene_0,user_2311,item_672,0.4164701851078906
scene_0,user_2915,item_3000,0.6436363296498353
scene_0,user_6321,item_7143,0.31066746727980593
scene_0,user_6321,item_7833,0.31066746727980593
scene_0,user_6321,item_9162,0.31066746727980593
scene_0,user_1948,item_7143,0.31066746727980593
scene_0,user_1948,item_7833,0.31066746727980593
scene_0,user_1948,item_9162,0.31066746727980593
scene_0,user_166,item_7143,0.31066746727980593
scene_0,user_166,item_7833,0.31066746727980593
scene_0,user_166,item_9162,0.31066746727980593
scene_0,user_5975,item_4341,0.25503486164919736
scene_0,user_5975,item_8439,0.25503486164919736
scene_0,user_5975,item_564,0.1816905013650884
scene_0,user_5975,item_9336,0.1816905013650884
scene_0,user_6475,item_6543,0.3633810027301768
scene_0,user_4194,item_6543,0.3633810027301768
scene_0,user_46,item_6543,0.3633810027301768
scene_0,user_6127,item_6543,0.3633810027301768
scene_0,user_2757,item_6543,0.3633810027301768
scene_0,user_4480,item_2808,0.43935014561520125
scene_0,user_4480,item_7950,0.43935014561520125
scene_0,user_2874,item_8274,0.45511961331341866
scene_0,user_2874,item_2808,0.31066746727980593
scene_0,user_8406,item_7950,0.31066746727980593
scene_0,user_7533,item_2808,0.43935014561520125
scene_0,user_7533,item_7950,0.43935014561520125
scene_0,user_3550,item_3294,0.5255268625199613
scene_0,user_3550,item_9306,0.5255268625199613
scene_0,user_1474,item_6684,0.32181816482491765
scene_0,user_1474,item_8115,0.32181816482491765
scene_0,user_1474,item_8166,0.32181816482491765
scene_0,user_747,item_4878,0.2790553132756236
scene_0,user_747,item_8115,0.22755980665670933
scene_0,user_747,item_8166,0.22755980665670933
scene_0,user_4970,item_6684,0.32181816482491765
scene_0,user_4970,item_8115,0.32181816482491765
scene_0,user_4970,item_8166,0.32181816482491765
scene_0,user_6339,item_8655,0.45511961331341866
scene_0,user_6339,item_6684,0.22755980665670933
scene_0,user_6339,item_8115,0.22755980665670933
scene_0,user_2297,item_6684,0.32181816482491765
scene_0,user_2297,item_8115,0.32181816482491765
scene_0,user_2297,item_8166,0.32181816482491765
scene_0,user_5570,item_6684,0.32181816482491765
scene_0,user_5570,item_8115,0.32181816482491765
scene_0,user_5570,item_8166,0.32181816482491765
scene_0,user_7085,item_3804,0.22755980665670933
scene_0,user_7085,item_6177,0.22755980665670933
scene_0,user_7085,item_6684,0.22755980665670933
scene_0,user_7085,item_8166,0.22755980665670933
scene_0,user_6261,item_6684,0.32181816482491765
scene_0,user_6261,item_8115,0.32181816482491765
scene_0,user_6261,item_8166,0.32181816482491765
scene_0,user_9749,item_1005,0.6436363296498353
scene_0,user_2261,item_4833,0.5100697232983947
scene_0,user_2261,item_678,0.5100697232983947
scene_0,user_6642,item_7035,0.45511961331341866
scene_0,user_6642,item_678,0.36067376022224085
scene_0,user_1581,item_4833,0.36067376022224085
scene_0,user_1581,item_4860,0.2790553132756236
scene_0,user_8333,item_3021,0.20121480219092233
scene_0,user_8333,item_1128,0.0789229386765558
scene_0,user_8333,item_3885,0.0789229386765558
scene_0,user_8333,item_3933,0.0789229386765558
scene_0,user_8333,item_4200,0.0789229386765558
scene_0,user_8333,item_5049,0.0789229386765558
scene_0,user_8333,item_5094,0.0789229386765558
scene_0,user_8333,item_5331,0.0789229386765558
scene_0,user_8333,item_5451,0.0789229386765558
scene_0,user_8333,item_5979,0.0789229386765558
scene_0,user_8333,item_6942,0.0789229386765558
scene_0,user_8333,item_7197,0.0789229386765558
scene_0,user_8333,item_7365,0.0789229386765558
scene_0,user_8860,item_660,0.6436363296498353
scene_0,user_6227,item_4827,0.45511961331341866
scene_0,user_8803,item_4578,0.5255268625199613
scene_0,user_8803,item_8190,0.5255268625199613
scene_0,user_4562,item_1545,0.3400464821989298
scene_0,user_4562,item_678,0.3400464821989298
scene_0,user_2514,item_1545,0.3400464821989298
scene_0,user_2514,item_678,0.3400464821989298
scene_0,user_9652,item_1545,0.3400464821989298
scene_0,user_9652,item_678,0.3400464821989298
scene_0,user_3235,item_1545,0.3400464821989298
scene_0,user_3235,item_678,0.3400464821989298
scene_0,user_2863,item_1545,0.3400464821989298
scene_0,user_2863,item_678,0.3400464821989298
scene_0,user_4102,item_4827,0.2790553132756236
scene_0,user_4102,item_1545,0.24044917348149392
scene_0,user_2042,item_1062,0.5100697232983947
scene_0,user_2042,item_2274,0.5100697232983947
scene_0,user_511,item_4902,0.39464380868665966
scene_0,user_511,item_6684,0.39464380868665966
scene_0,user_6472,item_4902,0.39464380868665966
scene_0,user_6472,item_6684,0.39464380868665966
scene_0,user_1375,item_4815,0.2790553132756236
scene_0,user_1375,item_4902,0.2790553132756236
scene_0,user_8435,item_4902,0.39464380868665966
scene_0,user_8435,item_6684,0.39464380868665966
scene_0,user_2045,item_9417,0.45511961331341866
scene_0,user_2045,item_6684,0.2790553132756236
scene_0,user_9176,item_4878,0.45511961331341866
scene_0,user_9966,item_7386,0.2944888920518062
scene_0,user_9966,item_8688,0.2944888920518062
scene_0,user_6361,item_6765,0.2944888920518062
scene_0,user_6361,item_9117,0.2944888920518062
scene_0,user_6361,item_3666,0.2790553132756236
scene_0,user_6361,item_8100,0.2790553132756236
scene_0,user_9049,item_7386,0.5100697232983947
scene_0,user_9049,item_6765,0.4164701851078906
scene_0,user_9049,item_9117,0.4164701851078906
scene_0,user_7612,item_2709,0.6436363296498353
scene_0,user_3346,item_4263,0.6436363296498353
scene_0,user_4196,item_1911,0.6436363296498353
scene_0,user_1007,item_6606,0.2790553132756236
scene_0,user_1007,item_8439,0.24044917348149392
scene_0,user_1007,item_1128,0.09431192520072264
scene_0,user_1007,item_3885,0.09431192520072264
scene_0,user_1007,item_3933,0.09431192520072264
scene_0,user_1007,item_4200,0.09431192520072264
scene_0,user_1007,item_5094,0.09431192520072264
scene_0,user_1007,item_5331,0.09431192520072264
scene_0,user_1007,item_5451,0.09431192520072264
scene_0,user_1007,item_5979,0.09431192520072264
scene_0,user_1007,item_660,0.09431192520072264
scene_0,user_1007,item_6942,0.09431192520072264
scene_0,user_1007,item_7197,0.09431192520072264
scene_0,user_1007,item_7365,0.09431192520072264
scene_0,user_5756,item_828,0.24044917348149392
scene_0,user_5756,item_1080,0.21714724095162588
scene_0,user_5756,item_7833,0.21714724095162588
scene_0,user_5756,item_4158,0.17729997979489165
scene_0,user_5756,item_4407,0.17729997979489165
scene_0,user_5756,item_6288,0.17729997979489165
scene_0,user_5756,item_6723,0.17729997979489165
scene_0,user_5756,item_1128,0.09431192520072264
scene_0,user_5756,item_3885,0.09431192520072264
scene_0,user_5756,item_3933,0.09431192520072264
scene_0,user_5756,item_4200,0.09431192520072264
scene_0,user_5756,item_5094,0.09431192520072264
scene_0,user_5756,item_5331,0.09431192520072264
scene_0,user_5756,item_5451,0.09431192520072264
scene_0,user_5756,item_5979,0.09431192520072264
scene_0,user_5756,item_660,0.09431192520072264
scene_0,user_5756,item_6942,0.09431192520072264
scene_0,user_5756,item_7197,0.09431192520072264
scene_0,user_5756,item_7365,0.09431192520072264
scene_0,user_8330,item_828,0.3400464821989298
scene_0,user_8330,item_8439,0.3400464821989298
scene_0,user_8330,item_1128,0.13337720371237885
scene_0,user_8330,item_3885,0.13337720371237885
scene_0,user_8330,item_3933,0.13337720371237885
scene_0,user_8330,item_4200,0.13337720371237885
scene_0,user_8330,item_5094,0.13337720371237885
scene_0,user_8330,item_5331,0.13337720371237885
scene_0,user_8330,item_5451,0.13337720371237885
scene_0,user_8330,item_5979,0.13337720371237885
scene_0,user_8330,item_660,0.13337720371237885
scene_0,user_8330,item_6942,0.13337720371237885
scene_0,user_8330,item_7197,0.13337720371237885
scene_0,user_8330,item_7365,0.13337720371237885
scene_0,user_6293,item_828,0.3400464821989298
scene_0,user_6293,item_8439,0.3400464821989298
scene_0,user_6293,item_1128,0.13337720371237885
scene_0,user_6293,item_3885,0.13337720371237885
scene_0,user_6293,item_3933,0.13337720371237885
scene_0,user_6293,item_4200,0.13337720371237885
scene_0,user_6293,item_5094,0.13337720371237885
scene_0,user_6293,item_5331,0.13337720371237885
scene_0,user_6293,item_5451,0.13337720371237885
scene_0,user_6293,item_5979,0.13337720371237885
scene_0,user_6293,item_660,0.13337720371237885
scene_0,user_6293,item_6942,0.13337720371237885
scene_0,user_6293,item_7197,0.13337720371237885
scene_0,user_6293,item_7365,0.13337720371237885
scene_0,user_168,item_828,0.3400464821989298
scene_0,user_168,item_8439,0.3400464821989298
scene_0,user_168,item_1128,0.13337720371237885
scene_0,user_168,item_3885,0.13337720371237885
scene_0,user_168,item_3933,0.13337720371237885
scene_0,user_168,item_4200,0.13337720371237885
scene_0,user_168,item_5094,0.13337720371237885
scene_0,user_168,item_5331,0.13337720371237885
scene_0,user_168,item_5451,0.13337720371237885
scene_0,user_168,item_5979,0.13337720371237885
scene_0,user_168,item_660,0.13337720371237885
scene_0,user_168,item_6942,0.13337720371237885
scene_0,user_168,item_7197,0.13337720371237885
scene_0,user_168,item_7365,0.13337720371237885
scene_0,user_2973,item_828,0.3400464821989298
scene_0,user_2973,item_8439,0.3400464821989298
scene_0,user_2973,item_1128,0.13337720371237885
scene_0,user_2973,item_3885,0.13337720371237885
scene_0,user_2973,item_3933,0.13337720371237885
scene_0,user_2973,item_4200,0.13337720371237885
scene_0,user_2973,item_5094,0.13337720371237885
scene_0,user_2973,item_5331,0.13337720371237885
scene_0,user_2973,item_5451,0.13337720371237885
scene_0,user_2973,item_5979,0.13337720371237885
scene_0,user_2973,item_660,0.13337720371237885
scene_0,user_2973,item_6942,0.13337720371237885
scene_0,user_2973,item_7197,0.13337720371237885
scene_0,user_2973,item_7365,0.13337720371237885
scene_0,user_8650,item_951,0.39464380868665966
scene_0,user_5937,item_951,0.39464380868665966
scene_0,user_7775,item_951,0.39464380868665966
scene_0,user_2846,item_951,0.39464380868665966
scene_0,user_4773,item_219,0.3400464821989298
scene_0,user_4773,item_6675,0.3400464821989298
scene_0,user_1387,item_219,0.3400464821989298
scene_0,user_1387,item_6675,0.3400464821989298
scene_0,user_4389,item_219,0.3400464821989298
scene_0,user_4389,item_6675,0.3400464821989298
scene_0,user_8137,item_219,0.3400464821989298
scene_0,user_8137,item_6675,0.3400464821989298
scene_0,user_2182,item_219,0.24044917348149392
scene_0,user_882,item_219,0.3400464821989298
scene_0,user_882,item_6675,0.3400464821989298
scene_0,user_2952,item_6675,0.24044917348149392
scene_0,user_1753,item_111,0.6436363296498353
scene_0,user_9917,item_1128,0.20006580556856823
scene_0,user_9917,item_3885,0.20006580556856823
scene_0,user_9917,item_3933,0.20006580556856823
scene_0,user_9917,item_4200,0.20006580556856823
scene_0,user_9917,item_5049,0.20006580556856823
scene_0,user_9917,item_5331,0.20006580556856823
scene_0,user_9917,item_5451,0.20006580556856823
scene_0,user_9917,item_5979,0.20006580556856823
scene_0,user_9917,item_660,0.20006580556856823
scene_0,user_9917,item_6942,0.20006580556856823
scene_0,user_9917,item_7197,0.20006580556856823
scene_0,user_9917,item_7365,0.20006580556856823
scene_0,user_9797,item_1128,0.20006580556856823
scene_0,user_9797,item_3885,0.20006580556856823
scene_0,user_9797,item_3933,0.20006580556856823
scene_0,user_9797,item_4200,0.20006580556856823
scene_0,user_9797,item_5049,0.20006580556856823
scene_0,user_9797,item_5331,0.20006580556856823
scene_0,user_9797,item_5451,0.20006580556856823
scene_0,user_9797,item_5979,0.20006580556856823
scene_0,user_9797,item_660,0.20006580556856823
scene_0,user_9797,item_6942,0.20006580556856823
scene_0,user_9797,item_7197,0.20006580556856823
scene_0,user_9797,item_7365,0.20006580556856823
scene_0,user_8559,item_2286,0.39464380868665966
scene_0,user_8559,item_6627,0.39464380868665966
scene_0,user_8559,item_9165,0.39464380868665966
scene_0,user_8399,item_7923,0.36067376022224085
scene_0,user_8399,item_8481,0.36067376022224085
scene_0,user_8399,item_2286,0.2790553132756236
scene_0,user_8399,item_6627,0.2790553132756236
scene_0,user_6299,item_2286,0.39464380868665966
scene_0,user_6299,item_6627,0.39464380868665966
scene_0,user_6299,item_9165,0.39464380868665966
scene_0,user_9037,item_2286,0.2790553132756236
scene_0,user_9037,item_9165,0.2790553132756236
scene_0,user_9037,item_9795,0.21714724095162588
scene_0,user_9037,item_9987,0.21714724095162588
scene_0,user_7207,item_9264,0.6436363296498353
scene_0,user_7589,item_8127,0.36067376022224085
scene_0,user_9364,item_4206,0.2944888920518062
scene_0,user_9364,item_9081,0.2944888920518062
scene_0,user_9364,item_3459,0.20121480219092233
scene_0,user_9364,item_4224,0.20121480219092233
scene_0,user_9364,item_99,0.20121480219092233
scene_0,user_4242,item_3459,0.2845607022086219
scene_0,user_4242,item_4224,0.2845607022086219
scene_0,user_4242,item_5334,0.2845607022086219
scene_0,user_4242,item_99,0.2845607022086219
scene_0,user_5199,item_3459,0.2845607022086219
scene_0,user_5199,item_4224,0.2845607022086219
scene_0,user_5199,item_5334,0.2845607022086219
scene_0,user_5199,item_99,0.2845607022086219
scene_0,user_4420,item_3459,0.2845607022086219
scene_0,user_4420,item_4224,0.2845607022086219
scene_0,user_4420,item_5334,0.2845607022086219
scene_0,user_4420,item_99,0.2845607022086219
scene_0,user_6501,item_3459,0.20121480219092233
scene_0,user_6501,item_5334,0.20121480219092233
scene_0,user_6501,item_99,0.20121480219092233
scene_0,user_808,item_3459,0.20121480219092233
scene_0,user_808,item_4224,0.20121480219092233
scene_0,user_808,item_5334,0.20121480219092233
scene_0,user_4380,item_3459,0.2845607022086219
scene_0,user_4380,item_4224,0.2845607022086219
scene_0,user_4380,item_5334,0.2845607022086219
scene_0,user_4380,item_99,0.2845607022086219
scene_0,user_6400,item_3459,0.2845607022086219
scene_0,user_6400,item_4224,0.2845607022086219
scene_0,user_6400,item_5334,0.2845607022086219
scene_0,user_6400,item_99,0.2845607022086219
scene_0,user_2806,item_3459,0.2845607022086219
scene_0,user_2806,item_4224,0.2845607022086219
scene_0,user_2806,item_5334,0.2845607022086219
scene_0,user_2806,item_99,0.2845607022086219
scene_0,user_1477,item_3459,0.2845607022086219
scene_0,user_1477,item_4224,0.2845607022086219
scene_0,user_1477,item_5334,0.2845607022086219
scene_0,user_1477,item_99,0.2845607022086219
scene_0,user_2951,item_186,0.24044917348149392
scene_0,user_2951,item_1215,0.20851619571212315
scene_0,user_2951,item_4410,0.20851619571212315
scene_0,user_2951,item_9378,0.20851619571212315
scene_0,user_2951,item_6492,0.17025276086700514
scene_0,user_2951,item_8034,0.17025276086700514
scene_0,user_2951,item_8340,0.17025276086700514
scene_0,user_2951,item_996,0.17025276086700514
scene_0,user_6197,item_186,0.3400464821989298
scene_0,user_6197,item_8856,0.3400464821989298
scene_0,user_3816,item_186,0.3400464821989298
scene_0,user_3816,item_8856,0.3400464821989298
scene_0,user_9993,item_186,0.3400464821989298
scene_0,user_9993,item_8856,0.3400464821989298
scene_0,user_1524,item_186,0.3400464821989298
scene_0,user_1524,item_8856,0.3400464821989298
scene_0,user_5057,item_186,0.3400464821989298
scene_0,user_5057,item_8856,0.3400464821989298
scene_0,user_7480,item_8856,0.24044917348149392
scene_0,user_1192,item_1881,0.6436363296498353
scene_0,user_606,item_7644,0.43935014561520125
scene_0,user_606,item_1698,0.35872789172491043
scene_0,user_606,item_6027,0.35872789172491043
scene_0,user_9734,item_1698,0.25365892483943775
scene_0,user_9734,item_6027,0.25365892483943775
scene_0,user_9734,item_1860,0.18033688011112042
scene_0,user_9734,item_5337,0.18033688011112042
scene_0,user_9734,item_6972,0.18033688011112042
scene_0,user_9734,item_7098,0.18033688011112042
scene_0,user_9734,item_9573,0.18033688011112042
scene_0,user_9734,item_2955,0.1472444460259031
scene_0,user_9734,item_3918,0.1472444460259031
scene_0,user_2538,item_7644,0.43935014561520125
scene_0,user_2538,item_1698,0.35872789172491043
scene_0,user_2538,item_6027,0.35872789172491043
scene_0,user_1122,item_8616,0.31066746727980593
scene_0,user_8053,item_2403,0.31066746727980593
scene_0,user_6539,item_2403,0.43935014561520125
scene_0,user_6539,item_8616,0.43935014561520125
scene_0,user_6134,item_2403,0.43935014561520125
scene_0,user_6134,item_8616,0.43935014561520125
scene_0,user_4623,item_3486,0.31066746727980593
scene_0,user_4623,item_8331,0.31066746727980593
scene_0,user_7636,item_3486,0.43935014561520125
scene_0,user_7636,item_8331,0.43935014561520125
scene_0,user_7636,item_8766,0.43935014561520125
scene_0,user_2012,item_3486,0.31066746727980593
scene_0,user_2012,item_8766,0.31066746727980593
scene_0,user_2012,item_1116,0.2944888920518062
scene_0,user_2012,item_849,0.2944888920518062
scene_0,user_7472,item_2043,0.39464380868665966
scene_0,user_7472,item_2211,0.39464380868665966
scene_0,user_4492,item_2043,0.39464380868665966
scene_0,user_4492,item_2211,0.39464380868665966
scene_0,user_6422,item_2211,0.2790553132756236
scene_0,user_4408,item_2043,0.39464380868665966
scene_0,user_4408,item_2211,0.39464380868665966
scene_0,user_3373,item_5811,0.2790553132756236
scene_0,user_3373,item_2556,0.22784770917926217
scene_0,user_3373,item_7389,0.22784770917926217
scene_0,user_3679,item_240,0.45511961331341866
scene_0,user_3679,item_9255,0.2790553132756236
scene_0,user_3679,item_2556,0.22784770917926217
scene_0,user_3679,item_7389,0.22784770917926217
scene_0,user_5335,item_5811,0.39464380868665966
scene_0,user_5335,item_9255,0.39464380868665966
scene_0,user_5335,item_2556,0.3222253204769533
scene_0,user_5335,item_7389,0.3222253204769533
scene_0,user_6911,item_5811,0.39464380868665966
scene_0,user_6911,item_9255,0.39464380868665966
scene_0,user_6911,item_2556,0.3222253204769533
scene_0,user_6911,item_7389,0.3222253204769533
scene_0,user_5621,item_1359,0.5100697232983947
scene_0,user_9207,item_1359,0.5100697232983947
scene_0,user_9702,item_6111,0.43935014561520125
scene_0,user_5017,item_342,0.2944888920518062
scene_0,user_5017,item_6645,0.2944888920518062
scene_0,user_4607,item_6111,0.43935014561520125
scene_0,user_4236,item_6111,0.43935014561520125
scene_0,user_6928,item_3213,0.6436363296498353
scene_0,user_1153,item_1023,0.39464380868665966
scene_0,user_9950,item_1023,0.39464380868665966
scene_0,user_111,item_1023,0.39464380868665966
scene_0,user_8158,item_1023,0.39464380868665966
scene_0,user_6188,item_1101,0.6436363296498353
scene_0,user_8256,item_6267,0.5100697232983947
scene_0,user_8256,item_1128,0.20006580556856823
scene_0,user_8256,item_3885,0.20006580556856823
scene_0,user_8256,item_3933,0.20006580556856823
scene_0,user_8256,item_4200,0.20006580556856823
scene_0,user_8256,item_5049,0.20006580556856823
scene_0,user_8256,item_5094,0.20006580556856823
scene_0,user_8256,item_5451,0.20006580556856823
scene_0,user_8256,item_5979,0.20006580556856823
scene_0,user_8256,item_660,0.20006580556856823
scene_0,user_8256,item_6942,0.20006580556856823
scene_0,user_8256,item_7197,0.20006580556856823
scene_0,user_8256,item_7365,0.20006580556856823
scene_0,user_7395,item_5358,0.24044917348149392
scene_0,user_7395,item_6363,0.24044917348149392
scene_0,user_7395,item_9303,0.24044917348149392
scene_0,user_7395,item_1128,0.14146788780108396
scene_0,user_7395,item_3885,0.14146788780108396
scene_0,user_7395,item_3933,0.14146788780108396
scene_0,user_7395,item_4200,0.14146788780108396
scene_0,user_7395,item_5049,0.14146788780108396
scene_0,user_7395,item_5094,0.14146788780108396
scene_0,user_7395,item_5451,0.14146788780108396
scene_0,user_7395,item_5979,0.14146788780108396
scene_0,user_7395,item_660,0.14146788780108396
scene_0,user_7395,item_6942,0.14146788780108396
scene_0,user_7395,item_7197,0.14146788780108396
scene_0,user_7395,item_7365,0.14146788780108396
scene_0,user_1380,item_5124,0.5100697232983947
scene_0,user_1380,item_4206,0.4164701851078906
scene_0,user_1380,item_9081,0.4164701851078906
scene_0,user_7695,item_1074,0.32181816482491765
scene_0,user_7695,item_3333,0.32181816482491765
scene_0,user_7695,item_3813,0.32181816482491765
scene_0,user_7695,item_7644,0.32181816482491765
scene_0,user_4217,item_1074,0.32181816482491765
scene_0,user_4217,item_3333,0.32181816482491765
scene_0,user_4217,item_3813,0.32181816482491765
scene_0,user_4217,item_7644,0.32181816482491765
scene_0,user_5605,item_1074,0.32181816482491765
scene_0,user_5605,item_3333,0.32181816482491765
scene_0,user_5605,item_3813,0.32181816482491765
scene_0,user_5605,item_7644,0.32181816482491765
scene_0,user_7122,item_1074,0.22755980665670933
scene_0,user_7122,item_3333,0.22755980665670933
scene_0,user_7122,item_3813,0.22755980665670933
scene_0,user_7122,item_1860,0.18033688011112042
scene_0,user_7122,item_5160,0.18033688011112042
scene_0,user_7122,item_6972,0.18033688011112042
scene_0,user_7122,item_7098,0.18033688011112042
scene_0,user_7122,item_9573,0.18033688011112042
scene_0,user_7122,item_2955,0.1472444460259031
scene_0,user_7122,item_3918,0.1472444460259031
scene_0,user_1286,item_1074,0.32181816482491765
scene_0,user_1286,item_3333,0.32181816482491765
scene_0,user_1286,item_3813,0.32181816482491765
scene_0,user_1286,item_7644,0.32181816482491765
scene_0,user_5159,item_5331,0.24044917348149392
scene_0,user_5159,item_6363,0.24044917348149392
scene_0,user_5159,item_9303,0.24044917348149392
scene_0,user_7809,item_6267,0.6436363296498353
scene_0,user_3101,item_4227,0.5100697232983947
scene_0,user_1461,item_4227,0.5100697232983947
scene_0,user_3709,item_4617,0.6436363296498353
scene_0,user_707,item_1407,0.5100697232983947
scene_0,user_707,item_2754,0.5100697232983947
scene_0,user_2262,item_1476,0.43935014561520125
scene_0,user_2262,item_2025,0.43935014561520125
scene_0,user_7114,item_1476,0.43935014561520125
scene_0,user_7114,item_2025,0.43935014561520125
scene_0,user_7335,item_2025,0.31066746727980593
scene_0,user_6573,item_1071,0.6436363296498353
scene_0,user_7622,item_3243,0.39464380868665966
scene_0,user_6607,item_3243,0.39464380868665966
scene_0,user_1394,item_3243,0.39464380868665966
scene_0,user_1304,item_3243,0.39464380868665966
scene_0,user_6242,item_1128,0.20006580556856823
scene_0,user_6242,item_3885,0.20006580556856823
scene_0,user_6242,item_3933,0.20006580556856823
scene_0,user_6242,item_4200,0.20006580556856823
scene_0,user_6242,item_5049,0.20006580556856823
scene_0,user_6242,item_5094,0.20006580556856823
scene_0,user_6242,item_5331,0.20006580556856823
scene_0,user_6242,item_5979,0.20006580556856823
scene_0,user_6242,item_660,0.20006580556856823
scene_0,user_6242,item_6942,0.20006580556856823
scene_0,user_6242,item_7197,0.20006580556856823
scene_0,user_6242,item_7365,0.20006580556856823
scene_0,user_1908,item_1128,0.20006580556856823
scene_0,user_1908,item_3885,0.20006580556856823
scene_0,user_1908,item_3933,0.20006580556856823
scene_0,user_1908,item_4200,0.20006580556856823
scene_0,user_1908,item_5049,0.20006580556856823
scene_0,user_1908,item_5094,0.20006580556856823
scene_0,user_1908,item_5331,0.20006580556856823
scene_0,user_1908,item_5979,0.20006580556856823
scene_0,user_1908,item_660,0.20006580556856823
scene_0,user_1908,item_6942,0.20006580556856823
scene_0,user_1908,item_7197,0.20006580556856823
scene_0,user_1908,item_7365,0.20006580556856823
scene_0,user_8021,item_153,0.5100697232983947
scene_0,user_8021,item_7839,0.5100697232983947
scene_0,user_3899,item_153,0.36067376022224085
scene_0,user_8932,item_2859,0.25365892483943775
scene_0,user_8932,item_3885,0.25365892483943775
scene_0,user_8932,item_7332,0.25365892483943775
scene_0,user_8932,item_7848,0.25365892483943775
scene_0,user_2928,item_279,0.43935014561520125
scene_0,user_2928,item_2859,0.35872789172491043
scene_0,user_2928,item_3885,0.35872789172491043
scene_0,user_2928,item_7332,0.35872789172491043
scene_0,user_2928,item_7848,0.35872789172491043
scene_0,user_313,item_7941,0.6436363296498353
scene_0,user_2541,item_2592,0.2790553132756236
scene_0,user_2541,item_786,0.2790553132756236
scene_0,user_2541,item_9969,0.2790553132756236
scene_0,user_7221,item_2592,0.2790553132756236
scene_0,user_7221,item_5607,0.2790553132756236
scene_0,user_7221,item_9969,0.2790553132756236
scene_0,user_7221,item_8502,0.22755980665670933
scene_0,user_7221,item_9030,0.22755980665670933
scene_0,user_6725,item_2592,0.2790553132756236
scene_0,user_6725,item_5607,0.2790553132756236
scene_0,user_6725,item_786,0.2790553132756236
scene_0,user_4786,item_2592,0.39464380868665966
scene_0,user_4786,item_5607,0.39464380868665966
scene_0,user_4786,item_786,0.39464380868665966
scene_0,user_4786,item_9969,0.39464380868665966
scene_0,user_3896,item_5607,0.2790553132756236
scene_0,user_3896,item_786,0.2790553132756236
scene_0,user_3896,item_9969,0.2790553132756236
scene_0,user_7585,item_582,0.5100697232983947
scene_0,user_3225,item_2733,0.24044917348149392
scene_0,user_8479,item_582,0.5100697232983947
scene_0,user_9203,item_8793,0.6436363296498353
scene_0,user_7233,item_6552,0.6436363296498353
scene_0,user_6958,item_1815,0.39464380868665966
scene_0,user_6958,item_2394,0.39464380868665966
scene_0,user_6958,item_2751,0.39464380868665966
scene_0,user_6958,item_2862,0.39464380868665966
scene_0,user_3070,item_1815,0.2790553132756236
scene_0,user_3070,item_2751,0.2790553132756236
scene_0,user_3070,item_2862,0.2790553132756236
scene_0,user_5916,item_6966,0.6436363296498353
scene_0,user_5683,item_1491,0.31066746727980593
scene_0,user_9869,item_7632,0.6436363296498353
scene_0,user_2459,item_4038,0.39464380868665966
scene_0,user_2459,item_4608,0.39464380868665966
scene_0,user_2459,item_9429,0.39464380868665966
scene_0,user_4145,item_4038,0.39464380868665966
scene_0,user_4145,item_4608,0.39464380868665966
scene_0,user_4145,item_9429,0.39464380868665966
scene_0,user_7087,item_4038,0.2790553132756236
scene_0,user_7087,item_4608,0.2790553132756236
scene_0,user_5554,item_4608,0.2790553132756236
scene_0,user_5554,item_9429,0.2790553132756236
scene_0,user_3221,item_1176,0.39464380868665966
scene_0,user_3221,item_5670,0.39464380868665966
scene_0,user_3221,item_63,0.3222253204769533
scene_0,user_3221,item_8538,0.3222253204769533
scene_0,user_4802,item_1176,0.39464380868665966
scene_0,user_4802,item_5670,0.39464380868665966
scene_0,user_4802,item_63,0.3222253204769533
scene_0,user_4802,item_8538,0.3222253204769533
scene_0,user_3366,item_3666,0.3034130755422791
scene_0,user_3366,item_4329,0.3034130755422791
scene_0,user_3366,item_1176,0.22784770917926217
scene_0,user_3366,item_5670,0.22784770917926217
scene_0,user_4635,item_1176,0.2790553132756236
scene_0,user_4635,item_63,0.22784770917926217
scene_0,user_4635,item_8538,0.22784770917926217
scene_0,user_6024,item_9162,0.6436363296498353
scene_0,user_4279,item_9336,0.25694917118487537
scene_0,user_4279,item_4746,0.1816905013650884
scene_0,user_4279,item_7143,0.1816905013650884
scene_0,user_4279,item_7833,0.1816905013650884
scene_0,user_8357,item_2829,0.30709257318568767
scene_0,user_8357,item_4239,0.30709257318568767
scene_0,user_8357,item_8394,0.30709257318568767
scene_0,user_7661,item_2829,0.30709257318568767
scene_0,user_7661,item_4239,0.30709257318568767
scene_0,user_7661,item_8394,0.30709257318568767
scene_0,user_3720,item_2829,0.30709257318568767
scene_0,user_3720,item_4239,0.30709257318568767
scene_0,user_3720,item_8394,0.30709257318568767
scene_0,user_7512,item_2829,0.30709257318568767
scene_0,user_7512,item_4239,0.30709257318568767
scene_0,user_7512,item_8394,0.30709257318568767
scene_0,user_6558,item_2829,0.21714724095162588
scene_0,user_6558,item_4239,0.21714724095162588
scene_0,user_5356,item_2829,0.30709257318568767
scene_0,user_5356,item_4239,0.30709257318568767
scene_0,user_5356,item_8394,0.30709257318568767
scene_0,user_4934,item_2829,0.30709257318568767
scene_0,user_4934,item_4239,0.30709257318568767
scene_0,user_4934,item_8394,0.30709257318568767
scene_0,user_247,item_3621,0.5100697232983947
scene_0,user_247,item_1596,0.4164701851078906
scene_0,user_247,item_987,0.4164701851078906
scene_0,user_2785,item_6381,0.3633810027301768
scene_0,user_2785,item_846,0.3633810027301768
scene_0,user_7542,item_6381,0.3633810027301768
scene_0,user_7542,item_846,0.3633810027301768
scene_0,user_3174,item_6381,0.3633810027301768
scene_0,user_3174,item_846,0.3633810027301768
scene_0,user_2001,item_6792,0.37160360818355515
scene_0,user_2001,item_7467,0.37160360818355515
scene_0,user_2001,item_846,0.25694917118487537
scene_0,user_9845,item_6381,0.3633810027301768
scene_0,user_9845,item_846,0.3633810027301768
scene_0,user_4690,item_9249,0.45511961331341866
scene_0,user_4690,item_6381,0.25694917118487537
scene_0,user_9526,item_153,0.31066746727980593
scene_0,user_8716,item_153,0.43935014561520125
scene_0,user_8716,item_7335,0.43935014561520125
scene_0,user_4833,item_153,0.43935014561520125
scene_0,user_4833,item_7335,0.43935014561520125
scene_0,user_5892,item_5634,0.5100697232983947
scene_0,user_5648,item_5634,0.5100697232983947
scene_0,user_5486,item_6081,0.45511961331341866
scene_0,user_5486,item_7128,0.45511961331341866
scene_0,user_5486,item_8970,0.45511961331341866
scene_0,user_5560,item_3399,0.24044917348149392
scene_0,user_5560,item_5799,0.24044917348149392
scene_0,user_5560,item_8697,0.24044917348149392
scene_0,user_5560,item_9063,0.24044917348149392
scene_0,user_5221,item_6357,0.6436363296498353
scene_0,user_8437,item_348,0.6436363296498353
scene_0,user_6832,item_6312,0.31066746727980593
scene_0,user_6832,item_192,0.2790553132756236
scene_0,user_3281,item_6996,0.31066746727980593
scene_0,user_3281,item_8703,0.31066746727980593
scene_0,user_123,item_6312,0.43935014561520125
scene_0,user_123,item_6996,0.43935014561520125
scene_0,user_656,item_6312,0.43935014561520125
scene_0,user_656,item_6996,0.43935014561520125
scene_0,user_9750,item_7470,0.6436363296498353
scene_0,user_4362,item_2556,0.36067376022224085
scene_0,user_6760,item_6483,0.45511961331341866
scene_0,user_6760,item_1434,0.37160360818355515
scene_0,user_6760,item_2409,0.37160360818355515
scene_0,user_6812,item_2946,0.6436363296498353
scene_0,user_3927,item_6087,0.3633810027301768
scene_0,user_3927,item_8100,0.3633810027301768
scene_0,user_1696,item_2415,0.31066746727980593
scene_0,user_1696,item_8100,0.25694917118487537
scene_0,user_5115,item_6087,0.3633810027301768
scene_0,user_5115,item_8100,0.3633810027301768
scene_0,user_6825,item_6087,0.25694917118487537
scene_0,user_6825,item_6636,0.22755980665670933
scene_0,user_6825,item_7386,0.22755980665670933
scene_0,user_6825,item_7992,0.22755980665670933
scene_0,user_7576,item_6087,0.3633810027301768
scene_0,user_7576,item_8100,0.3633810027301768
scene_0,user_2084,item_6087,0.3633810027301768
scene_0,user_2084,item_8100,0.3633810027301768
scene_0,user_1231,item_804,0.31066746727980593
scene_0,user_1231,item_8613,0.2790553132756236
scene_0,user_1231,item_6288,0.25365892483943775
scene_0,user_1231,item_8439,0.25365892483943775
scene_0,user_1043,item_6723,0.39464380868665966
scene_0,user_1043,item_8613,0.39464380868665966
scene_0,user_9839,item_6723,0.39464380868665966
scene_0,user_9839,item_8613,0.39464380868665966
scene_0,user_2228,item_6723,0.39464380868665966
scene_0,user_2228,item_8613,0.39464380868665966
scene_0,user_9191,item_6723,0.2790553132756236
scene_0,user_1343,item_3870,0.2790553132756236
scene_0,user_1343,item_7032,0.2790553132756236
scene_0,user_1403,item_3675,0.39464380868665966
scene_0,user_1403,item_3870,0.39464380868665966
scene_0,user_1403,item_7032,0.39464380868665966
scene_0,user_373,item_3675,0.39464380868665966
scene_0,user_373,item_3870,0.39464380868665966
scene_0,user_373,item_7032,0.39464380868665966
scene_0,user_3457,item_3675,0.2790553132756236
scene_0,user_3457,item_3870,0.2790553132756236
scene_0,user_2799,item_3399,0.24044917348149392
scene_0,user_2799,item_5694,0.24044917348149392
scene_0,user_2799,item_8697,0.24044917348149392
scene_0,user_2799,item_9063,0.24044917348149392
scene_0,user_2339,item_6357,0.6436363296498353
scene_0,user_8549,item_6012,0.36067376022224085
scene_0,user_1755,item_2787,0.36067376022224085
scene_0,user_6517,item_2787,0.5100697232983947
scene_0,user_6517,item_6012,0.5100697232983947
scene_0,user_4715,item_5199,0.45511961331341866
scene_0,user_8810,item_4332,0.3400464821989298
scene_0,user_9165,item_4332,0.3400464821989298
scene_0,user_5825,item_4332,0.3400464821989298
scene_0,user_8282,item_4332,0.3400464821989298
scene_0,user_3998,item_4332,0.3400464821989298
scene_0,user_5876,item_4332,0.3400464821989298
scene_0,user_723,item_2733,0.3400464821989298
scene_0,user_723,item_5532,0.3400464821989298
scene_0,user_1247,item_2733,0.3400464821989298
scene_0,user_1247,item_5532,0.3400464821989298
scene_0,user_1550,item_2733,0.3400464821989298
scene_0,user_1550,item_5532,0.3400464821989298
scene_0,user_1276,item_2733,0.3400464821989298
scene_0,user_1276,item_5532,0.3400464821989298
scene_0,user_1657,item_2733,0.3400464821989298
scene_0,user_1657,item_5532,0.3400464821989298
scene_0,user_3409,item_5532,0.24044917348149392
scene_0,user_9989,item_8919,0.39464380868665966
scene_0,user_434,item_8919,0.39464380868665966
scene_0,user_2956,item_8919,0.39464380868665966
scene_0,user_107,item_8919,0.39464380868665966
scene_0,user_6870,item_2841,0.25694917118487537
scene_0,user_6870,item_5271,0.25694917118487537
scene_0,user_6870,item_6972,0.25694917118487537
scene_0,user_4076,item_3150,0.5100697232983947
scene_0,user_5952,item_3150,0.5100697232983947
scene_0,user_1880,item_264,0.5100697232983947
scene_0,user_8802,item_264,0.5100697232983947
scene_0,user_4107,item_1248,0.5100697232983947
scene_0,user_3909,item_1248,0.5100697232983947
scene_0,user_2716,item_1347,0.5255268625199613
scene_0,user_2716,item_3639,0.5255268625199613
scene_0,user_2364,item_8697,0.2790553132756236
scene_0,user_2364,item_6792,0.25694917118487537
scene_0,user_2364,item_2991,0.22784770917926217
scene_0,user_2364,item_7089,0.22784770917926217
scene_0,user_2364,item_4335,0.20979811974466375
scene_0,user_2364,item_6882,0.20979811974466375
scene_0,user_1652,item_6792,0.3633810027301768
scene_0,user_1652,item_8496,0.3633810027301768
scene_0,user_1652,item_4335,0.29669934630327804
scene_0,user_1652,item_6882,0.29669934630327804
scene_0,user_7892,item_8496,0.25694917118487537
scene_0,user_7892,item_6381,0.25365892483943775
scene_0,user_7892,item_7467,0.25365892483943775
scene_0,user_7892,item_4335,0.20979811974466375
scene_0,user_7892,item_6882,0.20979811974466375
scene_0,user_4650,item_6792,0.3633810027301768
scene_0,user_4650,item_8496,0.3633810027301768
scene_0,user_4650,item_4335,0.29669934630327804
scene_0,user_4650,item_6882,0.29669934630327804
scene_0,user_4473,item_6792,0.3633810027301768
scene_0,user_4473,item_8496,0.3633810027301768
scene_0,user_4473,item_4335,0.29669934630327804
scene_0,user_4473,item_6882,0.29669934630327804
scene_0,user_4238,item_1380,0.6436363296498353
scene_0,user_4916,item_3729,0.2790553132756236
scene_0,user_4916,item_942,0.2790553132756236
scene_0,user_591,item_3729,0.39464380868665966
scene_0,user_591,item_6669,0.39464380868665966
scene_0,user_591,item_942,0.39464380868665966
scene_0,user_9795,item_3729,0.39464380868665966
scene_0,user_9795,item_6669,0.39464380868665966
scene_0,user_9795,item_942,0.39464380868665966
scene_0,user_9770,item_3729,0.2790553132756236
scene_0,user_9770,item_6669,0.2790553132756236
scene_0,user_9770,item_8979,0.24044917348149392
scene_0,user_4079,item_7566,0.43935014561520125
scene_0,user_8528,item_7566,0.43935014561520125
scene_0,user_1649,item_7566,0.43935014561520125
scene_0,user_2011,item_2997,0.25694917118487537
scene_0,user_4411,item_3852,0.5255268625199613
scene_0,user_4411,item_9210,0.5255268625199613
scene_0,user_5739,item_8865,0.6436363296498353
scene_0,user_5534,item_4296,0.3400464821989298
scene_0,user_5534,item_909,0.3400464821989298
scene_0,user_5534,item_2730,0.2776467900719271
scene_0,user_5534,item_6714,0.2776467900719271
scene_0,user_4940,item_4296,0.3400464821989298
scene_0,user_4940,item_909,0.3400464821989298
scene_0,user_4940,item_2730,0.2776467900719271
scene_0,user_4940,item_6714,0.2776467900719271
scene_0,user_2450,item_4296,0.3400464821989298
scene_0,user_2450,item_909,0.3400464821989298
scene_0,user_2450,item_2730,0.2776467900719271
scene_0,user_2450,item_6714,0.2776467900719271
scene_0,user_1734,item_4296,0.3400464821989298
scene_0,user_1734,item_909,0.3400464821989298
scene_0,user_1734,item_2730,0.2776467900719271
scene_0,user_1734,item_6714,0.2776467900719271
scene_0,user_410,item_7269,0.45511961331341866
scene_0,user_410,item_4296,0.24044917348149392
scene_0,user_410,item_2730,0.19632592803453744
scene_0,user_410,item_6714,0.19632592803453744
scene_0,user_7856,item_6849,0.2944888920518062
scene_0,user_7856,item_804,0.2944888920518062
scene_0,user_7856,item_4296,0.19632592803453744
scene_0,user_7856,item_909,0.19632592803453744
scene_0,user_5102,item_1227,0.2776467900719271
scene_0,user_5102,item_9672,0.2776467900719271
scene_0,user_5102,item_1128,0.13337720371237885
scene_0,user_5102,item_3885,0.13337720371237885
scene_0,user_5102,item_3933,0.13337720371237885
scene_0,user_5102,item_4200,0.13337720371237885
scene_0,user_5102,item_5049,0.13337720371237885
scene_0,user_5102,item_5094,0.13337720371237885
scene_0,user_5102,item_5331,0.13337720371237885
scene_0,user_5102,item_5451,0.13337720371237885
scene_0,user_5102,item_660,0.13337720371237885
scene_0,user_5102,item_6942,0.13337720371237885
scene_0,user_5102,item_7197,0.13337720371237885
scene_0,user_5102,item_7365,0.13337720371237885
scene_0,user_1722,item_1227,0.2776467900719271
scene_0,user_1722,item_9672,0.2776467900719271
scene_0,user_1722,item_1128,0.13337720371237885
scene_0,user_1722,item_3885,0.13337720371237885
scene_0,user_1722,item_3933,0.13337720371237885
scene_0,user_1722,item_4200,0.13337720371237885
scene_0,user_1722,item_5049,0.13337720371237885
scene_0,user_1722,item_5094,0.13337720371237885
scene_0,user_1722,item_5331,0.13337720371237885
scene_0,user_1722,item_5451,0.13337720371237885
scene_0,user_1722,item_660,0.13337720371237885
scene_0,user_1722,item_6942,0.13337720371237885
scene_0,user_1722,item_7197,0.13337720371237885
scene_0,user_1722,item_7365,0.13337720371237885
scene_0,user_3483,item_1227,0.2776467900719271
scene_0,user_3483,item_9672,0.2776467900719271
scene_0,user_3483,item_1128,0.13337720371237885
scene_0,user_3483,item_3885,0.13337720371237885
scene_0,user_3483,item_3933,0.13337720371237885
scene_0,user_3483,item_4200,0.13337720371237885
scene_0,user_3483,item_5049,0.13337720371237885
scene_0,user_3483,item_5094,0.13337720371237885
scene_0,user_3483,item_5331,0.13337720371237885
scene_0,user_3483,item_5451,0.13337720371237885
scene_0,user_3483,item_660,0.13337720371237885
scene_0,user_3483,item_6942,0.13337720371237885
scene_0,user_3483,item_7197,0.13337720371237885
scene_0,user_3483,item_7365,0.13337720371237885
scene_0,user_8822,item_1227,0.2776467900719271
scene_0,user_8822,item_9672,0.2776467900719271
scene_0,user_8822,item_1128,0.13337720371237885
scene_0,user_8822,item_3885,0.13337720371237885
scene_0,user_8822,item_3933,0.13337720371237885
scene_0,user_8822,item_4200,0.13337720371237885
scene_0,user_8822,item_5049,0.13337720371237885
scene_0,user_8822,item_5094,0.13337720371237885
scene_0,user_8822,item_5331,0.13337720371237885
scene_0,user_8822,item_5451,0.13337720371237885
scene_0,user_8822,item_660,0.13337720371237885
scene_0,user_8822,item_6942,0.13337720371237885
scene_0,user_8822,item_7197,0.13337720371237885
scene_0,user_8822,item_7365,0.13337720371237885
scene_0,user_1873,item_1227,0.2776467900719271
scene_0,user_1873,item_9672,0.2776467900719271
scene_0,user_1873,item_1128,0.13337720371237885
scene_0,user_1873,item_3885,0.13337720371237885
scene_0,user_1873,item_3933,0.13337720371237885
scene_0,user_1873,item_4200,0.13337720371237885
scene_0,user_1873,item_5049,0.13337720371237885
scene_0,user_1873,item_5094,0.13337720371237885
scene_0,user_1873,item_5331,0.13337720371237885
scene_0,user_1873,item_5451,0.13337720371237885
scene_0,user_1873,item_660,0.13337720371237885
scene_0,user_1873,item_6942,0.13337720371237885
scene_0,user_1873,item_7197,0.13337720371237885
scene_0,user_1873,item_7365,0.13337720371237885
scene_0,user_832,item_4593,0.5100697232983947
scene_0,user_69,item_4593,0.5100697232983947
scene_0,user_6791,item_1005,0.5100697232983947
scene_0,user_6791,item_7806,0.5100697232983947
scene_0,user_3806,item_1005,0.36067376022224085
scene_0,user_3105,item_7791,0.5100697232983947
scene_0,user_6864,item_7791,0.5100697232983947
scene_0,user_9315,item_7053,0.24044917348149392
scene_0,user_1384,item_5802,0.6436363296498353
scene_0,user_3968,item_5718,0.45511961331341866
scene_0,user_3968,item_6141,0.2790553132756236
scene_0,user_3040,item_2415,0.43935014561520125
scene_0,user_3040,item_5733,0.43935014561520125
scene_0,user_5078,item_2415,0.43935014561520125
scene_0,user_5078,item_5733,0.43935014561520125
scene_0,user_3535,item_4605,0.5100697232983947
scene_0,user_6100,item_4605,0.5100697232983947
scene_0,user_1018,item_840,0.5100697232983947
scene_0,user_4187,item_840,0.5100697232983947
scene_0,user_1559,item_2004,0.22755980665670933
scene_0,user_1559,item_9777,0.22755980665670933
scene_0,user_5606,item_5223,0.5100697232983947
scene_0,user_5606,item_342,0.4164701851078906
scene_0,user_5606,item_6645,0.4164701851078906
scene_0,user_4618,item_4455,0.24044917348149392
scene_0,user_4618,item_1128,0.09431192520072264
scene_0,user_4618,item_3885,0.09431192520072264
scene_0,user_4618,item_3933,0.09431192520072264
scene_0,user_4618,item_4200,0.09431192520072264
scene_0,user_4618,item_5049,0.09431192520072264
scene_0,user_4618,item_5094,0.09431192520072264
scene_0,user_4618,item_5331,0.09431192520072264
scene_0,user_4618,item_5451,0.09431192520072264
scene_0,user_4618,item_5979,0.09431192520072264
scene_0,user_4618,item_660,0.09431192520072264
scene_0,user_4618,item_6942,0.09431192520072264
scene_0,user_4618,item_7197,0.09431192520072264
scene_0,user_949,item_7365,0.5100697232983947
scene_0,user_1226,item_7365,0.5100697232983947
scene_0,user_245,item_6942,0.4164701851078906
scene_0,user_245,item_7656,0.4164701851078906
scene_0,user_9061,item_6942,0.4164701851078906
scene_0,user_9061,item_7656,0.4164701851078906
scene_0,user_3847,item_7167,0.2404491734814939
scene_0,user_3847,item_8097,0.2404491734814939
scene_0,user_3847,item_4173,0.22784770917926217
scene_0,user_3847,item_1128,0.08936922424865167
scene_0,user_3847,item_3885,0.08936922424865167
scene_0,user_3847,item_3933,0.08936922424865167
scene_0,user_3847,item_4200,0.08936922424865167
scene_0,user_3847,item_5049,0.08936922424865167
scene_0,user_3847,item_5094,0.08936922424865167
scene_0,user_3847,item_5331,0.08936922424865167
scene_0,user_3847,item_5451,0.08936922424865167
scene_0,user_3847,item_5979,0.08936922424865167
scene_0,user_3847,item_660,0.08936922424865167
scene_0,user_3847,item_7197,0.08936922424865167
scene_0,user_3847,item_7365,0.08936922424865167
scene_0,user_3574,item_8796,0.45511961331341866
scene_0,user_3574,item_8697,0.2790553132756236
scene_0,user_3197,item_6834,0.45511961331341866
scene_0,user_3197,item_390,0.2790553132756236
scene_0,user_8332,item_6156,0.3400464821989298
scene_0,user_8332,item_3459,0.2776467900719271
scene_0,user_8332,item_7206,0.2776467900719271
scene_0,user_9397,item_6156,0.3400464821989298
scene_0,user_9397,item_3459,0.2776467900719271
scene_0,user_9397,item_7206,0.2776467900719271
scene_0,user_3576,item_3525,0.22755980665670933
scene_0,user_3576,item_4200,0.22755980665670933
scene_0,user_3576,item_3459,0.19632592803453744
scene_0,user_3576,item_7206,0.19632592803453744
scene_0,user_3193,item_6156,0.3400464821989298
scene_0,user_3193,item_3459,0.2776467900719271
scene_0,user_3193,item_7206,0.2776467900719271
scene_0,user_170,item_6156,0.3400464821989298
scene_0,user_170,item_3459,0.2776467900719271
scene_0,user_170,item_7206,0.2776467900719271
scene_0,user_860,item_6156,0.3400464821989298
scene_0,user_860,item_3459,0.2776467900719271
scene_0,user_860,item_7206,0.2776467900719271
scene_0,user_9046,item_3525,0.32181816482491765
scene_0,user_9046,item_4200,0.32181816482491765
scene_0,user_9046,item_615,0.32181816482491765
scene_0,user_7895,item_3525,0.32181816482491765
scene_0,user_7895,item_4200,0.32181816482491765
scene_0,user_7895,item_615,0.32181816482491765
scene_0,user_7358,item_3525,0.32181816482491765
scene_0,user_7358,item_4200,0.32181816482491765
scene_0,user_7358,item_615,0.32181816482491765
scene_0,user_5455,item_3525,0.32181816482491765
scene_0,user_5455,item_4200,0.32181816482491765
scene_0,user_5455,item_615,0.32181816482491765
scene_0,user_4824,item_3525,0.32181816482491765
scene_0,user_4824,item_4200,0.32181816482491765
scene_0,user_4824,item_615,0.32181816482491765
scene_0,user_4121,item_84,0.19493562262564004
scene_0,user_4121,item_8448,0.19493562262564004
scene_0,user_4121,item_9867,0.19493562262564004
scene_0,user_4121,item_9870,0.19493562262564004
scene_0,user_2418,item_7635,0.5100697232983947
scene_0,user_5142,item_7635,0.5100697232983947
scene_0,user_748,item_7725,0.21714724095162588
scene_0,user_748,item_8115,0.21714724095162588
scene_0,user_748,item_2370,0.20979811974466375
scene_0,user_748,item_807,0.20979811974466375
scene_0,user_784,item_3804,0.22755980665670933
scene_0,user_784,item_4815,0.22755980665670933
scene_0,user_784,item_7725,0.21714724095162588
scene_0,user_784,item_8784,0.21714724095162588
scene_0,user_5844,item_7725,0.30709257318568767
scene_0,user_5844,item_8115,0.30709257318568767
scene_0,user_5844,item_8784,0.30709257318568767
scene_0,user_7445,item_7725,0.30709257318568767
scene_0,user_7445,item_8115,0.30709257318568767
scene_0,user_7445,item_8784,0.30709257318568767
scene_0,user_8138,item_7725,0.30709257318568767
scene_0,user_8138,item_8115,0.30709257318568767
scene_0,user_8138,item_8784,0.30709257318568767
scene_0,user_3822,item_7725,0.30709257318568767
scene_0,user_3822,item_8115,0.30709257318568767
scene_0,user_3822,item_8784,0.30709257318568767
scene_0,user_4138,item_7725,0.30709257318568767
scene_0,user_4138,item_8115,0.30709257318568767
scene_0,user_4138,item_8784,0.30709257318568767
scene_0,user_2002,item_8115,0.21714724095162588
scene_0,user_2002,item_8784,0.21714724095162588
scene_0,user_3935,item_7725,0.30709257318568767
scene_0,user_3935,item_8115,0.30709257318568767
scene_0,user_3935,item_8784,0.30709257318568767
scene_0,user_5750,item_8832,0.6436363296498353
scene_0,user_8523,item_3195,0.5100697232983947
scene_0,user_7764,item_3195,0.5100697232983947
scene_0,user_17,item_4026,0.45511961331341866
scene_0,user_17,item_1755,0.20121480219092233
scene_0,user_17,item_216,0.20121480219092233
scene_0,user_17,item_7848,0.20121480219092233
scene_0,user_17,item_8043,0.20121480219092233
scene_0,user_17,item_1338,0.1642911980209368
scene_0,user_17,item_9537,0.1642911980209368
scene_0,user_5429,item_6501,0.43935014561520125
scene_0,user_5429,item_9372,0.43935014561520125
scene_0,user_7280,item_6501,0.31066746727980593
scene_0,user_1431,item_9372,0.31066746727980593
scene_0,user_1431,item_1887,0.21714724095162588
scene_0,user_1431,item_465,0.21714724095162588
scene_0,user_1431,item_7569,0.21714724095162588
scene_0,user_1460,item_6501,0.43935014561520125
scene_0,user_1460,item_9372,0.43935014561520125
scene_0,user_6702,item_8133,0.29488643195052716
scene_0,user_6702,item_8247,0.29488643195052716
scene_0,user_1615,item_8133,0.29488643195052716
scene_0,user_1615,item_8247,0.29488643195052716
scene_0,user_8861,item_8133,0.20851619571212315
scene_0,user_9221,item_8133,0.29488643195052716
scene_0,user_9221,item_8247,0.29488643195052716
scene_0,user_2769,item_8133,0.29488643195052716
scene_0,user_2769,item_8247,0.29488643195052716
scene_0,user_3360,item_8133,0.29488643195052716
scene_0,user_3360,item_8247,0.29488643195052716
scene_0,user_1854,item_8133,0.29488643195052716
scene_0,user_1854,item_8247,0.29488643195052716
scene_0,user_1284,item_8133,0.29488643195052716
scene_0,user_1284,item_8247,0.29488643195052716
scene_0,user_5535,item_8247,0.20851619571212315
scene_0,user_1023,item_8133,0.29488643195052716
scene_0,user_1023,item_8247,0.29488643195052716
scene_0,user_7218,item_5331,0.3400464821989298
scene_0,user_7218,item_5358,0.3400464821989298
scene_0,user_7218,item_6363,0.3400464821989298
scene_0,user_7218,item_9303,0.3400464821989298
scene_0,user_3797,item_5331,0.3400464821989298
scene_0,user_3797,item_5358,0.3400464821989298
scene_0,user_3797,item_6363,0.3400464821989298
scene_0,user_3797,item_9303,0.3400464821989298
scene_0,user_8595,item_6288,0.31066746727980593
scene_0,user_8595,item_5331,0.24044917348149392
scene_0,user_8595,item_5358,0.24044917348149392
scene_0,user_8595,item_6363,0.24044917348149392
scene_0,user_3207,item_5331,0.3400464821989298
scene_0,user_3207,item_5358,0.3400464821989298
scene_0,user_3207,item_6363,0.3400464821989298
scene_0,user_3207,item_9303,0.3400464821989298
scene_0,user_4954,item_5331,0.24044917348149392
scene_0,user_4954,item_5358,0.24044917348149392
scene_0,user_4954,item_9303,0.24044917348149392
scene_0,user_3904,item_2004,0.5100697232983947
scene_0,user_3904,item_2832,0.5100697232983947
scene_0,user_5616,item_2610,0.6436363296498353
scene_0,user_2081,item_5745,0.25365892483943775
scene_0,user_2081,item_804,0.25365892483943775
scene_0,user_2081,item_6993,0.20979811974466375
scene_0,user_2081,item_9303,0.20979811974466375
scene_0,user_2081,item_1080,0.17729997979489165
scene_0,user_2081,item_5049,0.17729997979489165
scene_0,user_2081,item_7833,0.17729997979489165
scene_0,user_2081,item_2940,0.17129944745658357
scene_0,user_2081,item_7176,0.17129944745658357
scene_0,user_2081,item_4158,0.14476482730108392
scene_0,user_2081,item_4407,0.14476482730108392
scene_0,user_9957,item_6993,0.3633810027301768
scene_0,user_9957,item_9303,0.3633810027301768
scene_0,user_9957,item_2940,0.29669934630327804
scene_0,user_9957,item_6723,0.29669934630327804
scene_0,user_9957,item_7176,0.29669934630327804
scene_0,user_9957,item_8439,0.29669934630327804
scene_0,user_4262,item_9303,0.25694917118487537
scene_0,user_4262,item_2940,0.20979811974466375
scene_0,user_4262,item_6723,0.20979811974466375
scene_0,user_4262,item_7176,0.20979811974466375
scene_0,user_4262,item_8439,0.20979811974466375
scene_0,user_9454,item_6993,0.3633810027301768
scene_0,user_9454,item_9303,0.3633810027301768
scene_0,user_9454,item_2940,0.29669934630327804
scene_0,user_9454,item_6723,0.29669934630327804
scene_0,user_9454,item_7176,0.29669934630327804
scene_0,user_9454,item_8439,0.29669934630327804
scene_0,user_5672,item_6267,0.31066746727980593
scene_0,user_5672,item_6993,0.25694917118487537
scene_0,user_5672,item_2940,0.20979811974466375
scene_0,user_5672,item_6723,0.20979811974466375
scene_0,user_5672,item_7176,0.20979811974466375
scene_0,user_5672,item_8439,0.20979811974466375
scene_0,user_4046,item_3219,0.22784770917926217
scene_0,user_4046,item_3456,0.22784770917926217
scene_0,user_9629,item_2721,0.39464380868665966
scene_0,user_9629,item_3219,0.3222253204769533
scene_0,user_9629,item_3456,0.3222253204769533
scene_0,user_4787,item_2721,0.39464380868665966
scene_0,user_4787,item_3219,0.3222253204769533
scene_0,user_4787,item_3456,0.3222253204769533
scene_0,user_7284,item_2721,0.39464380868665966
scene_0,user_7284,item_3219,0.3222253204769533
scene_0,user_7284,item_3456,0.3222253204769533
scene_0,user_1597,item_5712,0.43935014561520125
scene_0,user_1597,item_8703,0.43935014561520125
scene_0,user_8936,item_5712,0.43935014561520125
scene_0,user_8936,item_8703,0.43935014561520125
scene_0,user_3348,item_2925,0.36067376022224085
scene_0,user_3348,item_5712,0.31066746727980593
scene_0,user_9971,item_8553,0.39464380868665966
scene_0,user_4093,item_8553,0.39464380868665966
scene_0,user_3091,item_8553,0.39464380868665966
scene_0,user_2200,item_8553,0.39464380868665966
scene_0,user_6528,item_3399,0.3400464821989298
scene_0,user_6528,item_5694,0.3400464821989298
scene_0,user_6528,item_5799,0.3400464821989298
scene_0,user_6528,item_8697,0.3400464821989298
scene_0,user_6528,item_9063,0.3400464821989298
scene_0,user_3435,item_3399,0.3400464821989298
scene_0,user_3435,item_5694,0.3400464821989298
scene_0,user_3435,item_5799,0.3400464821989298
scene_0,user_3435,item_8697,0.3400464821989298
scene_0,user_3435,item_9063,0.3400464821989298
scene_0,user_9685,item_3399,0.24044917348149392
scene_0,user_9685,item_5694,0.24044917348149392
scene_0,user_9685,item_5799,0.24044917348149392
scene_0,user_9685,item_9063,0.24044917348149392
scene_0,user_9685,item_3525,0.22755980665670933
scene_0,user_9685,item_6834,0.22755980665670933
scene_0,user_9685,item_7344,0.22755980665670933
scene_0,user_9685,item_8496,0.22755980665670933
scene_0,user_5879,item_3399,0.24044917348149392
scene_0,user_5879,item_5694,0.24044917348149392
scene_0,user_5879,item_5799,0.24044917348149392
scene_0,user_5879,item_8697,0.24044917348149392
scene_0,user_1149,item_5667,0.37160360818355515
scene_0,user_1149,item_5907,0.25365892483943775
scene_0,user_1149,item_8277,0.25365892483943775
scene_0,user_4069,item_861,0.4164701851078906
scene_0,user_4069,item_9363,0.4164701851078906
scene_0,user_5111,item_1551,0.17729997979489165
scene_0,user_5111,item_4575,0.17729997979489165
scene_0,user_5111,item_7674,0.14476482730108392
scene_0,user_5111,item_7749,0.14476482730108392
scene_0,user_7640,item_861,0.4164701851078906
scene_0,user_7640,item_9363,0.4164701851078906
scene_0,user_7678,item_3933,0.29488643195052716
scene_0,user_7678,item_8046,0.29488643195052716
scene_0,user_6225,item_3933,0.29488643195052716
scene_0,user_6225,item_8046,0.29488643195052716
scene_0,user_243,item_3933,0.29488643195052716
scene_0,user_243,item_8046,0.29488643195052716
scene_0,user_9204,item_3933,0.29488643195052716
scene_0,user_9204,item_8046,0.29488643195052716
scene_0,user_5940,item_3933,0.29488643195052716
scene_0,user_5940,item_8046,0.29488643195052716
scene_0,user_9823,item_3933,0.29488643195052716
scene_0,user_9823,item_8046,0.29488643195052716
scene_0,user_8949,item_3933,0.29488643195052716
scene_0,user_8949,item_8046,0.29488643195052716
scene_0,user_8013,item_3933,0.29488643195052716
scene_0,user_8013,item_8046,0.29488643195052716
scene_0,user_5838,item_8775,0.31066746727980593
scene_0,user_5838,item_3933,0.20851619571212315
scene_0,user_8981,item_1746,0.43935014561520125
scene_0,user_3692,item_1746,0.43935014561520125
scene_0,user_7709,item_1746,0.43935014561520125
scene_0,user_9388,item_3729,0.43935014561520125
scene_0,user_7688,item_3729,0.43935014561520125
scene_0,user_529,item_3729,0.43935014561520125
scene_0,user_1695,item_7917,0.5100697232983947
scene_0,user_1695,item_8952,0.5100697232983947
scene_0,user_1198,item_8952,0.36067376022224085
scene_0,user_1198,item_2322,0.25694917118487537
scene_0,user_1198,item_2367,0.25694917118487537
scene_0,user_1198,item_2331,0.20979811974466375
scene_0,user_1198,item_8988,0.20979811974466375
scene_0,user_6936,item_7917,0.36067376022224085
scene_0,user_7421,item_6084,0.39464380868665966
scene_0,user_7421,item_6141,0.39464380868665966
scene_0,user_6332,item_6084,0.2790553132756236
scene_0,user_3086,item_6084,0.39464380868665966
scene_0,user_3086,item_6141,0.39464380868665966
scene_0,user_8044,item_6084,0.39464380868665966
scene_0,user_8044,item_6141,0.39464380868665966
scene_0,user_6676,item_3138,0.6436363296498353
scene_0,user_3594,item_1887,0.30709257318568767
scene_0,user_3594,item_465,0.30709257318568767
scene_0,user_3594,item_6213,0.30709257318568767
scene_0,user_3594,item_7569,0.30709257318568767
scene_0,user_1254,item_1887,0.30709257318568767
scene_0,user_1254,item_465,0.30709257318568767
scene_0,user_1254,item_6213,0.30709257318568767
scene_0,user_1254,item_7569,0.30709257318568767
scene_0,user_6344,item_1887,0.30709257318568767
scene_0,user_6344,item_465,0.30709257318568767
scene_0,user_6344,item_6213,0.30709257318568767
scene_0,user_6344,item_7569,0.30709257318568767
scene_0,user_7723,item_1887,0.30709257318568767
scene_0,user_7723,item_465,0.30709257318568767
scene_0,user_7723,item_6213,0.30709257318568767
scene_0,user_7723,item_7569,0.30709257318568767
scene_0,user_5126,item_3525,0.36067376022224085
scene_0,user_5126,item_4311,0.36067376022224085
scene_0,user_5126,item_1887,0.21714724095162588
scene_0,user_5126,item_465,0.21714724095162588
scene_0,user_5126,item_6213,0.21714724095162588
scene_0,user_6408,item_1887,0.30709257318568767
scene_0,user_6408,item_465,0.30709257318568767
scene_0,user_6408,item_6213,0.30709257318568767
scene_0,user_6408,item_7569,0.30709257318568767
scene_0,user_7311,item_4401,0.45511961331341866
scene_0,user_7311,item_69,0.45511961331341866
scene_0,user_7311,item_8532,0.45511961331341866
scene_0,user_8589,item_4788,0.6436363296498353
scene_0,user_3742,item_6180,0.39464380868665966
scene_0,user_3433,item_6180,0.39464380868665966
scene_0,user_2912,item_6180,0.39464380868665966
scene_0,user_6177,item_6180,0.39464380868665966
scene_0,user_5972,item_5601,0.6436363296498353
scene_0,user_5150,item_2544,0.32181816482491765
scene_0,user_5150,item_336,0.32181816482491765
scene_0,user_5150,item_9393,0.32181816482491765
scene_0,user_5150,item_3138,0.26276343125998064
scene_0,user_5150,item_3666,0.26276343125998064
scene_0,user_5150,item_8640,0.26276343125998064
scene_0,user_5150,item_9576,0.26276343125998064
scene_0,user_3461,item_2544,0.32181816482491765
scene_0,user_3461,item_336,0.32181816482491765
scene_0,user_3461,item_9393,0.32181816482491765
scene_0,user_3461,item_3138,0.26276343125998064
scene_0,user_3461,item_3666,0.26276343125998064
scene_0,user_3461,item_8640,0.26276343125998064
scene_0,user_3461,item_9576,0.26276343125998064
scene_0,user_1777,item_2544,0.32181816482491765
scene_0,user_1777,item_336,0.32181816482491765
scene_0,user_1777,item_9393,0.32181816482491765
scene_0,user_1777,item_3138,0.26276343125998064
scene_0,user_1777,item_3666,0.26276343125998064
scene_0,user_1777,item_8640,0.26276343125998064
scene_0,user_1777,item_9576,0.26276343125998064
scene_0,user_34,item_2814,0.24044917348149392
scene_0,user_34,item_3354,0.24044917348149392
scene_0,user_34,item_2544,0.22755980665670933
scene_0,user_34,item_336,0.22755980665670933
scene_0,user_34,item_3138,0.18580180409177757
scene_0,user_34,item_3666,0.18580180409177757
scene_0,user_34,item_8640,0.18580180409177757
scene_0,user_34,item_9576,0.18580180409177757
scene_0,user_4451,item_6438,0.5100697232983947
scene_0,user_340,item_6438,0.5100697232983947
scene_0,user_1839,item_3021,0.2845607022086219
scene_0,user_1839,item_483,0.2845607022086219
scene_0,user_1839,item_1128,0.11161389025872528
scene_0,user_1839,item_3885,0.11161389025872528
scene_0,user_1839,item_3933,0.11161389025872528
scene_0,user_1839,item_4200,0.11161389025872528
scene_0,user_1839,item_5049,0.11161389025872528
scene_0,user_1839,item_5094,0.11161389025872528
scene_0,user_1839,item_5331,0.11161389025872528
scene_0,user_1839,item_5451,0.11161389025872528
scene_0,user_1839,item_5979,0.11161389025872528
scene_0,user_1839,item_6942,0.11161389025872528
scene_0,user_1839,item_7197,0.11161389025872528
scene_0,user_1839,item_7365,0.11161389025872528
scene_0,user_7849,item_3021,0.2845607022086219
scene_0,user_7849,item_483,0.2845607022086219
scene_0,user_7849,item_1128,0.11161389025872528
scene_0,user_7849,item_3885,0.11161389025872528
scene_0,user_7849,item_3933,0.11161389025872528
scene_0,user_7849,item_4200,0.11161389025872528
scene_0,user_7849,item_5049,0.11161389025872528
scene_0,user_7849,item_5094,0.11161389025872528
scene_0,user_7849,item_5331,0.11161389025872528
scene_0,user_7849,item_5451,0.11161389025872528
scene_0,user_7849,item_5979,0.11161389025872528
scene_0,user_7849,item_6942,0.11161389025872528
scene_0,user_7849,item_7197,0.11161389025872528
scene_0,user_7849,item_7365,0.11161389025872528
scene_0,user_5868,item_3021,0.2845607022086219
scene_0,user_5868,item_483,0.2845607022086219
scene_0,user_5868,item_1128,0.11161389025872528
scene_0,user_5868,item_3885,0.11161389025872528
scene_0,user_5868,item_3933,0.11161389025872528
scene_0,user_5868,item_4200,0.11161389025872528
scene_0,user_5868,item_5049,0.11161389025872528
scene_0,user_5868,item_5094,0.11161389025872528
scene_0,user_5868,item_5331,0.11161389025872528
scene_0,user_5868,item_5451,0.11161389025872528
scene_0,user_5868,item_5979,0.11161389025872528
scene_0,user_5868,item_6942,0.11161389025872528
scene_0,user_5868,item_7197,0.11161389025872528
scene_0,user_5868,item_7365,0.11161389025872528
scene_0,user_9584,item_3021,0.2845607022086219
scene_0,user_9584,item_483,0.2845607022086219
scene_0,user_9584,item_1128,0.11161389025872528
scene_0,user_9584,item_3885,0.11161389025872528
scene_0,user_9584,item_3933,0.11161389025872528
scene_0,user_9584,item_4200,0.11161389025872528
scene_0,user_9584,item_5049,0.11161389025872528
scene_0,user_9584,item_5094,0.11161389025872528
scene_0,user_9584,item_5331,0.11161389025872528
scene_0,user_9584,item_5451,0.11161389025872528
scene_0,user_9584,item_5979,0.11161389025872528
scene_0,user_9584,item_6942,0.11161389025872528
scene_0,user_9584,item_7197,0.11161389025872528
scene_0,user_9584,item_7365,0.11161389025872528
scene_0,user_2217,item_3021,0.2845607022086219
scene_0,user_2217,item_483,0.2845607022086219
scene_0,user_2217,item_1128,0.11161389025872528
scene_0,user_2217,item_3885,0.11161389025872528
scene_0,user_2217,item_3933,0.11161389025872528
scene_0,user_2217,item_4200,0.11161389025872528
scene_0,user_2217,item_5049,0.11161389025872528
scene_0,user_2217,item_5094,0.11161389025872528
scene_0,user_2217,item_5331,0.11161389025872528
scene_0,user_2217,item_5451,0.11161389025872528
scene_0,user_2217,item_5979,0.11161389025872528
scene_0,user_2217,item_6942,0.11161389025872528
scene_0,user_2217,item_7197,0.11161389025872528
scene_0,user_2217,item_7365,0.11161389025872528
scene_0,user_14,item_3021,0.2845607022086219
scene_0,user_14,item_483,0.2845607022086219
scene_0,user_14,item_1128,0.11161389025872528
scene_0,user_14,item_3885,0.11161389025872528
scene_0,user_14,item_3933,0.11161389025872528
scene_0,user_14,item_4200,0.11161389025872528
scene_0,user_14,item_5049,0.11161389025872528
scene_0,user_14,item_5094,0.11161389025872528
scene_0,user_14,item_5331,0.11161389025872528
scene_0,user_14,item_5451,0.11161389025872528
scene_0,user_14,item_5979,0.11161389025872528
scene_0,user_14,item_6942,0.11161389025872528
scene_0,user_14,item_7197,0.11161389025872528
scene_0,user_14,item_7365,0.11161389025872528
scene_0,user_4382,item_3021,0.2845607022086219
scene_0,user_4382,item_483,0.2845607022086219
scene_0,user_4382,item_1128,0.11161389025872528
scene_0,user_4382,item_3885,0.11161389025872528
scene_0,user_4382,item_3933,0.11161389025872528
scene_0,user_4382,item_4200,0.11161389025872528
scene_0,user_4382,item_5049,0.11161389025872528
scene_0,user_4382,item_5094,0.11161389025872528
scene_0,user_4382,item_5331,0.11161389025872528
scene_0,user_4382,item_5451,0.11161389025872528
scene_0,user_4382,item_5979,0.11161389025872528
scene_0,user_4382,item_6942,0.11161389025872528
scene_0,user_4382,item_7197,0.11161389025872528
scene_0,user_4382,item_7365,0.11161389025872528
scene_0,user_9968,item_3021,0.2845607022086219
scene_0,user_9968,item_483,0.2845607022086219
scene_0,user_9968,item_1128,0.11161389025872528
scene_0,user_9968,item_3885,0.11161389025872528
scene_0,user_9968,item_3933,0.11161389025872528
scene_0,user_9968,item_4200,0.11161389025872528
scene_0,user_9968,item_5049,0.11161389025872528
scene_0,user_9968,item_5094,0.11161389025872528
scene_0,user_9968,item_5331,0.11161389025872528
scene_0,user_9968,item_5451,0.11161389025872528
scene_0,user_9968,item_5979,0.11161389025872528
scene_0,user_9968,item_6942,0.11161389025872528
scene_0,user_9968,item_7197,0.11161389025872528
scene_0,user_9968,item_7365,0.11161389025872528
scene_0,user_74,item_828,0.6436363296498353
scene_0,user_3669,item_5049,0.2790553132756236
scene_0,user_6546,item_51,0.30709257318568767
scene_0,user_6546,item_9795,0.30709257318568767
scene_0,user_6546,item_9987,0.30709257318568767
scene_0,user_8710,item_51,0.30709257318568767
scene_0,user_8710,item_9795,0.30709257318568767
scene_0,user_8710,item_9987,0.30709257318568767
scene_0,user_3201,item_1347,0.2790553132756236
scene_0,user_3201,item_5502,0.2790553132756236
scene_0,user_3201,item_51,0.21714724095162588
scene_0,user_3201,item_9795,0.21714724095162588
scene_0,user_8627,item_51,0.30709257318568767
scene_0,user_8627,item_9795,0.30709257318568767
scene_0,user_8627,item_9987,0.30709257318568767
scene_0,user_7704,item_51,0.30709257318568767
scene_0,user_7704,item_9795,0.30709257318568767
scene_0,user_7704,item_9987,0.30709257318568767
scene_0,user_6947,item_51,0.30709257318568767
scene_0,user_6947,item_9795,0.30709257318568767
scene_0,user_6947,item_9987,0.30709257318568767
scene_0,user_4276,item_51,0.30709257318568767
scene_0,user_4276,item_9795,0.30709257318568767
scene_0,user_4276,item_9987,0.30709257318568767
scene_0,user_6754,item_51,0.21714724095162588
scene_0,user_6754,item_9987,0.21714724095162588
scene_0,user_7377,item_8100,0.6436363296498353
scene_0,user_6346,item_5733,0.22755980665670933
scene_0,user_6346,item_7386,0.22755980665670933
scene_0,user_6346,item_7992,0.22755980665670933
scene_0,user_9332,item_2460,0.5100697232983947
scene_0,user_2623,item_2460,0.5100697232983947
scene_0,user_4827,item_8376,0.6436363296498353
scene_0,user_8361,item_4164,0.6436363296498353
scene_0,user_2032,item_4815,0.39464380868665966
scene_0,user_2032,item_4878,0.39464380868665966
scene_0,user_1204,item_4815,0.39464380868665966
scene_0,user_1204,item_4878,0.39464380868665966
scene_0,user_5082,item_4815,0.39464380868665966
scene_0,user_5082,item_4878,0.39464380868665966
scene_0,user_9489,item_8037,0.35872789172491043
scene_0,user_9489,item_8502,0.35872789172491043
scene_0,user_6627,item_786,0.2944888920518062
scene_0,user_6627,item_4557,0.17129944745658357
scene_0,user_6627,item_7053,0.17129944745658357
scene_0,user_9250,item_8037,0.35872789172491043
scene_0,user_9250,item_8502,0.35872789172491043
scene_0,user_7739,item_8037,0.35872789172491043
scene_0,user_7739,item_8502,0.35872789172491043
scene_0,user_1915,item_6723,0.36067376022224085
scene_0,user_1915,item_6849,0.36067376022224085
scene_0,user_1915,item_2730,0.2944888920518062
scene_0,user_1915,item_5970,0.2944888920518062
scene_0,user_9748,item_804,0.36067376022224085
scene_0,user_9748,item_2730,0.2944888920518062
scene_0,user_9748,item_5970,0.2944888920518062
scene_0,user_1367,item_8988,0.43935014561520125
scene_0,user_8617,item_3885,0.2790553132756236
scene_0,user_8617,item_2331,0.22784770917926217
scene_0,user_8617,item_7917,0.22784770917926217
scene_0,user_2038,item_8988,0.43935014561520125
scene_0,user_3259,item_8988,0.43935014561520125
scene_0,user_4127,item_6714,0.36067376022224085
scene_0,user_4127,item_5745,0.31066746727980593
scene_0,user_4127,item_6288,0.25365892483943775
scene_0,user_4127,item_8439,0.25365892483943775
scene_0,user_7997,item_5745,0.43935014561520125
scene_0,user_7997,item_804,0.43935014561520125
scene_0,user_7997,item_6288,0.35872789172491043
scene_0,user_7997,item_8439,0.35872789172491043
scene_0,user_7845,item_3,0.6436363296498353
scene_0,user_4002,item_1917,0.31066746727980593
scene_0,user_4002,item_4923,0.2944888920518062
scene_0,user_4002,item_9117,0.2944888920518062
scene_0,user_1047,item_8688,0.5100697232983947
scene_0,user_1047,item_4923,0.4164701851078906
scene_0,user_1047,item_9117,0.4164701851078906
scene_0,user_5619,item_4827,0.39464380868665966
scene_0,user_5619,item_4860,0.39464380868665966
scene_0,user_7448,item_4827,0.39464380868665966
scene_0,user_7448,item_4860,0.39464380868665966
scene_0,user_7453,item_4827,0.39464380868665966
scene_0,user_7453,item_4860,0.39464380868665966
scene_0,user_4590,item_840,0.2790553132756236
scene_0,user_3527,item_9777,0.5100697232983947
scene_0,user_6623,item_9777,0.5100697232983947
scene_0,user_5359,item_5907,0.43935014561520125
scene_0,user_5359,item_6381,0.35872789172491043
scene_0,user_5359,item_7467,0.35872789172491043
scene_0,user_892,item_5907,0.43935014561520125
scene_0,user_892,item_6381,0.35872789172491043
scene_0,user_892,item_7467,0.35872789172491043
scene_0,user_7502,item_6129,0.2790553132756236
scene_0,user_7502,item_3525,0.22755980665670933
scene_0,user_7502,item_6357,0.22755980665670933
scene_0,user_7502,item_7344,0.22755980665670933
scene_0,user_7502,item_8496,0.22755980665670933
scene_0,user_8370,item_6129,0.39464380868665966
scene_0,user_8370,item_8697,0.39464380868665966
scene_0,user_2272,item_6129,0.39464380868665966
scene_0,user_2272,item_8697,0.39464380868665966
scene_0,user_3787,item_6129,0.39464380868665966
scene_0,user_3787,item_8697,0.39464380868665966
scene_0,user_7975,item_7797,0.2790553132756236
scene_0,user_7975,item_9954,0.2790553132756236
scene_0,user_2253,item_7761,0.6436363296498353
scene_0,user_2680,item_3978,0.43935014561520125
scene_0,user_3228,item_3978,0.43935014561520125
scene_0,user_3502,item_3978,0.43935014561520125
scene_0,user_839,item_4335,0.3222253204769533
scene_0,user_839,item_5907,0.3222253204769533
scene_0,user_7573,item_4335,0.3222253204769533
scene_0,user_7573,item_5907,0.3222253204769533
scene_0,user_9412,item_4335,0.3222253204769533
scene_0,user_9412,item_5907,0.3222253204769533
scene_0,user_554,item_4335,0.3222253204769533
scene_0,user_554,item_5907,0.3222253204769533
scene_0,user_1510,item_4401,0.45511961331341866
scene_0,user_1510,item_6510,0.45511961331341866
scene_0,user_1510,item_8532,0.45511961331341866
scene_0,user_1370,item_2853,0.39464380868665966
scene_0,user_1370,item_3906,0.39464380868665966
scene_0,user_1370,item_4020,0.39464380868665966
scene_0,user_1370,item_9243,0.39464380868665966
scene_0,user_2566,item_3906,0.2790553132756236
scene_0,user_2566,item_4020,0.2790553132756236
scene_0,user_2566,item_9243,0.2790553132756236
scene_0,user_5657,item_2853,0.2790553132756236
scene_0,user_5657,item_3906,0.2790553132756236
scene_0,user_5657,item_4020,0.2790553132756236
scene_0,user_972,item_2214,0.6436363296498353
scene_0,user_2113,item_1113,0.2845607022086219
scene_0,user_2113,item_6798,0.2845607022086219
scene_0,user_4500,item_1113,0.2845607022086219
scene_0,user_4500,item_6798,0.2845607022086219
scene_0,user_3116,item_1113,0.20121480219092233
scene_0,user_4169,item_1113,0.2845607022086219
scene_0,user_4169,item_6798,0.2845607022086219
scene_0,user_3874,item_1113,0.2845607022086219
scene_0,user_3874,item_6798,0.2845607022086219
scene_0,user_3650,item_1113,0.2845607022086219
scene_0,user_3650,item_6798,0.2845607022086219
scene_0,user_5918,item_1113,0.2845607022086219
scene_0,user_5918,item_6798,0.2845607022086219
scene_0,user_3425,item_1113,0.2845607022086219
scene_0,user_3425,item_6798,0.2845607022086219
scene_0,user_9438,item_1113,0.2845607022086219
scene_0,user_9438,item_6798,0.2845607022086219
scene_0,user_3736,item_1113,0.2845607022086219
scene_0,user_3736,item_6798,0.2845607022086219
scene_0,user_9141,item_4947,0.36067376022224085
scene_0,user_6909,item_4947,0.5100697232983947
scene_0,user_6909,item_7473,0.5100697232983947
scene_0,user_8855,item_7473,0.36067376022224085
scene_0,user_2811,item_612,0.22784770917926217
scene_0,user_2811,item_7656,0.22784770917926217
scene_0,user_2811,item_1128,0.10945449905878096
scene_0,user_2811,item_3885,0.10945449905878096
scene_0,user_2811,item_3933,0.10945449905878096
scene_0,user_2811,item_4200,0.10945449905878096
scene_0,user_2811,item_5049,0.10945449905878096
scene_0,user_2811,item_5094,0.10945449905878096
scene_0,user_2811,item_5331,0.10945449905878096
scene_0,user_2811,item_5451,0.10945449905878096
scene_0,user_2811,item_5979,0.10945449905878096
scene_0,user_2811,item_660,0.10945449905878096
scene_0,user_2811,item_7197,0.10945449905878096
scene_0,user_2811,item_7365,0.10945449905878096
scene_0,user_446,item_4173,0.39464380868665966
scene_0,user_446,item_612,0.3222253204769533
scene_0,user_446,item_7656,0.3222253204769533
scene_0,user_446,item_1128,0.1547920370316812
scene_0,user_446,item_3885,0.1547920370316812
scene_0,user_446,item_3933,0.1547920370316812
scene_0,user_446,item_4200,0.1547920370316812
scene_0,user_446,item_5049,0.1547920370316812
scene_0,user_446,item_5094,0.1547920370316812
scene_0,user_446,item_5331,0.1547920370316812
scene_0,user_446,item_5451,0.1547920370316812
scene_0,user_446,item_5979,0.1547920370316812
scene_0,user_446,item_660,0.1547920370316812
scene_0,user_446,item_7197,0.1547920370316812
scene_0,user_446,item_7365,0.1547920370316812
scene_0,user_5791,item_4173,0.39464380868665966
scene_0,user_5791,item_612,0.3222253204769533
scene_0,user_5791,item_7656,0.3222253204769533
scene_0,user_5791,item_1128,0.1547920370316812
scene_0,user_5791,item_3885,0.1547920370316812
scene_0,user_5791,item_3933,0.1547920370316812
scene_0,user_5791,item_4200,0.1547920370316812
scene_0,user_5791,item_5049,0.1547920370316812
scene_0,user_5791,item_5094,0.1547920370316812
scene_0,user_5791,item_5331,0.1547920370316812
scene_0,user_5791,item_5451,0.1547920370316812
scene_0,user_5791,item_5979,0.1547920370316812
scene_0,user_5791,item_660,0.1547920370316812
scene_0,user_5791,item_7197,0.1547920370316812
scene_0,user_5791,item_7365,0.1547920370316812
scene_0,user_4808,item_2562,0.5100697232983947
scene_0,user_5354,item_2562,0.5100697232983947
scene_0,user_5415,item_1491,0.43935014561520125
scene_0,user_5415,item_5610,0.43935014561520125
scene_0,user_3658,item_5610,0.31066746727980593
scene_0,user_7742,item_1491,0.43935014561520125
scene_0,user_7742,item_5610,0.43935014561520125
scene_0,user_137,item_7644,0.39464380868665966
scene_0,user_137,item_8139,0.39464380868665966
scene_0,user_137,item_8919,0.39464380868665966
scene_0,user_6313,item_8469,0.45511961331341866
scene_0,user_6313,item_7644,0.2790553132756236
scene_0,user_6313,item_8919,0.2790553132756236
scene_0,user_6741,item_7644,0.39464380868665966
scene_0,user_6741,item_8139,0.39464380868665966
scene_0,user_6741,item_8919,0.39464380868665966
scene_0,user_5456,item_8139,0.2790553132756236
scene_0,user_5456,item_8919,0.2790553132756236
scene_0,user_5456,item_1860,0.18033688011112042
scene_0,user_5456,item_5160,0.18033688011112042
scene_0,user_5456,item_5337,0.18033688011112042
scene_0,user_5456,item_7098,0.18033688011112042
scene_0,user_5456,item_9573,0.18033688011112042
scene_0,user_5456,item_2955,0.1472444460259031
scene_0,user_5456,item_3918,0.1472444460259031
scene_0,user_1439,item_7644,0.2790553132756236
scene_0,user_1439,item_8139,0.2790553132756236
scene_0,user_1439,item_2841,0.25694917118487537
scene_0,user_1439,item_5271,0.25694917118487537
scene_0,user_1439,item_5838,0.25694917118487537
scene_0,user_6589,item_6288,0.5100697232983947
scene_0,user_4869,item_6288,0.5100697232983947
scene_0,user_2465,item_192,0.39464380868665966
scene_0,user_2465,item_5712,0.39464380868665966
scene_0,user_8784,item_192,0.39464380868665966
scene_0,user_8784,item_5712,0.39464380868665966
scene_0,user_9986,item_192,0.39464380868665966
scene_0,user_9986,item_5712,0.39464380868665966
scene_0,user_9356,item_2952,0.2790553132756236
scene_0,user_9356,item_3828,0.2790553132756236
scene_0,user_6727,item_2952,0.39464380868665966
scene_0,user_6727,item_3828,0.39464380868665966
scene_0,user_6727,item_9717,0.39464380868665966
scene_0,user_3006,item_2952,0.39464380868665966
scene_0,user_3006,item_3828,0.39464380868665966
scene_0,user_3006,item_9717,0.39464380868665966
scene_0,user_593,item_8322,0.36067376022224085
scene_0,user_4024,item_5016,0.5100697232983947
scene_0,user_4024,item_8322,0.5100697232983947
scene_0,user_1862,item_5016,0.36067376022224085
scene_0,user_1862,item_3138,0.25694917118487537
scene_0,user_8562,item_579,0.5100697232983947
scene_0,user_1014,item_579,0.5100697232983947
scene_0,user_625,item_1749,0.5100697232983947
scene_0,user_625,item_2409,0.5100697232983947
scene_0,user_9405,item_7791,0.32181816482491765
scene_0,user_9405,item_4557,0.26276343125998064
scene_0,user_9405,item_8037,0.26276343125998064
scene_0,user_2506,item_7791,0.32181816482491765
scene_0,user_2506,item_4557,0.26276343125998064
scene_0,user_2506,item_8037,0.26276343125998064
scene_0,user_2717,item_7791,0.32181816482491765
scene_0,user_2717,item_4557,0.26276343125998064
scene_0,user_2717,item_8037,0.26276343125998064
scene_0,user_1650,item_7791,0.32181816482491765
scene_0,user_1650,item_4557,0.26276343125998064
scene_0,user_1650,item_8037,0.26276343125998064
scene_0,user_9615,item_7791,0.32181816482491765
scene_0,user_9615,item_4557,0.26276343125998064
scene_0,user_9615,item_8037,0.26276343125998064
scene_0,user_4732,item_6006,0.24044917348149392
scene_0,user_4732,item_4557,0.18580180409177757
scene_0,user_4732,item_8037,0.18580180409177757
scene_0,user_1280,item_7791,0.32181816482491765
scene_0,user_1280,item_4557,0.26276343125998064
scene_0,user_1280,item_8037,0.26276343125998064
scene_0,user_7946,item_2028,0.43935014561520125
scene_0,user_7946,item_2646,0.43935014561520125
scene_0,user_7946,item_2928,0.43935014561520125
scene_0,user_4991,item_8664,0.6436363296498353
scene_0,user_9340,item_2445,0.20851619571212315
scene_0,user_9340,item_72,0.20851619571212315
scene_0,user_9340,item_81,0.20851619571212315
scene_0,user_6265,item_2445,0.20851619571212315
scene_0,user_6265,item_72,0.20851619571212315
scene_0,user_6265,item_81,0.20851619571212315
scene_0,user_9896,item_2445,0.20851619571212315
scene_0,user_9896,item_72,0.20851619571212315
scene_0,user_9896,item_81,0.20851619571212315
scene_0,user_9647,item_2445,0.20851619571212315
scene_0,user_9647,item_72,0.20851619571212315
scene_0,user_9647,item_81,0.20851619571212315
scene_0,user_1230,item_2445,0.20851619571212315
scene_0,user_1230,item_72,0.20851619571212315
scene_0,user_1230,item_81,0.20851619571212315
scene_0,user_8403,item_2445,0.20851619571212315
scene_0,user_8403,item_72,0.20851619571212315
scene_0,user_8403,item_81,0.20851619571212315
scene_0,user_7479,item_2445,0.20851619571212315
scene_0,user_7479,item_72,0.20851619571212315
scene_0,user_7479,item_81,0.20851619571212315
scene_0,user_4594,item_2445,0.20851619571212315
scene_0,user_4594,item_72,0.20851619571212315
scene_0,user_4594,item_81,0.20851619571212315
scene_0,user_6838,item_2445,0.20851619571212315
scene_0,user_6838,item_72,0.20851619571212315
scene_0,user_6838,item_81,0.20851619571212315
scene_0,user_4762,item_1422,0.6436363296498353
scene_0,user_861,item_4074,0.31066746727980593
scene_0,user_6585,item_2922,0.43935014561520125
scene_0,user_6585,item_4074,0.43935014561520125
scene_0,user_2390,item_2922,0.43935014561520125
scene_0,user_2390,item_4074,0.43935014561520125
scene_0,user_4852,item_7644,0.5100697232983947
scene_0,user_3843,item_7644,0.5100697232983947
scene_0,user_8228,item_1860,0.18033688011112042
scene_0,user_8228,item_5160,0.18033688011112042
scene_0,user_8228,item_5337,0.18033688011112042
scene_0,user_8228,item_6972,0.18033688011112042
scene_0,user_8228,item_9573,0.18033688011112042
scene_0,user_8228,item_2955,0.1472444460259031
scene_0,user_8228,item_3918,0.1472444460259031
scene_0,user_9491,item_2838,0.3633810027301768
scene_0,user_9491,item_4041,0.3633810027301768
scene_0,user_9491,item_1935,0.29669934630327804
scene_0,user_9491,item_9882,0.29669934630327804
scene_0,user_4329,item_2838,0.3633810027301768
scene_0,user_4329,item_4041,0.3633810027301768
scene_0,user_4329,item_1935,0.29669934630327804
scene_0,user_4329,item_9882,0.29669934630327804
scene_0,user_8049,item_2838,0.3633810027301768
scene_0,user_8049,item_4041,0.3633810027301768
scene_0,user_8049,item_1935,0.29669934630327804
scene_0,user_8049,item_9882,0.29669934630327804
scene_0,user_4302,item_4362,0.6436363296498353
scene_0,user_8202,item_1395,0.2790553132756236
scene_0,user_7447,item_1395,0.39464380868665966
scene_0,user_7447,item_1986,0.39464380868665966
scene_0,user_8885,item_1395,0.39464380868665966
scene_0,user_8885,item_1986,0.39464380868665966
scene_0,user_7119,item_1395,0.39464380868665966
scene_0,user_7119,item_1986,0.39464380868665966
scene_0,user_460,item_1986,0.2790553132756236
scene_0,user_1849,item_945,0.43935014561520125
scene_0,user_1849,item_9951,0.43935014561520125
scene_0,user_9181,item_945,0.43935014561520125
scene_0,user_9181,item_9951,0.43935014561520125
scene_0,user_5668,item_945,0.31066746727980593
scene_0,user_5668,item_2175,0.20121480219092233
scene_0,user_8392,item_9951,0.31066746727980593
scene_0,user_7878,item_9219,0.36067376022224085
scene_0,user_7878,item_4611,0.31066746727980593
scene_0,user_5119,item_8328,0.31066746727980593
scene_0,user_314,item_4611,0.43935014561520125
scene_0,user_314,item_8328,0.43935014561520125
scene_0,user_5281,item_4611,0.43935014561520125
scene_0,user_5281,item_8328,0.43935014561520125
scene_0,user_8368,item_2997,0.5255268625199613
scene_0,user_8368,item_9963,0.5255268625199613
scene_0,user_3009,item_1128,0.25245493881090375
scene_0,user_3009,item_3885,0.25245493881090375
scene_0,user_3009,item_3933,0.25245493881090375
scene_0,user_3009,item_4200,0.25245493881090375
scene_0,user_3009,item_5049,0.25245493881090375
scene_0,user_3009,item_5094,0.25245493881090375
scene_0,user_3009,item_5331,0.25245493881090375
scene_0,user_3009,item_5451,0.25245493881090375
scene_0,user_3009,item_5979,0.25245493881090375
scene_0,user_3009,item_660,0.25245493881090375
scene_0,user_3009,item_6942,0.25245493881090375
scene_0,user_3009,item_7365,0.25245493881090375
scene_0,user_3251,item_3813,0.3633810027301768
scene_0,user_3251,item_4380,0.3633810027301768
scene_0,user_5210,item_3813,0.3633810027301768
scene_0,user_5210,item_4380,0.3633810027301768
scene_0,user_6951,item_3813,0.3633810027301768
scene_0,user_6951,item_4380,0.3633810027301768
scene_0,user_1211,item_3813,0.3633810027301768
scene_0,user_1211,item_4380,0.3633810027301768
scene_0,user_9921,item_3813,0.25694917118487537
scene_0,user_384,item_7761,0.36067376022224085
scene_0,user_2987,item_9954,0.6436363296498353
scene_0,user_3915,item_7851,0.32181816482491765
scene_0,user_3915,item_909,0.32181816482491765
scene_0,user_8770,item_5970,0.45511961331341866
scene_0,user_8770,item_7851,0.22755980665670933
scene_0,user_5350,item_909,0.22755980665670933
scene_0,user_4471,item_7851,0.32181816482491765
scene_0,user_4471,item_909,0.32181816482491765
scene_0,user_3064,item_7851,0.32181816482491765
scene_0,user_3064,item_909,0.32181816482491765
scene_0,user_4898,item_7851,0.32181816482491765
scene_0,user_4898,item_909,0.32181816482491765
scene_0,user_6617,item_7851,0.32181816482491765
scene_0,user_6617,item_909,0.32181816482491765
scene_0,user_1913,item_7851,0.32181816482491765
scene_0,user_1913,item_909,0.32181816482491765
scene_0,user_4856,item_4938,0.6436363296498353
scene_0,user_4667,item_1755,0.2845607022086219
scene_0,user_4667,item_216,0.2845607022086219
scene_0,user_4667,item_621,0.2845607022086219
scene_0,user_4667,item_7848,0.2845607022086219
scene_0,user_4667,item_8043,0.2845607022086219
scene_0,user_4667,item_1338,0.23234284041973263
scene_0,user_4667,item_9537,0.23234284041973263
scene_0,user_7007,item_1755,0.20121480219092233
scene_0,user_7007,item_216,0.20121480219092233
scene_0,user_7007,item_621,0.20121480219092233
scene_0,user_7007,item_7848,0.20121480219092233
scene_0,user_7007,item_1338,0.1642911980209368
scene_0,user_7007,item_9537,0.1642911980209368
scene_0,user_2731,item_2859,0.37160360818355515
scene_0,user_2731,item_5478,0.37160360818355515
scene_0,user_2731,item_1755,0.20121480219092233
scene_0,user_2731,item_216,0.20121480219092233
scene_0,user_2731,item_621,0.20121480219092233
scene_0,user_2731,item_8043,0.20121480219092233
scene_0,user_2731,item_1338,0.1642911980209368
scene_0,user_2731,item_9537,0.1642911980209368
scene_0,user_1845,item_1755,0.2845607022086219
scene_0,user_1845,item_216,0.2845607022086219
scene_0,user_1845,item_621,0.2845607022086219
scene_0,user_1845,item_7848,0.2845607022086219
scene_0,user_1845,item_8043,0.2845607022086219
scene_0,user_1845,item_1338,0.23234284041973263
scene_0,user_1845,item_9537,0.23234284041973263
scene_0,user_6952,item_1755,0.2845607022086219
scene_0,user_6952,item_216,0.2845607022086219
scene_0,user_6952,item_621,0.2845607022086219
scene_0,user_6952,item_7848,0.2845607022086219
scene_0,user_6952,item_8043,0.2845607022086219
scene_0,user_6952,item_1338,0.23234284041973263
scene_0,user_6952,item_9537,0.23234284041973263
scene_0,user_3521,item_216,0.20121480219092233
scene_0,user_3521,item_621,0.20121480219092233
scene_0,user_3521,item_7848,0.20121480219092233
scene_0,user_3521,item_8043,0.20121480219092233
scene_0,user_3521,item_1338,0.1642911980209368
scene_0,user_3521,item_9537,0.1642911980209368
scene_0,user_3978,item_1755,0.2845607022086219
scene_0,user_3978,item_216,0.2845607022086219
scene_0,user_3978,item_621,0.2845607022086219
scene_0,user_3978,item_7848,0.2845607022086219
scene_0,user_3978,item_8043,0.2845607022086219
scene_0,user_3978,item_1338,0.23234284041973263
scene_0,user_3978,item_9537,0.23234284041973263
scene_0,user_5146,item_1755,0.20121480219092233
scene_0,user_5146,item_621,0.20121480219092233
scene_0,user_5146,item_7848,0.20121480219092233
scene_0,user_5146,item_8043,0.20121480219092233
scene_0,user_5146,item_1338,0.1642911980209368
scene_0,user_5146,item_9537,0.1642911980209368
scene_0,user_3110,item_1755,0.2845607022086219
scene_0,user_3110,item_216,0.2845607022086219
scene_0,user_3110,item_621,0.2845607022086219
scene_0,user_3110,item_7848,0.2845607022086219
scene_0,user_3110,item_8043,0.2845607022086219
scene_0,user_3110,item_1338,0.23234284041973263
scene_0,user_3110,item_9537,0.23234284041973263
scene_0,user_7144,item_3885,0.4164701851078906
scene_0,user_7144,item_5478,0.4164701851078906
scene_0,user_9226,item_3885,0.4164701851078906
scene_0,user_9226,item_5478,0.4164701851078906
scene_0,user_4126,item_567,0.6436363296498353
scene_0,user_6005,item_4455,0.3400464821989298
scene_0,user_6005,item_6117,0.3400464821989298
scene_0,user_6005,item_1128,0.13337720371237885
scene_0,user_6005,item_3885,0.13337720371237885
scene_0,user_6005,item_3933,0.13337720371237885
scene_0,user_6005,item_4200,0.13337720371237885
scene_0,user_6005,item_5049,0.13337720371237885
scene_0,user_6005,item_5094,0.13337720371237885
scene_0,user_6005,item_5331,0.13337720371237885
scene_0,user_6005,item_5451,0.13337720371237885
scene_0,user_6005,item_5979,0.13337720371237885
scene_0,user_6005,item_660,0.13337720371237885
scene_0,user_6005,item_6942,0.13337720371237885
scene_0,user_6005,item_7197,0.13337720371237885
scene_0,user_7911,item_4455,0.3400464821989298
scene_0,user_7911,item_6117,0.3400464821989298
scene_0,user_7911,item_1128,0.13337720371237885
scene_0,user_7911,item_3885,0.13337720371237885
scene_0,user_7911,item_3933,0.13337720371237885
scene_0,user_7911,item_4200,0.13337720371237885
scene_0,user_7911,item_5049,0.13337720371237885
scene_0,user_7911,item_5094,0.13337720371237885
scene_0,user_7911,item_5331,0.13337720371237885
scene_0,user_7911,item_5451,0.13337720371237885
scene_0,user_7911,item_5979,0.13337720371237885
scene_0,user_7911,item_660,0.13337720371237885
scene_0,user_7911,item_6942,0.13337720371237885
scene_0,user_7911,item_7197,0.13337720371237885
scene_0,user_7716,item_4455,0.3400464821989298
scene_0,user_7716,item_6117,0.3400464821989298
scene_0,user_7716,item_1128,0.13337720371237885
scene_0,user_7716,item_3885,0.13337720371237885
scene_0,user_7716,item_3933,0.13337720371237885
scene_0,user_7716,item_4200,0.13337720371237885
scene_0,user_7716,item_5049,0.13337720371237885
scene_0,user_7716,item_5094,0.13337720371237885
scene_0,user_7716,item_5331,0.13337720371237885
scene_0,user_7716,item_5451,0.13337720371237885
scene_0,user_7716,item_5979,0.13337720371237885
scene_0,user_7716,item_660,0.13337720371237885
scene_0,user_7716,item_6942,0.13337720371237885
scene_0,user_7716,item_7197,0.13337720371237885
scene_0,user_6306,item_4455,0.3400464821989298
scene_0,user_6306,item_6117,0.3400464821989298
scene_0,user_6306,item_1128,0.13337720371237885
scene_0,user_6306,item_3885,0.13337720371237885
scene_0,user_6306,item_3933,0.13337720371237885
scene_0,user_6306,item_4200,0.13337720371237885
scene_0,user_6306,item_5049,0.13337720371237885
scene_0,user_6306,item_5094,0.13337720371237885
scene_0,user_6306,item_5331,0.13337720371237885
scene_0,user_6306,item_5451,0.13337720371237885
scene_0,user_6306,item_5979,0.13337720371237885
scene_0,user_6306,item_660,0.13337720371237885
scene_0,user_6306,item_6942,0.13337720371237885
scene_0,user_6306,item_7197,0.13337720371237885
scene_0,user_1557,item_3666,0.39464380868665966
scene_0,user_1557,item_4923,0.39464380868665966
scene_0,user_1557,item_8100,0.39464380868665966
scene_0,user_2723,item_3666,0.2790553132756236
scene_0,user_2723,item_4923,0.2790553132756236
scene_0,user_2723,item_5733,0.22755980665670933
scene_0,user_2723,item_6636,0.22755980665670933
scene_0,user_2723,item_7992,0.22755980665670933
scene_0,user_8951,item_3666,0.39464380868665966
scene_0,user_8951,item_4923,0.39464380868665966
scene_0,user_8951,item_8100,0.39464380868665966
scene_0,user_6272,item_4704,0.5100697232983947
scene_0,user_1278,item_4704,0.5100697232983947
scene_0,user_4603,item_8775,0.5100697232983947
scene_0,user_1374,item_8775,0.5100697232983947
scene_0,user_2516,item_8046,0.31066746727980593
scene_0,user_7164,item_3123,0.6436363296498353
scene_0,user_9474,item_8277,0.43935014561520125
scene_0,user_9474,item_6381,0.35872789172491043
scene_0,user_9474,item_6792,0.35872789172491043
scene_0,user_7287,item_8277,0.43935014561520125
scene_0,user_7287,item_6381,0.35872789172491043
scene_0,user_7287,item_6792,0.35872789172491043
scene_0,user_2707,item_4467,0.36067376022224085
scene_0,user_2707,item_6381,0.25365892483943775
scene_0,user_2707,item_6792,0.25365892483943775
scene_0,user_2991,item_2556,0.5100697232983947
scene_0,user_2991,item_5715,0.5100697232983947
scene_0,user_3559,item_6936,0.6436363296498353
scene_0,user_4427,item_2910,0.6436363296498353
scene_0,user_5710,item_4383,0.45511961331341866
scene_0,user_5710,item_8358,0.2790553132756236
scene_0,user_5710,item_2445,0.19732190434332983
scene_0,user_5710,item_708,0.19732190434332983
scene_0,user_5710,item_72,0.19732190434332983
scene_0,user_464,item_4485,0.5100697232983947
scene_0,user_4848,item_4485,0.5100697232983947
scene_0,user_9404,item_1005,0.4164701851078906
scene_0,user_9404,item_2568,0.4164701851078906
scene_0,user_8800,item_1005,0.4164701851078906
scene_0,user_8800,item_2568,0.4164701851078906
scene_0,user_2395,item_4362,0.6436363296498353
scene_0,user_3364,item_2997,0.3633810027301768
scene_0,user_3364,item_5922,0.3633810027301768
scene_0,user_4428,item_2997,0.3633810027301768
scene_0,user_4428,item_5922,0.3633810027301768
scene_0,user_7031,item_2997,0.3633810027301768
scene_0,user_7031,item_5922,0.3633810027301768
scene_0,user_7692,item_2997,0.3633810027301768
scene_0,user_7692,item_5922,0.3633810027301768
scene_0,user_8108,item_8418,0.29669934630327804
scene_0,user_8108,item_9456,0.29669934630327804
scene_0,user_9199,item_8418,0.29669934630327804
scene_0,user_9199,item_9456,0.29669934630327804
scene_0,user_3271,item_8418,0.29669934630327804
scene_0,user_3271,item_9456,0.29669934630327804
scene_0,user_4440,item_8418,0.29669934630327804
scene_0,user_4440,item_9456,0.29669934630327804
scene_0,user_7177,item_8418,0.29669934630327804
scene_0,user_7177,item_9456,0.29669934630327804
scene_0,user_4683,item_9048,0.6436363296498353
scene_0,user_7391,item_5616,0.6436363296498353
scene_0,user_7721,item_6162,0.2756806013068237
scene_0,user_7721,item_84,0.2756806013068237
scene_0,user_7721,item_8448,0.2756806013068237
scene_0,user_7721,item_9867,0.2756806013068237
scene_0,user_7721,item_9870,0.2756806013068237
scene_0,user_1698,item_6162,0.2756806013068237
scene_0,user_1698,item_84,0.2756806013068237
scene_0,user_1698,item_8448,0.2756806013068237
scene_0,user_1698,item_9867,0.2756806013068237
scene_0,user_1698,item_9870,0.2756806013068237
scene_0,user_4752,item_6162,0.2756806013068237
scene_0,user_4752,item_84,0.2756806013068237
scene_0,user_4752,item_8448,0.2756806013068237
scene_0,user_4752,item_9867,0.2756806013068237
scene_0,user_4752,item_9870,0.2756806013068237
scene_0,user_4859,item_6162,0.19493562262564004
scene_0,user_4859,item_84,0.19493562262564004
scene_0,user_4859,item_9867,0.19493562262564004
scene_0,user_4859,item_9870,0.19493562262564004
scene_0,user_534,item_6162,0.2756806013068237
scene_0,user_534,item_84,0.2756806013068237
scene_0,user_534,item_8448,0.2756806013068237
scene_0,user_534,item_9867,0.2756806013068237
scene_0,user_534,item_9870,0.2756806013068237
scene_0,user_1366,item_6162,0.2756806013068237
scene_0,user_1366,item_84,0.2756806013068237
scene_0,user_1366,item_8448,0.2756806013068237
scene_0,user_1366,item_9867,0.2756806013068237
scene_0,user_1366,item_9870,0.2756806013068237
scene_0,user_5389,item_6162,0.19493562262564004
scene_0,user_5389,item_84,0.19493562262564004
scene_0,user_5389,item_8448,0.19493562262564004
scene_0,user_5389,item_9870,0.19493562262564004
scene_0,user_3758,item_6162,0.19493562262564004
scene_0,user_3758,item_8448,0.19493562262564004
scene_0,user_3758,item_9867,0.19493562262564004
scene_0,user_3758,item_9870,0.19493562262564004
scene_0,user_9866,item_3825,0.21714724095162588
scene_0,user_9866,item_3843,0.21714724095162588
scene_0,user_9866,item_6162,0.19493562262564004
scene_0,user_9866,item_84,0.19493562262564004
scene_0,user_9866,item_8448,0.19493562262564004
scene_0,user_9866,item_9867,0.19493562262564004
scene_0,user_2568,item_6162,0.2756806013068237
scene_0,user_2568,item_84,0.2756806013068237
scene_0,user_2568,item_8448,0.2756806013068237
scene_0,user_2568,item_9867,0.2756806013068237
scene_0,user_2568,item_9870,0.2756806013068237
scene_0,user_62,item_6162,0.2756806013068237
scene_0,user_62,item_84,0.2756806013068237
scene_0,user_62,item_8448,0.2756806013068237
scene_0,user_62,item_9867,0.2756806013068237
scene_0,user_62,item_9870,0.2756806013068237
scene_0,user_8874,item_1860,0.25503486164919736
scene_0,user_8874,item_5160,0.25503486164919736
scene_0,user_8874,item_5337,0.25503486164919736
scene_0,user_8874,item_6972,0.25503486164919736
scene_0,user_8874,item_7098,0.25503486164919736
scene_0,user_8874,item_9573,0.25503486164919736
scene_0,user_8874,item_2955,0.2082350925539453
scene_0,user_8874,item_3918,0.2082350925539453
scene_0,user_754,item_1860,0.18033688011112042
scene_0,user_754,item_5160,0.18033688011112042
scene_0,user_754,item_5337,0.18033688011112042
scene_0,user_754,item_6972,0.18033688011112042
scene_0,user_754,item_7098,0.18033688011112042
scene_0,user_754,item_2955,0.1472444460259031
scene_0,user_754,item_3918,0.1472444460259031
scene_0,user_5820,item_1860,0.25503486164919736
scene_0,user_5820,item_5160,0.25503486164919736
scene_0,user_5820,item_5337,0.25503486164919736
scene_0,user_5820,item_6972,0.25503486164919736
scene_0,user_5820,item_7098,0.25503486164919736
scene_0,user_5820,item_9573,0.25503486164919736
scene_0,user_5820,item_2955,0.2082350925539453
scene_0,user_5820,item_3918,0.2082350925539453
scene_0,user_8781,item_1860,0.25503486164919736
scene_0,user_8781,item_5160,0.25503486164919736
scene_0,user_8781,item_5337,0.25503486164919736
scene_0,user_8781,item_6972,0.25503486164919736
scene_0,user_8781,item_7098,0.25503486164919736
scene_0,user_8781,item_9573,0.25503486164919736
scene_0,user_8781,item_2955,0.2082350925539453
scene_0,user_8781,item_3918,0.2082350925539453
scene_0,user_1812,item_1860,0.25503486164919736
scene_0,user_1812,item_5160,0.25503486164919736
scene_0,user_1812,item_5337,0.25503486164919736
scene_0,user_1812,item_6972,0.25503486164919736
scene_0,user_1812,item_7098,0.25503486164919736
scene_0,user_1812,item_9573,0.25503486164919736
scene_0,user_1812,item_2955,0.2082350925539453
scene_0,user_1812,item_3918,0.2082350925539453
scene_0,user_1287,item_1860,0.25503486164919736
scene_0,user_1287,item_5160,0.25503486164919736
scene_0,user_1287,item_5337,0.25503486164919736
scene_0,user_1287,item_6972,0.25503486164919736
scene_0,user_1287,item_7098,0.25503486164919736
scene_0,user_1287,item_9573,0.25503486164919736
scene_0,user_1287,item_2955,0.2082350925539453
scene_0,user_1287,item_3918,0.2082350925539453
scene_0,user_1938,item_1860,0.25503486164919736
scene_0,user_1938,item_5160,0.25503486164919736
scene_0,user_1938,item_5337,0.25503486164919736
scene_0,user_1938,item_6972,0.25503486164919736
scene_0,user_1938,item_7098,0.25503486164919736
scene_0,user_1938,item_9573,0.25503486164919736
scene_0,user_1938,item_2955,0.2082350925539453
scene_0,user_1938,item_3918,0.2082350925539453
scene_0,user_7536,item_1860,0.25503486164919736
scene_0,user_7536,item_5160,0.25503486164919736
scene_0,user_7536,item_5337,0.25503486164919736
scene_0,user_7536,item_6972,0.25503486164919736
scene_0,user_7536,item_7098,0.25503486164919736
scene_0,user_7536,item_9573,0.25503486164919736
scene_0,user_7536,item_2955,0.2082350925539453
scene_0,user_7536,item_3918,0.2082350925539453
scene_0,user_7484,item_1860,0.25503486164919736
scene_0,user_7484,item_5160,0.25503486164919736
scene_0,user_7484,item_5337,0.25503486164919736
scene_0,user_7484,item_6972,0.25503486164919736
scene_0,user_7484,item_7098,0.25503486164919736
scene_0,user_7484,item_9573,0.25503486164919736
scene_0,user_7484,item_2955,0.2082350925539453
scene_0,user_7484,item_3918,0.2082350925539453
scene_0,user_7246,item_612,0.4164701851078906
scene_0,user_7246,item_6942,0.4164701851078906
scene_0,user_7246,item_7167,0.4164701851078906
scene_0,user_7246,item_8097,0.4164701851078906
scene_0,user_9928,item_612,0.2404491734814939
scene_0,user_9928,item_6942,0.2404491734814939
scene_0,user_5353,item_7749,0.5255268625199613
scene_0,user_5353,item_861,0.5255268625199613
scene_0,user_7630,item_1551,0.17729997979489165
scene_0,user_7630,item_4575,0.17729997979489165
scene_0,user_7630,item_6405,0.14476482730108392
scene_0,user_7630,item_9363,0.14476482730108392
scene_0,user_2421,item_1887,0.32181816482491765
scene_0,user_2421,item_4347,0.32181816482491765
scene_0,user_2421,item_8961,0.32181816482491765
scene_0,user_2421,item_2805,0.22755980665670933
scene_0,user_2421,item_8913,0.22755980665670933
scene_0,user_2421,item_9012,0.22755980665670933
scene_0,user_9902,item_1887,0.32181816482491765
scene_0,user_9902,item_4347,0.32181816482491765
scene_0,user_9902,item_8961,0.32181816482491765
scene_0,user_9902,item_2805,0.22755980665670933
scene_0,user_9902,item_8913,0.22755980665670933
scene_0,user_9902,item_9012,0.22755980665670933
scene_0,user_6912,item_1887,0.32181816482491765
scene_0,user_6912,item_4347,0.32181816482491765
scene_0,user_6912,item_8961,0.32181816482491765
scene_0,user_6912,item_2805,0.22755980665670933
scene_0,user_6912,item_8913,0.22755980665670933
scene_0,user_6912,item_9012,0.22755980665670933
scene_0,user_5128,item_1887,0.32181816482491765
scene_0,user_5128,item_4347,0.32181816482491765
scene_0,user_5128,item_8961,0.32181816482491765
scene_0,user_5128,item_2805,0.22755980665670933
scene_0,user_5128,item_8913,0.22755980665670933
scene_0,user_5128,item_9012,0.22755980665670933
scene_0,user_2510,item_1887,0.22755980665670933
scene_0,user_2510,item_4347,0.22755980665670933
scene_0,user_2510,item_2805,0.16090908241245883
scene_0,user_2510,item_8913,0.16090908241245883
scene_0,user_2510,item_9012,0.16090908241245883
scene_0,user_4669,item_1953,0.39464380868665966
scene_0,user_4669,item_3576,0.39464380868665966
scene_0,user_7736,item_1953,0.39464380868665966
scene_0,user_7736,item_3576,0.39464380868665966
scene_0,user_9449,item_1953,0.39464380868665966
scene_0,user_9449,item_3576,0.39464380868665966
scene_0,user_8336,item_7536,0.43935014561520125
scene_0,user_2543,item_7536,0.43935014561520125
scene_0,user_6849,item_7536,0.43935014561520125
scene_0,user_8567,item_867,0.5100697232983947
scene_0,user_7554,item_1065,0.31066746727980593
scene_0,user_2324,item_867,0.5100697232983947
scene_0,user_7330,item_7674,0.4164701851078906
scene_0,user_7330,item_861,0.4164701851078906
scene_0,user_8374,item_7674,0.4164701851078906
scene_0,user_8374,item_861,0.4164701851078906
scene_0,user_7971,item_6837,0.39464380868665966
scene_0,user_7971,item_7797,0.39464380868665966
scene_0,user_7971,item_9954,0.39464380868665966
scene_0,user_3890,item_6837,0.39464380868665966
scene_0,user_3890,item_7797,0.39464380868665966
scene_0,user_3890,item_9954,0.39464380868665966
scene_0,user_9421,item_6837,0.2790553132756236
scene_0,user_9421,item_9954,0.2790553132756236
scene_0,user_9421,item_252,0.25365892483943775
scene_0,user_9421,item_8637,0.25365892483943775
scene_0,user_6393,item_7248,0.36067376022224085
scene_0,user_6393,item_6837,0.2790553132756236
scene_0,user_6393,item_7797,0.2790553132756236
scene_0,user_135,item_6006,0.3400464821989298
scene_0,user_135,item_7053,0.3400464821989298
scene_0,user_2110,item_6006,0.3400464821989298
scene_0,user_2110,item_7053,0.3400464821989298
scene_0,user_4637,item_6006,0.3400464821989298
scene_0,user_4637,item_7053,0.3400464821989298
scene_0,user_4378,item_6006,0.3400464821989298
scene_0,user_4378,item_7053,0.3400464821989298
scene_0,user_6985,item_6006,0.3400464821989298
scene_0,user_6985,item_7053,0.3400464821989298
scene_0,user_6235,item_7761,0.43935014561520125
scene_0,user_6235,item_252,0.35872789172491043
scene_0,user_6235,item_8637,0.35872789172491043
scene_0,user_8097,item_7761,0.43935014561520125
scene_0,user_8097,item_252,0.35872789172491043
scene_0,user_8097,item_8637,0.35872789172491043
scene_0,user_5863,item_5997,0.6436363296498353
scene_0,user_8281,item_4290,0.31066746727980593
scene_0,user_8281,item_8355,0.31066746727980593
scene_0,user_8281,item_9669,0.31066746727980593
scene_0,user_9021,item_4290,0.31066746727980593
scene_0,user_9021,item_8355,0.31066746727980593
scene_0,user_9021,item_9669,0.31066746727980593
scene_0,user_54,item_4290,0.31066746727980593
scene_0,user_54,item_8355,0.31066746727980593
scene_0,user_54,item_9669,0.31066746727980593
scene_0,user_8690,item_4311,0.5100697232983947
scene_0,user_7515,item_4311,0.5100697232983947
scene_0,user_5295,item_4341,0.36067376022224085
scene_0,user_5295,item_4746,0.25503486164919736
scene_0,user_5295,item_7143,0.25503486164919736
scene_0,user_5295,item_9162,0.25503486164919736
scene_0,user_5295,item_1080,0.21714724095162588
scene_0,user_5295,item_5049,0.21714724095162588
scene_0,user_5295,item_4158,0.17729997979489165
scene_0,user_5295,item_4407,0.17729997979489165
scene_0,user_5295,item_6288,0.17729997979489165
scene_0,user_5295,item_6723,0.17729997979489165
scene_0,user_7201,item_2889,0.5100697232983947
scene_0,user_2292,item_2889,0.5100697232983947
scene_0,user_6144,item_7269,0.6436363296498353
scene_0,user_6709,item_5517,0.32181816482491765
scene_0,user_6709,item_8502,0.32181816482491765
scene_0,user_6709,item_9030,0.32181816482491765
scene_0,user_7497,item_5517,0.32181816482491765
scene_0,user_7497,item_8502,0.32181816482491765
scene_0,user_7497,item_9030,0.32181816482491765
scene_0,user_8242,item_5517,0.32181816482491765
scene_0,user_8242,item_8502,0.32181816482491765
scene_0,user_8242,item_9030,0.32181816482491765
scene_0,user_7235,item_5517,0.22755980665670933
scene_0,user_7235,item_8502,0.22755980665670933
scene_0,user_6217,item_6687,0.2944888920518062
scene_0,user_6217,item_8037,0.2944888920518062
scene_0,user_6217,item_5517,0.22755980665670933
scene_0,user_6217,item_9030,0.22755980665670933
scene_0,user_8852,item_5517,0.32181816482491765
scene_0,user_8852,item_8502,0.32181816482491765
scene_0,user_8852,item_9030,0.32181816482491765
scene_0,user_5966,item_5517,0.32181816482491765
scene_0,user_5966,item_8502,0.32181816482491765
scene_0,user_5966,item_9030,0.32181816482491765
scene_0,user_5983,item_4260,0.6436363296498353
scene_0,user_7423,item_8358,0.6436363296498353
scene_0,user_6450,item_81,0.45511961331341866
scene_0,user_5670,item_2610,0.39464380868665966
scene_0,user_1271,item_2610,0.39464380868665966
scene_0,user_1310,item_2610,0.39464380868665966
scene_0,user_2654,item_2610,0.39464380868665966
scene_0,user_6355,item_9879,0.6436363296498353
scene_0,user_9746,item_2322,0.3633810027301768
scene_0,user_9746,item_2367,0.3633810027301768
scene_0,user_9746,item_6477,0.3633810027301768
scene_0,user_9746,item_2331,0.29669934630327804
scene_0,user_9746,item_8988,0.29669934630327804
scene_0,user_6929,item_2322,0.3633810027301768
scene_0,user_6929,item_2367,0.3633810027301768
scene_0,user_6929,item_6477,0.3633810027301768
scene_0,user_6929,item_2331,0.29669934630327804
scene_0,user_6929,item_8988,0.29669934630327804
scene_0,user_2992,item_2367,0.25694917118487537
scene_0,user_2992,item_6477,0.25694917118487537
scene_0,user_2992,item_2331,0.20979811974466375
scene_0,user_2992,item_8988,0.20979811974466375
scene_0,user_63,item_2322,0.25694917118487537
scene_0,user_63,item_6477,0.25694917118487537
scene_0,user_63,item_2331,0.20979811974466375
scene_0,user_63,item_8988,0.20979811974466375
scene_0,user_8264,item_4437,0.30709257318568767
scene_0,user_8264,item_8574,0.30709257318568767
scene_0,user_8264,item_87,0.30709257318568767
scene_0,user_1893,item_4437,0.30709257318568767
scene_0,user_1893,item_8574,0.30709257318568767
scene_0,user_1893,item_87,0.30709257318568767
scene_0,user_8526,item_4437,0.30709257318568767
scene_0,user_8526,item_8574,0.30709257318568767
scene_0,user_8526,item_87,0.30709257318568767
scene_0,user_4703,item_4437,0.30709257318568767
scene_0,user_4703,item_8574,0.30709257318568767
scene_0,user_4703,item_87,0.30709257318568767
scene_0,user_411,item_4437,0.30709257318568767
scene_0,user_411,item_8574,0.30709257318568767
scene_0,user_411,item_87,0.30709257318568767
scene_0,user_2585,item_4437,0.30709257318568767
scene_0,user_2585,item_8574,0.30709257318568767
scene_0,user_2585,item_87,0.30709257318568767
scene_0,user_1088,item_4044,0.25694917118487537
scene_0,user_1088,item_4437,0.21714724095162588
scene_0,user_1088,item_87,0.21714724095162588
scene_0,user_1984,item_3828,0.45511961331341866
scene_0,user_1984,item_4437,0.21714724095162588
scene_0,user_1984,item_8574,0.21714724095162588
scene_0,user_1654,item_4557,0.6436363296498353
scene_0,user_2920,item_393,0.6436363296498353
scene_0,user_4506,item_4794,0.45511961331341866
scene_0,user_5794,item_9267,0.6436363296498353
scene_0,user_5642,item_1089,0.5255268625199613
scene_0,user_5642,item_4044,0.5255268625199613
scene_0,user_4517,item_2004,0.3400464821989298
scene_0,user_4517,item_6492,0.2776467900719271
scene_0,user_4517,item_8856,0.2776467900719271
scene_0,user_2145,item_2004,0.3400464821989298
scene_0,user_2145,item_6492,0.2776467900719271
scene_0,user_2145,item_8856,0.2776467900719271
scene_0,user_1491,item_2004,0.3400464821989298
scene_0,user_1491,item_6492,0.2776467900719271
scene_0,user_1491,item_8856,0.2776467900719271
scene_0,user_4129,item_2004,0.19632592803453744
scene_0,user_4129,item_1215,0.17025276086700514
scene_0,user_4129,item_4410,0.17025276086700514
scene_0,user_4129,item_5142,0.17025276086700514
scene_0,user_4129,item_9378,0.17025276086700514
scene_0,user_4129,item_8340,0.13901079714141543
scene_0,user_4129,item_996,0.13901079714141543
scene_0,user_888,item_2004,0.3400464821989298
scene_0,user_888,item_6492,0.2776467900719271
scene_0,user_888,item_8856,0.2776467900719271
scene_0,user_375,item_2004,0.3400464821989298
scene_0,user_375,item_6492,0.2776467900719271
scene_0,user_375,item_8856,0.2776467900719271
scene_0,user_6736,item_4557,0.29669934630327804
scene_0,user_6736,item_6687,0.29669934630327804
scene_0,user_6736,item_7053,0.29669934630327804
scene_0,user_6736,item_8502,0.29669934630327804
scene_0,user_6779,item_4557,0.29669934630327804
scene_0,user_6779,item_6687,0.29669934630327804
scene_0,user_6779,item_7053,0.29669934630327804
scene_0,user_6779,item_8502,0.29669934630327804
scene_0,user_6226,item_4557,0.29669934630327804
scene_0,user_6226,item_6687,0.29669934630327804
scene_0,user_6226,item_7053,0.29669934630327804
scene_0,user_6226,item_8502,0.29669934630327804
scene_0,user_8965,item_4557,0.29669934630327804
scene_0,user_8965,item_6687,0.29669934630327804
scene_0,user_8965,item_7053,0.29669934630327804
scene_0,user_8965,item_8502,0.29669934630327804
scene_0,user_3274,item_6714,0.5100697232983947
scene_0,user_3274,item_6723,0.5100697232983947
scene_0,user_642,item_7320,0.43935014561520125
scene_0,user_7995,item_7320,0.43935014561520125
scene_0,user_6046,item_7320,0.43935014561520125
scene_0,user_8644,item_6411,0.43935014561520125
scene_0,user_8644,item_8775,0.43935014561520125
scene_0,user_2730,item_6411,0.43935014561520125
scene_0,user_2730,item_8775,0.43935014561520125
scene_0,user_5005,item_6411,0.31066746727980593
scene_0,user_5005,item_7434,0.31066746727980593
scene_0,user_8581,item_8589,0.6436363296498353
scene_0,user_7356,item_8562,0.39464380868665966
scene_0,user_7356,item_2370,0.3222253204769533
scene_0,user_7356,item_8784,0.3222253204769533
scene_0,user_5316,item_8562,0.39464380868665966
scene_0,user_5316,item_2370,0.3222253204769533
scene_0,user_5316,item_8784,0.3222253204769533
scene_0,user_637,item_2370,0.22784770917926217
scene_0,user_637,item_8784,0.22784770917926217
scene_0,user_6600,item_8562,0.39464380868665966
scene_0,user_6600,item_2370,0.3222253204769533
scene_0,user_6600,item_8784,0.3222253204769533
scene_0,user_8926,item_8562,0.22784770917926217
scene_0,user_8926,item_6177,0.20979811974466375
scene_0,user_7351,item_7212,0.3633810027301768
scene_0,user_5166,item_7212,0.3633810027301768
scene_0,user_9005,item_7212,0.3633810027301768
scene_0,user_9205,item_7212,0.3633810027301768
scene_0,user_6640,item_7212,0.3633810027301768
scene_0,user_4067,item_7509,0.39464380868665966
scene_0,user_4067,item_8358,0.39464380868665966
scene_0,user_4067,item_2445,0.2790553132756236
scene_0,user_4067,item_708,0.2790553132756236
scene_0,user_4067,item_72,0.2790553132756236
scene_0,user_8966,item_7509,0.39464380868665966
scene_0,user_8966,item_8358,0.39464380868665966
scene_0,user_8966,item_2445,0.2790553132756236
scene_0,user_8966,item_708,0.2790553132756236
scene_0,user_8966,item_72,0.2790553132756236
scene_0,user_4265,item_7881,0.45511961331341866
scene_0,user_4265,item_7509,0.2790553132756236
scene_0,user_4265,item_2445,0.19732190434332983
scene_0,user_4265,item_708,0.19732190434332983
scene_0,user_4265,item_72,0.19732190434332983
scene_0,user_6801,item_5733,0.32181816482491765
scene_0,user_6801,item_6636,0.32181816482491765
scene_0,user_6801,item_7386,0.32181816482491765
scene_0,user_6801,item_7992,0.32181816482491765
scene_0,user_4914,item_5733,0.32181816482491765
scene_0,user_4914,item_6636,0.32181816482491765
scene_0,user_4914,item_7386,0.32181816482491765
scene_0,user_4914,item_7992,0.32181816482491765
scene_0,user_1224,item_5733,0.22755980665670933
scene_0,user_1224,item_6636,0.22755980665670933
scene_0,user_1224,item_7386,0.22755980665670933
scene_0,user_6023,item_5733,0.32181816482491765
scene_0,user_6023,item_6636,0.32181816482491765
scene_0,user_6023,item_7386,0.32181816482491765
scene_0,user_6023,item_7992,0.32181816482491765
scene_0,user_8354,item_5733,0.32181816482491765
scene_0,user_8354,item_6636,0.32181816482491765
scene_0,user_8354,item_7386,0.32181816482491765
scene_0,user_8354,item_7992,0.32181816482491765
scene_0,user_6109,item_3804,0.32181816482491765
scene_0,user_6109,item_4815,0.32181816482491765
scene_0,user_6109,item_6177,0.32181816482491765
scene_0,user_3021,item_3804,0.32181816482491765
scene_0,user_3021,item_4815,0.32181816482491765
scene_0,user_3021,item_6177,0.32181816482491765
scene_0,user_1462,item_3804,0.32181816482491765
scene_0,user_1462,item_4815,0.32181816482491765
scene_0,user_1462,item_6177,0.32181816482491765
scene_0,user_2481,item_3804,0.32181816482491765
scene_0,user_2481,item_4815,0.32181816482491765
scene_0,user_2481,item_6177,0.32181816482491765
scene_0,user_4793,item_4815,0.22755980665670933
scene_0,user_4793,item_6177,0.22755980665670933
scene_0,user_401,item_3804,0.32181816482491765
scene_0,user_401,item_4815,0.32181816482491765
scene_0,user_401,item_6177,0.32181816482491765
scene_0,user_9218,item_1941,0.5255268625199613
scene_0,user_9218,item_9918,0.5255268625199613
scene_0,user_2532,item_9111,0.39464380868665966
scene_0,user_4228,item_9111,0.39464380868665966
scene_0,user_3177,item_9111,0.39464380868665966
scene_0,user_8681,item_9111,0.39464380868665966
scene_0,user_8733,item_2004,0.45511961331341866
scene_0,user_8733,item_5115,0.36067376022224085
scene_0,user_108,item_6264,0.32181816482491765
scene_0,user_6071,item_6264,0.32181816482491765
scene_0,user_1585,item_6264,0.32181816482491765
scene_0,user_8814,item_6264,0.32181816482491765
scene_0,user_6202,item_6264,0.32181816482491765
scene_0,user_9174,item_6264,0.32181816482491765
scene_0,user_1702,item_6264,0.32181816482491765
scene_0,user_2778,item_6972,0.45511961331341866
scene_0,user_2778,item_4302,0.25694917118487537
scene_0,user_1635,item_3666,0.39464380868665966
scene_0,user_1635,item_4305,0.39464380868665966
scene_0,user_6230,item_3666,0.39464380868665966
scene_0,user_6230,item_4305,0.39464380868665966
scene_0,user_5591,item_3666,0.39464380868665966
scene_0,user_5591,item_4305,0.39464380868665966
scene_0,user_4591,item_5091,0.6436363296498353
scene_0,user_6850,item_4815,0.45511961331341866
scene_0,user_6850,item_1065,0.2790553132756236
scene_0,user_2131,item_1980,0.5100697232983947
scene_0,user_4544,item_1980,0.5100697232983947
scene_0,user_7676,item_4578,0.5255268625199613
scene_0,user_7676,item_4851,0.5255268625199613
scene_0,user_8375,item_6264,0.6436363296498353
scene_0,user_1295,item_3978,0.6436363296498353
scene_0,user_679,item_7950,0.43935014561520125
scene_0,user_1261,item_7950,0.43935014561520125
scene_0,user_3068,item_7950,0.43935014561520125
scene_0,user_2676,item_4467,0.5100697232983947
scene_0,user_2676,item_7467,0.5100697232983947
scene_0,user_4423,item_5049,0.39464380868665966
scene_0,user_4423,item_6606,0.39464380868665966
scene_0,user_9038,item_5049,0.39464380868665966
scene_0,user_9038,item_6606,0.39464380868665966
scene_0,user_7151,item_5049,0.39464380868665966
scene_0,user_7151,item_6606,0.39464380868665966
scene_0,user_2702,item_1992,0.37160360818355515
scene_0,user_2702,item_4389,0.37160360818355515
scene_0,user_6446,item_1815,0.5100697232983947
scene_0,user_6446,item_2556,0.4164701851078906
scene_0,user_6446,item_9246,0.4164701851078906
scene_0,user_5180,item_1950,0.6436363296498353
scene_0,user_8990,item_1602,0.5100697232983947
scene_0,user_9566,item_1602,0.5100697232983947
scene_0,user_5372,item_3138,0.3633810027301768
scene_0,user_5372,item_7014,0.3633810027301768
scene_0,user_9268,item_3138,0.3633810027301768
scene_0,user_9268,item_7014,0.3633810027301768
scene_0,user_427,item_3138,0.3633810027301768
scene_0,user_427,item_7014,0.3633810027301768
scene_0,user_7226,item_3138,0.3633810027301768
scene_0,user_7226,item_7014,0.3633810027301768
scene_0,user_4668,item_7173,0.36067376022224085
scene_0,user_6796,item_7173,0.5100697232983947
scene_0,user_6796,item_9219,0.5100697232983947
scene_0,user_613,item_5169,0.2944888920518062
scene_0,user_5014,item_5169,0.5100697232983947
scene_0,user_5014,item_1116,0.4164701851078906
scene_0,user_5014,item_849,0.4164701851078906
scene_0,user_6138,item_9609,0.37160360818355515
scene_0,user_6138,item_1215,0.17025276086700514
scene_0,user_6138,item_4410,0.17025276086700514
scene_0,user_6138,item_5142,0.17025276086700514
scene_0,user_6138,item_9378,0.17025276086700514
scene_0,user_6138,item_6492,0.13901079714141543
scene_0,user_6138,item_8034,0.13901079714141543
scene_0,user_9800,item_8856,0.37160360818355515
scene_0,user_9800,item_996,0.37160360818355515
scene_0,user_9800,item_1446,0.36067376022224085
scene_0,user_5624,item_4290,0.45511961331341866
scene_0,user_5624,item_7815,0.45511961331341866
scene_0,user_5624,item_9669,0.45511961331341866
scene_0,user_5856,item_6651,0.6436363296498353
scene_0,user_8641,item_2004,0.32181816482491765
scene_0,user_8641,item_6093,0.32181816482491765
scene_0,user_8641,item_9777,0.32181816482491765
scene_0,user_112,item_2004,0.32181816482491765
scene_0,user_112,item_6093,0.32181816482491765
scene_0,user_112,item_9777,0.32181816482491765
scene_0,user_1031,item_2004,0.32181816482491765
scene_0,user_1031,item_6093,0.32181816482491765
scene_0,user_1031,item_9777,0.32181816482491765
scene_0,user_526,item_2004,0.32181816482491765
scene_0,user_526,item_6093,0.32181816482491765
scene_0,user_526,item_9777,0.32181816482491765
scene_0,user_9045,item_2004,0.32181816482491765
scene_0,user_9045,item_6093,0.32181816482491765
scene_0,user_9045,item_9777,0.32181816482491765
scene_0,user_2673,item_6783,0.2790553132756236
scene_0,user_2673,item_2004,0.22755980665670933
scene_0,user_2673,item_6093,0.22755980665670933
scene_0,user_2935,item_1080,0.30709257318568767
scene_0,user_2935,item_5049,0.30709257318568767
scene_0,user_2935,item_7833,0.30709257318568767
scene_0,user_2935,item_4158,0.2507400360344115
scene_0,user_2935,item_4407,0.2507400360344115
scene_0,user_2935,item_6288,0.2507400360344115
scene_0,user_2935,item_6723,0.2507400360344115
scene_0,user_2688,item_1080,0.30709257318568767
scene_0,user_2688,item_5049,0.30709257318568767
scene_0,user_2688,item_7833,0.30709257318568767
scene_0,user_2688,item_4158,0.2507400360344115
scene_0,user_2688,item_4407,0.2507400360344115
scene_0,user_2688,item_6288,0.2507400360344115
scene_0,user_2688,item_6723,0.2507400360344115
scene_0,user_9122,item_1080,0.30709257318568767
scene_0,user_9122,item_5049,0.30709257318568767
scene_0,user_9122,item_7833,0.30709257318568767
scene_0,user_9122,item_4158,0.2507400360344115
scene_0,user_9122,item_4407,0.2507400360344115
scene_0,user_9122,item_6288,0.2507400360344115
scene_0,user_9122,item_6723,0.2507400360344115
scene_0,user_4807,item_1080,0.30709257318568767
scene_0,user_4807,item_5049,0.30709257318568767
scene_0,user_4807,item_7833,0.30709257318568767
scene_0,user_4807,item_4158,0.2507400360344115
scene_0,user_4807,item_4407,0.2507400360344115
scene_0,user_4807,item_6288,0.2507400360344115
scene_0,user_4807,item_6723,0.2507400360344115
scene_0,user_8015,item_1080,0.17729997979489165
scene_0,user_8015,item_5049,0.17729997979489165
scene_0,user_8015,item_7833,0.17729997979489165
scene_0,user_8015,item_6288,0.14476482730108392
scene_0,user_8015,item_6723,0.14476482730108392
scene_0,user_3498,item_2298,0.6436363296498353
scene_0,user_7713,item_7635,0.5100697232983947
scene_0,user_4294,item_7635,0.5100697232983947
scene_0,user_6055,item_5667,0.45511961331341866
scene_0,user_6055,item_2772,0.2944888920518062
scene_0,user_6055,item_7149,0.2944888920518062
scene_0,user_1911,item_4302,0.3633810027301768
scene_0,user_1911,item_8139,0.3633810027301768
scene_0,user_4961,item_4302,0.3633810027301768
scene_0,user_4961,item_8139,0.3633810027301768
scene_0,user_8272,item_4302,0.3633810027301768
scene_0,user_8272,item_8139,0.3633810027301768
scene_0,user_4909,item_4302,0.3633810027301768
scene_0,user_4909,item_8139,0.3633810027301768
scene_0,user_3631,item_9165,0.5100697232983947
scene_0,user_6953,item_51,0.36067376022224085
scene_0,user_6953,item_7923,0.36067376022224085
scene_0,user_1464,item_9165,0.5100697232983947
scene_0,user_9837,item_1116,0.5255268625199613
scene_0,user_9837,item_8331,0.5255268625199613
scene_0,user_6418,item_5907,0.39464380868665966
scene_0,user_6418,item_8697,0.39464380868665966
scene_0,user_6418,item_2991,0.3222253204769533
scene_0,user_6418,item_7089,0.3222253204769533
scene_0,user_9026,item_5907,0.22784770917926217
scene_0,user_9026,item_8697,0.22784770917926217
scene_0,user_5636,item_5907,0.39464380868665966
scene_0,user_5636,item_8697,0.39464380868665966
scene_0,user_5636,item_2991,0.3222253204769533
scene_0,user_5636,item_7089,0.3222253204769533
scene_0,user_5434,item_5907,0.2790553132756236
scene_0,user_5434,item_2991,0.22784770917926217
scene_0,user_5434,item_7089,0.22784770917926217
scene_0,user_5434,item_3525,0.22755980665670933
scene_0,user_5434,item_6357,0.22755980665670933
scene_0,user_5434,item_6834,0.22755980665670933
scene_0,user_5434,item_7344,0.22755980665670933
scene_0,user_653,item_786,0.5100697232983947
scene_0,user_653,item_6687,0.4164701851078906
scene_0,user_653,item_8037,0.4164701851078906
scene_0,user_9183,item_1281,0.5100697232983947
scene_0,user_9183,item_3102,0.5100697232983947
scene_0,user_9372,item_1281,0.36067376022224085
scene_0,user_3618,item_4590,0.5255268625199613
scene_0,user_3618,item_5904,0.5255268625199613
scene_0,user_1325,item_4401,0.45511961331341866
scene_0,user_1325,item_6510,0.45511961331341866
scene_0,user_1325,item_69,0.45511961331341866
scene_0,user_3905,item_5634,0.4164701851078906
scene_0,user_3905,item_63,0.4164701851078906
scene_0,user_4177,item_5634,0.4164701851078906
scene_0,user_4177,item_63,0.4164701851078906
scene_0,user_368,item_6351,0.6436363296498353
scene_0,user_3943,item_4044,0.3633810027301768
scene_0,user_3943,item_7920,0.3633810027301768
scene_0,user_3397,item_4044,0.3633810027301768
scene_0,user_3397,item_7920,0.3633810027301768
scene_0,user_489,item_4044,0.3633810027301768
scene_0,user_489,item_7920,0.3633810027301768
scene_0,user_1098,item_4044,0.3633810027301768
scene_0,user_1098,item_7920,0.3633810027301768
scene_0,user_5702,item_1551,0.30709257318568767
scene_0,user_5702,item_4575,0.30709257318568767
scene_0,user_5702,item_6405,0.2507400360344115
scene_0,user_5702,item_7674,0.2507400360344115
scene_0,user_5702,item_7749,0.2507400360344115
scene_0,user_5702,item_9363,0.2507400360344115
scene_0,user_5051,item_1551,0.30709257318568767
scene_0,user_5051,item_4575,0.30709257318568767
scene_0,user_5051,item_6405,0.2507400360344115
scene_0,user_5051,item_7674,0.2507400360344115
scene_0,user_5051,item_7749,0.2507400360344115
scene_0,user_5051,item_9363,0.2507400360344115
scene_0,user_3385,item_1551,0.30709257318568767
scene_0,user_3385,item_4575,0.30709257318568767
scene_0,user_3385,item_6405,0.2507400360344115
scene_0,user_3385,item_7674,0.2507400360344115
scene_0,user_3385,item_7749,0.2507400360344115
scene_0,user_3385,item_9363,0.2507400360344115
scene_0,user_9680,item_1551,0.30709257318568767
scene_0,user_9680,item_4575,0.30709257318568767
scene_0,user_9680,item_6405,0.2507400360344115
scene_0,user_9680,item_7674,0.2507400360344115
scene_0,user_9680,item_7749,0.2507400360344115
scene_0,user_9680,item_9363,0.2507400360344115
scene_0,user_1235,item_1551,0.30709257318568767
scene_0,user_1235,item_4575,0.30709257318568767
scene_0,user_1235,item_6405,0.2507400360344115
scene_0,user_1235,item_7674,0.2507400360344115
scene_0,user_1235,item_7749,0.2507400360344115
scene_0,user_1235,item_9363,0.2507400360344115
scene_0,user_5086,item_1551,0.21714724095162588
scene_0,user_5086,item_6405,0.17729997979489165
scene_0,user_5086,item_7674,0.17729997979489165
scene_0,user_5086,item_7749,0.17729997979489165
scene_0,user_5086,item_9363,0.17729997979489165
scene_0,user_9913,item_5745,0.5100697232983947
scene_0,user_4810,item_5745,0.5100697232983947
scene_0,user_6729,item_5163,0.6436363296498353
scene_0,user_9987,item_4353,0.39464380868665966
scene_0,user_9987,item_8976,0.39464380868665966
scene_0,user_4645,item_4353,0.39464380868665966
scene_0,user_4645,item_8976,0.39464380868665966
scene_0,user_5465,item_4353,0.39464380868665966
scene_0,user_5465,item_8976,0.39464380868665966
scene_0,user_4514,item_8976,0.2790553132756236
scene_0,user_7662,item_4536,0.31066746727980593
scene_0,user_7662,item_4353,0.2790553132756236
scene_0,user_1721,item_4107,0.3633810027301768
scene_0,user_1721,item_5652,0.3633810027301768
scene_0,user_6759,item_4107,0.3633810027301768
scene_0,user_6759,item_5652,0.3633810027301768
scene_0,user_3375,item_4107,0.3633810027301768
scene_0,user_3375,item_5652,0.3633810027301768
scene_0,user_9127,item_4107,0.3633810027301768
scene_0,user_9127,item_5652,0.3633810027301768
scene_0,user_2648,item_4107,0.25694917118487537
scene_0,user_7174,item_252,0.4164701851078906
scene_0,user_7174,item_7797,0.4164701851078906
scene_0,user_5678,item_252,0.4164701851078906
scene_0,user_5678,item_7797,0.4164701851078906
scene_0,user_2511,item_1272,0.3633810027301768
scene_0,user_2511,item_5511,0.3633810027301768
scene_0,user_2511,item_3138,0.29669934630327804
scene_0,user_2511,item_6558,0.29669934630327804
scene_0,user_3046,item_1272,0.3633810027301768
scene_0,user_3046,item_5511,0.3633810027301768
scene_0,user_3046,item_3138,0.29669934630327804
scene_0,user_3046,item_6558,0.29669934630327804
scene_0,user_708,item_1272,0.25694917118487537
scene_0,user_708,item_3138,0.20979811974466375
scene_0,user_708,item_6558,0.20979811974466375
scene_0,user_6455,item_1272,0.3633810027301768
scene_0,user_6455,item_5511,0.3633810027301768
scene_0,user_6455,item_3138,0.29669934630327804
scene_0,user_6455,item_6558,0.29669934630327804
scene_0,user_2229,item_1065,0.39464380868665966
scene_0,user_2229,item_8166,0.39464380868665966
scene_0,user_1020,item_1065,0.39464380868665966
scene_0,user_1020,item_8166,0.39464380868665966
scene_0,user_1831,item_1065,0.39464380868665966
scene_0,user_1831,item_8166,0.39464380868665966
scene_0,user_1934,item_1104,0.31066746727980593
scene_0,user_5818,item_1104,0.43935014561520125
scene_0,user_5818,item_9420,0.43935014561520125
scene_0,user_7093,item_1104,0.43935014561520125
scene_0,user_7093,item_9420,0.43935014561520125
scene_0,user_5721,item_9420,0.31066746727980593
scene_0,user_8100,item_1065,0.43935014561520125
scene_0,user_8100,item_7731,0.43935014561520125
scene_0,user_5233,item_1065,0.43935014561520125
scene_0,user_5233,item_7731,0.43935014561520125
scene_0,user_7228,item_1917,0.43935014561520125
scene_0,user_7228,item_6765,0.43935014561520125
scene_0,user_7462,item_1917,0.43935014561520125
scene_0,user_7462,item_6765,0.43935014561520125
scene_0,user_3451,item_3525,0.22755980665670933
scene_0,user_3451,item_6357,0.22755980665670933
scene_0,user_3451,item_6834,0.22755980665670933
scene_0,user_3451,item_8496,0.22755980665670933
scene_0,user_443,item_3525,0.32181816482491765
scene_0,user_443,item_6357,0.32181816482491765
scene_0,user_443,item_6834,0.32181816482491765
scene_0,user_443,item_7344,0.32181816482491765
scene_0,user_443,item_8496,0.32181816482491765
scene_0,user_7629,item_3525,0.32181816482491765
scene_0,user_7629,item_6357,0.32181816482491765
scene_0,user_7629,item_6834,0.32181816482491765
scene_0,user_7629,item_7344,0.32181816482491765
scene_0,user_7629,item_8496,0.32181816482491765
scene_0,user_8974,item_3525,0.32181816482491765
scene_0,user_8974,item_6357,0.32181816482491765
scene_0,user_8974,item_6834,0.32181816482491765
scene_0,user_8974,item_7344,0.32181816482491765
scene_0,user_8974,item_8496,0.32181816482491765
scene_0,user_6099,item_2925,0.5100697232983947
scene_0,user_6099,item_6312,0.5100697232983947
scene_0,user_7850,item_2664,0.5100697232983947
scene_0,user_6443,item_2664,0.5100697232983947
scene_0,user_293,item_5169,0.6436363296498353
scene_0,user_5817,item_7434,0.43935014561520125
scene_0,user_5817,item_8046,0.43935014561520125
scene_0,user_7632,item_7434,0.43935014561520125
scene_0,user_7632,item_8046,0.43935014561520125
scene_0,user_8452,item_6177,0.3633810027301768
scene_0,user_8452,item_2370,0.29669934630327804
scene_0,user_8452,item_807,0.29669934630327804
scene_0,user_7357,item_6177,0.3633810027301768
scene_0,user_7357,item_2370,0.29669934630327804
scene_0,user_7357,item_807,0.29669934630327804
scene_0,user_3408,item_6177,0.3633810027301768
scene_0,user_3408,item_2370,0.29669934630327804
scene_0,user_3408,item_807,0.29669934630327804
scene_0,user_4295,item_6177,0.3633810027301768
scene_0,user_4295,item_2370,0.29669934630327804
scene_0,user_4295,item_807,0.29669934630327804
scene_0,user_8200,item_5595,0.6436363296498353
scene_0,user_7786,item_390,0.39464380868665966
scene_0,user_7786,item_6129,0.39464380868665966
scene_0,user_3344,item_390,0.39464380868665966
scene_0,user_3344,item_6129,0.39464380868665966
scene_0,user_6698,item_390,0.39464380868665966
scene_0,user_6698,item_6129,0.39464380868665966
scene_0,user_9548,item_3522,0.6436363296498353
scene_0,user_2350,item_8724,0.3400464821989298
scene_0,user_2350,item_3324,0.2776467900719271
scene_0,user_2350,item_3354,0.2776467900719271
scene_0,user_643,item_3324,0.19632592803453744
scene_0,user_643,item_3354,0.19632592803453744
scene_0,user_5274,item_8724,0.3400464821989298
scene_0,user_5274,item_3324,0.2776467900719271
scene_0,user_5274,item_3354,0.2776467900719271
scene_0,user_1060,item_8724,0.3400464821989298
scene_0,user_1060,item_3324,0.2776467900719271
scene_0,user_1060,item_3354,0.2776467900719271
scene_0,user_9208,item_8724,0.3400464821989298
scene_0,user_9208,item_3324,0.2776467900719271
scene_0,user_9208,item_3354,0.2776467900719271
scene_0,user_7660,item_8724,0.3400464821989298
scene_0,user_7660,item_3324,0.2776467900719271
scene_0,user_7660,item_3354,0.2776467900719271
scene_0,user_16,item_6198,0.43935014561520125
scene_0,user_4628,item_6198,0.43935014561520125
scene_0,user_3947,item_6198,0.43935014561520125
scene_0,user_7985,item_1263,0.3633810027301768
scene_0,user_2721,item_1263,0.3633810027301768
scene_0,user_8912,item_1263,0.3633810027301768
scene_0,user_5800,item_1263,0.3633810027301768
scene_0,user_922,item_1263,0.3633810027301768
scene_0,user_9077,item_906,0.6436363296498353
scene_0,user_7639,item_1215,0.29488643195052716
scene_0,user_7639,item_4410,0.29488643195052716
scene_0,user_7639,item_5142,0.29488643195052716
scene_0,user_7639,item_9378,0.29488643195052716
scene_0,user_7639,item_6492,0.240773763449582
scene_0,user_7639,item_8034,0.240773763449582
scene_0,user_7639,item_8340,0.240773763449582
scene_0,user_7639,item_996,0.240773763449582
scene_0,user_1728,item_6825,0.45511961331341866
scene_0,user_1728,item_1215,0.20851619571212315
scene_0,user_1728,item_4410,0.20851619571212315
scene_0,user_1728,item_5142,0.20851619571212315
scene_0,user_1728,item_6492,0.17025276086700514
scene_0,user_1728,item_8034,0.17025276086700514
scene_0,user_1728,item_8340,0.17025276086700514
scene_0,user_1728,item_996,0.17025276086700514
scene_0,user_6382,item_1215,0.29488643195052716
scene_0,user_6382,item_4410,0.29488643195052716
scene_0,user_6382,item_5142,0.29488643195052716
scene_0,user_6382,item_9378,0.29488643195052716
scene_0,user_6382,item_6492,0.240773763449582
scene_0,user_6382,item_8034,0.240773763449582
scene_0,user_6382,item_8340,0.240773763449582
scene_0,user_6382,item_996,0.240773763449582
scene_0,user_5994,item_1215,0.29488643195052716
scene_0,user_5994,item_4410,0.29488643195052716
scene_0,user_5994,item_5142,0.29488643195052716
scene_0,user_5994,item_9378,0.29488643195052716
scene_0,user_5994,item_6492,0.240773763449582
scene_0,user_5994,item_8034,0.240773763449582
scene_0,user_5994,item_8340,0.240773763449582
scene_0,user_5994,item_996,0.240773763449582
scene_0,user_7298,item_1215,0.29488643195052716
scene_0,user_7298,item_4410,0.29488643195052716
scene_0,user_7298,item_5142,0.29488643195052716
scene_0,user_7298,item_9378,0.29488643195052716
scene_0,user_7298,item_6492,0.240773763449582
scene_0,user_7298,item_8034,0.240773763449582
scene_0,user_7298,item_8340,0.240773763449582
scene_0,user_7298,item_996,0.240773763449582
scene_0,user_5185,item_7530,0.6436363296498353
scene_0,user_8014,item_9069,0.6436363296498353
scene_0,user_145,item_3858,0.39464380868665966
scene_0,user_145,item_2805,0.2790553132756236
scene_0,user_145,item_7710,0.2790553132756236
scene_0,user_145,item_9012,0.2790553132756236
scene_0,user_5905,item_3858,0.39464380868665966
scene_0,user_5905,item_2805,0.2790553132756236
scene_0,user_5905,item_7710,0.2790553132756236
scene_0,user_5905,item_9012,0.2790553132756236
scene_0,user_1186,item_3858,0.39464380868665966
scene_0,user_1186,item_2805,0.2790553132756236
scene_0,user_1186,item_7710,0.2790553132756236
scene_0,user_1186,item_9012,0.2790553132756236
scene_0,user_6902,item_2841,0.3633810027301768
scene_0,user_6902,item_5271,0.3633810027301768
scene_0,user_6902,item_5838,0.3633810027301768
scene_0,user_6902,item_6972,0.3633810027301768
scene_0,user_4496,item_2841,0.25694917118487537
scene_0,user_4496,item_5838,0.25694917118487537
scene_0,user_4496,item_6972,0.25694917118487537
scene_0,user_7664,item_2841,0.3633810027301768
scene_0,user_7664,item_5271,0.3633810027301768
scene_0,user_7664,item_5838,0.3633810027301768
scene_0,user_7664,item_6972,0.3633810027301768
scene_0,user_7504,item_6477,0.43935014561520125
scene_0,user_9649,item_6477,0.43935014561520125
scene_0,user_7977,item_6477,0.43935014561520125
scene_0,user_9288,item_7710,0.6436363296498353
scene_0,user_3098,item_5676,0.45511961331341866
scene_0,user_3098,item_6081,0.45511961331341866
scene_0,user_3098,item_7128,0.45511961331341866
scene_0,user_3422,item_4536,0.43935014561520125
scene_0,user_3422,item_8619,0.43935014561520125
scene_0,user_3956,item_4536,0.43935014561520125
scene_0,user_3956,item_8619,0.43935014561520125
scene_0,user_4081,item_3885,0.39464380868665966
scene_0,user_4081,item_6717,0.39464380868665966
scene_0,user_4081,item_2331,0.3222253204769533
scene_0,user_4081,item_7917,0.3222253204769533
scene_0,user_1180,item_3885,0.39464380868665966
scene_0,user_1180,item_6717,0.39464380868665966
scene_0,user_1180,item_2331,0.3222253204769533
scene_0,user_1180,item_7917,0.3222253204769533
scene_0,user_6715,item_1860,0.2944888920518062
scene_0,user_6715,item_3969,0.2944888920518062
scene_0,user_9841,item_5307,0.36067376022224085
scene_0,user_9841,item_2805,0.25503486164919736
scene_0,user_9841,item_7710,0.25503486164919736
scene_0,user_9841,item_8913,0.25503486164919736
scene_0,user_8913,item_5547,0.36067376022224085
scene_0,user_8913,item_2805,0.25503486164919736
scene_0,user_8913,item_7710,0.25503486164919736
scene_0,user_8913,item_8913,0.25503486164919736
scene_0,user_7586,item_1932,0.37160360818355515
scene_0,user_7586,item_2628,0.37160360818355515
scene_0,user_3542,item_786,0.43935014561520125
scene_0,user_273,item_786,0.43935014561520125
scene_0,user_6917,item_786,0.43935014561520125
scene_0,user_7291,item_9720,0.5100697232983947
scene_0,user_5037,item_9720,0.5100697232983947
scene_0,user_520,item_3813,0.32181816482491765
scene_0,user_520,item_561,0.32181816482491765
scene_0,user_3955,item_3813,0.32181816482491765
scene_0,user_3955,item_561,0.32181816482491765
scene_0,user_3522,item_3813,0.32181816482491765
scene_0,user_3522,item_561,0.32181816482491765
scene_0,user_4571,item_3813,0.32181816482491765
scene_0,user_4571,item_561,0.32181816482491765
scene_0,user_2448,item_3813,0.32181816482491765
scene_0,user_2448,item_561,0.32181816482491765
scene_0,user_6041,item_3813,0.32181816482491765
scene_0,user_6041,item_561,0.32181816482491765
scene_0,user_5675,item_3813,0.22755980665670933
scene_0,user_5042,item_7620,0.5100697232983947
scene_0,user_2602,item_7620,0.5100697232983947
scene_0,user_1892,item_6906,0.5100697232983947
scene_0,user_6430,item_6906,0.5100697232983947
scene_0,user_724,item_8850,0.5100697232983947
scene_0,user_5524,item_8850,0.5100697232983947
scene_0,user_5044,item_1686,0.43935014561520125
scene_0,user_5044,item_3828,0.43935014561520125
scene_0,user_5401,item_3828,0.31066746727980593
scene_0,user_386,item_1686,0.43935014561520125
scene_0,user_386,item_3828,0.43935014561520125
scene_0,user_2657,item_2640,0.5100697232983947
scene_0,user_4489,item_2640,0.5100697232983947
scene_0,user_5625,item_9270,0.5100697232983947
scene_0,user_6811,item_9270,0.5100697232983947
scene_0,user_4347,item_4302,0.39464380868665966
scene_0,user_8672,item_4302,0.39464380868665966
scene_0,user_4728,item_4302,0.39464380868665966
scene_0,user_7785,item_4302,0.39464380868665966
scene_0,user_8858,item_564,0.3633810027301768
scene_0,user_8858,item_9336,0.3633810027301768
scene_0,user_8858,item_4746,0.25694917118487537
scene_0,user_8858,item_7143,0.25694917118487537
scene_0,user_8858,item_7833,0.25694917118487537
scene_0,user_4100,item_564,0.3633810027301768
scene_0,user_4100,item_9336,0.3633810027301768
scene_0,user_4100,item_4746,0.25694917118487537
scene_0,user_4100,item_7143,0.25694917118487537
scene_0,user_4100,item_7833,0.25694917118487537
scene_0,user_126,item_564,0.3633810027301768
scene_0,user_126,item_9336,0.3633810027301768
scene_0,user_126,item_4746,0.25694917118487537
scene_0,user_126,item_7143,0.25694917118487537
scene_0,user_126,item_7833,0.25694917118487537
scene_0,user_5691,item_564,0.25694917118487537
scene_0,user_5691,item_4746,0.1816905013650884
scene_0,user_5691,item_7143,0.1816905013650884
scene_0,user_5691,item_7833,0.1816905013650884
scene_0,user_1566,item_51,0.36067376022224085
scene_0,user_1566,item_8481,0.36067376022224085
scene_0,user_510,item_8928,0.6436363296498353
scene_0,user_6058,item_3852,0.5255268625199613
scene_0,user_6058,item_5925,0.5255268625199613
scene_0,user_6184,item_8328,0.6436363296498353
scene_0,user_9299,item_6912,0.39464380868665966
scene_0,user_9529,item_6912,0.39464380868665966
scene_0,user_2255,item_6912,0.39464380868665966
scene_0,user_6884,item_6912,0.39464380868665966
scene_0,user_2959,item_2940,0.31066746727980593
scene_0,user_2959,item_2556,0.25365892483943775
scene_0,user_2959,item_8295,0.25365892483943775
scene_0,user_3335,item_2940,0.43935014561520125
scene_0,user_3335,item_7524,0.43935014561520125
scene_0,user_3335,item_2556,0.35872789172491043
scene_0,user_3335,item_8295,0.35872789172491043
scene_0,user_5647,item_846,0.2944888920518062
scene_0,user_8090,item_846,0.5100697232983947
scene_0,user_8090,item_2772,0.4164701851078906
scene_0,user_8090,item_7149,0.4164701851078906
scene_0,user_2274,item_5115,0.5100697232983947
scene_0,user_2274,item_8127,0.5100697232983947
scene_0,user_6677,item_9108,0.43935014561520125
scene_0,user_7621,item_9108,0.43935014561520125
scene_0,user_9222,item_9108,0.43935014561520125
scene_0,user_2689,item_6876,0.6436363296498353
scene_0,user_2271,item_6267,0.43935014561520125
scene_0,user_2271,item_6288,0.43935014561520125
scene_0,user_795,item_6267,0.43935014561520125
scene_0,user_795,item_6288,0.43935014561520125
scene_0,user_2273,item_9696,0.43935014561520125
scene_0,user_2273,item_3294,0.35872789172491043
scene_0,user_2273,item_480,0.35872789172491043
scene_0,user_6579,item_9696,0.43935014561520125
scene_0,user_6579,item_3294,0.35872789172491043
scene_0,user_6579,item_480,0.35872789172491043
scene_0,user_7984,item_2607,0.45511961331341866
scene_0,user_7984,item_3294,0.25365892483943775
scene_0,user_7984,item_480,0.25365892483943775
scene_0,user_1238,item_4905,0.43935014561520125
scene_0,user_3919,item_4905,0.43935014561520125
scene_0,user_4040,item_4905,0.43935014561520125
scene_0,user_5352,item_9162,0.5100697232983947
scene_0,user_6946,item_9162,0.5100697232983947
scene_0,user_2795,item_2409,0.2790553132756236
scene_0,user_1411,item_2409,0.39464380868665966
scene_0,user_1411,item_7125,0.39464380868665966
scene_0,user_7717,item_2409,0.39464380868665966
scene_0,user_7717,item_7125,0.39464380868665966
scene_0,user_8895,item_2409,0.39464380868665966
scene_0,user_8895,item_7125,0.39464380868665966
scene_0,user_5475,item_1503,0.43935014561520125
scene_0,user_5475,item_3813,0.43935014561520125
scene_0,user_2164,item_1503,0.43935014561520125
scene_0,user_2164,item_3813,0.43935014561520125
scene_0,user_5824,item_3813,0.31066746727980593
scene_0,user_5390,item_6405,0.5255268625199613
scene_0,user_5390,item_861,0.5255268625199613
scene_0,user_8031,item_6213,0.6436363296498353
scene_0,user_7005,item_8856,0.45511961331341866
scene_0,user_2090,item_2814,0.3400464821989298
scene_0,user_2090,item_3354,0.3400464821989298
scene_0,user_2090,item_6558,0.3400464821989298
scene_0,user_3776,item_2814,0.3400464821989298
scene_0,user_3776,item_3354,0.3400464821989298
scene_0,user_3776,item_6558,0.3400464821989298
scene_0,user_463,item_2814,0.3400464821989298
scene_0,user_463,item_3354,0.3400464821989298
scene_0,user_463,item_6558,0.3400464821989298
scene_0,user_1466,item_2814,0.3400464821989298
scene_0,user_1466,item_3354,0.3400464821989298
scene_0,user_1466,item_6558,0.3400464821989298
scene_0,user_2195,item_5910,0.24044917348149392
scene_0,user_7491,item_5910,0.3400464821989298
scene_0,user_7491,item_8979,0.3400464821989298
scene_0,user_3363,item_5910,0.3400464821989298
scene_0,user_3363,item_8979,0.3400464821989298
scene_0,user_3976,item_5910,0.3400464821989298
scene_0,user_3976,item_8979,0.3400464821989298
scene_0,user_6085,item_5910,0.3400464821989298
scene_0,user_6085,item_8979,0.3400464821989298
scene_0,user_9031,item_5910,0.3400464821989298
scene_0,user_9031,item_8979,0.3400464821989298
scene_0,user_5116,item_8658,0.43935014561520125
scene_0,user_2419,item_8658,0.43935014561520125
scene_0,user_4004,item_8658,0.43935014561520125
scene_0,user_8417,item_7578,0.29669934630327804
scene_0,user_8417,item_8418,0.29669934630327804
scene_0,user_3485,item_7578,0.29669934630327804
scene_0,user_3485,item_8418,0.29669934630327804
scene_0,user_8400,item_7578,0.29669934630327804
scene_0,user_8400,item_8418,0.29669934630327804
scene_0,user_3266,item_7578,0.29669934630327804
scene_0,user_3266,item_8418,0.29669934630327804
scene_0,user_9873,item_7578,0.29669934630327804
scene_0,user_9873,item_8418,0.29669934630327804
scene_0,user_5313,item_4257,0.43935014561520125
scene_0,user_7173,item_4257,0.43935014561520125
scene_0,user_1139,item_4257,0.43935014561520125
scene_0,user_7336,item_1725,0.5100697232983947
scene_0,user_8629,item_1725,0.5100697232983947
scene_0,user_6731,item_507,0.6436363296498353
scene_0,user_269,item_1272,0.35872789172491043
scene_0,user_269,item_3702,0.35872789172491043
scene_0,user_9705,item_1272,0.35872789172491043
scene_0,user_9705,item_3702,0.35872789172491043
scene_0,user_7465,item_1272,0.35872789172491043
scene_0,user_7465,item_3702,0.35872789172491043
scene_0,user_133,item_7644,0.5100697232983947
scene_0,user_2308,item_7644,0.5100697232983947
scene_0,user_3910,item_3666,0.5255268625199613
scene_0,user_3910,item_6558,0.5255268625199613
scene_0,user_5576,item_774,0.43935014561520125
scene_0,user_1004,item_774,0.43935014561520125
scene_0,user_4982,item_774,0.43935014561520125
scene_0,user_7410,item_1446,0.5100697232983947
scene_0,user_7410,item_8340,0.5100697232983947
scene_0,user_1990,item_2028,0.43935014561520125
scene_0,user_1990,item_1227,0.35872789172491043
scene_0,user_1990,item_5979,0.35872789172491043
scene_0,user_5330,item_2028,0.43935014561520125
scene_0,user_5330,item_1227,0.35872789172491043
scene_0,user_5330,item_5979,0.35872789172491043
scene_0,user_8979,item_1632,0.6436363296498353
scene_0,user_6349,item_9306,0.45511961331341866
scene_0,user_5289,item_4080,0.5100697232983947
scene_0,user_1056,item_4080,0.5100697232983947
scene_0,user_9510,item_9039,0.5100697232983947
scene_0,user_6973,item_9039,0.5100697232983947
scene_0,user_2729,item_2982,0.5100697232983947
scene_0,user_2729,item_3321,0.5100697232983947
scene_0,user_1059,item_132,0.6436363296498353
scene_0,user_1797,item_6783,0.39464380868665966
scene_0,user_1797,item_840,0.39464380868665966
scene_0,user_4116,item_6783,0.39464380868665966
scene_0,user_4116,item_840,0.39464380868665966
scene_0,user_7036,item_6783,0.39464380868665966
scene_0,user_7036,item_840,0.39464380868665966
scene_0,user_1809,item_6627,0.5100697232983947
scene_0,user_2082,item_6627,0.5100697232983947
scene_0,user_7302,item_4167,0.5255268625199613
scene_0,user_7302,item_5241,0.5255268625199613
scene_0,user_6031,item_1596,0.5255268625199613
scene_0,user_6031,item_5655,0.5255268625199613
scene_0,user_9969,item_3825,0.30709257318568767
scene_0,user_9969,item_3843,0.30709257318568767
scene_0,user_9969,item_7635,0.30709257318568767
scene_0,user_1299,item_3825,0.30709257318568767
scene_0,user_1299,item_3843,0.30709257318568767
scene_0,user_1299,item_7635,0.30709257318568767
scene_0,user_6192,item_3825,0.30709257318568767
scene_0,user_6192,item_3843,0.30709257318568767
scene_0,user_6192,item_7635,0.30709257318568767
scene_0,user_6799,item_3825,0.30709257318568767
scene_0,user_6799,item_3843,0.30709257318568767
scene_0,user_6799,item_7635,0.30709257318568767
scene_0,user_2,item_3825,0.30709257318568767
scene_0,user_2,item_3843,0.30709257318568767
scene_0,user_2,item_7635,0.30709257318568767
scene_0,user_9391,item_3825,0.30709257318568767
scene_0,user_9391,item_3843,0.30709257318568767
scene_0,user_9391,item_7635,0.30709257318568767
scene_0,user_2576,item_2100,0.6436363296498353
scene_0,user_1512,item_1434,0.5100697232983947
scene_0,user_6913,item_1434,0.5100697232983947
scene_0,user_493,item_5124,0.5100697232983947
scene_0,user_6133,item_5124,0.5100697232983947
scene_0,user_1450,item_1815,0.5100697232983947
scene_0,user_734,item_1815,0.5100697232983947
scene_0,user_9951,item_2814,0.43935014561520125
scene_0,user_8656,item_2814,0.43935014561520125
scene_0,user_4014,item_2814,0.43935014561520125
scene_0,user_8831,item_2175,0.2845607022086219
scene_0,user_8831,item_7170,0.2845607022086219
scene_0,user_5321,item_2175,0.2845607022086219
scene_0,user_5321,item_7170,0.2845607022086219
scene_0,user_2923,item_2175,0.2845607022086219
scene_0,user_2923,item_7170,0.2845607022086219
scene_0,user_6081,item_2175,0.2845607022086219
scene_0,user_6081,item_7170,0.2845607022086219
scene_0,user_4541,item_2175,0.2845607022086219
scene_0,user_4541,item_7170,0.2845607022086219
scene_0,user_8038,item_2175,0.2845607022086219
scene_0,user_8038,item_7170,0.2845607022086219
scene_0,user_599,item_2175,0.2845607022086219
scene_0,user_599,item_7170,0.2845607022086219
scene_0,user_4806,item_2175,0.2845607022086219
scene_0,user_4806,item_7170,0.2845607022086219
scene_0,user_2248,item_2175,0.2845607022086219
scene_0,user_2248,item_7170,0.2845607022086219
scene_0,user_5550,item_7170,0.20121480219092233
scene_0,user_4363,item_7248,0.5100697232983947
scene_0,user_4363,item_7761,0.5100697232983947
scene_0,user_6988,item_8340,0.35872789172491043
scene_0,user_6988,item_8856,0.35872789172491043
scene_0,user_7833,item_8340,0.35872789172491043
scene_0,user_7833,item_8856,0.35872789172491043
scene_0,user_9298,item_8340,0.35872789172491043
scene_0,user_9298,item_8856,0.35872789172491043
scene_0,user_1225,item_3177,0.39464380868665966
scene_0,user_1225,item_2997,0.3222253204769533
scene_0,user_1225,item_7182,0.3222253204769533
scene_0,user_3267,item_3177,0.39464380868665966
scene_0,user_3267,item_2997,0.3222253204769533
scene_0,user_3267,item_7182,0.3222253204769533
scene_0,user_9876,item_3177,0.39464380868665966
scene_0,user_9876,item_2997,0.3222253204769533
scene_0,user_9876,item_7182,0.3222253204769533
scene_0,user_7307,item_1347,0.39464380868665966
scene_0,user_7307,item_5502,0.39464380868665966
scene_0,user_7307,item_6627,0.39464380868665966
scene_0,user_2498,item_1347,0.39464380868665966
scene_0,user_2498,item_5502,0.39464380868665966
scene_0,user_2498,item_6627,0.39464380868665966
scene_0,user_5781,item_1347,0.2790553132756236
scene_0,user_5781,item_6627,0.2790553132756236
scene_1,user_8050,item_3178,0.19632592803453744
scene_1,user_8050,item_4465,0.19632592803453744
scene_1,user_6131,item_481,0.5100697232983947
scene_1,user_3030,item_481,0.5100697232983947
scene_1,user_4666,item_3844,0.5255268625199613
scene_1,user_4666,item_9202,0.5255268625199613
scene_1,user_5401,item_7318,0.5100697232983947
scene_1,user_1757,item_1543,0.45511961331341866
scene_1,user_4838,item_7318,0.5100697232983947
scene_1,user_9338,item_835,0.6436363296498353
scene_1,user_8147,item_3481,0.22755980665670933
scene_1,user_8147,item_5533,0.22755980665670933
scene_1,user_8147,item_7123,0.22755980665670933
scene_1,user_1329,item_8380,0.5100697232983947
scene_1,user_1329,item_9310,0.5100697232983947
scene_1,user_6143,item_8380,0.36067376022224085
scene_1,user_1360,item_9310,0.36067376022224085
scene_1,user_1360,item_2260,0.22755980665670933
scene_1,user_1360,item_2884,0.22755980665670933
scene_1,user_1360,item_715,0.22755980665670933
scene_1,user_7403,item_469,0.6436363296498353
scene_1,user_5813,item_5713,0.5100697232983947
scene_1,user_4138,item_5713,0.5100697232983947
scene_1,user_5071,item_2377,0.36067376022224085
scene_1,user_5071,item_8701,0.36067376022224085
scene_1,user_4184,item_2377,0.36067376022224085
scene_1,user_4184,item_3781,0.36067376022224085
scene_1,user_4184,item_6523,0.21714724095162588
scene_1,user_4184,item_8830,0.21714724095162588
scene_1,user_4184,item_3262,0.17729997979489165
scene_1,user_4184,item_3481,0.17729997979489165
scene_1,user_4184,item_7846,0.17729997979489165
scene_1,user_4184,item_8794,0.17729997979489165
scene_1,user_4184,item_9736,0.17729997979489165
scene_1,user_4184,item_9802,0.17729997979489165
scene_1,user_8186,item_3781,0.36067376022224085
scene_1,user_8186,item_8701,0.36067376022224085
scene_1,user_8186,item_3523,0.19493562262564004
scene_1,user_8186,item_3958,0.19493562262564004
scene_1,user_8186,item_7627,0.19493562262564004
scene_1,user_8186,item_8332,0.19493562262564004
scene_1,user_8186,item_8449,0.19493562262564004
scene_1,user_9692,item_2053,0.20851619571212315
scene_1,user_9692,item_943,0.20851619571212315
scene_1,user_2631,item_4555,0.6436363296498353
scene_1,user_3729,item_4354,0.29488643195052716
scene_1,user_3729,item_3070,0.240773763449582
scene_1,user_3729,item_9775,0.240773763449582
scene_1,user_314,item_1816,0.2944888920518062
scene_1,user_314,item_4354,0.17025276086700514
scene_1,user_7668,item_4354,0.29488643195052716
scene_1,user_7668,item_3070,0.240773763449582
scene_1,user_7668,item_9775,0.240773763449582
scene_1,user_1501,item_4354,0.29488643195052716
scene_1,user_1501,item_3070,0.240773763449582
scene_1,user_1501,item_9775,0.240773763449582
scene_1,user_9372,item_4354,0.29488643195052716
scene_1,user_9372,item_3070,0.240773763449582
scene_1,user_9372,item_9775,0.240773763449582
scene_1,user_8995,item_3070,0.17025276086700514
scene_1,user_8995,item_9775,0.17025276086700514
scene_1,user_1088,item_4354,0.29488643195052716
scene_1,user_1088,item_3070,0.240773763449582
scene_1,user_1088,item_9775,0.240773763449582
scene_1,user_6035,item_4354,0.29488643195052716
scene_1,user_6035,item_3070,0.240773763449582
scene_1,user_6035,item_9775,0.240773763449582
scene_1,user_5448,item_4354,0.29488643195052716
scene_1,user_5448,item_3070,0.240773763449582
scene_1,user_5448,item_9775,0.240773763449582
scene_1,user_1899,item_4354,0.29488643195052716
scene_1,user_1899,item_3070,0.240773763449582
scene_1,user_1899,item_9775,0.240773763449582
scene_1,user_2520,item_2080,0.39414514688997093
scene_1,user_2520,item_9880,0.32181816482491765
scene_1,user_2520,item_5551,0.26276343125998064
scene_1,user_2520,item_1120,0.13138171562999032
scene_1,user_2520,item_1975,0.13138171562999032
scene_1,user_2520,item_2038,0.13138171562999032
scene_1,user_2520,item_2089,0.13138171562999032
scene_1,user_2520,item_5314,0.13138171562999032
scene_1,user_2520,item_6706,0.13138171562999032
scene_1,user_2520,item_6850,0.13138171562999032
scene_1,user_2520,item_7111,0.13138171562999032
scene_1,user_2520,item_7234,0.13138171562999032
scene_1,user_2520,item_7681,0.13138171562999032
scene_1,user_4055,item_223,0.31066746727980593
scene_1,user_4055,item_7834,0.31066746727980593
scene_1,user_4055,item_8311,0.31066746727980593
scene_1,user_4055,item_2080,0.27870270613766635
scene_1,user_4055,item_5551,0.18580180409177757
scene_1,user_4055,item_1120,0.09290090204588879
scene_1,user_4055,item_1975,0.09290090204588879
scene_1,user_4055,item_2038,0.09290090204588879
scene_1,user_4055,item_2089,0.09290090204588879
scene_1,user_4055,item_5314,0.09290090204588879
scene_1,user_4055,item_6706,0.09290090204588879
scene_1,user_4055,item_6850,0.09290090204588879
scene_1,user_4055,item_7111,0.09290090204588879
scene_1,user_4055,item_7234,0.09290090204588879
scene_1,user_4055,item_7681,0.09290090204588879
scene_1,user_680,item_2080,0.39414514688997093
scene_1,user_680,item_9880,0.32181816482491765
scene_1,user_680,item_5551,0.26276343125998064
scene_1,user_680,item_1120,0.13138171562999032
scene_1,user_680,item_1975,0.13138171562999032
scene_1,user_680,item_2038,0.13138171562999032
scene_1,user_680,item_2089,0.13138171562999032
scene_1,user_680,item_5314,0.13138171562999032
scene_1,user_680,item_6706,0.13138171562999032
scene_1,user_680,item_6850,0.13138171562999032
scene_1,user_680,item_7111,0.13138171562999032
scene_1,user_680,item_7234,0.13138171562999032
scene_1,user_680,item_7681,0.13138171562999032
scene_1,user_3497,item_2080,0.39414514688997093
scene_1,user_3497,item_9880,0.32181816482491765
scene_1,user_3497,item_5551,0.26276343125998064
scene_1,user_3497,item_1120,0.13138171562999032
scene_1,user_3497,item_1975,0.13138171562999032
scene_1,user_3497,item_2038,0.13138171562999032
scene_1,user_3497,item_2089,0.13138171562999032
scene_1,user_3497,item_5314,0.13138171562999032
scene_1,user_3497,item_6706,0.13138171562999032
scene_1,user_3497,item_6850,0.13138171562999032
scene_1,user_3497,item_7111,0.13138171562999032
scene_1,user_3497,item_7234,0.13138171562999032
scene_1,user_3497,item_7681,0.13138171562999032
scene_1,user_1896,item_2080,0.39414514688997093
scene_1,user_1896,item_9880,0.32181816482491765
scene_1,user_1896,item_5551,0.26276343125998064
scene_1,user_1896,item_1120,0.13138171562999032
scene_1,user_1896,item_1975,0.13138171562999032
scene_1,user_1896,item_2038,0.13138171562999032
scene_1,user_1896,item_2089,0.13138171562999032
scene_1,user_1896,item_5314,0.13138171562999032
scene_1,user_1896,item_6706,0.13138171562999032
scene_1,user_1896,item_6850,0.13138171562999032
scene_1,user_1896,item_7111,0.13138171562999032
scene_1,user_1896,item_7234,0.13138171562999032
scene_1,user_1896,item_7681,0.13138171562999032
scene_1,user_8380,item_9394,0.37160360818355515
scene_1,user_8380,item_9880,0.18580180409177757
scene_1,user_8380,item_4060,0.1591642693748526
scene_1,user_8380,item_9463,0.1591642693748526
scene_1,user_8380,item_1120,0.14083180976078313
scene_1,user_8380,item_1975,0.14083180976078313
scene_1,user_8380,item_2038,0.14083180976078313
scene_1,user_8380,item_2089,0.14083180976078313
scene_1,user_8380,item_5314,0.14083180976078313
scene_1,user_8380,item_6706,0.14083180976078313
scene_1,user_8380,item_6850,0.14083180976078313
scene_1,user_8380,item_7111,0.14083180976078313
scene_1,user_8380,item_7234,0.14083180976078313
scene_1,user_8380,item_7681,0.14083180976078313
scene_1,user_0,item_6640,0.1472444460259031
scene_1,user_0,item_5551,0.14083180976078313
scene_1,user_0,item_7048,0.11392385458963109
scene_1,user_2848,item_2080,0.39414514688997093
scene_1,user_2848,item_9880,0.32181816482491765
scene_1,user_2848,item_5551,0.26276343125998064
scene_1,user_2848,item_1120,0.13138171562999032
scene_1,user_2848,item_1975,0.13138171562999032
scene_1,user_2848,item_2038,0.13138171562999032
scene_1,user_2848,item_2089,0.13138171562999032
scene_1,user_2848,item_5314,0.13138171562999032
scene_1,user_2848,item_6706,0.13138171562999032
scene_1,user_2848,item_6850,0.13138171562999032
scene_1,user_2848,item_7111,0.13138171562999032
scene_1,user_2848,item_7234,0.13138171562999032
scene_1,user_2848,item_7681,0.13138171562999032
scene_1,user_3202,item_3049,0.3400464821989298
scene_1,user_3202,item_5581,0.3400464821989298
scene_1,user_3202,item_1117,0.13882339503596355
scene_1,user_3202,item_1975,0.13882339503596355
scene_1,user_3202,item_2038,0.13882339503596355
scene_1,user_3202,item_2080,0.13882339503596355
scene_1,user_3202,item_2089,0.13882339503596355
scene_1,user_3202,item_5314,0.13882339503596355
scene_1,user_3202,item_6706,0.13882339503596355
scene_1,user_3202,item_6850,0.13882339503596355
scene_1,user_3202,item_7111,0.13882339503596355
scene_1,user_3202,item_7234,0.13882339503596355
scene_1,user_3202,item_7681,0.13882339503596355
scene_1,user_5469,item_3049,0.3400464821989298
scene_1,user_5469,item_5581,0.3400464821989298
scene_1,user_5469,item_1117,0.13882339503596355
scene_1,user_5469,item_1975,0.13882339503596355
scene_1,user_5469,item_2038,0.13882339503596355
scene_1,user_5469,item_2080,0.13882339503596355
scene_1,user_5469,item_2089,0.13882339503596355
scene_1,user_5469,item_5314,0.13882339503596355
scene_1,user_5469,item_6706,0.13882339503596355
scene_1,user_5469,item_6850,0.13882339503596355
scene_1,user_5469,item_7111,0.13882339503596355
scene_1,user_5469,item_7234,0.13882339503596355
scene_1,user_5469,item_7681,0.13882339503596355
scene_1,user_6446,item_3049,0.3400464821989298
scene_1,user_6446,item_5581,0.3400464821989298
scene_1,user_6446,item_1117,0.13882339503596355
scene_1,user_6446,item_1975,0.13882339503596355
scene_1,user_6446,item_2038,0.13882339503596355
scene_1,user_6446,item_2080,0.13882339503596355
scene_1,user_6446,item_2089,0.13882339503596355
scene_1,user_6446,item_5314,0.13882339503596355
scene_1,user_6446,item_6706,0.13882339503596355
scene_1,user_6446,item_6850,0.13882339503596355
scene_1,user_6446,item_7111,0.13882339503596355
scene_1,user_6446,item_7234,0.13882339503596355
scene_1,user_6446,item_7681,0.13882339503596355
scene_1,user_3882,item_3049,0.3400464821989298
scene_1,user_3882,item_5581,0.3400464821989298
scene_1,user_3882,item_1117,0.13882339503596355
scene_1,user_3882,item_1975,0.13882339503596355
scene_1,user_3882,item_2038,0.13882339503596355
scene_1,user_3882,item_2080,0.13882339503596355
scene_1,user_3882,item_2089,0.13882339503596355
scene_1,user_3882,item_5314,0.13882339503596355
scene_1,user_3882,item_6706,0.13882339503596355
scene_1,user_3882,item_6850,0.13882339503596355
scene_1,user_3882,item_7111,0.13882339503596355
scene_1,user_3882,item_7234,0.13882339503596355
scene_1,user_3882,item_7681,0.13882339503596355
scene_1,user_4262,item_3049,0.24044917348149392
scene_1,user_4262,item_1117,0.09816296401726872
scene_1,user_4262,item_1975,0.09816296401726872
scene_1,user_4262,item_2038,0.09816296401726872
scene_1,user_4262,item_2080,0.09816296401726872
scene_1,user_4262,item_2089,0.09816296401726872
scene_1,user_4262,item_5314,0.09816296401726872
scene_1,user_4262,item_6706,0.09816296401726872
scene_1,user_4262,item_6850,0.09816296401726872
scene_1,user_4262,item_7111,0.09816296401726872
scene_1,user_4262,item_7234,0.09816296401726872
scene_1,user_4262,item_7681,0.09816296401726872
scene_1,user_2585,item_5581,0.24044917348149392
scene_1,user_2585,item_1117,0.09816296401726872
scene_1,user_2585,item_1975,0.09816296401726872
scene_1,user_2585,item_2038,0.09816296401726872
scene_1,user_2585,item_2080,0.09816296401726872
scene_1,user_2585,item_2089,0.09816296401726872
scene_1,user_2585,item_5314,0.09816296401726872
scene_1,user_2585,item_6706,0.09816296401726872
scene_1,user_2585,item_6850,0.09816296401726872
scene_1,user_2585,item_7111,0.09816296401726872
scene_1,user_2585,item_7234,0.09816296401726872
scene_1,user_2585,item_7681,0.09816296401726872
scene_1,user_4799,item_6151,0.4164701851078906
scene_1,user_4799,item_7321,0.4164701851078906
scene_1,user_9196,item_6151,0.4164701851078906
scene_1,user_9196,item_7321,0.4164701851078906
scene_1,user_3020,item_6361,0.2944888920518062
scene_1,user_7699,item_1876,0.39464380868665966
scene_1,user_4273,item_1876,0.39464380868665966
scene_1,user_995,item_1876,0.39464380868665966
scene_1,user_2026,item_1876,0.39464380868665966
scene_1,user_1823,item_2785,0.29488643195052716
scene_1,user_1823,item_6070,0.29488643195052716
scene_1,user_1823,item_2368,0.240773763449582
scene_1,user_1823,item_7339,0.240773763449582
scene_1,user_4225,item_2785,0.29488643195052716
scene_1,user_4225,item_6070,0.29488643195052716
scene_1,user_4225,item_2368,0.240773763449582
scene_1,user_4225,item_7339,0.240773763449582
scene_1,user_2929,item_1717,0.37160360818355515
scene_1,user_2929,item_9739,0.37160360818355515
scene_1,user_2929,item_6070,0.20851619571212315
scene_1,user_2929,item_2368,0.17025276086700514
scene_1,user_2929,item_7339,0.17025276086700514
scene_1,user_1209,item_2785,0.17025276086700514
scene_1,user_1209,item_6070,0.17025276086700514
scene_1,user_1209,item_2158,0.1642911980209368
scene_1,user_1209,item_3742,0.1642911980209368
scene_1,user_1209,item_7732,0.1642911980209368
scene_1,user_1209,item_5845,0.11617142020986632
scene_1,user_1209,item_9373,0.11617142020986632
scene_1,user_1209,item_9655,0.11617142020986632
scene_1,user_3319,item_2785,0.29488643195052716
scene_1,user_3319,item_6070,0.29488643195052716
scene_1,user_3319,item_2368,0.240773763449582
scene_1,user_3319,item_7339,0.240773763449582
scene_1,user_418,item_2785,0.29488643195052716
scene_1,user_418,item_6070,0.29488643195052716
scene_1,user_418,item_2368,0.240773763449582
scene_1,user_418,item_7339,0.240773763449582
scene_1,user_7970,item_2785,0.29488643195052716
scene_1,user_7970,item_6070,0.29488643195052716
scene_1,user_7970,item_2368,0.240773763449582
scene_1,user_7970,item_7339,0.240773763449582
scene_1,user_7215,item_2785,0.20851619571212315
scene_1,user_7215,item_2368,0.17025276086700514
scene_1,user_7215,item_7339,0.17025276086700514
scene_1,user_9536,item_2785,0.29488643195052716
scene_1,user_9536,item_6070,0.29488643195052716
scene_1,user_9536,item_2368,0.240773763449582
scene_1,user_9536,item_7339,0.240773763449582
scene_1,user_3762,item_2785,0.29488643195052716
scene_1,user_3762,item_6070,0.29488643195052716
scene_1,user_3762,item_2368,0.240773763449582
scene_1,user_3762,item_7339,0.240773763449582
scene_1,user_7537,item_5008,0.5100697232983947
scene_1,user_9122,item_3958,0.21714724095162588
scene_1,user_9122,item_5677,0.21714724095162588
scene_1,user_9122,item_607,0.21714724095162588
scene_1,user_5106,item_5008,0.5100697232983947
scene_1,user_7251,item_9781,0.22755980665670933
scene_1,user_7251,item_4771,0.16090908241245883
scene_1,user_7251,item_4999,0.16090908241245883
scene_1,user_7251,item_5176,0.16090908241245883
scene_1,user_8718,item_4003,0.6436363296498353
scene_1,user_9351,item_4390,0.5255268625199613
scene_1,user_9351,item_5116,0.5255268625199613
scene_1,user_7611,item_4882,0.5255268625199613
scene_1,user_7611,item_7909,0.5255268625199613
scene_1,user_4160,item_6856,0.39464380868665966
scene_1,user_4160,item_7024,0.39464380868665966
scene_1,user_6935,item_6856,0.2790553132756236
scene_1,user_6935,item_1225,0.20851619571212315
scene_1,user_6935,item_3973,0.20851619571212315
scene_1,user_6935,item_1438,0.17025276086700514
scene_1,user_6935,item_4795,0.17025276086700514
scene_1,user_3363,item_7024,0.2790553132756236
scene_1,user_647,item_6856,0.39464380868665966
scene_1,user_647,item_7024,0.39464380868665966
scene_1,user_5495,item_6856,0.39464380868665966
scene_1,user_5495,item_7024,0.39464380868665966
scene_1,user_3183,item_7732,0.3400464821989298
scene_1,user_2535,item_2824,0.22755980665670933
scene_1,user_2535,item_7339,0.22755980665670933
scene_1,user_2535,item_139,0.16090908241245883
scene_1,user_2535,item_3028,0.16090908241245883
scene_1,user_2535,item_571,0.16090908241245883
scene_1,user_5143,item_7732,0.3400464821989298
scene_1,user_628,item_7732,0.3400464821989298
scene_1,user_4374,item_7732,0.3400464821989298
scene_1,user_3600,item_7732,0.3400464821989298
scene_1,user_9100,item_7732,0.3400464821989298
scene_1,user_8591,item_4087,0.3222253204769533
scene_1,user_8591,item_8257,0.3222253204769533
scene_1,user_9618,item_4087,0.3222253204769533
scene_1,user_9618,item_8257,0.3222253204769533
scene_1,user_3629,item_2752,0.19632592803453744
scene_1,user_3629,item_7162,0.19632592803453744
scene_1,user_3629,item_943,0.19632592803453744
scene_1,user_3629,item_4045,0.14476482730108392
scene_1,user_3629,item_4507,0.14476482730108392
scene_1,user_9051,item_4087,0.3222253204769533
scene_1,user_9051,item_8257,0.3222253204769533
scene_1,user_1212,item_4087,0.3222253204769533
scene_1,user_1212,item_8257,0.3222253204769533
scene_1,user_3249,item_2161,0.6436363296498353
scene_1,user_8931,item_3019,0.19493562262564004
scene_1,user_8931,item_5242,0.19493562262564004
scene_1,user_8931,item_6907,0.19493562262564004
scene_1,user_8931,item_8620,0.19493562262564004
scene_1,user_5237,item_7024,0.6436363296498353
scene_1,user_8160,item_1186,0.20851619571212315
scene_1,user_8160,item_3973,0.20851619571212315
scene_1,user_8160,item_1438,0.17025276086700514
scene_1,user_8160,item_4795,0.17025276086700514
scene_1,user_5470,item_3064,0.2790553132756236
scene_1,user_5470,item_3232,0.2790553132756236
scene_1,user_5470,item_9931,0.2790553132756236
scene_1,user_5470,item_4441,0.22784770917926217
scene_1,user_5470,item_6253,0.22784770917926217
scene_1,user_381,item_7522,0.6436363296498353
scene_1,user_6228,item_2980,0.25694917118487537
scene_1,user_6228,item_5794,0.25694917118487537
scene_1,user_6228,item_7864,0.25694917118487537
scene_1,user_6228,item_2929,0.20979811974466375
scene_1,user_6228,item_8743,0.20979811974466375
scene_1,user_309,item_7534,0.6436363296498353
scene_1,user_7490,item_4615,0.5100697232983947
scene_1,user_953,item_4615,0.5100697232983947
scene_1,user_9583,item_8350,0.6436363296498353
scene_1,user_7380,item_643,0.45511961331341866
scene_1,user_6060,item_3517,0.45511961331341866
scene_1,user_1067,item_1444,0.31066746727980593
scene_1,user_1067,item_9124,0.31066746727980593
scene_1,user_1067,item_2713,0.2790553132756236
scene_1,user_1067,item_2503,0.22784770917926217
scene_1,user_1067,item_8413,0.22784770917926217
scene_1,user_7449,item_2713,0.39464380868665966
scene_1,user_7449,item_6373,0.39464380868665966
scene_1,user_7449,item_2503,0.3222253204769533
scene_1,user_7449,item_8413,0.3222253204769533
scene_1,user_1549,item_6373,0.2790553132756236
scene_1,user_1549,item_2503,0.22784770917926217
scene_1,user_1549,item_8413,0.22784770917926217
scene_1,user_1549,item_7099,0.22755980665670933
scene_1,user_1549,item_4201,0.18580180409177757
scene_1,user_1549,item_8854,0.18580180409177757
scene_1,user_8811,item_2713,0.39464380868665966
scene_1,user_8811,item_6373,0.39464380868665966
scene_1,user_8811,item_2503,0.3222253204769533
scene_1,user_8811,item_8413,0.3222253204769533
scene_1,user_7164,item_2713,0.22784770917926217
scene_1,user_7164,item_6373,0.22784770917926217
scene_1,user_7164,item_3427,0.20979811974466375
scene_1,user_7164,item_8218,0.19632592803453744
scene_1,user_7164,item_6376,0.17129944745658357
scene_1,user_7164,item_7120,0.17129944745658357
scene_1,user_7877,item_5230,0.37160360818355515
scene_1,user_7877,item_7837,0.37160360818355515
scene_1,user_7877,item_7711,0.2790553132756236
scene_1,user_7877,item_3637,0.22784770917926217
scene_1,user_7877,item_7792,0.22784770917926217
scene_1,user_8432,item_4156,0.37160360818355515
scene_1,user_8432,item_5971,0.37160360818355515
scene_1,user_4439,item_8389,0.39464380868665966
scene_1,user_4439,item_2113,0.24959465998671754
scene_1,user_4439,item_2848,0.24959465998671754
scene_1,user_4439,item_445,0.24959465998671754
scene_1,user_4439,item_7924,0.24959465998671754
scene_1,user_3453,item_8389,0.39464380868665966
scene_1,user_3453,item_2113,0.24959465998671754
scene_1,user_3453,item_2848,0.24959465998671754
scene_1,user_3453,item_445,0.24959465998671754
scene_1,user_3453,item_7924,0.24959465998671754
scene_1,user_5962,item_2113,0.17649007662455862
scene_1,user_5962,item_2848,0.17649007662455862
scene_1,user_5962,item_445,0.17649007662455862
scene_1,user_5962,item_7924,0.17649007662455862
scene_1,user_5908,item_8389,0.39464380868665966
scene_1,user_5908,item_2113,0.24959465998671754
scene_1,user_5908,item_2848,0.24959465998671754
scene_1,user_5908,item_445,0.24959465998671754
scene_1,user_5908,item_7924,0.24959465998671754
scene_1,user_7505,item_8389,0.17649007662455862
scene_1,user_7505,item_1786,0.13187722149674894
scene_1,user_7505,item_2842,0.13187722149674894
scene_1,user_7505,item_5227,0.13187722149674894
scene_1,user_7505,item_8776,0.13187722149674894
scene_1,user_7505,item_8794,0.13187722149674894
scene_1,user_7505,item_2590,0.10767730045434391
scene_1,user_7505,item_8725,0.10767730045434391
scene_1,user_7505,item_9577,0.10767730045434391
scene_1,user_7505,item_9754,0.10767730045434391
scene_1,user_6804,item_565,0.5100697232983947
scene_1,user_8821,item_565,0.5100697232983947
scene_1,user_6632,item_9133,0.45511961331341866
scene_1,user_4087,item_25,0.5100697232983947
scene_1,user_8804,item_25,0.5100697232983947
scene_1,user_7080,item_6646,0.22755980665670933
scene_1,user_7080,item_7612,0.22755980665670933
scene_1,user_7080,item_9031,0.22755980665670933
scene_1,user_2304,item_4159,0.32181816482491765
scene_1,user_2304,item_6646,0.32181816482491765
scene_1,user_2304,item_7612,0.32181816482491765
scene_1,user_2304,item_9031,0.32181816482491765
scene_1,user_9221,item_775,0.25694917118487537
scene_1,user_9221,item_8743,0.25694917118487537
scene_1,user_9221,item_4159,0.22755980665670933
scene_1,user_9221,item_6646,0.22755980665670933
scene_1,user_9221,item_7612,0.22755980665670933
scene_1,user_8496,item_4159,0.32181816482491765
scene_1,user_8496,item_6646,0.32181816482491765
scene_1,user_8496,item_7612,0.32181816482491765
scene_1,user_8496,item_9031,0.32181816482491765
scene_1,user_8596,item_4159,0.32181816482491765
scene_1,user_8596,item_6646,0.32181816482491765
scene_1,user_8596,item_7612,0.32181816482491765
scene_1,user_8596,item_9031,0.32181816482491765
scene_1,user_1704,item_4159,0.22755980665670933
scene_1,user_1704,item_6646,0.22755980665670933
scene_1,user_1704,item_9031,0.22755980665670933
scene_1,user_6621,item_2422,0.2944888920518062
scene_1,user_6621,item_5908,0.2944888920518062
scene_1,user_6621,item_4159,0.22755980665670933
scene_1,user_6621,item_7612,0.22755980665670933
scene_1,user_6621,item_9031,0.22755980665670933
scene_1,user_4810,item_4159,0.32181816482491765
scene_1,user_4810,item_6646,0.32181816482491765
scene_1,user_4810,item_7612,0.32181816482491765
scene_1,user_4810,item_9031,0.32181816482491765
scene_1,user_8199,item_4756,0.45511961331341866
scene_1,user_8557,item_3598,0.5100697232983947
scene_1,user_6167,item_3598,0.5100697232983947
scene_1,user_1171,item_8824,0.25694917118487537
scene_1,user_7165,item_3001,0.45511961331341866
scene_1,user_7165,item_4405,0.25694917118487537
scene_1,user_7662,item_4405,0.3633810027301768
scene_1,user_7662,item_8824,0.3633810027301768
scene_1,user_6947,item_4405,0.3633810027301768
scene_1,user_6947,item_8824,0.3633810027301768
scene_1,user_2291,item_4405,0.3633810027301768
scene_1,user_2291,item_8824,0.3633810027301768
scene_1,user_1037,item_4405,0.3633810027301768
scene_1,user_1037,item_8824,0.3633810027301768
scene_1,user_3601,item_5545,0.6436363296498353
scene_1,user_6589,item_5617,0.5100697232983947
scene_1,user_42,item_5617,0.5100697232983947
scene_1,user_9022,item_2071,0.36067376022224085
scene_1,user_3142,item_2452,0.36067376022224085
scene_1,user_4637,item_2071,0.5100697232983947
scene_1,user_4637,item_2452,0.5100697232983947
scene_1,user_4340,item_5008,0.36067376022224085
scene_1,user_7957,item_5677,0.5100697232983947
scene_1,user_9142,item_5677,0.5100697232983947
scene_1,user_4578,item_7210,0.6436363296498353
scene_1,user_9502,item_3250,0.24044917348149392
scene_1,user_9502,item_4729,0.24044917348149392
scene_1,user_9502,item_4519,0.19632592803453744
scene_1,user_9502,item_4795,0.19632592803453744
scene_1,user_9502,item_7024,0.19632592803453744
scene_1,user_9502,item_7249,0.19632592803453744
scene_1,user_1300,item_3532,0.37160360818355515
scene_1,user_1300,item_7405,0.19632592803453744
scene_1,user_1300,item_1186,0.17025276086700514
scene_1,user_1300,item_1225,0.17025276086700514
scene_1,user_1300,item_3973,0.17025276086700514
scene_1,user_1300,item_4519,0.1602994489876626
scene_1,user_1300,item_7249,0.1602994489876626
scene_1,user_5149,item_7405,0.19632592803453744
scene_1,user_5149,item_5557,0.1860368755170824
scene_1,user_5149,item_7825,0.1860368755170824
scene_1,user_5149,item_4795,0.1602994489876626
scene_1,user_5149,item_7024,0.1602994489876626
scene_1,user_1065,item_7405,0.3400464821989298
scene_1,user_1065,item_4519,0.2776467900719271
scene_1,user_1065,item_4795,0.2776467900719271
scene_1,user_1065,item_7024,0.2776467900719271
scene_1,user_1065,item_7249,0.2776467900719271
scene_1,user_2979,item_7405,0.3400464821989298
scene_1,user_2979,item_4519,0.2776467900719271
scene_1,user_2979,item_4795,0.2776467900719271
scene_1,user_2979,item_7024,0.2776467900719271
scene_1,user_2979,item_7249,0.2776467900719271
scene_1,user_5907,item_7405,0.3400464821989298
scene_1,user_5907,item_4519,0.2776467900719271
scene_1,user_5907,item_4795,0.2776467900719271
scene_1,user_5907,item_7024,0.2776467900719271
scene_1,user_5907,item_7249,0.2776467900719271
scene_1,user_4833,item_7405,0.3400464821989298
scene_1,user_4833,item_4519,0.2776467900719271
scene_1,user_4833,item_4795,0.2776467900719271
scene_1,user_4833,item_7024,0.2776467900719271
scene_1,user_4833,item_7249,0.2776467900719271
scene_1,user_4782,item_475,0.25694917118487537
scene_1,user_1868,item_475,0.3633810027301768
scene_1,user_1868,item_9955,0.3633810027301768
scene_1,user_8347,item_475,0.3633810027301768
scene_1,user_8347,item_9955,0.3633810027301768
scene_1,user_2857,item_9955,0.25694917118487537
scene_1,user_289,item_475,0.3633810027301768
scene_1,user_289,item_9955,0.3633810027301768
scene_1,user_6154,item_475,0.3633810027301768
scene_1,user_6154,item_9955,0.3633810027301768
scene_1,user_431,item_2044,0.5255268625199613
scene_1,user_431,item_5158,0.5255268625199613
scene_1,user_9609,item_2704,0.25365892483943775
scene_1,user_6254,item_8524,0.36067376022224085
scene_1,user_6254,item_4201,0.2944888920518062
scene_1,user_6254,item_6268,0.2944888920518062
scene_1,user_6254,item_4216,0.24044917348149392
scene_1,user_6254,item_1117,0.09816296401726872
scene_1,user_6254,item_1120,0.09816296401726872
scene_1,user_6254,item_1975,0.09816296401726872
scene_1,user_6254,item_2038,0.09816296401726872
scene_1,user_6254,item_2080,0.09816296401726872
scene_1,user_6254,item_5314,0.09816296401726872
scene_1,user_6254,item_6706,0.09816296401726872
scene_1,user_6254,item_6850,0.09816296401726872
scene_1,user_6254,item_7111,0.09816296401726872
scene_1,user_6254,item_7234,0.09816296401726872
scene_1,user_6254,item_7681,0.09816296401726872
scene_1,user_8449,item_2089,0.2944888920518062
scene_1,user_8449,item_8524,0.2944888920518062
scene_1,user_8449,item_2641,0.19632592803453744
scene_1,user_8449,item_2938,0.19632592803453744
scene_1,user_8449,item_1942,0.1860368755170824
scene_1,user_8449,item_2713,0.1860368755170824
scene_1,user_8449,item_8854,0.1860368755170824
scene_1,user_8449,item_9331,0.1860368755170824
scene_1,user_1506,item_2089,0.36067376022224085
scene_1,user_1506,item_8953,0.36067376022224085
scene_1,user_1506,item_9163,0.36067376022224085
scene_1,user_1506,item_4201,0.2944888920518062
scene_1,user_1506,item_6268,0.2944888920518062
scene_1,user_7341,item_1591,0.4164701851078906
scene_1,user_7341,item_43,0.4164701851078906
scene_1,user_9032,item_1591,0.4164701851078906
scene_1,user_9032,item_43,0.4164701851078906
scene_1,user_8957,item_8545,0.2944888920518062
scene_1,user_7859,item_3349,0.43935014561520125
scene_1,user_4418,item_3349,0.43935014561520125
scene_1,user_5664,item_3349,0.43935014561520125
scene_1,user_3502,item_9442,0.36067376022224085
scene_1,user_3295,item_3130,0.5100697232983947
scene_1,user_3423,item_3130,0.5100697232983947
scene_1,user_2143,item_2173,0.21714724095162588
scene_1,user_2143,item_6640,0.21714724095162588
scene_1,user_2143,item_2809,0.17729997979489165
scene_1,user_2143,item_6694,0.17729997979489165
scene_1,user_5639,item_6409,0.39464380868665966
scene_1,user_5639,item_358,0.3222253204769533
scene_1,user_5639,item_5254,0.3222253204769533
scene_1,user_3354,item_8347,0.25694917118487537
scene_1,user_3354,item_9292,0.25694917118487537
scene_1,user_3354,item_358,0.22784770917926217
scene_1,user_3354,item_5254,0.22784770917926217
scene_1,user_9570,item_6409,0.39464380868665966
scene_1,user_9570,item_358,0.3222253204769533
scene_1,user_9570,item_5254,0.3222253204769533
scene_1,user_572,item_6409,0.39464380868665966
scene_1,user_572,item_358,0.3222253204769533
scene_1,user_572,item_5254,0.3222253204769533
scene_1,user_7663,item_6409,0.22784770917926217
scene_1,user_7663,item_4996,0.17729997979489165
scene_1,user_7663,item_6379,0.17729997979489165
scene_1,user_7663,item_4924,0.14476482730108392
scene_1,user_7663,item_5446,0.14476482730108392
scene_1,user_2597,item_7318,0.31066746727980593
scene_1,user_6557,item_6298,0.43935014561520125
scene_1,user_6557,item_7318,0.43935014561520125
scene_1,user_658,item_6298,0.43935014561520125
scene_1,user_658,item_7318,0.43935014561520125
scene_1,user_7288,item_1027,0.45511961331341866
scene_1,user_7288,item_6298,0.31066746727980593
scene_1,user_3208,item_4915,0.31066746727980593
scene_1,user_3208,item_5815,0.2790553132756236
scene_1,user_5133,item_6139,0.2790553132756236
scene_1,user_5133,item_2104,0.21714724095162588
scene_1,user_5133,item_4501,0.21714724095162588
scene_1,user_5133,item_7033,0.21714724095162588
scene_1,user_5133,item_7048,0.21714724095162588
scene_1,user_1046,item_5815,0.39464380868665966
scene_1,user_1046,item_6139,0.39464380868665966
scene_1,user_8325,item_5815,0.39464380868665966
scene_1,user_8325,item_6139,0.39464380868665966
scene_1,user_8704,item_5815,0.39464380868665966
scene_1,user_8704,item_6139,0.39464380868665966
scene_1,user_1664,item_265,0.2790553132756236
scene_1,user_1664,item_6670,0.2790553132756236
scene_1,user_1664,item_6916,0.2790553132756236
scene_1,user_6460,item_265,0.2790553132756236
scene_1,user_6460,item_6670,0.2790553132756236
scene_1,user_6460,item_6916,0.2790553132756236
scene_1,user_2358,item_7261,0.25503486164919736
scene_1,user_2358,item_4618,0.21967507280760062
scene_1,user_2358,item_9739,0.21967507280760062
scene_1,user_2358,item_7111,0.19732190434332983
scene_1,user_2358,item_763,0.19732190434332983
scene_1,user_8011,item_265,0.2790553132756236
scene_1,user_8011,item_6670,0.2790553132756236
scene_1,user_8011,item_6916,0.2790553132756236
scene_1,user_189,item_265,0.2790553132756236
scene_1,user_189,item_6670,0.2790553132756236
scene_1,user_189,item_6916,0.2790553132756236
scene_1,user_8469,item_3160,0.43935014561520125
scene_1,user_6442,item_3160,0.43935014561520125
scene_1,user_9138,item_8140,0.2790553132756236
scene_1,user_4826,item_3160,0.43935014561520125
scene_1,user_6782,item_5533,0.5100697232983947
scene_1,user_6383,item_6790,0.36067376022224085
scene_1,user_6383,item_835,0.36067376022224085
scene_1,user_7884,item_5533,0.5100697232983947
scene_1,user_4236,item_589,0.6436363296498353
scene_1,user_8699,item_8365,0.45511961331341866
scene_1,user_8699,item_1498,0.2944888920518062
scene_1,user_8699,item_43,0.2944888920518062
scene_1,user_4815,item_8545,0.5100697232983947
scene_1,user_4815,item_1498,0.4164701851078906
scene_1,user_4815,item_43,0.4164701851078906
scene_1,user_728,item_799,0.39464380868665966
scene_1,user_7260,item_799,0.39464380868665966
scene_1,user_4688,item_799,0.39464380868665966
scene_1,user_637,item_799,0.39464380868665966
scene_1,user_5679,item_3586,0.31066746727980593
scene_1,user_4214,item_7084,0.6436363296498353
scene_1,user_660,item_9394,0.45511961331341866
scene_1,user_4695,item_5470,0.25365892483943775
scene_1,user_4695,item_901,0.25365892483943775
scene_1,user_4695,item_7579,0.24044917348149392
scene_1,user_2546,item_4471,0.25365892483943775
scene_1,user_2546,item_7615,0.25365892483943775
scene_1,user_2546,item_8305,0.2404491734814939
scene_1,user_2546,item_9190,0.2404491734814939
scene_1,user_8328,item_7615,0.43935014561520125
scene_1,user_8328,item_5470,0.35872789172491043
scene_1,user_8328,item_901,0.35872789172491043
scene_1,user_3418,item_7615,0.43935014561520125
scene_1,user_3418,item_5470,0.35872789172491043
scene_1,user_3418,item_901,0.35872789172491043
scene_1,user_98,item_4495,0.2790553132756236
scene_1,user_98,item_4606,0.2790553132756236
scene_1,user_98,item_5959,0.22784770917926217
scene_1,user_98,item_7687,0.22784770917926217
scene_1,user_98,item_8341,0.22784770917926217
scene_1,user_98,item_9073,0.22784770917926217
scene_1,user_2574,item_4606,0.39464380868665966
scene_1,user_2574,item_7975,0.39464380868665966
scene_1,user_2574,item_7687,0.3222253204769533
scene_1,user_2574,item_9073,0.3222253204769533
scene_1,user_2863,item_4606,0.39464380868665966
scene_1,user_2863,item_7975,0.39464380868665966
scene_1,user_2863,item_7687,0.3222253204769533
scene_1,user_2863,item_9073,0.3222253204769533
scene_1,user_9670,item_7975,0.2790553132756236
scene_1,user_9670,item_7687,0.22784770917926217
scene_1,user_9670,item_9073,0.22784770917926217
scene_1,user_6701,item_7045,0.2944888920518062
scene_1,user_6701,item_4606,0.22784770917926217
scene_1,user_6701,item_7975,0.22784770917926217
scene_1,user_3672,item_8881,0.3400464821989298
scene_1,user_3672,item_4297,0.2776467900719271
scene_1,user_3672,item_6271,0.2776467900719271
scene_1,user_144,item_4297,0.19632592803453744
scene_1,user_144,item_6271,0.19632592803453744
scene_1,user_775,item_8881,0.3400464821989298
scene_1,user_775,item_4297,0.2776467900719271
scene_1,user_775,item_6271,0.2776467900719271
scene_1,user_9714,item_376,0.22784770917926217
scene_1,user_9714,item_4000,0.22784770917926217
scene_1,user_9714,item_952,0.22784770917926217
scene_1,user_9714,item_8881,0.19632592803453744
scene_1,user_5033,item_8881,0.3400464821989298
scene_1,user_5033,item_4297,0.2776467900719271
scene_1,user_5033,item_6271,0.2776467900719271
scene_1,user_5669,item_8881,0.3400464821989298
scene_1,user_5669,item_4297,0.2776467900719271
scene_1,user_5669,item_6271,0.2776467900719271
scene_1,user_6218,item_8881,0.3400464821989298
scene_1,user_6218,item_4297,0.2776467900719271
scene_1,user_6218,item_6271,0.2776467900719271
scene_1,user_9293,item_3856,0.36067376022224085
scene_1,user_9293,item_8620,0.36067376022224085
scene_1,user_9293,item_3025,0.2944888920518062
scene_1,user_9293,item_9721,0.2944888920518062
scene_1,user_3044,item_673,0.36067376022224085
scene_1,user_551,item_3856,0.5100697232983947
scene_1,user_551,item_673,0.5100697232983947
scene_1,user_8858,item_4357,0.3633810027301768
scene_1,user_7465,item_4357,0.3633810027301768
scene_1,user_5279,item_4357,0.3633810027301768
scene_1,user_5113,item_4357,0.3633810027301768
scene_1,user_2671,item_4357,0.3633810027301768
scene_1,user_9279,item_9331,0.6436363296498353
scene_1,user_6768,item_6847,0.22755980665670933
scene_1,user_6768,item_1942,0.18580180409177757
scene_1,user_6768,item_4201,0.18580180409177757
scene_1,user_5921,item_3481,0.39464380868665966
scene_1,user_5921,item_373,0.3222253204769533
scene_1,user_5921,item_3853,0.3222253204769533
scene_1,user_9505,item_3481,0.39464380868665966
scene_1,user_9505,item_373,0.3222253204769533
scene_1,user_9505,item_3853,0.3222253204769533
scene_1,user_1938,item_3481,0.39464380868665966
scene_1,user_1938,item_373,0.3222253204769533
scene_1,user_1938,item_3853,0.3222253204769533
scene_1,user_8964,item_3481,0.22784770917926217
scene_1,user_8964,item_4243,0.22784770917926217
scene_1,user_8964,item_1969,0.1860368755170824
scene_1,user_8964,item_7627,0.1860368755170824
scene_1,user_8431,item_373,0.22784770917926217
scene_1,user_8431,item_3853,0.22784770917926217
scene_1,user_8431,item_2521,0.22755980665670933
scene_1,user_8431,item_4621,0.22755980665670933
scene_1,user_8431,item_835,0.22755980665670933
scene_1,user_8431,item_8701,0.18580180409177757
scene_1,user_8431,item_8794,0.18580180409177757
scene_1,user_6028,item_3928,0.22755980665670933
scene_1,user_6028,item_7495,0.22755980665670933
scene_1,user_4961,item_5941,0.3633810027301768
scene_1,user_1561,item_5941,0.3633810027301768
scene_1,user_3821,item_5941,0.3633810027301768
scene_1,user_3517,item_5941,0.3633810027301768
scene_1,user_1610,item_5941,0.3633810027301768
scene_1,user_8261,item_1144,0.37160360818355515
scene_1,user_8261,item_6670,0.22784770917926217
scene_1,user_8261,item_3265,0.1860368755170824
scene_1,user_8261,item_9235,0.1860368755170824
scene_1,user_2005,item_2785,0.3222253204769533
scene_1,user_2005,item_9739,0.3222253204769533
scene_1,user_3207,item_2785,0.3222253204769533
scene_1,user_3207,item_9739,0.3222253204769533
scene_1,user_1309,item_2785,0.3222253204769533
scene_1,user_1309,item_9739,0.3222253204769533
scene_1,user_4064,item_2785,0.3222253204769533
scene_1,user_4064,item_9739,0.3222253204769533
scene_1,user_3562,item_3991,0.43935014561520125
scene_1,user_5889,item_5596,0.20121480219092233
scene_1,user_5889,item_2269,0.1642911980209368
scene_1,user_5889,item_6115,0.1642911980209368
scene_1,user_8096,item_3991,0.43935014561520125
scene_1,user_6766,item_3991,0.43935014561520125
scene_1,user_3856,item_4831,0.31066746727980593
scene_1,user_3856,item_724,0.22755980665670933
scene_1,user_1413,item_4831,0.43935014561520125
scene_1,user_1413,item_9361,0.43935014561520125
scene_1,user_67,item_4831,0.43935014561520125
scene_1,user_67,item_9361,0.43935014561520125
scene_1,user_1835,item_9361,0.31066746727980593
scene_1,user_5850,item_6451,0.6436363296498353
scene_1,user_9049,item_190,0.20979811974466375
scene_1,user_9049,item_70,0.20979811974466375
scene_1,user_9049,item_7702,0.20979811974466375
scene_1,user_9049,item_8953,0.20979811974466375
scene_1,user_9049,item_3199,0.1816905013650884
scene_1,user_9049,item_3217,0.1816905013650884
scene_1,user_9049,item_4960,0.1816905013650884
scene_1,user_9324,item_5491,0.36067376022224085
scene_1,user_9324,item_8785,0.36067376022224085
scene_1,user_9324,item_8776,0.20851619571212315
scene_1,user_9324,item_8794,0.20851619571212315
scene_1,user_9324,item_8725,0.17025276086700514
scene_1,user_9324,item_9577,0.17025276086700514
scene_1,user_9324,item_1300,0.13187722149674894
scene_1,user_9324,item_2113,0.13187722149674894
scene_1,user_9324,item_2848,0.13187722149674894
scene_1,user_9324,item_445,0.13187722149674894
scene_1,user_1381,item_5491,0.36067376022224085
scene_1,user_1381,item_7924,0.36067376022224085
scene_1,user_1381,item_6682,0.22755980665670933
scene_1,user_1381,item_3478,0.18580180409177757
scene_1,user_1381,item_6514,0.18580180409177757
scene_1,user_6824,item_7924,0.36067376022224085
scene_1,user_6824,item_8785,0.36067376022224085
scene_1,user_6061,item_1096,0.2944888920518062
scene_1,user_6061,item_9775,0.2944888920518062
scene_1,user_931,item_3070,0.6436363296498353
scene_1,user_6508,item_64,0.22755980665670933
scene_1,user_6508,item_9184,0.22755980665670933
scene_1,user_6678,item_7105,0.5100697232983947
scene_1,user_7459,item_7105,0.5100697232983947
scene_1,user_1567,item_1135,0.43935014561520125
scene_1,user_9721,item_1135,0.43935014561520125
scene_1,user_4912,item_1135,0.43935014561520125
scene_1,user_7300,item_6451,0.5255268625199613
scene_1,user_7300,item_70,0.5255268625199613
scene_1,user_3018,item_1774,0.20979811974466375
scene_1,user_3018,item_7702,0.17129944745658357
scene_1,user_3018,item_8953,0.17129944745658357
scene_1,user_3018,item_3199,0.14834967315163902
scene_1,user_3018,item_3217,0.14834967315163902
scene_1,user_3018,item_4960,0.14834967315163902
scene_1,user_1125,item_9874,0.6436363296498353
scene_1,user_2007,item_1978,0.2944888920518062
scene_1,user_2007,item_3154,0.2944888920518062
scene_1,user_3230,item_9532,0.37160360818355515
scene_1,user_3230,item_4540,0.2944888920518062
scene_1,user_3230,item_259,0.17025276086700514
scene_1,user_3230,item_4864,0.17025276086700514
scene_1,user_5678,item_4540,0.5100697232983947
scene_1,user_5678,item_1978,0.4164701851078906
scene_1,user_5678,item_3154,0.4164701851078906
scene_1,user_7959,item_6676,0.31066746727980593
scene_1,user_7959,item_3853,0.25365892483943775
scene_1,user_7959,item_7627,0.25365892483943775
scene_1,user_5408,item_106,0.43935014561520125
scene_1,user_5408,item_6676,0.43935014561520125
scene_1,user_5408,item_3853,0.35872789172491043
scene_1,user_5408,item_7627,0.35872789172491043
scene_1,user_2842,item_106,0.31066746727980593
scene_1,user_2842,item_3853,0.25365892483943775
scene_1,user_2842,item_7627,0.25365892483943775
scene_1,user_5039,item_2377,0.37160360818355515
scene_1,user_5039,item_106,0.25365892483943775
scene_1,user_5039,item_6676,0.25365892483943775
scene_1,user_5039,item_4243,0.22784770917926217
scene_1,user_5039,item_1702,0.1860368755170824
scene_1,user_5039,item_373,0.1860368755170824
scene_1,user_6000,item_4852,0.21714724095162588
scene_1,user_6000,item_5815,0.21714724095162588
scene_1,user_6000,item_6259,0.21714724095162588
scene_1,user_6000,item_1117,0.11392385458963109
scene_1,user_6000,item_1120,0.11392385458963109
scene_1,user_6000,item_2038,0.11392385458963109
scene_1,user_6000,item_2080,0.11392385458963109
scene_1,user_6000,item_2089,0.11392385458963109
scene_1,user_6000,item_5314,0.11392385458963109
scene_1,user_6000,item_6706,0.11392385458963109
scene_1,user_6000,item_6850,0.11392385458963109
scene_1,user_6000,item_7111,0.11392385458963109
scene_1,user_6000,item_7234,0.11392385458963109
scene_1,user_6000,item_7681,0.11392385458963109
scene_1,user_9804,item_7048,0.39464380868665966
scene_1,user_9804,item_1117,0.16111266023847665
scene_1,user_9804,item_1120,0.16111266023847665
scene_1,user_9804,item_2038,0.16111266023847665
scene_1,user_9804,item_2080,0.16111266023847665
scene_1,user_9804,item_2089,0.16111266023847665
scene_1,user_9804,item_5314,0.16111266023847665
scene_1,user_9804,item_6706,0.16111266023847665
scene_1,user_9804,item_6850,0.16111266023847665
scene_1,user_9804,item_7111,0.16111266023847665
scene_1,user_9804,item_7234,0.16111266023847665
scene_1,user_9804,item_7681,0.16111266023847665
scene_1,user_7366,item_7048,0.39464380868665966
scene_1,user_7366,item_1117,0.16111266023847665
scene_1,user_7366,item_1120,0.16111266023847665
scene_1,user_7366,item_2038,0.16111266023847665
scene_1,user_7366,item_2080,0.16111266023847665
scene_1,user_7366,item_2089,0.16111266023847665
scene_1,user_7366,item_5314,0.16111266023847665
scene_1,user_7366,item_6706,0.16111266023847665
scene_1,user_7366,item_6850,0.16111266023847665
scene_1,user_7366,item_7111,0.16111266023847665
scene_1,user_7366,item_7234,0.16111266023847665
scene_1,user_7366,item_7681,0.16111266023847665
scene_1,user_483,item_7048,0.39464380868665966
scene_1,user_483,item_1117,0.16111266023847665
scene_1,user_483,item_1120,0.16111266023847665
scene_1,user_483,item_2038,0.16111266023847665
scene_1,user_483,item_2080,0.16111266023847665
scene_1,user_483,item_2089,0.16111266023847665
scene_1,user_483,item_5314,0.16111266023847665
scene_1,user_483,item_6706,0.16111266023847665
scene_1,user_483,item_6850,0.16111266023847665
scene_1,user_483,item_7111,0.16111266023847665
scene_1,user_483,item_7234,0.16111266023847665
scene_1,user_483,item_7681,0.16111266023847665
scene_1,user_4345,item_1912,0.37160360818355515
scene_1,user_4345,item_3154,0.37160360818355515
scene_1,user_9236,item_52,0.4164701851078906
scene_1,user_9236,item_8386,0.4164701851078906
scene_1,user_7777,item_52,0.4164701851078906
scene_1,user_7777,item_8386,0.4164701851078906
scene_1,user_5787,item_7075,0.2944888920518062
scene_1,user_5787,item_3424,0.1412442151597197
scene_1,user_5787,item_3688,0.1412442151597197
scene_1,user_5787,item_4873,0.1412442151597197
scene_1,user_5787,item_7639,0.1412442151597197
scene_1,user_5787,item_8134,0.1412442151597197
scene_1,user_1624,item_5542,0.4164701851078906
scene_1,user_1624,item_8974,0.4164701851078906
scene_1,user_9597,item_5542,0.4164701851078906
scene_1,user_9597,item_8974,0.4164701851078906
scene_1,user_7183,item_8587,0.17729997979489165
scene_1,user_7183,item_8848,0.17729997979489165
scene_1,user_6138,item_4600,0.39464380868665966
scene_1,user_865,item_3742,0.25694917118487537
scene_1,user_865,item_3778,0.25694917118487537
scene_1,user_3953,item_4600,0.39464380868665966
scene_1,user_9582,item_4600,0.39464380868665966
scene_1,user_7825,item_4600,0.39464380868665966
scene_1,user_7330,item_9577,0.5100697232983947
scene_1,user_1653,item_9577,0.5100697232983947
scene_1,user_8965,item_7924,0.20979811974466375
scene_1,user_8965,item_8725,0.20979811974466375
scene_1,user_9800,item_1117,0.14834967315163902
scene_1,user_9800,item_1120,0.14834967315163902
scene_1,user_9800,item_1975,0.14834967315163902
scene_1,user_9800,item_2080,0.14834967315163902
scene_1,user_9800,item_2089,0.14834967315163902
scene_1,user_9800,item_5314,0.14834967315163902
scene_1,user_9800,item_6706,0.14834967315163902
scene_1,user_9800,item_6850,0.14834967315163902
scene_1,user_9800,item_7111,0.14834967315163902
scene_1,user_9800,item_7234,0.14834967315163902
scene_1,user_9800,item_7681,0.14834967315163902
scene_1,user_5863,item_1117,0.14834967315163902
scene_1,user_5863,item_1120,0.14834967315163902
scene_1,user_5863,item_1975,0.14834967315163902
scene_1,user_5863,item_2080,0.14834967315163902
scene_1,user_5863,item_2089,0.14834967315163902
scene_1,user_5863,item_5314,0.14834967315163902
scene_1,user_5863,item_6706,0.14834967315163902
scene_1,user_5863,item_6850,0.14834967315163902
scene_1,user_5863,item_7111,0.14834967315163902
scene_1,user_5863,item_7234,0.14834967315163902
scene_1,user_5863,item_7681,0.14834967315163902
scene_1,user_6950,item_1117,0.14834967315163902
scene_1,user_6950,item_1120,0.14834967315163902
scene_1,user_6950,item_1975,0.14834967315163902
scene_1,user_6950,item_2080,0.14834967315163902
scene_1,user_6950,item_2089,0.14834967315163902
scene_1,user_6950,item_5314,0.14834967315163902
scene_1,user_6950,item_6706,0.14834967315163902
scene_1,user_6950,item_6850,0.14834967315163902
scene_1,user_6950,item_7111,0.14834967315163902
scene_1,user_6950,item_7234,0.14834967315163902
scene_1,user_6950,item_7681,0.14834967315163902
scene_1,user_8564,item_1117,0.14834967315163902
scene_1,user_8564,item_1120,0.14834967315163902
scene_1,user_8564,item_1975,0.14834967315163902
scene_1,user_8564,item_2080,0.14834967315163902
scene_1,user_8564,item_2089,0.14834967315163902
scene_1,user_8564,item_5314,0.14834967315163902
scene_1,user_8564,item_6706,0.14834967315163902
scene_1,user_8564,item_6850,0.14834967315163902
scene_1,user_8564,item_7111,0.14834967315163902
scene_1,user_8564,item_7234,0.14834967315163902
scene_1,user_8564,item_7681,0.14834967315163902
scene_1,user_9684,item_1117,0.14834967315163902
scene_1,user_9684,item_1120,0.14834967315163902
scene_1,user_9684,item_1975,0.14834967315163902
scene_1,user_9684,item_2080,0.14834967315163902
scene_1,user_9684,item_2089,0.14834967315163902
scene_1,user_9684,item_5314,0.14834967315163902
scene_1,user_9684,item_6706,0.14834967315163902
scene_1,user_9684,item_6850,0.14834967315163902
scene_1,user_9684,item_7111,0.14834967315163902
scene_1,user_9684,item_7234,0.14834967315163902
scene_1,user_9684,item_7681,0.14834967315163902
scene_1,user_1289,item_1474,0.25365892483943775
scene_1,user_1289,item_5158,0.25365892483943775
scene_1,user_4612,item_2704,0.43935014561520125
scene_1,user_4612,item_1474,0.35872789172491043
scene_1,user_4612,item_5158,0.35872789172491043
scene_1,user_9390,item_2704,0.43935014561520125
scene_1,user_9390,item_1474,0.35872789172491043
scene_1,user_9390,item_5158,0.35872789172491043
scene_1,user_5339,item_8779,0.39464380868665966
scene_1,user_1809,item_8779,0.39464380868665966
scene_1,user_7835,item_8779,0.39464380868665966
scene_1,user_8341,item_487,0.22755980665670933
scene_1,user_8341,item_4501,0.18580180409177757
scene_1,user_8341,item_9895,0.18580180409177757
scene_1,user_8952,item_8779,0.39464380868665966
scene_1,user_7855,item_2359,0.43935014561520125
scene_1,user_8260,item_2359,0.43935014561520125
scene_1,user_8410,item_2359,0.43935014561520125
scene_1,user_8500,item_4555,0.29488643195052716
scene_1,user_3897,item_4555,0.29488643195052716
scene_1,user_4544,item_4555,0.29488643195052716
scene_1,user_2860,item_4555,0.29488643195052716
scene_1,user_2889,item_1069,0.20851619571212315
scene_1,user_2889,item_943,0.20851619571212315
scene_1,user_8026,item_4555,0.29488643195052716
scene_1,user_5275,item_4555,0.29488643195052716
scene_1,user_2691,item_4555,0.29488643195052716
scene_1,user_821,item_4555,0.29488643195052716
scene_1,user_7832,item_4555,0.29488643195052716
scene_1,user_9722,item_9754,0.32181816482491765
scene_1,user_2833,item_9754,0.32181816482491765
scene_1,user_3753,item_9754,0.32181816482491765
scene_1,user_1797,item_9754,0.32181816482491765
scene_1,user_6545,item_2590,0.2944888920518062
scene_1,user_6545,item_445,0.2944888920518062
scene_1,user_3050,item_9754,0.32181816482491765
scene_1,user_4634,item_9754,0.32181816482491765
scene_1,user_6279,item_9754,0.32181816482491765
scene_1,user_5682,item_1117,0.23874640406227887
scene_1,user_5682,item_4060,0.19493562262564004
scene_1,user_5682,item_5551,0.1591642693748526
scene_1,user_5682,item_1120,0.0795821346874263
scene_1,user_5682,item_1975,0.0795821346874263
scene_1,user_5682,item_2038,0.0795821346874263
scene_1,user_5682,item_2089,0.0795821346874263
scene_1,user_5682,item_5314,0.0795821346874263
scene_1,user_5682,item_6706,0.0795821346874263
scene_1,user_5682,item_6850,0.0795821346874263
scene_1,user_5682,item_7111,0.0795821346874263
scene_1,user_5682,item_7234,0.0795821346874263
scene_1,user_5682,item_7681,0.0795821346874263
scene_1,user_5191,item_1117,0.33763840259268174
scene_1,user_5191,item_4060,0.2756806013068237
scene_1,user_5191,item_9463,0.2756806013068237
scene_1,user_5191,item_5551,0.22509226839512117
scene_1,user_5191,item_1120,0.11254613419756059
scene_1,user_5191,item_1975,0.11254613419756059
scene_1,user_5191,item_2038,0.11254613419756059
scene_1,user_5191,item_2089,0.11254613419756059
scene_1,user_5191,item_5314,0.11254613419756059
scene_1,user_5191,item_6706,0.11254613419756059
scene_1,user_5191,item_6850,0.11254613419756059
scene_1,user_5191,item_7111,0.11254613419756059
scene_1,user_5191,item_7234,0.11254613419756059
scene_1,user_5191,item_7681,0.11254613419756059
scene_1,user_5939,item_1117,0.33763840259268174
scene_1,user_5939,item_4060,0.2756806013068237
scene_1,user_5939,item_9463,0.2756806013068237
scene_1,user_5939,item_5551,0.22509226839512117
scene_1,user_5939,item_1120,0.11254613419756059
scene_1,user_5939,item_1975,0.11254613419756059
scene_1,user_5939,item_2038,0.11254613419756059
scene_1,user_5939,item_2089,0.11254613419756059
scene_1,user_5939,item_5314,0.11254613419756059
scene_1,user_5939,item_6706,0.11254613419756059
scene_1,user_5939,item_6850,0.11254613419756059
scene_1,user_5939,item_7111,0.11254613419756059
scene_1,user_5939,item_7234,0.11254613419756059
scene_1,user_5939,item_7681,0.11254613419756059
scene_1,user_3109,item_1117,0.33763840259268174
scene_1,user_3109,item_4060,0.2756806013068237
scene_1,user_3109,item_9463,0.2756806013068237
scene_1,user_3109,item_5551,0.22509226839512117
scene_1,user_3109,item_1120,0.11254613419756059
scene_1,user_3109,item_1975,0.11254613419756059
scene_1,user_3109,item_2038,0.11254613419756059
scene_1,user_3109,item_2089,0.11254613419756059
scene_1,user_3109,item_5314,0.11254613419756059
scene_1,user_3109,item_6706,0.11254613419756059
scene_1,user_3109,item_6850,0.11254613419756059
scene_1,user_3109,item_7111,0.11254613419756059
scene_1,user_3109,item_7234,0.11254613419756059
scene_1,user_3109,item_7681,0.11254613419756059
scene_1,user_4703,item_1117,0.33763840259268174
scene_1,user_4703,item_4060,0.2756806013068237
scene_1,user_4703,item_9463,0.2756806013068237
scene_1,user_4703,item_5551,0.22509226839512117
scene_1,user_4703,item_1120,0.11254613419756059
scene_1,user_4703,item_1975,0.11254613419756059
scene_1,user_4703,item_2038,0.11254613419756059
scene_1,user_4703,item_2089,0.11254613419756059
scene_1,user_4703,item_5314,0.11254613419756059
scene_1,user_4703,item_6706,0.11254613419756059
scene_1,user_4703,item_6850,0.11254613419756059
scene_1,user_4703,item_7111,0.11254613419756059
scene_1,user_4703,item_7234,0.11254613419756059
scene_1,user_4703,item_7681,0.11254613419756059
scene_1,user_3571,item_1117,0.33763840259268174
scene_1,user_3571,item_4060,0.2756806013068237
scene_1,user_3571,item_9463,0.2756806013068237
scene_1,user_3571,item_5551,0.22509226839512117
scene_1,user_3571,item_1120,0.11254613419756059
scene_1,user_3571,item_1975,0.11254613419756059
scene_1,user_3571,item_2038,0.11254613419756059
scene_1,user_3571,item_2089,0.11254613419756059
scene_1,user_3571,item_5314,0.11254613419756059
scene_1,user_3571,item_6706,0.11254613419756059
scene_1,user_3571,item_6850,0.11254613419756059
scene_1,user_3571,item_7111,0.11254613419756059
scene_1,user_3571,item_7234,0.11254613419756059
scene_1,user_3571,item_7681,0.11254613419756059
scene_1,user_9767,item_1117,0.33763840259268174
scene_1,user_9767,item_4060,0.2756806013068237
scene_1,user_9767,item_9463,0.2756806013068237
scene_1,user_9767,item_5551,0.22509226839512117
scene_1,user_9767,item_1120,0.11254613419756059
scene_1,user_9767,item_1975,0.11254613419756059
scene_1,user_9767,item_2038,0.11254613419756059
scene_1,user_9767,item_2089,0.11254613419756059
scene_1,user_9767,item_5314,0.11254613419756059
scene_1,user_9767,item_6706,0.11254613419756059
scene_1,user_9767,item_6850,0.11254613419756059
scene_1,user_9767,item_7111,0.11254613419756059
scene_1,user_9767,item_7234,0.11254613419756059
scene_1,user_9767,item_7681,0.11254613419756059
scene_1,user_1552,item_1117,0.33763840259268174
scene_1,user_1552,item_4060,0.2756806013068237
scene_1,user_1552,item_9463,0.2756806013068237
scene_1,user_1552,item_5551,0.22509226839512117
scene_1,user_1552,item_1120,0.11254613419756059
scene_1,user_1552,item_1975,0.11254613419756059
scene_1,user_1552,item_2038,0.11254613419756059
scene_1,user_1552,item_2089,0.11254613419756059
scene_1,user_1552,item_5314,0.11254613419756059
scene_1,user_1552,item_6706,0.11254613419756059
scene_1,user_1552,item_6850,0.11254613419756059
scene_1,user_1552,item_7111,0.11254613419756059
scene_1,user_1552,item_7234,0.11254613419756059
scene_1,user_1552,item_7681,0.11254613419756059
scene_1,user_836,item_1117,0.23874640406227887
scene_1,user_836,item_2569,0.22755980665670933
scene_1,user_836,item_9463,0.19493562262564004
scene_1,user_836,item_6934,0.18580180409177757
scene_1,user_836,item_9973,0.18580180409177757
scene_1,user_836,item_5551,0.1591642693748526
scene_1,user_836,item_1120,0.0795821346874263
scene_1,user_836,item_1975,0.0795821346874263
scene_1,user_836,item_2038,0.0795821346874263
scene_1,user_836,item_2089,0.0795821346874263
scene_1,user_836,item_5314,0.0795821346874263
scene_1,user_836,item_6706,0.0795821346874263
scene_1,user_836,item_6850,0.0795821346874263
scene_1,user_836,item_7111,0.0795821346874263
scene_1,user_836,item_7234,0.0795821346874263
scene_1,user_836,item_7681,0.0795821346874263
scene_1,user_1430,item_1117,0.33763840259268174
scene_1,user_1430,item_4060,0.2756806013068237
scene_1,user_1430,item_9463,0.2756806013068237
scene_1,user_1430,item_5551,0.22509226839512117
scene_1,user_1430,item_1120,0.11254613419756059
scene_1,user_1430,item_1975,0.11254613419756059
scene_1,user_1430,item_2038,0.11254613419756059
scene_1,user_1430,item_2089,0.11254613419756059
scene_1,user_1430,item_5314,0.11254613419756059
scene_1,user_1430,item_6706,0.11254613419756059
scene_1,user_1430,item_6850,0.11254613419756059
scene_1,user_1430,item_7111,0.11254613419756059
scene_1,user_1430,item_7234,0.11254613419756059
scene_1,user_1430,item_7681,0.11254613419756059
scene_1,user_9014,item_577,0.45511961331341866
scene_1,user_904,item_7645,0.45511961331341866
scene_1,user_5425,item_1492,0.3400464821989298
scene_1,user_5425,item_4216,0.3400464821989298
scene_1,user_5425,item_1117,0.13882339503596355
scene_1,user_5425,item_1120,0.13882339503596355
scene_1,user_5425,item_1975,0.13882339503596355
scene_1,user_5425,item_2038,0.13882339503596355
scene_1,user_5425,item_2080,0.13882339503596355
scene_1,user_5425,item_5314,0.13882339503596355
scene_1,user_5425,item_6706,0.13882339503596355
scene_1,user_5425,item_6850,0.13882339503596355
scene_1,user_5425,item_7111,0.13882339503596355
scene_1,user_5425,item_7234,0.13882339503596355
scene_1,user_5425,item_7681,0.13882339503596355
scene_1,user_4468,item_1492,0.3400464821989298
scene_1,user_4468,item_4216,0.3400464821989298
scene_1,user_4468,item_1117,0.13882339503596355
scene_1,user_4468,item_1120,0.13882339503596355
scene_1,user_4468,item_1975,0.13882339503596355
scene_1,user_4468,item_2038,0.13882339503596355
scene_1,user_4468,item_2080,0.13882339503596355
scene_1,user_4468,item_5314,0.13882339503596355
scene_1,user_4468,item_6706,0.13882339503596355
scene_1,user_4468,item_6850,0.13882339503596355
scene_1,user_4468,item_7111,0.13882339503596355
scene_1,user_4468,item_7234,0.13882339503596355
scene_1,user_4468,item_7681,0.13882339503596355
scene_1,user_4355,item_1492,0.3400464821989298
scene_1,user_4355,item_4216,0.3400464821989298
scene_1,user_4355,item_1117,0.13882339503596355
scene_1,user_4355,item_1120,0.13882339503596355
scene_1,user_4355,item_1975,0.13882339503596355
scene_1,user_4355,item_2038,0.13882339503596355
scene_1,user_4355,item_2080,0.13882339503596355
scene_1,user_4355,item_5314,0.13882339503596355
scene_1,user_4355,item_6706,0.13882339503596355
scene_1,user_4355,item_6850,0.13882339503596355
scene_1,user_4355,item_7111,0.13882339503596355
scene_1,user_4355,item_7234,0.13882339503596355
scene_1,user_4355,item_7681,0.13882339503596355
scene_1,user_2670,item_1492,0.24044917348149392
scene_1,user_2670,item_1117,0.09816296401726872
scene_1,user_2670,item_1120,0.09816296401726872
scene_1,user_2670,item_1975,0.09816296401726872
scene_1,user_2670,item_2038,0.09816296401726872
scene_1,user_2670,item_2080,0.09816296401726872
scene_1,user_2670,item_5314,0.09816296401726872
scene_1,user_2670,item_6706,0.09816296401726872
scene_1,user_2670,item_6850,0.09816296401726872
scene_1,user_2670,item_7111,0.09816296401726872
scene_1,user_2670,item_7234,0.09816296401726872
scene_1,user_2670,item_7681,0.09816296401726872
scene_1,user_4515,item_1492,0.3400464821989298
scene_1,user_4515,item_4216,0.3400464821989298
scene_1,user_4515,item_1117,0.13882339503596355
scene_1,user_4515,item_1120,0.13882339503596355
scene_1,user_4515,item_1975,0.13882339503596355
scene_1,user_4515,item_2038,0.13882339503596355
scene_1,user_4515,item_2080,0.13882339503596355
scene_1,user_4515,item_5314,0.13882339503596355
scene_1,user_4515,item_6706,0.13882339503596355
scene_1,user_4515,item_6850,0.13882339503596355
scene_1,user_4515,item_7111,0.13882339503596355
scene_1,user_4515,item_7234,0.13882339503596355
scene_1,user_4515,item_7681,0.13882339503596355
scene_1,user_2459,item_6559,0.6436363296498353
scene_1,user_9281,item_7324,0.25694917118487537
scene_1,user_9281,item_7900,0.25694917118487537
scene_1,user_9281,item_9613,0.25694917118487537
scene_1,user_9082,item_5584,0.31066746727980593
scene_1,user_9082,item_6889,0.25694917118487537
scene_1,user_5240,item_8593,0.31066746727980593
scene_1,user_9598,item_5584,0.43935014561520125
scene_1,user_9598,item_8593,0.43935014561520125
scene_1,user_4798,item_5584,0.43935014561520125
scene_1,user_4798,item_8593,0.43935014561520125
scene_1,user_6829,item_5815,0.39464380868665966
scene_1,user_1311,item_5815,0.39464380868665966
scene_1,user_1380,item_5815,0.39464380868665966
scene_1,user_2060,item_5815,0.39464380868665966
scene_1,user_6830,item_1555,0.21714724095162588
scene_1,user_6830,item_4501,0.21714724095162588
scene_1,user_6830,item_7033,0.21714724095162588
scene_1,user_6830,item_7048,0.21714724095162588
scene_1,user_7137,item_8461,0.43935014561520125
scene_1,user_9428,item_8461,0.43935014561520125
scene_1,user_8327,item_8461,0.43935014561520125
scene_1,user_2109,item_3649,0.5100697232983947
scene_1,user_2109,item_7579,0.5100697232983947
scene_1,user_635,item_3649,0.36067376022224085
scene_1,user_635,item_7615,0.31066746727980593
scene_1,user_635,item_8596,0.31066746727980593
scene_1,user_8664,item_7579,0.36067376022224085
scene_1,user_4118,item_3742,0.20121480219092233
scene_1,user_4118,item_7732,0.20121480219092233
scene_1,user_4118,item_1144,0.1642911980209368
scene_1,user_4118,item_2368,0.1642911980209368
scene_1,user_4118,item_5845,0.14228035110431095
scene_1,user_4118,item_9373,0.14228035110431095
scene_1,user_4118,item_9655,0.14228035110431095
scene_1,user_6393,item_7339,0.5100697232983947
scene_1,user_1200,item_7339,0.5100697232983947
scene_1,user_1677,item_1219,0.2756806013068237
scene_1,user_1677,item_3019,0.2756806013068237
scene_1,user_1677,item_5242,0.2756806013068237
scene_1,user_1677,item_6907,0.2756806013068237
scene_1,user_1677,item_8620,0.2756806013068237
scene_1,user_2094,item_1219,0.2756806013068237
scene_1,user_2094,item_3019,0.2756806013068237
scene_1,user_2094,item_5242,0.2756806013068237
scene_1,user_2094,item_6907,0.2756806013068237
scene_1,user_2094,item_8620,0.2756806013068237
scene_1,user_1482,item_5203,0.2790553132756236
scene_1,user_1482,item_7999,0.2790553132756236
scene_1,user_1482,item_1219,0.19493562262564004
scene_1,user_1482,item_5242,0.19493562262564004
scene_1,user_1482,item_6907,0.19493562262564004
scene_1,user_1482,item_8620,0.19493562262564004
scene_1,user_3483,item_1219,0.2756806013068237
scene_1,user_3483,item_3019,0.2756806013068237
scene_1,user_3483,item_5242,0.2756806013068237
scene_1,user_3483,item_6907,0.2756806013068237
scene_1,user_3483,item_8620,0.2756806013068237
scene_1,user_7253,item_1219,0.2756806013068237
scene_1,user_7253,item_3019,0.2756806013068237
scene_1,user_7253,item_5242,0.2756806013068237
scene_1,user_7253,item_6907,0.2756806013068237
scene_1,user_7253,item_8620,0.2756806013068237
scene_1,user_8195,item_1219,0.2756806013068237
scene_1,user_8195,item_3019,0.2756806013068237
scene_1,user_8195,item_5242,0.2756806013068237
scene_1,user_8195,item_6907,0.2756806013068237
scene_1,user_8195,item_8620,0.2756806013068237
scene_1,user_970,item_1219,0.19493562262564004
scene_1,user_970,item_3019,0.19493562262564004
scene_1,user_970,item_5242,0.19493562262564004
scene_1,user_970,item_8620,0.19493562262564004
scene_1,user_4488,item_1219,0.19493562262564004
scene_1,user_4488,item_3019,0.19493562262564004
scene_1,user_4488,item_6907,0.19493562262564004
scene_1,user_4488,item_8620,0.19493562262564004
scene_1,user_4542,item_673,0.45511961331341866
scene_1,user_4542,item_1219,0.19493562262564004
scene_1,user_4542,item_3019,0.19493562262564004
scene_1,user_4542,item_5242,0.19493562262564004
scene_1,user_4542,item_6907,0.19493562262564004
scene_1,user_6355,item_1219,0.2756806013068237
scene_1,user_6355,item_3019,0.2756806013068237
scene_1,user_6355,item_5242,0.2756806013068237
scene_1,user_6355,item_6907,0.2756806013068237
scene_1,user_6355,item_8620,0.2756806013068237
scene_1,user_2236,item_1219,0.2756806013068237
scene_1,user_2236,item_3019,0.2756806013068237
scene_1,user_2236,item_5242,0.2756806013068237
scene_1,user_2236,item_6907,0.2756806013068237
scene_1,user_2236,item_8620,0.2756806013068237
scene_1,user_7920,item_3643,0.5100697232983947
scene_1,user_848,item_3643,0.5100697232983947
scene_1,user_7623,item_4825,0.2790553132756236
scene_1,user_7623,item_8776,0.2790553132756236
scene_1,user_7040,item_3130,0.5100697232983947
scene_1,user_6047,item_3130,0.5100697232983947
scene_1,user_2503,item_151,0.21714724095162588
scene_1,user_2503,item_6640,0.21714724095162588
scene_1,user_2503,item_2809,0.17729997979489165
scene_1,user_2503,item_6694,0.17729997979489165
scene_1,user_1014,item_5143,0.6436363296498353
scene_1,user_398,item_4255,0.4164701851078906
scene_1,user_398,item_8518,0.4164701851078906
scene_1,user_6870,item_4255,0.4164701851078906
scene_1,user_6870,item_8518,0.4164701851078906
scene_1,user_7923,item_9880,0.6436363296498353
scene_1,user_7081,item_1117,0.31066746727980593
scene_1,user_7081,item_7834,0.31066746727980593
scene_1,user_7081,item_8311,0.31066746727980593
scene_1,user_3053,item_838,0.5100697232983947
scene_1,user_2132,item_838,0.5100697232983947
scene_1,user_5718,item_3991,0.5255268625199613
scene_1,user_5718,item_6115,0.5255268625199613
scene_1,user_7248,item_1741,0.1642911980209368
scene_1,user_7248,item_5596,0.1642911980209368
scene_1,user_938,item_3322,0.31066746727980593
scene_1,user_938,item_5134,0.31066746727980593
scene_1,user_938,item_6136,0.25365892483943775
scene_1,user_938,item_7816,0.25365892483943775
scene_1,user_4417,item_3322,0.43935014561520125
scene_1,user_4417,item_5050,0.43935014561520125
scene_1,user_2896,item_5050,0.31066746727980593
scene_1,user_1000,item_3322,0.43935014561520125
scene_1,user_1000,item_5050,0.43935014561520125
scene_1,user_769,item_6463,0.6436363296498353
scene_1,user_470,item_7525,0.22784770917926217
scene_1,user_470,item_8989,0.22784770917926217
scene_1,user_7014,item_4234,0.39464380868665966
scene_1,user_7014,item_7525,0.3222253204769533
scene_1,user_7014,item_8989,0.3222253204769533
scene_1,user_522,item_4234,0.39464380868665966
scene_1,user_522,item_7525,0.3222253204769533
scene_1,user_522,item_8989,0.3222253204769533
scene_1,user_814,item_4234,0.39464380868665966
scene_1,user_814,item_7525,0.3222253204769533
scene_1,user_814,item_8989,0.3222253204769533
scene_1,user_1827,item_4234,0.22784770917926217
scene_1,user_1530,item_382,0.2790553132756236
scene_1,user_1530,item_4465,0.18580180409177757
scene_1,user_1530,item_481,0.18580180409177757
scene_1,user_3344,item_3178,0.39464380868665966
scene_1,user_3344,item_382,0.39464380868665966
scene_1,user_4241,item_3178,0.39464380868665966
scene_1,user_4241,item_382,0.39464380868665966
scene_1,user_7420,item_3178,0.39464380868665966
scene_1,user_7420,item_382,0.39464380868665966
scene_1,user_1203,item_3178,0.2790553132756236
scene_1,user_4591,item_8311,0.3633810027301768
scene_1,user_2826,item_8311,0.3633810027301768
scene_1,user_2911,item_8311,0.3633810027301768
scene_1,user_3710,item_8311,0.3633810027301768
scene_1,user_4385,item_8311,0.3633810027301768
scene_1,user_8365,item_6214,0.20121480219092233
scene_1,user_8365,item_6589,0.20121480219092233
scene_1,user_8365,item_781,0.20121480219092233
scene_1,user_8365,item_886,0.20121480219092233
scene_1,user_8365,item_9880,0.20121480219092233
scene_1,user_3709,item_2050,0.6436363296498353
scene_1,user_5160,item_1144,0.5255268625199613
scene_1,user_5160,item_7339,0.5255268625199613
scene_1,user_8828,item_1060,0.2756806013068237
scene_1,user_8828,item_3523,0.2756806013068237
scene_1,user_8828,item_3958,0.2756806013068237
scene_1,user_8828,item_7627,0.2756806013068237
scene_1,user_8828,item_8332,0.2756806013068237
scene_1,user_8828,item_8449,0.2756806013068237
scene_1,user_1207,item_1060,0.2756806013068237
scene_1,user_1207,item_3523,0.2756806013068237
scene_1,user_1207,item_3958,0.2756806013068237
scene_1,user_1207,item_7627,0.2756806013068237
scene_1,user_1207,item_8332,0.2756806013068237
scene_1,user_1207,item_8449,0.2756806013068237
scene_1,user_8914,item_1060,0.2756806013068237
scene_1,user_8914,item_3523,0.2756806013068237
scene_1,user_8914,item_3958,0.2756806013068237
scene_1,user_8914,item_7627,0.2756806013068237
scene_1,user_8914,item_8332,0.2756806013068237
scene_1,user_8914,item_8449,0.2756806013068237
scene_1,user_9933,item_1060,0.2756806013068237
scene_1,user_9933,item_3523,0.2756806013068237
scene_1,user_9933,item_3958,0.2756806013068237
scene_1,user_9933,item_7627,0.2756806013068237
scene_1,user_9933,item_8332,0.2756806013068237
scene_1,user_9933,item_8449,0.2756806013068237
scene_1,user_4194,item_1060,0.19493562262564004
scene_1,user_4194,item_3523,0.19493562262564004
scene_1,user_4194,item_3958,0.19493562262564004
scene_1,user_4194,item_7627,0.19493562262564004
scene_1,user_4194,item_8332,0.19493562262564004
scene_1,user_3307,item_5887,0.45511961331341866
scene_1,user_3307,item_1060,0.19493562262564004
scene_1,user_3307,item_3958,0.19493562262564004
scene_1,user_3307,item_7627,0.19493562262564004
scene_1,user_3307,item_8332,0.19493562262564004
scene_1,user_3307,item_8449,0.19493562262564004
scene_1,user_3237,item_5008,0.25694917118487537
scene_1,user_3237,item_5602,0.25694917118487537
scene_1,user_3237,item_7933,0.25694917118487537
scene_1,user_3237,item_1060,0.19493562262564004
scene_1,user_3237,item_3523,0.19493562262564004
scene_1,user_3237,item_7627,0.19493562262564004
scene_1,user_3237,item_8332,0.19493562262564004
scene_1,user_3237,item_8449,0.19493562262564004
scene_1,user_4908,item_1060,0.19493562262564004
scene_1,user_4908,item_3523,0.19493562262564004
scene_1,user_4908,item_3958,0.19493562262564004
scene_1,user_4908,item_7627,0.19493562262564004
scene_1,user_4908,item_8449,0.19493562262564004
scene_1,user_268,item_1060,0.2756806013068237
scene_1,user_268,item_3523,0.2756806013068237
scene_1,user_268,item_3958,0.2756806013068237
scene_1,user_268,item_7627,0.2756806013068237
scene_1,user_268,item_8332,0.2756806013068237
scene_1,user_268,item_8449,0.2756806013068237
scene_1,user_3268,item_1969,0.37160360818355515
scene_1,user_3268,item_3853,0.37160360818355515
scene_1,user_3268,item_1060,0.19493562262564004
scene_1,user_3268,item_3523,0.19493562262564004
scene_1,user_3268,item_3958,0.19493562262564004
scene_1,user_3268,item_8332,0.19493562262564004
scene_1,user_3268,item_8449,0.19493562262564004
scene_1,user_2883,item_1060,0.2756806013068237
scene_1,user_2883,item_3523,0.2756806013068237
scene_1,user_2883,item_3958,0.2756806013068237
scene_1,user_2883,item_7627,0.2756806013068237
scene_1,user_2883,item_8332,0.2756806013068237
scene_1,user_2883,item_8449,0.2756806013068237
scene_1,user_7590,item_8077,0.4164701851078906
scene_1,user_7590,item_8635,0.4164701851078906
scene_1,user_6881,item_8077,0.4164701851078906
scene_1,user_6881,item_8635,0.4164701851078906
scene_1,user_1724,item_2974,0.20979811974466375
scene_1,user_1724,item_4792,0.17129944745658357
scene_1,user_1724,item_8599,0.17129944745658357
scene_1,user_1724,item_2572,0.17025276086700514
scene_1,user_1724,item_6349,0.17025276086700514
scene_1,user_1724,item_8017,0.17025276086700514
scene_1,user_1724,item_4069,0.13901079714141543
scene_1,user_1724,item_5236,0.13901079714141543
scene_1,user_1724,item_6724,0.13901079714141543
scene_1,user_1724,item_7063,0.13901079714141543
scene_1,user_8904,item_4270,0.36067376022224085
scene_1,user_8908,item_7633,0.36067376022224085
scene_1,user_5462,item_4270,0.5100697232983947
scene_1,user_5462,item_7633,0.5100697232983947
scene_1,user_9650,item_1414,0.6436363296498353
scene_1,user_2317,item_5407,0.6436363296498353
scene_1,user_9276,item_1330,0.43935014561520125
scene_1,user_8389,item_1330,0.43935014561520125
scene_1,user_4016,item_1330,0.43935014561520125
scene_1,user_1931,item_130,0.37160360818355515
scene_1,user_1931,item_8926,0.37160360818355515
scene_1,user_1931,item_3427,0.20979811974466375
scene_1,user_1931,item_1285,0.17129944745658357
scene_1,user_1931,item_8413,0.17129944745658357
scene_1,user_2338,item_3427,0.3633810027301768
scene_1,user_2338,item_1285,0.29669934630327804
scene_1,user_2338,item_6376,0.29669934630327804
scene_1,user_2338,item_7120,0.29669934630327804
scene_1,user_2338,item_8413,0.29669934630327804
scene_1,user_1532,item_3427,0.3633810027301768
scene_1,user_1532,item_1285,0.29669934630327804
scene_1,user_1532,item_6376,0.29669934630327804
scene_1,user_1532,item_7120,0.29669934630327804
scene_1,user_1532,item_8413,0.29669934630327804
scene_1,user_8521,item_1285,0.20979811974466375
scene_1,user_8521,item_6376,0.20979811974466375
scene_1,user_8521,item_7120,0.20979811974466375
scene_1,user_8521,item_8413,0.20979811974466375
scene_1,user_5220,item_3427,0.3633810027301768
scene_1,user_5220,item_1285,0.29669934630327804
scene_1,user_5220,item_6376,0.29669934630327804
scene_1,user_5220,item_7120,0.29669934630327804
scene_1,user_5220,item_8413,0.29669934630327804
scene_1,user_804,item_3946,0.43935014561520125
scene_1,user_2828,item_3946,0.43935014561520125
scene_1,user_7836,item_3946,0.43935014561520125
scene_1,user_1458,item_3481,0.39464380868665966
scene_1,user_1458,item_8770,0.39464380868665966
scene_1,user_3586,item_3481,0.39464380868665966
scene_1,user_3586,item_8770,0.39464380868665966
scene_1,user_2369,item_3481,0.2790553132756236
scene_1,user_1236,item_8770,0.2790553132756236
scene_1,user_1236,item_1702,0.22755980665670933
scene_1,user_1236,item_4621,0.22755980665670933
scene_1,user_1236,item_835,0.22755980665670933
scene_1,user_1236,item_8701,0.18580180409177757
scene_1,user_1236,item_8794,0.18580180409177757
scene_1,user_9662,item_3481,0.39464380868665966
scene_1,user_9662,item_8770,0.39464380868665966
scene_1,user_602,item_3397,0.2404491734814939
scene_1,user_602,item_6694,0.2404491734814939
scene_1,user_602,item_7126,0.17025276086700514
scene_1,user_6719,item_7126,0.29488643195052716
scene_1,user_6719,item_6709,0.240773763449582
scene_1,user_6719,item_7753,0.240773763449582
scene_1,user_6389,item_6709,0.17025276086700514
scene_1,user_6389,item_7753,0.17025276086700514
scene_1,user_2192,item_7126,0.29488643195052716
scene_1,user_2192,item_6709,0.240773763449582
scene_1,user_2192,item_7753,0.240773763449582
scene_1,user_579,item_7126,0.29488643195052716
scene_1,user_579,item_6709,0.240773763449582
scene_1,user_579,item_7753,0.240773763449582
scene_1,user_6548,item_7126,0.29488643195052716
scene_1,user_6548,item_6709,0.240773763449582
scene_1,user_6548,item_7753,0.240773763449582
scene_1,user_514,item_7126,0.29488643195052716
scene_1,user_514,item_6709,0.240773763449582
scene_1,user_514,item_7753,0.240773763449582
scene_1,user_1404,item_7126,0.29488643195052716
scene_1,user_1404,item_6709,0.240773763449582
scene_1,user_1404,item_7753,0.240773763449582
scene_1,user_2504,item_7126,0.29488643195052716
scene_1,user_2504,item_6709,0.240773763449582
scene_1,user_2504,item_7753,0.240773763449582
scene_1,user_5824,item_7126,0.29488643195052716
scene_1,user_5824,item_6709,0.240773763449582
scene_1,user_5824,item_7753,0.240773763449582
scene_1,user_4801,item_3373,0.36067376022224085
scene_1,user_4801,item_8158,0.36067376022224085
scene_1,user_4801,item_6349,0.20851619571212315
scene_1,user_4801,item_8017,0.20851619571212315
scene_1,user_4801,item_2389,0.17025276086700514
scene_1,user_4801,item_4069,0.17025276086700514
scene_1,user_4801,item_5236,0.17025276086700514
scene_1,user_4801,item_6724,0.17025276086700514
scene_1,user_4801,item_7063,0.17025276086700514
scene_1,user_4801,item_8635,0.17025276086700514
scene_1,user_1723,item_3373,0.36067376022224085
scene_1,user_1723,item_8077,0.36067376022224085
scene_1,user_1723,item_1570,0.19732190434332983
scene_1,user_1723,item_4756,0.19732190434332983
scene_1,user_1723,item_5188,0.19732190434332983
scene_1,user_9658,item_8077,0.36067376022224085
scene_1,user_9658,item_8158,0.36067376022224085
scene_1,user_8792,item_445,0.4164701851078906
scene_1,user_8792,item_9754,0.4164701851078906
scene_1,user_1855,item_208,0.2944888920518062
scene_1,user_1855,item_2842,0.17025276086700514
scene_1,user_1855,item_5227,0.17025276086700514
scene_1,user_1855,item_1300,0.10767730045434391
scene_1,user_1855,item_2113,0.10767730045434391
scene_1,user_1855,item_2848,0.10767730045434391
scene_1,user_1855,item_7924,0.10767730045434391
scene_1,user_7148,item_445,0.4164701851078906
scene_1,user_7148,item_9754,0.4164701851078906
scene_1,user_3452,item_8059,0.6436363296498353
scene_1,user_1170,item_4960,0.45511961331341866
scene_1,user_6541,item_7111,0.2790553132756236
scene_1,user_6541,item_1561,0.19732190434332983
scene_1,user_6541,item_6670,0.19732190434332983
scene_1,user_6541,item_6916,0.19732190434332983
scene_1,user_6579,item_763,0.2790553132756236
scene_1,user_6579,item_4417,0.22755980665670933
scene_1,user_6579,item_1561,0.19732190434332983
scene_1,user_6579,item_6670,0.19732190434332983
scene_1,user_6579,item_6916,0.19732190434332983
scene_1,user_6579,item_1117,0.09290090204588879
scene_1,user_6579,item_1120,0.09290090204588879
scene_1,user_6579,item_1975,0.09290090204588879
scene_1,user_6579,item_2038,0.09290090204588879
scene_1,user_6579,item_2080,0.09290090204588879
scene_1,user_6579,item_2089,0.09290090204588879
scene_1,user_6579,item_5314,0.09290090204588879
scene_1,user_6579,item_6706,0.09290090204588879
scene_1,user_6579,item_6850,0.09290090204588879
scene_1,user_6579,item_7234,0.09290090204588879
scene_1,user_6579,item_7681,0.09290090204588879
scene_1,user_2333,item_7111,0.39464380868665966
scene_1,user_2333,item_763,0.39464380868665966
scene_1,user_2333,item_1561,0.2790553132756236
scene_1,user_2333,item_6670,0.2790553132756236
scene_1,user_2333,item_6916,0.2790553132756236
scene_1,user_3327,item_7111,0.39464380868665966
scene_1,user_3327,item_763,0.39464380868665966
scene_1,user_3327,item_1561,0.2790553132756236
scene_1,user_3327,item_6670,0.2790553132756236
scene_1,user_3327,item_6916,0.2790553132756236
scene_1,user_9490,item_6103,0.45511961331341866
scene_1,user_8719,item_6442,0.45511961331341866
scene_1,user_8719,item_5707,0.1816905013650884
scene_1,user_8719,item_7966,0.1816905013650884
scene_1,user_8719,item_8515,0.1816905013650884
scene_1,user_4967,item_6904,0.6436363296498353
scene_1,user_7515,item_1093,0.3222253204769533
scene_1,user_7515,item_8383,0.3222253204769533
scene_1,user_8533,item_1093,0.3222253204769533
scene_1,user_8533,item_8383,0.3222253204769533
scene_1,user_5295,item_1093,0.3222253204769533
scene_1,user_5295,item_8383,0.3222253204769533
scene_1,user_7152,item_1093,0.3222253204769533
scene_1,user_7152,item_8383,0.3222253204769533
scene_1,user_3308,item_289,0.43935014561520125
scene_1,user_7032,item_289,0.43935014561520125
scene_1,user_620,item_289,0.43935014561520125
scene_1,user_9043,item_3604,0.25694917118487537
scene_1,user_4333,item_3604,0.3633810027301768
scene_1,user_4333,item_7954,0.3633810027301768
scene_1,user_2557,item_3604,0.3633810027301768
scene_1,user_2557,item_7954,0.3633810027301768
scene_1,user_1668,item_3604,0.3633810027301768
scene_1,user_1668,item_7954,0.3633810027301768
scene_1,user_819,item_3604,0.3633810027301768
scene_1,user_819,item_7954,0.3633810027301768
scene_1,user_9382,item_7954,0.25694917118487537
scene_1,user_135,item_1285,0.32181816482491765
scene_1,user_135,item_7099,0.32181816482491765
scene_1,user_135,item_4201,0.26276343125998064
scene_1,user_135,item_8854,0.26276343125998064
scene_1,user_2391,item_1492,0.1860368755170824
scene_1,user_2391,item_1942,0.1860368755170824
scene_1,user_2391,item_6268,0.1860368755170824
scene_1,user_2391,item_9331,0.1860368755170824
scene_1,user_2391,item_1285,0.18580180409177757
scene_1,user_2391,item_7099,0.18580180409177757
scene_1,user_4964,item_1285,0.22755980665670933
scene_1,user_4964,item_4201,0.18580180409177757
scene_1,user_4964,item_8854,0.18580180409177757
scene_1,user_4406,item_1285,0.32181816482491765
scene_1,user_4406,item_7099,0.32181816482491765
scene_1,user_4406,item_4201,0.26276343125998064
scene_1,user_4406,item_8854,0.26276343125998064
scene_1,user_2660,item_1285,0.32181816482491765
scene_1,user_2660,item_7099,0.32181816482491765
scene_1,user_2660,item_4201,0.26276343125998064
scene_1,user_2660,item_8854,0.26276343125998064
scene_1,user_3664,item_1285,0.32181816482491765
scene_1,user_3664,item_7099,0.32181816482491765
scene_1,user_3664,item_4201,0.26276343125998064
scene_1,user_3664,item_8854,0.26276343125998064
scene_1,user_3317,item_1285,0.32181816482491765
scene_1,user_3317,item_7099,0.32181816482491765
scene_1,user_3317,item_4201,0.26276343125998064
scene_1,user_3317,item_8854,0.26276343125998064
scene_1,user_8674,item_9124,0.31066746727980593
scene_1,user_8674,item_9868,0.24044917348149392
scene_1,user_1688,item_3142,0.31066746727980593
scene_1,user_1688,item_6373,0.20851619571212315
scene_1,user_1688,item_6982,0.20851619571212315
scene_1,user_1688,item_9394,0.20851619571212315
scene_1,user_2305,item_3142,0.43935014561520125
scene_1,user_2305,item_9124,0.43935014561520125
scene_1,user_8534,item_3142,0.43935014561520125
scene_1,user_8534,item_9124,0.43935014561520125
scene_1,user_6880,item_8257,0.24044917348149392
scene_1,user_6880,item_8359,0.24044917348149392
scene_1,user_6880,item_8845,0.24044917348149392
scene_1,user_6880,item_9811,0.24044917348149392
scene_1,user_7866,item_8257,0.24044917348149392
scene_1,user_7866,item_8359,0.24044917348149392
scene_1,user_7866,item_8434,0.24044917348149392
scene_1,user_7866,item_8845,0.24044917348149392
scene_1,user_9055,item_8257,0.3400464821989298
scene_1,user_9055,item_8359,0.3400464821989298
scene_1,user_9055,item_8434,0.3400464821989298
scene_1,user_9055,item_8845,0.3400464821989298
scene_1,user_9055,item_9811,0.3400464821989298
scene_1,user_2406,item_7162,0.24044917348149392
scene_1,user_2406,item_8359,0.24044917348149392
scene_1,user_2406,item_8434,0.24044917348149392
scene_1,user_2406,item_8845,0.24044917348149392
scene_1,user_2406,item_943,0.24044917348149392
scene_1,user_2406,item_9811,0.24044917348149392
scene_1,user_2406,item_121,0.19632592803453744
scene_1,user_2406,item_4087,0.19632592803453744
scene_1,user_8806,item_3982,0.36067376022224085
scene_1,user_8806,item_8257,0.24044917348149392
scene_1,user_8806,item_8434,0.24044917348149392
scene_1,user_8806,item_8845,0.24044917348149392
scene_1,user_8806,item_9811,0.24044917348149392
scene_1,user_3642,item_8257,0.24044917348149392
scene_1,user_3642,item_8359,0.24044917348149392
scene_1,user_3642,item_8434,0.24044917348149392
scene_1,user_3642,item_9811,0.24044917348149392
scene_1,user_9330,item_8257,0.3400464821989298
scene_1,user_9330,item_8359,0.3400464821989298
scene_1,user_9330,item_8434,0.3400464821989298
scene_1,user_9330,item_8845,0.3400464821989298
scene_1,user_9330,item_9811,0.3400464821989298
scene_1,user_3098,item_5107,0.37160360818355515
scene_1,user_3098,item_6844,0.37160360818355515
scene_1,user_3098,item_3907,0.24044917348149392
scene_1,user_3098,item_5191,0.24044917348149392
scene_1,user_3098,item_6139,0.24044917348149392
scene_1,user_8483,item_4915,0.37160360818355515
scene_1,user_8483,item_4966,0.19632592803453744
scene_1,user_5393,item_7732,0.39464380868665966
scene_1,user_5393,item_9079,0.39464380868665966
scene_1,user_5393,item_9895,0.39464380868665966
scene_1,user_9474,item_7732,0.39464380868665966
scene_1,user_9474,item_9079,0.39464380868665966
scene_1,user_9474,item_9895,0.39464380868665966
scene_1,user_462,item_9079,0.2790553132756236
scene_1,user_462,item_9895,0.2790553132756236
scene_1,user_462,item_1195,0.22755980665670933
scene_1,user_462,item_7339,0.22755980665670933
scene_1,user_462,item_139,0.16090908241245883
scene_1,user_462,item_3028,0.16090908241245883
scene_1,user_462,item_571,0.16090908241245883
scene_1,user_4906,item_7732,0.2790553132756236
scene_1,user_4906,item_9895,0.2790553132756236
scene_1,user_7423,item_7732,0.2790553132756236
scene_1,user_7423,item_9079,0.2790553132756236
scene_1,user_7423,item_1753,0.21714724095162588
scene_1,user_7423,item_4744,0.21714724095162588
scene_1,user_7423,item_8209,0.21714724095162588
scene_1,user_7423,item_4501,0.17729997979489165
scene_1,user_7423,item_6937,0.17729997979489165
scene_1,user_7423,item_8779,0.17729997979489165
scene_1,user_7423,item_9475,0.17729997979489165
scene_1,user_6223,item_1381,0.20979811974466375
scene_1,user_6223,item_7486,0.20979811974466375
scene_1,user_4550,item_5593,0.5100697232983947
scene_1,user_619,item_5593,0.5100697232983947
scene_1,user_6113,item_445,0.43935014561520125
scene_1,user_2748,item_5227,0.20851619571212315
scene_1,user_2748,item_2590,0.17025276086700514
scene_1,user_2748,item_9754,0.17025276086700514
scene_1,user_2748,item_1300,0.13187722149674894
scene_1,user_2748,item_2113,0.13187722149674894
scene_1,user_2748,item_2848,0.13187722149674894
scene_1,user_2748,item_7924,0.13187722149674894
scene_1,user_706,item_445,0.43935014561520125
scene_1,user_2090,item_445,0.43935014561520125
scene_1,user_1785,item_9352,0.31066746727980593
scene_1,user_1785,item_4441,0.25365892483943775
scene_1,user_1785,item_5455,0.25365892483943775
scene_1,user_5324,item_7939,0.6436363296498353
scene_1,user_9270,item_8380,0.2944888920518062
scene_1,user_9270,item_6127,0.22784770917926217
scene_1,user_9270,item_8068,0.22784770917926217
scene_1,user_4871,item_3658,0.2944888920518062
scene_1,user_4871,item_9211,0.2944888920518062
scene_1,user_4871,item_1039,0.22755980665670933
scene_1,user_4871,item_2260,0.22755980665670933
scene_1,user_4871,item_715,0.22755980665670933
scene_1,user_3991,item_8380,0.5100697232983947
scene_1,user_3991,item_3658,0.4164701851078906
scene_1,user_3991,item_9211,0.4164701851078906
scene_1,user_6325,item_2680,0.6436363296498353
scene_1,user_8890,item_8902,0.25694917118487537
scene_1,user_8650,item_8929,0.6436363296498353
scene_1,user_8529,item_3037,0.3633810027301768
scene_1,user_8529,item_9121,0.29669934630327804
scene_1,user_8529,item_9943,0.29669934630327804
scene_1,user_3565,item_3037,0.3633810027301768
scene_1,user_3565,item_9121,0.29669934630327804
scene_1,user_3565,item_9943,0.29669934630327804
scene_1,user_727,item_3037,0.3633810027301768
scene_1,user_727,item_9121,0.29669934630327804
scene_1,user_727,item_9943,0.29669934630327804
scene_1,user_3955,item_3037,0.3633810027301768
scene_1,user_3955,item_9121,0.29669934630327804
scene_1,user_3955,item_9943,0.29669934630327804
scene_1,user_806,item_9121,0.20979811974466375
scene_1,user_806,item_9943,0.20979811974466375
scene_1,user_2268,item_9325,0.25365892483943775
scene_1,user_2268,item_3037,0.20979811974466375
scene_1,user_563,item_7534,0.2944888920518062
scene_1,user_563,item_8743,0.2944888920518062
scene_1,user_927,item_937,0.5100697232983947
scene_1,user_927,item_7534,0.4164701851078906
scene_1,user_927,item_8743,0.4164701851078906
scene_1,user_2831,item_937,0.2944888920518062
scene_1,user_2831,item_1243,0.20979811974466375
scene_1,user_2831,item_2980,0.20979811974466375
scene_1,user_2831,item_5794,0.20979811974466375
scene_1,user_2831,item_7864,0.20979811974466375
scene_1,user_2831,item_9031,0.20979811974466375
scene_1,user_4963,item_1537,0.2756806013068237
scene_1,user_4963,item_4927,0.2756806013068237
scene_1,user_4963,item_6268,0.2756806013068237
scene_1,user_4963,item_7576,0.2756806013068237
scene_1,user_4963,item_9745,0.2756806013068237
scene_1,user_188,item_2641,0.24044917348149392
scene_1,user_188,item_1492,0.19632592803453744
scene_1,user_188,item_4201,0.19632592803453744
scene_1,user_188,item_1537,0.19493562262564004
scene_1,user_188,item_4927,0.19493562262564004
scene_1,user_188,item_7576,0.19493562262564004
scene_1,user_188,item_9745,0.19493562262564004
scene_1,user_5175,item_1537,0.2756806013068237
scene_1,user_5175,item_4927,0.2756806013068237
scene_1,user_5175,item_6268,0.2756806013068237
scene_1,user_5175,item_7576,0.2756806013068237
scene_1,user_5175,item_9745,0.2756806013068237
scene_1,user_6388,item_1537,0.2756806013068237
scene_1,user_6388,item_4927,0.2756806013068237
scene_1,user_6388,item_6268,0.2756806013068237
scene_1,user_6388,item_7576,0.2756806013068237
scene_1,user_6388,item_9745,0.2756806013068237
scene_1,user_8277,item_1537,0.19493562262564004
scene_1,user_8277,item_6268,0.19493562262564004
scene_1,user_8277,item_7576,0.19493562262564004
scene_1,user_8277,item_9745,0.19493562262564004
scene_1,user_974,item_1537,0.2756806013068237
scene_1,user_974,item_4927,0.2756806013068237
scene_1,user_974,item_6268,0.2756806013068237
scene_1,user_974,item_7576,0.2756806013068237
scene_1,user_974,item_9745,0.2756806013068237
scene_1,user_2119,item_1537,0.2756806013068237
scene_1,user_2119,item_4927,0.2756806013068237
scene_1,user_2119,item_6268,0.2756806013068237
scene_1,user_2119,item_7576,0.2756806013068237
scene_1,user_2119,item_9745,0.2756806013068237
scene_1,user_6857,item_1537,0.19493562262564004
scene_1,user_6857,item_4927,0.19493562262564004
scene_1,user_6857,item_6268,0.19493562262564004
scene_1,user_6857,item_9745,0.19493562262564004
scene_1,user_1940,item_1537,0.2756806013068237
scene_1,user_1940,item_4927,0.2756806013068237
scene_1,user_1940,item_6268,0.2756806013068237
scene_1,user_1940,item_7576,0.2756806013068237
scene_1,user_1940,item_9745,0.2756806013068237
scene_1,user_6020,item_4927,0.19493562262564004
scene_1,user_6020,item_6268,0.19493562262564004
scene_1,user_6020,item_7576,0.19493562262564004
scene_1,user_6020,item_9745,0.19493562262564004
scene_1,user_6299,item_607,0.24044917348149392
scene_1,user_6299,item_8068,0.24044917348149392
scene_1,user_6299,item_9094,0.24044917348149392
scene_1,user_6299,item_1537,0.19493562262564004
scene_1,user_6299,item_4927,0.19493562262564004
scene_1,user_6299,item_6268,0.19493562262564004
scene_1,user_6299,item_7576,0.19493562262564004
scene_1,user_5855,item_1537,0.2756806013068237
scene_1,user_5855,item_4927,0.2756806013068237
scene_1,user_5855,item_6268,0.2756806013068237
scene_1,user_5855,item_7576,0.2756806013068237
scene_1,user_5855,item_9745,0.2756806013068237
scene_1,user_9448,item_6481,0.5100697232983947
scene_1,user_2409,item_6481,0.5100697232983947
scene_1,user_9939,item_7156,0.36067376022224085
scene_1,user_9939,item_724,0.2790553132756236
scene_1,user_9939,item_799,0.2790553132756236
scene_1,user_9939,item_3943,0.22784770917926217
scene_1,user_9939,item_7072,0.22784770917926217
scene_1,user_1991,item_3586,0.36067376022224085
scene_1,user_1991,item_4900,0.31066746727980593
scene_1,user_5909,item_3586,0.5100697232983947
scene_1,user_5909,item_7156,0.5100697232983947
scene_1,user_9772,item_3574,0.43935014561520125
scene_1,user_9683,item_3574,0.43935014561520125
scene_1,user_2987,item_3574,0.43935014561520125
scene_1,user_3152,item_8635,0.39464380868665966
scene_1,user_3152,item_877,0.39464380868665966
scene_1,user_7379,item_8635,0.2790553132756236
scene_1,user_3934,item_8635,0.39464380868665966
scene_1,user_3934,item_877,0.39464380868665966
scene_1,user_4097,item_8635,0.39464380868665966
scene_1,user_4097,item_877,0.39464380868665966
scene_1,user_1162,item_877,0.2790553132756236
scene_1,user_1162,item_2389,0.20979811974466375
scene_1,user_1162,item_4792,0.20979811974466375
scene_1,user_1162,item_8077,0.20979811974466375
scene_1,user_1162,item_8599,0.20979811974466375
scene_1,user_795,item_3403,0.5255268625199613
scene_1,user_795,item_7513,0.5255268625199613
scene_1,user_1333,item_5338,0.37160360818355515
scene_1,user_6869,item_2644,0.6436363296498353
scene_1,user_5786,item_5446,0.37160360818355515
scene_1,user_5786,item_7468,0.37160360818355515
scene_1,user_3255,item_6745,0.6436363296498353
scene_1,user_9990,item_2161,0.2790553132756236
scene_1,user_9990,item_5203,0.2790553132756236
scene_1,user_4487,item_2161,0.39464380868665966
scene_1,user_4487,item_5203,0.39464380868665966
scene_1,user_4487,item_7999,0.39464380868665966
scene_1,user_1934,item_2161,0.39464380868665966
scene_1,user_1934,item_5203,0.39464380868665966
scene_1,user_1934,item_7999,0.39464380868665966
scene_1,user_5832,item_2161,0.2790553132756236
scene_1,user_5832,item_7999,0.2790553132756236
scene_1,user_3522,item_1195,0.16090908241245883
scene_1,user_3522,item_2824,0.16090908241245883
scene_1,user_3522,item_7339,0.16090908241245883
scene_1,user_7975,item_139,0.45511961331341866
scene_1,user_7975,item_571,0.45511961331341866
scene_1,user_7975,item_7732,0.45511961331341866
scene_1,user_384,item_2902,0.6436363296498353
scene_1,user_4809,item_1120,0.6436363296498353
scene_1,user_3983,item_3919,0.22784770917926217
scene_1,user_3983,item_5317,0.22784770917926217
scene_1,user_2528,item_7561,0.6436363296498353
scene_1,user_6212,item_4696,0.39464380868665966
scene_1,user_6212,item_7522,0.39464380868665966
scene_1,user_8032,item_4696,0.39464380868665966
scene_1,user_8032,item_7522,0.39464380868665966
scene_1,user_6083,item_1237,0.2790553132756236
scene_1,user_6083,item_3232,0.2790553132756236
scene_1,user_6083,item_4696,0.2790553132756236
scene_1,user_6083,item_9931,0.2790553132756236
scene_1,user_6083,item_4441,0.22784770917926217
scene_1,user_6083,item_6253,0.22784770917926217
scene_1,user_261,item_4696,0.39464380868665966
scene_1,user_261,item_7522,0.39464380868665966
scene_1,user_2033,item_7522,0.2790553132756236
scene_1,user_2595,item_1816,0.5100697232983947
scene_1,user_2595,item_1096,0.4164701851078906
scene_1,user_2595,item_9775,0.4164701851078906
scene_1,user_371,item_8926,0.3633810027301768
scene_1,user_371,item_9673,0.3633810027301768
scene_1,user_1447,item_8926,0.3633810027301768
scene_1,user_1447,item_9673,0.3633810027301768
scene_1,user_3233,item_9001,0.36067376022224085
scene_1,user_3233,item_8926,0.25694917118487537
scene_1,user_115,item_8926,0.3633810027301768
scene_1,user_115,item_9673,0.3633810027301768
scene_1,user_4126,item_3328,0.25694917118487537
scene_1,user_4126,item_4411,0.25694917118487537
scene_1,user_4126,item_7120,0.25694917118487537
scene_1,user_4126,item_9673,0.25694917118487537
scene_1,user_8984,item_8926,0.3633810027301768
scene_1,user_8984,item_9673,0.3633810027301768
scene_1,user_4639,item_7699,0.2790553132756236
scene_1,user_1983,item_4189,0.6436363296498353
scene_1,user_2137,item_7156,0.36067376022224085
scene_1,user_2137,item_3961,0.2790553132756236
scene_1,user_4983,item_3961,0.39464380868665966
scene_1,user_4983,item_4900,0.39464380868665966
scene_1,user_9655,item_4900,0.2790553132756236
scene_1,user_6707,item_3961,0.39464380868665966
scene_1,user_6707,item_4900,0.39464380868665966
scene_1,user_6596,item_3961,0.39464380868665966
scene_1,user_6596,item_4900,0.39464380868665966
scene_1,user_952,item_6472,0.25694917118487537
scene_1,user_952,item_9664,0.25694917118487537
scene_1,user_952,item_5971,0.20979811974466375
scene_1,user_952,item_7792,0.20979811974466375
scene_1,user_2118,item_3637,0.6436363296498353
scene_1,user_3774,item_6850,0.45511961331341866
scene_1,user_3774,item_151,0.21714724095162588
scene_1,user_3774,item_2173,0.21714724095162588
scene_1,user_3774,item_2809,0.17729997979489165
scene_1,user_3774,item_6694,0.17729997979489165
scene_1,user_9026,item_151,0.30709257318568767
scene_1,user_9026,item_2173,0.30709257318568767
scene_1,user_9026,item_6640,0.30709257318568767
scene_1,user_9026,item_2809,0.2507400360344115
scene_1,user_9026,item_6694,0.2507400360344115
scene_1,user_3175,item_3424,0.18580180409177757
scene_1,user_3175,item_151,0.17729997979489165
scene_1,user_3175,item_2173,0.17729997979489165
scene_1,user_3175,item_6640,0.17729997979489165
scene_1,user_3175,item_3397,0.15170653777113954
scene_1,user_3175,item_7753,0.15170653777113954
scene_1,user_6411,item_151,0.30709257318568767
scene_1,user_6411,item_2173,0.30709257318568767
scene_1,user_6411,item_6640,0.30709257318568767
scene_1,user_6411,item_2809,0.2507400360344115
scene_1,user_6411,item_6694,0.2507400360344115
scene_1,user_801,item_151,0.30709257318568767
scene_1,user_801,item_2173,0.30709257318568767
scene_1,user_801,item_6640,0.30709257318568767
scene_1,user_801,item_2809,0.2507400360344115
scene_1,user_801,item_6694,0.2507400360344115
scene_1,user_1639,item_151,0.30709257318568767
scene_1,user_1639,item_2173,0.30709257318568767
scene_1,user_1639,item_6640,0.30709257318568767
scene_1,user_1639,item_2809,0.2507400360344115
scene_1,user_1639,item_6694,0.2507400360344115
scene_1,user_1350,item_151,0.30709257318568767
scene_1,user_1350,item_2173,0.30709257318568767
scene_1,user_1350,item_6640,0.30709257318568767
scene_1,user_1350,item_2809,0.2507400360344115
scene_1,user_1350,item_6694,0.2507400360344115
scene_1,user_6209,item_7585,0.36067376022224085
scene_1,user_9094,item_826,0.6436363296498353
scene_1,user_1841,item_2716,0.3400464821989298
scene_1,user_1841,item_9868,0.3400464821989298
scene_1,user_1441,item_2716,0.3400464821989298
scene_1,user_1441,item_9868,0.3400464821989298
scene_1,user_1614,item_2716,0.24044917348149392
scene_1,user_5731,item_2716,0.3400464821989298
scene_1,user_5731,item_9868,0.3400464821989298
scene_1,user_9246,item_2716,0.3400464821989298
scene_1,user_9246,item_9868,0.3400464821989298
scene_1,user_8342,item_2716,0.3400464821989298
scene_1,user_8342,item_9868,0.3400464821989298
scene_1,user_9178,item_259,0.29488643195052716
scene_1,user_9178,item_4864,0.29488643195052716
scene_1,user_9178,item_1912,0.240773763449582
scene_1,user_9178,item_1978,0.240773763449582
scene_1,user_8569,item_259,0.29488643195052716
scene_1,user_8569,item_4864,0.29488643195052716
scene_1,user_8569,item_1912,0.240773763449582
scene_1,user_8569,item_1978,0.240773763449582
scene_1,user_4283,item_259,0.20851619571212315
scene_1,user_4283,item_1912,0.17025276086700514
scene_1,user_4283,item_1978,0.17025276086700514
scene_1,user_7788,item_259,0.29488643195052716
scene_1,user_7788,item_4864,0.29488643195052716
scene_1,user_7788,item_1912,0.240773763449582
scene_1,user_7788,item_1978,0.240773763449582
scene_1,user_7896,item_259,0.29488643195052716
scene_1,user_7896,item_4864,0.29488643195052716
scene_1,user_7896,item_1912,0.240773763449582
scene_1,user_7896,item_1978,0.240773763449582
scene_1,user_2936,item_259,0.29488643195052716
scene_1,user_2936,item_4864,0.29488643195052716
scene_1,user_2936,item_1912,0.240773763449582
scene_1,user_2936,item_1978,0.240773763449582
scene_1,user_4615,item_259,0.29488643195052716
scene_1,user_4615,item_4864,0.29488643195052716
scene_1,user_4615,item_1912,0.240773763449582
scene_1,user_4615,item_1978,0.240773763449582
scene_1,user_6539,item_259,0.29488643195052716
scene_1,user_6539,item_4864,0.29488643195052716
scene_1,user_6539,item_1912,0.240773763449582
scene_1,user_6539,item_1978,0.240773763449582
scene_1,user_8576,item_4864,0.20851619571212315
scene_1,user_8576,item_1912,0.17025276086700514
scene_1,user_8576,item_1978,0.17025276086700514
scene_1,user_4828,item_1567,0.39464380868665966
scene_1,user_4828,item_8140,0.39464380868665966
scene_1,user_9001,item_1567,0.2790553132756236
scene_1,user_5777,item_1567,0.39464380868665966
scene_1,user_5777,item_8140,0.39464380868665966
scene_1,user_9753,item_1567,0.39464380868665966
scene_1,user_9753,item_8140,0.39464380868665966
scene_1,user_1267,item_2320,0.32181816482491765
scene_1,user_1267,item_4465,0.26276343125998064
scene_1,user_1267,item_481,0.26276343125998064
scene_1,user_1191,item_2320,0.32181816482491765
scene_1,user_1191,item_4465,0.26276343125998064
scene_1,user_1191,item_481,0.26276343125998064
scene_1,user_1115,item_2320,0.32181816482491765
scene_1,user_1115,item_4465,0.26276343125998064
scene_1,user_1115,item_481,0.26276343125998064
scene_1,user_3033,item_1,0.19632592803453744
scene_1,user_3033,item_2320,0.18580180409177757
scene_1,user_716,item_2320,0.32181816482491765
scene_1,user_716,item_4465,0.26276343125998064
scene_1,user_716,item_481,0.26276343125998064
scene_1,user_4657,item_2320,0.32181816482491765
scene_1,user_4657,item_4465,0.26276343125998064
scene_1,user_4657,item_481,0.26276343125998064
scene_1,user_2607,item_2320,0.32181816482491765
scene_1,user_2607,item_4465,0.26276343125998064
scene_1,user_2607,item_481,0.26276343125998064
scene_1,user_4003,item_7594,0.30709257318568767
scene_1,user_4003,item_8476,0.30709257318568767
scene_1,user_6813,item_8476,0.21714724095162588
scene_1,user_7035,item_7594,0.30709257318568767
scene_1,user_7035,item_8476,0.30709257318568767
scene_1,user_3205,item_7594,0.30709257318568767
scene_1,user_3205,item_8476,0.30709257318568767
scene_1,user_2533,item_7594,0.30709257318568767
scene_1,user_2533,item_8476,0.30709257318568767
scene_1,user_3984,item_5269,0.31066746727980593
scene_1,user_3984,item_7594,0.21714724095162588
scene_1,user_2093,item_7594,0.30709257318568767
scene_1,user_2093,item_8476,0.30709257318568767
scene_1,user_4514,item_7594,0.30709257318568767
scene_1,user_4514,item_8476,0.30709257318568767
scene_1,user_7949,item_7594,0.30709257318568767
scene_1,user_7949,item_8476,0.30709257318568767
scene_1,user_1386,item_5134,0.6436363296498353
scene_1,user_6593,item_5050,0.36067376022224085
scene_1,user_3593,item_8059,0.21967507280760062
scene_1,user_3593,item_1774,0.1816905013650884
scene_1,user_3593,item_190,0.14834967315163902
scene_1,user_3593,item_70,0.14834967315163902
scene_1,user_3593,item_7702,0.14834967315163902
scene_1,user_3593,item_8953,0.14834967315163902
scene_1,user_369,item_3199,0.45511961331341866
scene_1,user_369,item_4960,0.45511961331341866
scene_1,user_369,item_6451,0.45511961331341866
scene_1,user_9675,item_1237,0.2790553132756236
scene_1,user_9675,item_3064,0.2790553132756236
scene_1,user_9675,item_9931,0.2790553132756236
scene_1,user_9675,item_4441,0.22784770917926217
scene_1,user_9675,item_6253,0.22784770917926217
scene_1,user_357,item_7522,0.5100697232983947
scene_1,user_4966,item_7522,0.5100697232983947
scene_1,user_5192,item_4648,0.30709257318568767
scene_1,user_2384,item_4648,0.30709257318568767
scene_1,user_2431,item_4648,0.30709257318568767
scene_1,user_8414,item_4648,0.30709257318568767
scene_1,user_1976,item_4648,0.30709257318568767
scene_1,user_3372,item_4648,0.30709257318568767
scene_1,user_5613,item_4648,0.30709257318568767
scene_1,user_7795,item_4648,0.30709257318568767
scene_1,user_5046,item_7405,0.43935014561520125
scene_1,user_9336,item_1438,0.24044917348149392
scene_1,user_9336,item_4729,0.24044917348149392
scene_1,user_5193,item_7405,0.43935014561520125
scene_1,user_1034,item_7405,0.43935014561520125
scene_1,user_4518,item_8701,0.5255268625199613
scene_1,user_4518,item_9802,0.5255268625199613
scene_1,user_5821,item_1060,0.17729997979489165
scene_1,user_5821,item_6523,0.17729997979489165
scene_1,user_5821,item_8830,0.17729997979489165
scene_1,user_5821,item_3481,0.14476482730108392
scene_1,user_5821,item_7846,0.14476482730108392
scene_1,user_5821,item_8794,0.14476482730108392
scene_1,user_5821,item_9736,0.14476482730108392
scene_1,user_8916,item_9664,0.3633810027301768
scene_1,user_8916,item_9235,0.29669934630327804
scene_1,user_8916,item_9739,0.29669934630327804
scene_1,user_6505,item_3637,0.36067376022224085
scene_1,user_6505,item_9235,0.20979811974466375
scene_1,user_6505,item_9739,0.20979811974466375
scene_1,user_8294,item_9664,0.3633810027301768
scene_1,user_8294,item_9235,0.29669934630327804
scene_1,user_8294,item_9739,0.29669934630327804
scene_1,user_8059,item_6670,0.22784770917926217
scene_1,user_8059,item_9664,0.20979811974466375
scene_1,user_8059,item_1717,0.1860368755170824
scene_1,user_8059,item_2785,0.1860368755170824
scene_1,user_9024,item_9664,0.3633810027301768
scene_1,user_9024,item_9235,0.29669934630327804
scene_1,user_9024,item_9739,0.29669934630327804
scene_1,user_1192,item_9664,0.3633810027301768
scene_1,user_1192,item_9235,0.29669934630327804
scene_1,user_1192,item_9739,0.29669934630327804
scene_1,user_958,item_9013,0.5100697232983947
scene_1,user_4380,item_9013,0.5100697232983947
scene_1,user_8748,item_9535,0.6436363296498353
scene_1,user_5096,item_8710,0.43935014561520125
scene_1,user_1303,item_8710,0.43935014561520125
scene_1,user_1871,item_8710,0.43935014561520125
scene_1,user_147,item_742,0.31066746727980593
scene_1,user_283,item_9772,0.5100697232983947
scene_1,user_8950,item_9772,0.5100697232983947
scene_1,user_3245,item_2275,0.6436363296498353
scene_1,user_9545,item_8926,0.39464380868665966
scene_1,user_9096,item_8926,0.39464380868665966
scene_1,user_9111,item_8926,0.39464380868665966
scene_1,user_939,item_8926,0.39464380868665966
scene_1,user_5361,item_31,0.25694917118487537
scene_1,user_5361,item_4411,0.25694917118487537
scene_1,user_5361,item_7120,0.25694917118487537
scene_1,user_8985,item_1504,0.36067376022224085
scene_1,user_3127,item_1504,0.5100697232983947
scene_1,user_3127,item_9442,0.5100697232983947
scene_1,user_3922,item_4501,0.25365892483943775
scene_1,user_3922,item_7132,0.25365892483943775
scene_1,user_3101,item_4975,0.3633810027301768
scene_1,user_3108,item_4975,0.3633810027301768
scene_1,user_9725,item_4975,0.3633810027301768
scene_1,user_4276,item_4975,0.3633810027301768
scene_1,user_6912,item_4975,0.3633810027301768
scene_1,user_6461,item_4717,0.4164701851078906
scene_1,user_6461,item_880,0.4164701851078906
scene_1,user_8137,item_4717,0.4164701851078906
scene_1,user_8137,item_880,0.4164701851078906
scene_1,user_1308,item_4204,0.6436363296498353
scene_1,user_5034,item_2572,0.6436363296498353
scene_1,user_4757,item_556,0.6436363296498353
scene_1,user_7112,item_2992,0.37160360818355515
scene_1,user_7112,item_7513,0.37160360818355515
scene_1,user_7155,item_2953,0.3400464821989298
scene_1,user_7155,item_9694,0.3400464821989298
scene_1,user_9405,item_9694,0.24044917348149392
scene_1,user_5743,item_2953,0.3400464821989298
scene_1,user_5743,item_9694,0.3400464821989298
scene_1,user_4739,item_2953,0.24044917348149392
scene_1,user_732,item_2953,0.3400464821989298
scene_1,user_732,item_9694,0.3400464821989298
scene_1,user_587,item_2953,0.3400464821989298
scene_1,user_587,item_9694,0.3400464821989298
scene_1,user_8072,item_2953,0.3400464821989298
scene_1,user_8072,item_9694,0.3400464821989298
scene_1,user_8556,item_52,0.32181816482491765
scene_1,user_8556,item_6694,0.32181816482491765
scene_1,user_3530,item_52,0.32181816482491765
scene_1,user_3530,item_6694,0.32181816482491765
scene_1,user_2868,item_52,0.22755980665670933
scene_1,user_2868,item_2809,0.18580180409177757
scene_1,user_2868,item_3130,0.18580180409177757
scene_1,user_2868,item_3397,0.18580180409177757
scene_1,user_2868,item_7753,0.18580180409177757
scene_1,user_4622,item_52,0.32181816482491765
scene_1,user_4622,item_6694,0.32181816482491765
scene_1,user_1594,item_52,0.32181816482491765
scene_1,user_1594,item_6694,0.32181816482491765
scene_1,user_6549,item_52,0.32181816482491765
scene_1,user_6549,item_6694,0.32181816482491765
scene_1,user_4593,item_52,0.32181816482491765
scene_1,user_4593,item_6694,0.32181816482491765
scene_1,user_4291,item_6694,0.22755980665670933
scene_1,user_4291,item_3688,0.1729881281305968
scene_1,user_4291,item_4873,0.1729881281305968
scene_1,user_4291,item_7639,0.1729881281305968
scene_1,user_4291,item_8134,0.1729881281305968
scene_1,user_4291,item_1996,0.1412442151597197
scene_1,user_4291,item_8386,0.1412442151597197
scene_1,user_7643,item_2503,0.6436363296498353
scene_1,user_9280,item_8254,0.6436363296498353
scene_1,user_3055,item_6520,0.5255268625199613
scene_1,user_3055,item_748,0.5255268625199613
scene_1,user_7719,item_5806,0.20979811974466375
scene_1,user_7719,item_9061,0.20979811974466375
scene_1,user_7719,item_1786,0.18580180409177757
scene_1,user_7719,item_6682,0.18580180409177757
scene_1,user_2569,item_6514,0.4164701851078906
scene_1,user_2569,item_8785,0.4164701851078906
scene_1,user_8371,item_6514,0.4164701851078906
scene_1,user_8371,item_8785,0.4164701851078906
scene_1,user_9030,item_1702,0.32181816482491765
scene_1,user_9030,item_2521,0.32181816482491765
scene_1,user_9030,item_4621,0.32181816482491765
scene_1,user_9030,item_835,0.32181816482491765
scene_1,user_9030,item_8701,0.26276343125998064
scene_1,user_9030,item_8794,0.26276343125998064
scene_1,user_6476,item_1702,0.32181816482491765
scene_1,user_6476,item_2521,0.32181816482491765
scene_1,user_6476,item_4621,0.32181816482491765
scene_1,user_6476,item_835,0.32181816482491765
scene_1,user_6476,item_8701,0.26276343125998064
scene_1,user_6476,item_8794,0.26276343125998064
scene_1,user_3538,item_1030,0.22755980665670933
scene_1,user_3538,item_1702,0.22755980665670933
scene_1,user_3538,item_2521,0.22755980665670933
scene_1,user_3538,item_4621,0.22755980665670933
scene_1,user_3538,item_5533,0.22755980665670933
scene_1,user_3538,item_7123,0.22755980665670933
scene_1,user_3538,item_8701,0.18580180409177757
scene_1,user_3538,item_8794,0.18580180409177757
scene_1,user_6522,item_1702,0.22755980665670933
scene_1,user_6522,item_2521,0.22755980665670933
scene_1,user_6522,item_835,0.22755980665670933
scene_1,user_6522,item_8701,0.18580180409177757
scene_1,user_6522,item_8794,0.18580180409177757
scene_1,user_8700,item_1702,0.32181816482491765
scene_1,user_8700,item_2521,0.32181816482491765
scene_1,user_8700,item_4621,0.32181816482491765
scene_1,user_8700,item_835,0.32181816482491765
scene_1,user_8700,item_8701,0.26276343125998064
scene_1,user_8700,item_8794,0.26276343125998064
scene_1,user_4856,item_7924,0.25365892483943775
scene_1,user_4856,item_1702,0.18580180409177757
scene_1,user_4856,item_2521,0.18580180409177757
scene_1,user_4856,item_4621,0.18580180409177757
scene_1,user_4856,item_835,0.18580180409177757
scene_1,user_4856,item_1060,0.17729997979489165
scene_1,user_4856,item_6523,0.17729997979489165
scene_1,user_4856,item_8830,0.17729997979489165
scene_1,user_4856,item_3262,0.14476482730108392
scene_1,user_4856,item_7846,0.14476482730108392
scene_1,user_4856,item_9736,0.14476482730108392
scene_1,user_4856,item_9802,0.14476482730108392
scene_1,user_52,item_7234,0.45511961331341866
scene_1,user_52,item_1354,0.25694917118487537
scene_1,user_9802,item_1354,0.3633810027301768
scene_1,user_9802,item_6142,0.3633810027301768
scene_1,user_9459,item_6142,0.25694917118487537
scene_1,user_2234,item_1354,0.3633810027301768
scene_1,user_2234,item_6142,0.3633810027301768
scene_1,user_1021,item_1354,0.3633810027301768
scene_1,user_1021,item_6142,0.3633810027301768
scene_1,user_4348,item_1354,0.3633810027301768
scene_1,user_4348,item_6142,0.3633810027301768
scene_1,user_5503,item_2377,0.45511961331341866
scene_1,user_679,item_1438,0.37160360818355515
scene_1,user_679,item_7024,0.37160360818355515
scene_1,user_7549,item_4795,0.5100697232983947
scene_1,user_5205,item_4795,0.5100697232983947
scene_1,user_7585,item_7552,0.4164701851078906
scene_1,user_7585,item_9748,0.4164701851078906
scene_1,user_7441,item_7552,0.4164701851078906
scene_1,user_7441,item_9748,0.4164701851078906
scene_1,user_882,item_2893,0.37160360818355515
scene_1,user_882,item_4501,0.20979811974466375
scene_1,user_5893,item_2959,0.6436363296498353
scene_1,user_9245,item_1516,0.5255268625199613
scene_1,user_9245,item_5254,0.5255268625199613
scene_1,user_7005,item_2800,0.43935014561520125
scene_1,user_7005,item_4318,0.43935014561520125
scene_1,user_8831,item_2800,0.31066746727980593
scene_1,user_8798,item_2800,0.43935014561520125
scene_1,user_8798,item_4318,0.43935014561520125
scene_1,user_7071,item_4318,0.31066746727980593
scene_1,user_2840,item_2947,0.2790553132756236
scene_1,user_2840,item_799,0.2790553132756236
scene_1,user_2840,item_3943,0.22784770917926217
scene_1,user_2840,item_7072,0.22784770917926217
scene_1,user_2840,item_7729,0.20851619571212315
scene_1,user_2840,item_8203,0.20851619571212315
scene_1,user_2840,item_9361,0.20851619571212315
scene_1,user_2840,item_9610,0.20851619571212315
scene_1,user_5298,item_1627,0.31066746727980593
scene_1,user_5298,item_2947,0.2790553132756236
scene_1,user_5298,item_724,0.2790553132756236
scene_1,user_5298,item_3943,0.22784770917926217
scene_1,user_5298,item_7072,0.22784770917926217
scene_1,user_4305,item_2947,0.22784770917926217
scene_1,user_4305,item_724,0.22784770917926217
scene_1,user_4305,item_799,0.22784770917926217
scene_1,user_4305,item_5992,0.19632592803453744
scene_1,user_3350,item_2947,0.39464380868665966
scene_1,user_3350,item_724,0.39464380868665966
scene_1,user_3350,item_799,0.39464380868665966
scene_1,user_3350,item_3943,0.3222253204769533
scene_1,user_3350,item_7072,0.3222253204769533
scene_1,user_2194,item_1345,0.45511961331341866
scene_1,user_2194,item_1570,0.19732190434332983
scene_1,user_2194,item_5188,0.19732190434332983
scene_1,user_2194,item_8158,0.19732190434332983
scene_1,user_1963,item_2437,0.45511961331341866
scene_1,user_1963,item_3106,0.25694917118487537
scene_1,user_1963,item_9664,0.25694917118487537
scene_1,user_1963,item_5971,0.20979811974466375
scene_1,user_1963,item_7792,0.20979811974466375
scene_1,user_7737,item_3106,0.3633810027301768
scene_1,user_7737,item_6472,0.3633810027301768
scene_1,user_7737,item_9664,0.3633810027301768
scene_1,user_7737,item_5971,0.29669934630327804
scene_1,user_7737,item_7792,0.29669934630327804
scene_1,user_3677,item_3265,0.36067376022224085
scene_1,user_3677,item_3106,0.25694917118487537
scene_1,user_3677,item_6472,0.25694917118487537
scene_1,user_3677,item_5971,0.20979811974466375
scene_1,user_3677,item_7792,0.20979811974466375
scene_1,user_9255,item_13,0.22784770917926217
scene_1,user_9255,item_7711,0.22784770917926217
scene_1,user_9255,item_3106,0.20979811974466375
scene_1,user_9255,item_6472,0.20979811974466375
scene_1,user_9255,item_9664,0.20979811974466375
scene_1,user_5591,item_3106,0.3633810027301768
scene_1,user_5591,item_6472,0.3633810027301768
scene_1,user_5591,item_9664,0.3633810027301768
scene_1,user_5591,item_5971,0.29669934630327804
scene_1,user_5591,item_7792,0.29669934630327804
scene_1,user_409,item_217,0.2790553132756236
scene_1,user_409,item_8776,0.2790553132756236
scene_1,user_409,item_4,0.22755980665670933
scene_1,user_409,item_958,0.22755980665670933
scene_1,user_409,item_6835,0.18580180409177757
scene_1,user_409,item_9781,0.18580180409177757
scene_1,user_2120,item_217,0.39464380868665966
scene_1,user_2120,item_4825,0.39464380868665966
scene_1,user_2120,item_8776,0.39464380868665966
scene_1,user_9057,item_7924,0.36067376022224085
scene_1,user_9057,item_217,0.2790553132756236
scene_1,user_9057,item_4825,0.2790553132756236
scene_1,user_2337,item_217,0.39464380868665966
scene_1,user_2337,item_4825,0.39464380868665966
scene_1,user_2337,item_8776,0.39464380868665966
scene_1,user_9308,item_2152,0.6436363296498353
scene_1,user_2474,item_4432,0.6436363296498353
scene_1,user_8359,item_4915,0.45511961331341866
scene_1,user_8359,item_7669,0.2790553132756236
scene_1,user_278,item_3907,0.39464380868665966
scene_1,user_278,item_7669,0.39464380868665966
scene_1,user_3361,item_3907,0.39464380868665966
scene_1,user_3361,item_7669,0.39464380868665966
scene_1,user_6622,item_3907,0.39464380868665966
scene_1,user_6622,item_7669,0.39464380868665966
scene_1,user_4633,item_3907,0.2790553132756236
scene_1,user_4633,item_715,0.2790553132756236
scene_1,user_8357,item_52,0.3633810027301768
scene_1,user_8357,item_8704,0.3633810027301768
scene_1,user_3021,item_3886,0.36067376022224085
scene_1,user_3021,item_52,0.25694917118487537
scene_1,user_3970,item_52,0.3633810027301768
scene_1,user_3970,item_8704,0.3633810027301768
scene_1,user_5514,item_52,0.3633810027301768
scene_1,user_5514,item_8704,0.3633810027301768
scene_1,user_5253,item_52,0.3633810027301768
scene_1,user_5253,item_8704,0.3633810027301768
scene_1,user_7860,item_8704,0.25694917118487537
scene_1,user_7860,item_3424,0.1729881281305968
scene_1,user_7860,item_4873,0.1729881281305968
scene_1,user_7860,item_7639,0.1729881281305968
scene_1,user_7860,item_8134,0.1729881281305968
scene_1,user_7860,item_1996,0.1412442151597197
scene_1,user_7860,item_8386,0.1412442151597197
scene_1,user_287,item_1678,0.39464380868665966
scene_1,user_287,item_2410,0.3222253204769533
scene_1,user_287,item_4426,0.3222253204769533
scene_1,user_9689,item_1678,0.22784770917926217
scene_1,user_4994,item_2410,0.22784770917926217
scene_1,user_4994,item_4426,0.22784770917926217
scene_1,user_93,item_1678,0.39464380868665966
scene_1,user_93,item_2410,0.3222253204769533
scene_1,user_93,item_4426,0.3222253204769533
scene_1,user_3917,item_1678,0.39464380868665966
scene_1,user_3917,item_2410,0.3222253204769533
scene_1,user_3917,item_4426,0.3222253204769533
scene_1,user_2959,item_1810,0.37160360818355515
scene_1,user_2959,item_775,0.37160360818355515
scene_1,user_5188,item_3934,0.37160360818355515
scene_1,user_5188,item_9031,0.22784770917926217
scene_1,user_3679,item_4600,0.2790553132756236
scene_1,user_3679,item_5365,0.2790553132756236
scene_1,user_3679,item_7339,0.2790553132756236
scene_1,user_2699,item_1081,0.2790553132756236
scene_1,user_2699,item_5365,0.2790553132756236
scene_1,user_2699,item_7339,0.2790553132756236
scene_1,user_2699,item_2026,0.25694917118487537
scene_1,user_2699,item_3778,0.25694917118487537
scene_1,user_3805,item_4792,0.45511961331341866
scene_1,user_3805,item_1081,0.2790553132756236
scene_1,user_3805,item_4600,0.2790553132756236
scene_1,user_3805,item_7339,0.2790553132756236
scene_1,user_2732,item_1081,0.39464380868665966
scene_1,user_2732,item_4600,0.39464380868665966
scene_1,user_2732,item_5365,0.39464380868665966
scene_1,user_2732,item_7339,0.39464380868665966
scene_1,user_4969,item_1081,0.2790553132756236
scene_1,user_4969,item_4600,0.2790553132756236
scene_1,user_4969,item_5365,0.2790553132756236
scene_1,user_4969,item_2158,0.20121480219092233
scene_1,user_4969,item_7732,0.20121480219092233
scene_1,user_4969,item_1144,0.1642911980209368
scene_1,user_4969,item_2368,0.1642911980209368
scene_1,user_4969,item_5845,0.14228035110431095
scene_1,user_4969,item_9373,0.14228035110431095
scene_1,user_4969,item_9655,0.14228035110431095
scene_1,user_2226,item_6271,0.6436363296498353
scene_1,user_331,item_4000,0.2790553132756236
scene_1,user_331,item_952,0.2790553132756236
scene_1,user_331,item_1651,0.22784770917926217
scene_1,user_331,item_4297,0.22784770917926217
scene_1,user_2161,item_511,0.31066746727980593
scene_1,user_2161,item_682,0.31066746727980593
scene_1,user_2161,item_5812,0.2790553132756236
scene_1,user_2161,item_625,0.22784770917926217
scene_1,user_2161,item_7435,0.22784770917926217
scene_1,user_16,item_6259,0.37160360818355515
scene_1,user_16,item_9655,0.37160360818355515
scene_1,user_16,item_511,0.31066746727980593
scene_1,user_16,item_514,0.31066746727980593
scene_1,user_387,item_511,0.43935014561520125
scene_1,user_387,item_514,0.43935014561520125
scene_1,user_387,item_682,0.43935014561520125
scene_1,user_94,item_514,0.31066746727980593
scene_1,user_94,item_682,0.31066746727980593
scene_1,user_94,item_4507,0.2790553132756236
scene_1,user_3911,item_5611,0.31066746727980593
scene_1,user_3911,item_2026,0.25694917118487537
scene_1,user_3911,item_3742,0.25694917118487537
scene_1,user_9693,item_4600,0.43935014561520125
scene_1,user_9693,item_5611,0.43935014561520125
scene_1,user_878,item_4600,0.31066746727980593
scene_1,user_4039,item_4600,0.43935014561520125
scene_1,user_4039,item_5611,0.43935014561520125
scene_1,user_4669,item_4243,0.39464380868665966
scene_1,user_4669,item_1702,0.3222253204769533
scene_1,user_4669,item_1969,0.3222253204769533
scene_1,user_4669,item_373,0.3222253204769533
scene_1,user_4669,item_7627,0.3222253204769533
scene_1,user_8062,item_4243,0.39464380868665966
scene_1,user_8062,item_1702,0.3222253204769533
scene_1,user_8062,item_1969,0.3222253204769533
scene_1,user_8062,item_373,0.3222253204769533
scene_1,user_8062,item_7627,0.3222253204769533
scene_1,user_6533,item_1702,0.22784770917926217
scene_1,user_6533,item_1969,0.22784770917926217
scene_1,user_6533,item_373,0.22784770917926217
scene_1,user_6533,item_7627,0.22784770917926217
scene_1,user_524,item_1672,0.43935014561520125
scene_1,user_2340,item_1672,0.43935014561520125
scene_1,user_6595,item_1672,0.43935014561520125
scene_1,user_5970,item_4780,0.5100697232983947
scene_1,user_993,item_4780,0.5100697232983947
scene_1,user_1264,item_8143,0.5100697232983947
scene_1,user_7313,item_8143,0.5100697232983947
scene_1,user_9273,item_3667,0.45511961331341866
scene_1,user_9273,item_2803,0.24044917348149392
scene_1,user_9273,item_5191,0.24044917348149392
scene_1,user_9273,item_6139,0.24044917348149392
scene_1,user_5603,item_5317,0.4164701851078906
scene_1,user_5603,item_7561,0.4164701851078906
scene_1,user_8068,item_5317,0.4164701851078906
scene_1,user_8068,item_7561,0.4164701851078906
scene_1,user_589,item_3061,0.22784770917926217
scene_1,user_589,item_5311,0.19632592803453744
scene_1,user_589,item_4771,0.1602994489876626
scene_1,user_589,item_9373,0.1602994489876626
scene_1,user_146,item_1708,0.22755980665670933
scene_1,user_146,item_7495,0.22755980665670933
scene_1,user_5618,item_5941,0.5100697232983947
scene_1,user_6715,item_5941,0.5100697232983947
scene_1,user_5299,item_3586,0.4164701851078906
scene_1,user_5299,item_7072,0.4164701851078906
scene_1,user_6724,item_3586,0.4164701851078906
scene_1,user_6724,item_7072,0.4164701851078906
scene_1,user_242,item_2512,0.5100697232983947
scene_1,user_1520,item_2512,0.5100697232983947
scene_1,user_6165,item_2377,0.3633810027301768
scene_1,user_6165,item_5008,0.3633810027301768
scene_1,user_6165,item_5602,0.3633810027301768
scene_1,user_6165,item_7933,0.3633810027301768
scene_1,user_2737,item_2377,0.25694917118487537
scene_1,user_2737,item_5602,0.25694917118487537
scene_1,user_2737,item_7933,0.25694917118487537
scene_1,user_2737,item_1165,0.21714724095162588
scene_1,user_2737,item_5677,0.21714724095162588
scene_1,user_2737,item_607,0.21714724095162588
scene_1,user_4139,item_2377,0.25694917118487537
scene_1,user_4139,item_5008,0.25694917118487537
scene_1,user_4139,item_5602,0.25694917118487537
scene_1,user_1513,item_2377,0.3633810027301768
scene_1,user_1513,item_5008,0.3633810027301768
scene_1,user_1513,item_5602,0.3633810027301768
scene_1,user_1513,item_7933,0.3633810027301768
scene_1,user_1867,item_7681,0.45511961331341866
scene_1,user_1867,item_2377,0.25694917118487537
scene_1,user_1867,item_5008,0.25694917118487537
scene_1,user_1867,item_7933,0.25694917118487537
scene_1,user_6607,item_7024,0.6436363296498353
scene_1,user_6794,item_1186,0.20851619571212315
scene_1,user_6794,item_1225,0.20851619571212315
scene_1,user_6794,item_1438,0.17025276086700514
scene_1,user_6794,item_4795,0.17025276086700514
scene_1,user_9754,item_5131,0.35872789172491043
scene_1,user_9754,item_7426,0.35872789172491043
scene_1,user_2146,item_5131,0.35872789172491043
scene_1,user_2146,item_7426,0.35872789172491043
scene_1,user_8346,item_5131,0.35872789172491043
scene_1,user_8346,item_7426,0.35872789172491043
scene_1,user_5437,item_4069,0.43935014561520125
scene_1,user_5437,item_8359,0.43935014561520125
scene_1,user_5256,item_2752,0.36067376022224085
scene_1,user_5256,item_4069,0.31066746727980593
scene_1,user_6657,item_4069,0.43935014561520125
scene_1,user_6657,item_8359,0.43935014561520125
scene_1,user_773,item_8359,0.31066746727980593
scene_1,user_773,item_4501,0.17025276086700514
scene_1,user_773,item_7063,0.17025276086700514
scene_1,user_773,item_8077,0.17025276086700514
scene_1,user_773,item_952,0.17025276086700514
scene_1,user_6923,item_1741,0.2845607022086219
scene_1,user_6923,item_5596,0.2845607022086219
scene_1,user_6923,item_2269,0.23234284041973263
scene_1,user_6923,item_6115,0.23234284041973263
scene_1,user_9922,item_1741,0.2845607022086219
scene_1,user_9922,item_5596,0.2845607022086219
scene_1,user_9922,item_2269,0.23234284041973263
scene_1,user_9922,item_6115,0.23234284041973263
scene_1,user_7074,item_1741,0.2845607022086219
scene_1,user_7074,item_5596,0.2845607022086219
scene_1,user_7074,item_2269,0.23234284041973263
scene_1,user_7074,item_6115,0.23234284041973263
scene_1,user_7966,item_1741,0.2845607022086219
scene_1,user_7966,item_5596,0.2845607022086219
scene_1,user_7966,item_2269,0.23234284041973263
scene_1,user_7966,item_6115,0.23234284041973263
scene_1,user_4948,item_6982,0.22755980665670933
scene_1,user_4948,item_1741,0.20121480219092233
scene_1,user_4948,item_3499,0.18580180409177757
scene_1,user_4948,item_5686,0.18580180409177757
scene_1,user_4948,item_2269,0.1642911980209368
scene_1,user_4948,item_6115,0.1642911980209368
scene_1,user_838,item_1741,0.2845607022086219
scene_1,user_838,item_5596,0.2845607022086219
scene_1,user_838,item_2269,0.23234284041973263
scene_1,user_838,item_6115,0.23234284041973263
scene_1,user_6698,item_1741,0.2845607022086219
scene_1,user_6698,item_5596,0.2845607022086219
scene_1,user_6698,item_2269,0.23234284041973263
scene_1,user_6698,item_6115,0.23234284041973263
scene_1,user_8076,item_1741,0.2845607022086219
scene_1,user_8076,item_5596,0.2845607022086219
scene_1,user_8076,item_2269,0.23234284041973263
scene_1,user_8076,item_6115,0.23234284041973263
scene_1,user_3986,item_1741,0.2845607022086219
scene_1,user_3986,item_5596,0.2845607022086219
scene_1,user_3986,item_2269,0.23234284041973263
scene_1,user_3986,item_6115,0.23234284041973263
scene_1,user_2505,item_3643,0.22755980665670933
scene_1,user_2505,item_958,0.22755980665670933
scene_1,user_2505,item_6835,0.18580180409177757
scene_1,user_2505,item_9781,0.18580180409177757
scene_1,user_6962,item_4825,0.5100697232983947
scene_1,user_6219,item_4825,0.5100697232983947
scene_1,user_7278,item_6271,0.43935014561520125
scene_1,user_9993,item_6271,0.43935014561520125
scene_1,user_8193,item_6271,0.43935014561520125
scene_1,user_5841,item_376,0.2790553132756236
scene_1,user_5841,item_952,0.2790553132756236
scene_1,user_5841,item_1651,0.22784770917926217
scene_1,user_5841,item_4297,0.22784770917926217
scene_1,user_6914,item_1174,0.32181816482491765
scene_1,user_6914,item_9781,0.32181816482491765
scene_1,user_6914,item_4771,0.22755980665670933
scene_1,user_6914,item_4999,0.22755980665670933
scene_1,user_6914,item_5176,0.22755980665670933
scene_1,user_741,item_1174,0.32181816482491765
scene_1,user_741,item_9781,0.32181816482491765
scene_1,user_741,item_4771,0.22755980665670933
scene_1,user_741,item_4999,0.22755980665670933
scene_1,user_741,item_5176,0.22755980665670933
scene_1,user_3621,item_1174,0.32181816482491765
scene_1,user_3621,item_9781,0.32181816482491765
scene_1,user_3621,item_4771,0.22755980665670933
scene_1,user_3621,item_4999,0.22755980665670933
scene_1,user_3621,item_5176,0.22755980665670933
scene_1,user_8630,item_7435,0.31066746727980593
scene_1,user_8630,item_4825,0.25365892483943775
scene_1,user_8630,item_6835,0.25365892483943775
scene_1,user_8630,item_1174,0.22755980665670933
scene_1,user_8630,item_4771,0.16090908241245883
scene_1,user_8630,item_4999,0.16090908241245883
scene_1,user_8630,item_5176,0.16090908241245883
scene_1,user_5972,item_1174,0.32181816482491765
scene_1,user_5972,item_9781,0.32181816482491765
scene_1,user_5972,item_4771,0.22755980665670933
scene_1,user_5972,item_4999,0.22755980665670933
scene_1,user_5972,item_5176,0.22755980665670933
scene_1,user_7637,item_1174,0.16090908241245883
scene_1,user_7637,item_5359,0.16090908241245883
scene_1,user_7637,item_8725,0.16090908241245883
scene_1,user_7637,item_9781,0.16090908241245883
scene_1,user_7637,item_5317,0.13138171562999032
scene_1,user_7637,item_9373,0.13138171562999032
scene_1,user_1562,item_1174,0.32181816482491765
scene_1,user_1562,item_9781,0.32181816482491765
scene_1,user_1562,item_4771,0.22755980665670933
scene_1,user_1562,item_4999,0.22755980665670933
scene_1,user_1562,item_5176,0.22755980665670933
scene_1,user_7722,item_4888,0.6436363296498353
scene_1,user_5236,item_4726,0.45511961331341866
scene_1,user_8565,item_4087,0.4164701851078906
scene_1,user_8565,item_4507,0.4164701851078906
scene_1,user_6260,item_4087,0.4164701851078906
scene_1,user_6260,item_4507,0.4164701851078906
scene_1,user_2876,item_511,0.2944888920518062
scene_1,user_2876,item_7297,0.2944888920518062
scene_1,user_2876,item_121,0.14476482730108392
scene_1,user_2876,item_8257,0.14476482730108392
scene_1,user_7190,item_5653,0.43935014561520125
scene_1,user_7190,item_6673,0.43935014561520125
scene_1,user_2162,item_5653,0.31066746727980593
scene_1,user_2162,item_8905,0.2790553132756236
scene_1,user_4753,item_5653,0.43935014561520125
scene_1,user_4753,item_6673,0.43935014561520125
scene_1,user_2411,item_6673,0.31066746727980593
scene_1,user_3234,item_5614,0.6436363296498353
scene_1,user_847,item_2080,0.32181816482491765
scene_1,user_847,item_2569,0.32181816482491765
scene_1,user_847,item_6934,0.26276343125998064
scene_1,user_847,item_9973,0.26276343125998064
scene_1,user_2751,item_2080,0.32181816482491765
scene_1,user_2751,item_2569,0.32181816482491765
scene_1,user_2751,item_6934,0.26276343125998064
scene_1,user_2751,item_9973,0.26276343125998064
scene_1,user_9107,item_2080,0.22755980665670933
scene_1,user_9107,item_6934,0.18580180409177757
scene_1,user_9107,item_9973,0.18580180409177757
scene_1,user_4254,item_2080,0.32181816482491765
scene_1,user_4254,item_2569,0.32181816482491765
scene_1,user_4254,item_6934,0.26276343125998064
scene_1,user_4254,item_9973,0.26276343125998064
scene_1,user_2913,item_2080,0.32181816482491765
scene_1,user_2913,item_2569,0.32181816482491765
scene_1,user_2913,item_6934,0.26276343125998064
scene_1,user_2913,item_9973,0.26276343125998064
scene_1,user_5807,item_2080,0.18580180409177757
scene_1,user_5807,item_2569,0.18580180409177757
scene_1,user_2294,item_2080,0.32181816482491765
scene_1,user_2294,item_2569,0.32181816482491765
scene_1,user_2294,item_6934,0.26276343125998064
scene_1,user_2294,item_9973,0.26276343125998064
scene_1,user_1973,item_6271,0.37160360818355515
scene_1,user_1973,item_3982,0.17025276086700514
scene_1,user_1973,item_2233,0.1591642693748526
scene_1,user_1973,item_5299,0.1591642693748526
scene_1,user_1973,item_5815,0.1591642693748526
scene_1,user_1973,item_9391,0.1591642693748526
scene_1,user_1973,item_9748,0.1591642693748526
scene_1,user_1973,item_7063,0.13901079714141543
scene_1,user_1973,item_8077,0.13901079714141543
scene_1,user_1973,item_4975,0.1299570817504267
scene_1,user_1973,item_7132,0.1299570817504267
scene_1,user_1973,item_8779,0.1299570817504267
scene_1,user_1973,item_9895,0.1299570817504267
scene_1,user_7703,item_3982,0.29488643195052716
scene_1,user_7703,item_4501,0.240773763449582
scene_1,user_7703,item_7063,0.240773763449582
scene_1,user_7703,item_8077,0.240773763449582
scene_1,user_7703,item_952,0.240773763449582
scene_1,user_5150,item_3982,0.29488643195052716
scene_1,user_5150,item_4501,0.240773763449582
scene_1,user_5150,item_7063,0.240773763449582
scene_1,user_5150,item_8077,0.240773763449582
scene_1,user_5150,item_952,0.240773763449582
scene_1,user_8935,item_3982,0.29488643195052716
scene_1,user_8935,item_4501,0.240773763449582
scene_1,user_8935,item_7063,0.240773763449582
scene_1,user_8935,item_8077,0.240773763449582
scene_1,user_8935,item_952,0.240773763449582
scene_1,user_1778,item_3982,0.29488643195052716
scene_1,user_1778,item_4501,0.240773763449582
scene_1,user_1778,item_7063,0.240773763449582
scene_1,user_1778,item_8077,0.240773763449582
scene_1,user_1778,item_952,0.240773763449582
scene_1,user_800,item_2572,0.17025276086700514
scene_1,user_800,item_3982,0.17025276086700514
scene_1,user_800,item_6349,0.17025276086700514
scene_1,user_800,item_8017,0.17025276086700514
scene_1,user_800,item_2389,0.13901079714141543
scene_1,user_800,item_4501,0.13901079714141543
scene_1,user_800,item_5236,0.13901079714141543
scene_1,user_800,item_6724,0.13901079714141543
scene_1,user_800,item_8635,0.13901079714141543
scene_1,user_800,item_952,0.13901079714141543
scene_1,user_6706,item_3982,0.29488643195052716
scene_1,user_6706,item_4501,0.240773763449582
scene_1,user_6706,item_7063,0.240773763449582
scene_1,user_6706,item_8077,0.240773763449582
scene_1,user_6706,item_952,0.240773763449582
scene_1,user_7123,item_3982,0.29488643195052716
scene_1,user_7123,item_4501,0.240773763449582
scene_1,user_7123,item_7063,0.240773763449582
scene_1,user_7123,item_8077,0.240773763449582
scene_1,user_7123,item_952,0.240773763449582
scene_1,user_2980,item_3982,0.29488643195052716
scene_1,user_2980,item_4501,0.240773763449582
scene_1,user_2980,item_7063,0.240773763449582
scene_1,user_2980,item_8077,0.240773763449582
scene_1,user_2980,item_952,0.240773763449582
scene_1,user_6667,item_5089,0.5100697232983947
scene_1,user_1393,item_5089,0.5100697232983947
scene_1,user_9413,item_8194,0.6436363296498353
scene_1,user_7194,item_121,0.2507400360344115
scene_1,user_7194,item_4045,0.2507400360344115
scene_1,user_7194,item_4507,0.2507400360344115
scene_1,user_7194,item_8257,0.2507400360344115
scene_1,user_7779,item_121,0.2507400360344115
scene_1,user_7779,item_4045,0.2507400360344115
scene_1,user_7779,item_4507,0.2507400360344115
scene_1,user_7779,item_8257,0.2507400360344115
scene_1,user_1484,item_121,0.2507400360344115
scene_1,user_1484,item_4045,0.2507400360344115
scene_1,user_1484,item_4507,0.2507400360344115
scene_1,user_1484,item_8257,0.2507400360344115
scene_1,user_9004,item_121,0.2507400360344115
scene_1,user_9004,item_4045,0.2507400360344115
scene_1,user_9004,item_4507,0.2507400360344115
scene_1,user_9004,item_8257,0.2507400360344115
scene_1,user_8780,item_121,0.2507400360344115
scene_1,user_8780,item_4045,0.2507400360344115
scene_1,user_8780,item_4507,0.2507400360344115
scene_1,user_8780,item_8257,0.2507400360344115
scene_1,user_6478,item_121,0.2507400360344115
scene_1,user_6478,item_4045,0.2507400360344115
scene_1,user_6478,item_4507,0.2507400360344115
scene_1,user_6478,item_8257,0.2507400360344115
scene_1,user_5680,item_121,0.2507400360344115
scene_1,user_5680,item_4045,0.2507400360344115
scene_1,user_5680,item_4507,0.2507400360344115
scene_1,user_5680,item_8257,0.2507400360344115
scene_1,user_5526,item_4132,0.32181816482491765
scene_1,user_5526,item_4153,0.32181816482491765
scene_1,user_5526,item_9391,0.32181816482491765
scene_1,user_13,item_4132,0.32181816482491765
scene_1,user_13,item_4153,0.32181816482491765
scene_1,user_13,item_9391,0.32181816482491765
scene_1,user_2437,item_4132,0.32181816482491765
scene_1,user_2437,item_4153,0.32181816482491765
scene_1,user_2437,item_9391,0.32181816482491765
scene_1,user_9698,item_4132,0.22755980665670933
scene_1,user_9698,item_9391,0.22755980665670933
scene_1,user_1541,item_4501,0.24044917348149392
scene_1,user_1541,item_4132,0.22755980665670933
scene_1,user_1541,item_4153,0.22755980665670933
scene_1,user_8813,item_7234,0.45511961331341866
scene_1,user_8813,item_4153,0.22755980665670933
scene_1,user_8813,item_9391,0.22755980665670933
scene_1,user_1147,item_4132,0.32181816482491765
scene_1,user_1147,item_4153,0.32181816482491765
scene_1,user_1147,item_9391,0.32181816482491765
scene_1,user_3546,item_4132,0.32181816482491765
scene_1,user_3546,item_4153,0.32181816482491765
scene_1,user_3546,item_9391,0.32181816482491765
scene_1,user_2099,item_4114,0.45511961331341866
scene_1,user_2099,item_6142,0.25694917118487537
scene_1,user_2099,item_1117,0.10489905987233188
scene_1,user_2099,item_1120,0.10489905987233188
scene_1,user_2099,item_1975,0.10489905987233188
scene_1,user_2099,item_2038,0.10489905987233188
scene_1,user_2099,item_2080,0.10489905987233188
scene_1,user_2099,item_2089,0.10489905987233188
scene_1,user_2099,item_5314,0.10489905987233188
scene_1,user_2099,item_6706,0.10489905987233188
scene_1,user_2099,item_6850,0.10489905987233188
scene_1,user_2099,item_7111,0.10489905987233188
scene_1,user_2099,item_7681,0.10489905987233188
scene_1,user_7008,item_721,0.5100697232983947
scene_1,user_1725,item_721,0.5100697232983947
scene_1,user_6399,item_8656,0.29488643195052716
scene_1,user_7814,item_8656,0.29488643195052716
scene_1,user_2027,item_8656,0.29488643195052716
scene_1,user_7497,item_8656,0.29488643195052716
scene_1,user_2871,item_8656,0.29488643195052716
scene_1,user_2185,item_8656,0.29488643195052716
scene_1,user_9085,item_8656,0.29488643195052716
scene_1,user_9632,item_8656,0.29488643195052716
scene_1,user_5452,item_8656,0.29488643195052716
scene_1,user_5571,item_4114,0.6436363296498353
scene_1,user_4240,item_7837,0.36067376022224085
scene_1,user_4240,item_7405,0.31066746727980593
scene_1,user_5052,item_4729,0.5100697232983947
scene_1,user_5052,item_7837,0.5100697232983947
scene_1,user_1159,item_13,0.37160360818355515
scene_1,user_1159,item_5230,0.37160360818355515
scene_1,user_1159,item_4729,0.36067376022224085
scene_1,user_2932,item_3100,0.39464380868665966
scene_1,user_2932,item_7699,0.39464380868665966
scene_1,user_382,item_3100,0.39464380868665966
scene_1,user_382,item_7699,0.39464380868665966
scene_1,user_2547,item_3100,0.39464380868665966
scene_1,user_2547,item_7699,0.39464380868665966
scene_1,user_4191,item_3100,0.2790553132756236
scene_1,user_507,item_1492,0.1860368755170824
scene_1,user_507,item_2713,0.1860368755170824
scene_1,user_507,item_6268,0.1860368755170824
scene_1,user_507,item_8854,0.1860368755170824
scene_1,user_507,item_1687,0.18580180409177757
scene_1,user_507,item_6847,0.18580180409177757
scene_1,user_9388,item_1492,0.3222253204769533
scene_1,user_9388,item_1942,0.3222253204769533
scene_1,user_9388,item_2713,0.3222253204769533
scene_1,user_9388,item_6268,0.3222253204769533
scene_1,user_9388,item_8854,0.3222253204769533
scene_1,user_9388,item_9331,0.3222253204769533
scene_1,user_8860,item_1492,0.3222253204769533
scene_1,user_8860,item_1942,0.3222253204769533
scene_1,user_8860,item_2713,0.3222253204769533
scene_1,user_8860,item_6268,0.3222253204769533
scene_1,user_8860,item_8854,0.3222253204769533
scene_1,user_8860,item_9331,0.3222253204769533
scene_1,user_9780,item_337,0.5100697232983947
scene_1,user_4006,item_337,0.5100697232983947
scene_1,user_5000,item_2089,0.5100697232983947
scene_1,user_8559,item_2089,0.5100697232983947
scene_1,user_7361,item_2311,0.6436363296498353
scene_1,user_1367,item_2194,0.5255268625199613
scene_1,user_1367,item_8518,0.5255268625199613
scene_1,user_3096,item_2392,0.6436363296498353
scene_1,user_9641,item_1651,0.5255268625199613
scene_1,user_9641,item_6271,0.5255268625199613
scene_1,user_6743,item_1498,0.3222253204769533
scene_1,user_6743,item_1591,0.3222253204769533
scene_1,user_3442,item_1498,0.3222253204769533
scene_1,user_3442,item_1591,0.3222253204769533
scene_1,user_2806,item_1498,0.3222253204769533
scene_1,user_2806,item_1591,0.3222253204769533
scene_1,user_7297,item_1498,0.3222253204769533
scene_1,user_7297,item_1591,0.3222253204769533
scene_1,user_421,item_3583,0.5100697232983947
scene_1,user_6554,item_3583,0.5100697232983947
scene_1,user_652,item_460,0.5100697232983947
scene_1,user_1113,item_460,0.5100697232983947
scene_1,user_4679,item_1096,0.6436363296498353
scene_1,user_1905,item_1684,0.43935014561520125
scene_1,user_317,item_1684,0.43935014561520125
scene_1,user_9893,item_1684,0.43935014561520125
scene_1,user_4319,item_7480,0.43935014561520125
scene_1,user_6089,item_7480,0.43935014561520125
scene_1,user_8898,item_9592,0.45511961331341866
scene_1,user_7675,item_7480,0.43935014561520125
scene_1,user_2663,item_9382,0.2790553132756236
scene_1,user_2663,item_3292,0.22784770917926217
scene_1,user_2663,item_8935,0.22784770917926217
scene_1,user_4587,item_8956,0.6436363296498353
scene_1,user_7020,item_1237,0.22784770917926217
scene_1,user_7020,item_3064,0.22784770917926217
scene_1,user_7020,item_3232,0.22784770917926217
scene_1,user_7020,item_9931,0.22784770917926217
scene_1,user_7020,item_5455,0.17129944745658357
scene_1,user_7020,item_7939,0.17129944745658357
scene_1,user_222,item_5455,0.29669934630327804
scene_1,user_222,item_6253,0.29669934630327804
scene_1,user_222,item_7522,0.29669934630327804
scene_1,user_222,item_7939,0.29669934630327804
scene_1,user_8677,item_5455,0.29669934630327804
scene_1,user_8677,item_6253,0.29669934630327804
scene_1,user_8677,item_7522,0.29669934630327804
scene_1,user_8677,item_7939,0.29669934630327804
scene_1,user_5685,item_286,0.25365892483943775
scene_1,user_5685,item_9352,0.25365892483943775
scene_1,user_5685,item_6253,0.17129944745658357
scene_1,user_5685,item_7522,0.17129944745658357
scene_1,user_2024,item_5455,0.29669934630327804
scene_1,user_2024,item_6253,0.29669934630327804
scene_1,user_2024,item_7522,0.29669934630327804
scene_1,user_2024,item_7939,0.29669934630327804
scene_1,user_1390,item_5455,0.29669934630327804
scene_1,user_1390,item_6253,0.29669934630327804
scene_1,user_1390,item_7522,0.29669934630327804
scene_1,user_1390,item_7939,0.29669934630327804
scene_1,user_6012,item_2842,0.29488643195052716
scene_1,user_6012,item_5227,0.29488643195052716
scene_1,user_6012,item_2590,0.240773763449582
scene_1,user_6012,item_9754,0.240773763449582
scene_1,user_6012,item_1300,0.186502555208783
scene_1,user_6012,item_2113,0.186502555208783
scene_1,user_6012,item_2848,0.186502555208783
scene_1,user_6012,item_7924,0.186502555208783
scene_1,user_7589,item_2842,0.29488643195052716
scene_1,user_7589,item_5227,0.29488643195052716
scene_1,user_7589,item_2590,0.240773763449582
scene_1,user_7589,item_9754,0.240773763449582
scene_1,user_7589,item_1300,0.186502555208783
scene_1,user_7589,item_2113,0.186502555208783
scene_1,user_7589,item_2848,0.186502555208783
scene_1,user_7589,item_7924,0.186502555208783
scene_1,user_5627,item_5950,0.36067376022224085
scene_1,user_5627,item_2842,0.20851619571212315
scene_1,user_5627,item_2590,0.17025276086700514
scene_1,user_5627,item_9754,0.17025276086700514
scene_1,user_5627,item_1300,0.13187722149674894
scene_1,user_5627,item_2113,0.13187722149674894
scene_1,user_5627,item_2848,0.13187722149674894
scene_1,user_5627,item_7924,0.13187722149674894
scene_1,user_6363,item_2842,0.29488643195052716
scene_1,user_6363,item_5227,0.29488643195052716
scene_1,user_6363,item_2590,0.240773763449582
scene_1,user_6363,item_9754,0.240773763449582
scene_1,user_6363,item_1300,0.186502555208783
scene_1,user_6363,item_2113,0.186502555208783
scene_1,user_6363,item_2848,0.186502555208783
scene_1,user_6363,item_7924,0.186502555208783
scene_1,user_8626,item_2842,0.29488643195052716
scene_1,user_8626,item_5227,0.29488643195052716
scene_1,user_8626,item_2590,0.240773763449582
scene_1,user_8626,item_9754,0.240773763449582
scene_1,user_8626,item_1300,0.186502555208783
scene_1,user_8626,item_2113,0.186502555208783
scene_1,user_8626,item_2848,0.186502555208783
scene_1,user_8626,item_7924,0.186502555208783
scene_1,user_6866,item_2842,0.29488643195052716
scene_1,user_6866,item_5227,0.29488643195052716
scene_1,user_6866,item_2590,0.240773763449582
scene_1,user_6866,item_9754,0.240773763449582
scene_1,user_6866,item_1300,0.186502555208783
scene_1,user_6866,item_2113,0.186502555208783
scene_1,user_6866,item_2848,0.186502555208783
scene_1,user_6866,item_7924,0.186502555208783
scene_1,user_9298,item_2842,0.29488643195052716
scene_1,user_9298,item_5227,0.29488643195052716
scene_1,user_9298,item_2590,0.240773763449582
scene_1,user_9298,item_9754,0.240773763449582
scene_1,user_9298,item_1300,0.186502555208783
scene_1,user_9298,item_2113,0.186502555208783
scene_1,user_9298,item_2848,0.186502555208783
scene_1,user_9298,item_7924,0.186502555208783
scene_1,user_346,item_901,0.32181816482491765
scene_1,user_9292,item_901,0.32181816482491765
scene_1,user_2690,item_901,0.32181816482491765
scene_1,user_3301,item_1630,0.25365892483943775
scene_1,user_3301,item_5470,0.25365892483943775
scene_1,user_3435,item_901,0.32181816482491765
scene_1,user_2961,item_901,0.32181816482491765
scene_1,user_1507,item_901,0.32181816482491765
scene_1,user_6663,item_901,0.32181816482491765
scene_1,user_8379,item_4705,0.5100697232983947
scene_1,user_2537,item_4705,0.5100697232983947
scene_1,user_466,item_1636,0.2790553132756236
scene_1,user_466,item_5959,0.22784770917926217
scene_1,user_466,item_8341,0.22784770917926217
scene_1,user_1802,item_7975,0.5100697232983947
scene_1,user_8158,item_7975,0.5100697232983947
scene_1,user_7876,item_2233,0.2756806013068237
scene_1,user_7876,item_5299,0.2756806013068237
scene_1,user_7876,item_5815,0.2756806013068237
scene_1,user_7876,item_9391,0.2756806013068237
scene_1,user_7876,item_9748,0.2756806013068237
scene_1,user_7876,item_4069,0.22509226839512117
scene_1,user_7876,item_4975,0.22509226839512117
scene_1,user_7876,item_7132,0.22509226839512117
scene_1,user_7876,item_8779,0.22509226839512117
scene_1,user_7876,item_952,0.22509226839512117
scene_1,user_7876,item_9895,0.22509226839512117
scene_1,user_4541,item_2233,0.19493562262564004
scene_1,user_4541,item_5815,0.19493562262564004
scene_1,user_4541,item_9391,0.19493562262564004
scene_1,user_4541,item_9748,0.19493562262564004
scene_1,user_4541,item_4069,0.1591642693748526
scene_1,user_4541,item_4975,0.1591642693748526
scene_1,user_4541,item_7132,0.1591642693748526
scene_1,user_4541,item_8779,0.1591642693748526
scene_1,user_4541,item_952,0.1591642693748526
scene_1,user_4541,item_9895,0.1591642693748526
scene_1,user_9743,item_1555,0.21714724095162588
scene_1,user_9743,item_2104,0.21714724095162588
scene_1,user_9743,item_7033,0.21714724095162588
scene_1,user_9743,item_7048,0.21714724095162588
scene_1,user_9743,item_2233,0.19493562262564004
scene_1,user_9743,item_5299,0.19493562262564004
scene_1,user_9743,item_9391,0.19493562262564004
scene_1,user_9743,item_9748,0.19493562262564004
scene_1,user_9743,item_4069,0.1591642693748526
scene_1,user_9743,item_4975,0.1591642693748526
scene_1,user_9743,item_7132,0.1591642693748526
scene_1,user_9743,item_8779,0.1591642693748526
scene_1,user_9743,item_952,0.1591642693748526
scene_1,user_9743,item_9895,0.1591642693748526
scene_1,user_29,item_2233,0.2756806013068237
scene_1,user_29,item_5299,0.2756806013068237
scene_1,user_29,item_5815,0.2756806013068237
scene_1,user_29,item_9391,0.2756806013068237
scene_1,user_29,item_9748,0.2756806013068237
scene_1,user_29,item_4069,0.22509226839512117
scene_1,user_29,item_4975,0.22509226839512117
scene_1,user_29,item_7132,0.22509226839512117
scene_1,user_29,item_8779,0.22509226839512117
scene_1,user_29,item_952,0.22509226839512117
scene_1,user_29,item_9895,0.22509226839512117
scene_1,user_7343,item_2233,0.2756806013068237
scene_1,user_7343,item_5299,0.2756806013068237
scene_1,user_7343,item_5815,0.2756806013068237
scene_1,user_7343,item_9391,0.2756806013068237
scene_1,user_7343,item_9748,0.2756806013068237
scene_1,user_7343,item_4069,0.22509226839512117
scene_1,user_7343,item_4975,0.22509226839512117
scene_1,user_7343,item_7132,0.22509226839512117
scene_1,user_7343,item_8779,0.22509226839512117
scene_1,user_7343,item_952,0.22509226839512117
scene_1,user_7343,item_9895,0.22509226839512117
scene_1,user_4697,item_5299,0.19493562262564004
scene_1,user_4697,item_5815,0.19493562262564004
scene_1,user_4697,item_9391,0.19493562262564004
scene_1,user_4697,item_9748,0.19493562262564004
scene_1,user_4697,item_4069,0.1591642693748526
scene_1,user_4697,item_4975,0.1591642693748526
scene_1,user_4697,item_7132,0.1591642693748526
scene_1,user_4697,item_8779,0.1591642693748526
scene_1,user_4697,item_952,0.1591642693748526
scene_1,user_4697,item_9895,0.1591642693748526
scene_1,user_4155,item_4114,0.24044917348149392
scene_1,user_4155,item_2233,0.19493562262564004
scene_1,user_4155,item_5299,0.19493562262564004
scene_1,user_4155,item_5815,0.19493562262564004
scene_1,user_4155,item_9748,0.19493562262564004
scene_1,user_4155,item_4069,0.1591642693748526
scene_1,user_4155,item_4975,0.1591642693748526
scene_1,user_4155,item_7132,0.1591642693748526
scene_1,user_4155,item_8779,0.1591642693748526
scene_1,user_4155,item_952,0.1591642693748526
scene_1,user_4155,item_9895,0.1591642693748526
scene_1,user_2276,item_355,0.20979811974466375
scene_1,user_2276,item_7552,0.20979811974466375
scene_1,user_2276,item_2233,0.19493562262564004
scene_1,user_2276,item_5299,0.19493562262564004
scene_1,user_2276,item_5815,0.19493562262564004
scene_1,user_2276,item_9391,0.19493562262564004
scene_1,user_2276,item_4069,0.1591642693748526
scene_1,user_2276,item_4975,0.1591642693748526
scene_1,user_2276,item_7132,0.1591642693748526
scene_1,user_2276,item_8779,0.1591642693748526
scene_1,user_2276,item_952,0.1591642693748526
scene_1,user_2276,item_9895,0.1591642693748526
scene_1,user_5204,item_3361,0.25365892483943775
scene_1,user_5204,item_2233,0.1591642693748526
scene_1,user_5204,item_5299,0.1591642693748526
scene_1,user_5204,item_5815,0.1591642693748526
scene_1,user_5204,item_9391,0.1591642693748526
scene_1,user_5204,item_9748,0.1591642693748526
scene_1,user_5204,item_4069,0.1299570817504267
scene_1,user_5204,item_8779,0.1299570817504267
scene_1,user_5204,item_952,0.1299570817504267
scene_1,user_5204,item_9895,0.1299570817504267
scene_1,user_7853,item_2047,0.18580180409177757
scene_1,user_7853,item_487,0.18580180409177757
scene_1,user_7853,item_1753,0.17729997979489165
scene_1,user_7853,item_2824,0.17729997979489165
scene_1,user_7853,item_4744,0.17729997979489165
scene_1,user_7853,item_8209,0.17729997979489165
scene_1,user_7853,item_2233,0.1591642693748526
scene_1,user_7853,item_5299,0.1591642693748526
scene_1,user_7853,item_5815,0.1591642693748526
scene_1,user_7853,item_9391,0.1591642693748526
scene_1,user_7853,item_9748,0.1591642693748526
scene_1,user_7853,item_6937,0.14476482730108392
scene_1,user_7853,item_9475,0.14476482730108392
scene_1,user_7853,item_4069,0.1299570817504267
scene_1,user_7853,item_4975,0.1299570817504267
scene_1,user_7853,item_7132,0.1299570817504267
scene_1,user_7853,item_952,0.1299570817504267
scene_1,user_3276,item_2233,0.2756806013068237
scene_1,user_3276,item_5299,0.2756806013068237
scene_1,user_3276,item_5815,0.2756806013068237
scene_1,user_3276,item_9391,0.2756806013068237
scene_1,user_3276,item_9748,0.2756806013068237
scene_1,user_3276,item_4069,0.22509226839512117
scene_1,user_3276,item_4975,0.22509226839512117
scene_1,user_3276,item_7132,0.22509226839512117
scene_1,user_3276,item_8779,0.22509226839512117
scene_1,user_3276,item_952,0.22509226839512117
scene_1,user_3276,item_9895,0.22509226839512117
scene_1,user_9841,item_7297,0.36067376022224085
scene_1,user_9841,item_4045,0.2944888920518062
scene_1,user_9841,item_4087,0.2944888920518062
scene_1,user_9841,item_3769,0.2790553132756236
scene_1,user_5463,item_511,0.36067376022224085
scene_1,user_5463,item_4045,0.2944888920518062
scene_1,user_5463,item_4087,0.2944888920518062
scene_1,user_6375,item_1438,0.3222253204769533
scene_1,user_6375,item_5557,0.3222253204769533
scene_1,user_6375,item_7249,0.3222253204769533
scene_1,user_6375,item_7825,0.3222253204769533
scene_1,user_8388,item_1438,0.3222253204769533
scene_1,user_8388,item_5557,0.3222253204769533
scene_1,user_8388,item_7249,0.3222253204769533
scene_1,user_8388,item_7825,0.3222253204769533
scene_1,user_8880,item_1438,0.3222253204769533
scene_1,user_8880,item_5557,0.3222253204769533
scene_1,user_8880,item_7249,0.3222253204769533
scene_1,user_8880,item_7825,0.3222253204769533
scene_1,user_3605,item_1438,0.1860368755170824
scene_1,user_3605,item_7249,0.1860368755170824
scene_1,user_609,item_9730,0.5100697232983947
scene_1,user_9393,item_9730,0.5100697232983947
scene_1,user_6656,item_1069,0.29488643195052716
scene_1,user_6656,item_2053,0.29488643195052716
scene_1,user_6656,item_943,0.29488643195052716
scene_1,user_5041,item_292,0.25694917118487537
scene_1,user_5041,item_5368,0.25694917118487537
scene_1,user_5041,item_8257,0.25694917118487537
scene_1,user_5041,item_1069,0.20851619571212315
scene_1,user_5041,item_2053,0.20851619571212315
scene_1,user_1824,item_1069,0.29488643195052716
scene_1,user_1824,item_2053,0.29488643195052716
scene_1,user_1824,item_943,0.29488643195052716
scene_1,user_5001,item_1069,0.29488643195052716
scene_1,user_5001,item_2053,0.29488643195052716
scene_1,user_5001,item_943,0.29488643195052716
scene_1,user_5486,item_1069,0.29488643195052716
scene_1,user_5486,item_2053,0.29488643195052716
scene_1,user_5486,item_943,0.29488643195052716
scene_1,user_1669,item_1069,0.29488643195052716
scene_1,user_1669,item_2053,0.29488643195052716
scene_1,user_1669,item_943,0.29488643195052716
scene_1,user_8670,item_1069,0.29488643195052716
scene_1,user_8670,item_2053,0.29488643195052716
scene_1,user_8670,item_943,0.29488643195052716
scene_1,user_122,item_1069,0.29488643195052716
scene_1,user_122,item_2053,0.29488643195052716
scene_1,user_122,item_943,0.29488643195052716
scene_1,user_2601,item_4351,0.3633810027301768
scene_1,user_9209,item_4351,0.3633810027301768
scene_1,user_9616,item_4351,0.3633810027301768
scene_1,user_9117,item_4351,0.3633810027301768
scene_1,user_3165,item_4351,0.3633810027301768
scene_1,user_6679,item_2026,0.3633810027301768
scene_1,user_6679,item_3742,0.3633810027301768
scene_1,user_6679,item_3778,0.3633810027301768
scene_1,user_7950,item_2026,0.3633810027301768
scene_1,user_7950,item_3742,0.3633810027301768
scene_1,user_7950,item_3778,0.3633810027301768
scene_1,user_3852,item_2026,0.3633810027301768
scene_1,user_3852,item_3742,0.3633810027301768
scene_1,user_3852,item_3778,0.3633810027301768
scene_1,user_5574,item_9268,0.39464380868665966
scene_1,user_5582,item_9268,0.39464380868665966
scene_1,user_3819,item_9268,0.39464380868665966
scene_1,user_4221,item_9268,0.39464380868665966
scene_1,user_5532,item_1636,0.6436363296498353
scene_1,user_4785,item_6250,0.3633810027301768
scene_1,user_4785,item_6670,0.3633810027301768
scene_1,user_4785,item_5209,0.29669934630327804
scene_1,user_4785,item_7261,0.29669934630327804
scene_1,user_7954,item_6250,0.3633810027301768
scene_1,user_7954,item_6670,0.3633810027301768
scene_1,user_7954,item_5209,0.29669934630327804
scene_1,user_7954,item_7261,0.29669934630327804
scene_1,user_3961,item_9739,0.31066746727980593
scene_1,user_3961,item_6250,0.25694917118487537
scene_1,user_3961,item_1561,0.21967507280760062
scene_1,user_3961,item_265,0.21967507280760062
scene_1,user_3961,item_6916,0.21967507280760062
scene_1,user_3961,item_5209,0.20979811974466375
scene_1,user_3961,item_7261,0.20979811974466375
scene_1,user_8367,item_6670,0.25694917118487537
scene_1,user_8367,item_5209,0.20979811974466375
scene_1,user_8367,item_7261,0.20979811974466375
scene_1,user_7298,item_6250,0.20979811974466375
scene_1,user_7298,item_6670,0.20979811974466375
scene_1,user_7298,item_6916,0.17729997979489165
scene_1,user_4268,item_6250,0.3633810027301768
scene_1,user_4268,item_6670,0.3633810027301768
scene_1,user_4268,item_5209,0.29669934630327804
scene_1,user_4268,item_7261,0.29669934630327804
scene_1,user_2067,item_8551,0.2790553132756236
scene_1,user_2067,item_5320,0.22755980665670933
scene_1,user_2067,item_715,0.22755980665670933
scene_1,user_2067,item_8494,0.22755980665670933
scene_1,user_1195,item_7819,0.39464380868665966
scene_1,user_1195,item_8551,0.39464380868665966
scene_1,user_227,item_7819,0.39464380868665966
scene_1,user_227,item_8551,0.39464380868665966
scene_1,user_4532,item_7819,0.2790553132756236
scene_1,user_4532,item_238,0.20121480219092233
scene_1,user_4532,item_4840,0.20121480219092233
scene_1,user_9444,item_7819,0.39464380868665966
scene_1,user_9444,item_8551,0.39464380868665966
scene_1,user_1992,item_3247,0.6436363296498353
scene_1,user_263,item_1042,0.6436363296498353
scene_1,user_2149,item_4492,0.39464380868665966
scene_1,user_3676,item_4492,0.39464380868665966
scene_1,user_4982,item_4492,0.39464380868665966
scene_1,user_4829,item_4492,0.39464380868665966
scene_1,user_5949,item_4576,0.43935014561520125
scene_1,user_5949,item_4888,0.43935014561520125
scene_1,user_3528,item_4888,0.31066746727980593
scene_1,user_5674,item_4021,0.45511961331341866
scene_1,user_5674,item_4576,0.31066746727980593
scene_1,user_9148,item_4576,0.43935014561520125
scene_1,user_9148,item_4888,0.43935014561520125
scene_1,user_5930,item_4156,0.43935014561520125
scene_1,user_5930,item_7405,0.43935014561520125
scene_1,user_3289,item_4156,0.43935014561520125
scene_1,user_3289,item_7405,0.43935014561520125
scene_1,user_2757,item_4156,0.31066746727980593
scene_1,user_2757,item_1438,0.24044917348149392
scene_1,user_2757,item_3250,0.24044917348149392
scene_1,user_2761,item_7225,0.6436363296498353
scene_1,user_4929,item_1753,0.21714724095162588
scene_1,user_4929,item_2824,0.21714724095162588
scene_1,user_4929,item_8209,0.21714724095162588
scene_1,user_4929,item_4501,0.17729997979489165
scene_1,user_4929,item_6937,0.17729997979489165
scene_1,user_4929,item_8779,0.17729997979489165
scene_1,user_4929,item_9475,0.17729997979489165
scene_1,user_5764,item_9895,0.43935014561520125
scene_1,user_7764,item_9895,0.43935014561520125
scene_1,user_1891,item_9895,0.43935014561520125
scene_1,user_2018,item_3598,0.39464380868665966
scene_1,user_2018,item_1570,0.2790553132756236
scene_1,user_2018,item_5188,0.2790553132756236
scene_1,user_2018,item_8158,0.2790553132756236
scene_1,user_6097,item_3598,0.39464380868665966
scene_1,user_6097,item_1570,0.2790553132756236
scene_1,user_6097,item_5188,0.2790553132756236
scene_1,user_6097,item_8158,0.2790553132756236
scene_1,user_7760,item_2572,0.19732190434332983
scene_1,user_7760,item_3598,0.19732190434332983
scene_1,user_4450,item_3598,0.39464380868665966
scene_1,user_4450,item_1570,0.2790553132756236
scene_1,user_4450,item_5188,0.2790553132756236
scene_1,user_4450,item_8158,0.2790553132756236
scene_1,user_1516,item_6106,0.6436363296498353
scene_1,user_590,item_8725,0.22755980665670933
scene_1,user_590,item_5317,0.18580180409177757
scene_1,user_590,item_9373,0.18580180409177757
scene_1,user_590,item_4003,0.16090908241245883
scene_1,user_590,item_4999,0.16090908241245883
scene_1,user_590,item_5176,0.16090908241245883
scene_1,user_1003,item_5359,0.32181816482491765
scene_1,user_1003,item_8725,0.32181816482491765
scene_1,user_1003,item_5317,0.26276343125998064
scene_1,user_1003,item_9373,0.26276343125998064
scene_1,user_1003,item_4003,0.22755980665670933
scene_1,user_1003,item_4999,0.22755980665670933
scene_1,user_1003,item_5176,0.22755980665670933
scene_1,user_9531,item_5359,0.32181816482491765
scene_1,user_9531,item_8725,0.32181816482491765
scene_1,user_9531,item_5317,0.26276343125998064
scene_1,user_9531,item_9373,0.26276343125998064
scene_1,user_9531,item_4003,0.22755980665670933
scene_1,user_9531,item_4999,0.22755980665670933
scene_1,user_9531,item_5176,0.22755980665670933
scene_1,user_4761,item_5359,0.32181816482491765
scene_1,user_4761,item_8725,0.32181816482491765
scene_1,user_4761,item_5317,0.26276343125998064
scene_1,user_4761,item_9373,0.26276343125998064
scene_1,user_4761,item_4003,0.22755980665670933
scene_1,user_4761,item_4999,0.22755980665670933
scene_1,user_4761,item_5176,0.22755980665670933
scene_1,user_133,item_5359,0.32181816482491765
scene_1,user_133,item_8725,0.32181816482491765
scene_1,user_133,item_5317,0.26276343125998064
scene_1,user_133,item_9373,0.26276343125998064
scene_1,user_133,item_4003,0.22755980665670933
scene_1,user_133,item_4999,0.22755980665670933
scene_1,user_133,item_5176,0.22755980665670933
scene_1,user_8587,item_5311,0.19632592803453744
scene_1,user_8587,item_5359,0.18580180409177757
scene_1,user_8587,item_8725,0.18580180409177757
scene_1,user_8587,item_3919,0.1602994489876626
scene_1,user_8587,item_7561,0.1602994489876626
scene_1,user_8587,item_4003,0.13138171562999032
scene_1,user_8587,item_4999,0.13138171562999032
scene_1,user_8587,item_5176,0.13138171562999032
scene_1,user_8587,item_5845,0.13138171562999032
scene_1,user_8587,item_7339,0.13138171562999032
scene_1,user_8587,item_9655,0.13138171562999032
scene_1,user_4111,item_7360,0.31066746727980593
scene_1,user_4111,item_7924,0.25365892483943775
scene_1,user_4111,item_9577,0.25365892483943775
scene_1,user_4111,item_5359,0.22755980665670933
scene_1,user_4111,item_5317,0.18580180409177757
scene_1,user_4111,item_9373,0.18580180409177757
scene_1,user_4111,item_4003,0.16090908241245883
scene_1,user_4111,item_4999,0.16090908241245883
scene_1,user_4111,item_5176,0.16090908241245883
scene_1,user_76,item_3742,0.45511961331341866
scene_1,user_76,item_8599,0.25365892483943775
scene_1,user_76,item_8635,0.25365892483943775
scene_1,user_1347,item_5365,0.43935014561520125
scene_1,user_1347,item_8599,0.35872789172491043
scene_1,user_1347,item_8635,0.35872789172491043
scene_1,user_6007,item_5365,0.25365892483943775
scene_1,user_6007,item_2974,0.20979811974466375
scene_1,user_6007,item_2389,0.17129944745658357
scene_1,user_6007,item_8077,0.17129944745658357
scene_1,user_4955,item_5365,0.43935014561520125
scene_1,user_4955,item_8599,0.35872789172491043
scene_1,user_4955,item_8635,0.35872789172491043
scene_1,user_9504,item_1,0.3400464821989298
scene_1,user_9504,item_3178,0.2776467900719271
scene_1,user_9504,item_4465,0.2776467900719271
scene_1,user_9471,item_1,0.3400464821989298
scene_1,user_9471,item_3178,0.2776467900719271
scene_1,user_9471,item_4465,0.2776467900719271
scene_1,user_3690,item_1,0.3400464821989298
scene_1,user_3690,item_3178,0.2776467900719271
scene_1,user_3690,item_4465,0.2776467900719271
scene_1,user_8395,item_1,0.3400464821989298
scene_1,user_8395,item_3178,0.2776467900719271
scene_1,user_8395,item_4465,0.2776467900719271
scene_1,user_9967,item_1,0.3400464821989298
scene_1,user_9967,item_3178,0.2776467900719271
scene_1,user_9967,item_4465,0.2776467900719271
scene_1,user_3229,item_3643,0.22755980665670933
scene_1,user_3229,item_4,0.22755980665670933
scene_1,user_3229,item_6835,0.18580180409177757
scene_1,user_3229,item_9781,0.18580180409177757
scene_1,user_2263,item_3643,0.32181816482491765
scene_1,user_2263,item_4,0.32181816482491765
scene_1,user_2263,item_958,0.32181816482491765
scene_1,user_2263,item_6835,0.26276343125998064
scene_1,user_2263,item_9781,0.26276343125998064
scene_1,user_7916,item_4003,0.25365892483943775
scene_1,user_7916,item_7435,0.25365892483943775
scene_1,user_7916,item_3643,0.18580180409177757
scene_1,user_7916,item_4,0.18580180409177757
scene_1,user_7916,item_958,0.18580180409177757
scene_1,user_4930,item_3643,0.32181816482491765
scene_1,user_4930,item_4,0.32181816482491765
scene_1,user_4930,item_958,0.32181816482491765
scene_1,user_4930,item_6835,0.26276343125998064
scene_1,user_4930,item_9781,0.26276343125998064
scene_1,user_5929,item_3643,0.32181816482491765
scene_1,user_5929,item_4,0.32181816482491765
scene_1,user_5929,item_958,0.32181816482491765
scene_1,user_5929,item_6835,0.26276343125998064
scene_1,user_5929,item_9781,0.26276343125998064
scene_1,user_638,item_3643,0.32181816482491765
scene_1,user_638,item_4,0.32181816482491765
scene_1,user_638,item_958,0.32181816482491765
scene_1,user_638,item_6835,0.26276343125998064
scene_1,user_638,item_9781,0.26276343125998064
scene_1,user_2271,item_8551,0.3633810027301768
scene_1,user_8401,item_8551,0.3633810027301768
scene_1,user_2031,item_8551,0.3633810027301768
scene_1,user_8442,item_238,0.20121480219092233
scene_1,user_8442,item_4636,0.20121480219092233
scene_1,user_1893,item_8551,0.3633810027301768
scene_1,user_4791,item_8551,0.3633810027301768
scene_1,user_8386,item_3154,0.39464380868665966
scene_1,user_4278,item_3154,0.39464380868665966
scene_1,user_867,item_3154,0.39464380868665966
scene_1,user_1586,item_3154,0.39464380868665966
scene_1,user_1649,item_52,0.30709257318568767
scene_1,user_1649,item_9205,0.30709257318568767
scene_1,user_1649,item_2857,0.21714724095162588
scene_1,user_1649,item_7963,0.21714724095162588
scene_1,user_1649,item_868,0.21714724095162588
scene_1,user_132,item_52,0.15354628659284383
scene_1,user_132,item_9205,0.15354628659284383
scene_1,user_4229,item_52,0.30709257318568767
scene_1,user_4229,item_9205,0.30709257318568767
scene_1,user_4229,item_2857,0.21714724095162588
scene_1,user_4229,item_7963,0.21714724095162588
scene_1,user_4229,item_868,0.21714724095162588
scene_1,user_5443,item_52,0.30709257318568767
scene_1,user_5443,item_9205,0.30709257318568767
scene_1,user_5443,item_2857,0.21714724095162588
scene_1,user_5443,item_7963,0.21714724095162588
scene_1,user_5443,item_868,0.21714724095162588
scene_1,user_7047,item_52,0.30709257318568767
scene_1,user_7047,item_9205,0.30709257318568767
scene_1,user_7047,item_2857,0.21714724095162588
scene_1,user_7047,item_7963,0.21714724095162588
scene_1,user_7047,item_868,0.21714724095162588
scene_1,user_5189,item_52,0.21714724095162588
scene_1,user_5189,item_2857,0.15354628659284383
scene_1,user_5189,item_7963,0.15354628659284383
scene_1,user_5189,item_868,0.15354628659284383
scene_1,user_4897,item_9205,0.21714724095162588
scene_1,user_4897,item_3424,0.1729881281305968
scene_1,user_4897,item_3688,0.1729881281305968
scene_1,user_4897,item_7639,0.1729881281305968
scene_1,user_4897,item_8134,0.1729881281305968
scene_1,user_4897,item_2857,0.15354628659284383
scene_1,user_4897,item_7963,0.15354628659284383
scene_1,user_4897,item_868,0.15354628659284383
scene_1,user_4897,item_1996,0.1412442151597197
scene_1,user_4897,item_8386,0.1412442151597197
scene_1,user_9417,item_52,0.30709257318568767
scene_1,user_9417,item_9205,0.30709257318568767
scene_1,user_9417,item_2857,0.21714724095162588
scene_1,user_9417,item_7963,0.21714724095162588
scene_1,user_9417,item_868,0.21714724095162588
scene_1,user_2223,item_52,0.30709257318568767
scene_1,user_2223,item_9205,0.30709257318568767
scene_1,user_2223,item_2857,0.21714724095162588
scene_1,user_2223,item_7963,0.21714724095162588
scene_1,user_2223,item_868,0.21714724095162588
scene_1,user_8289,item_118,0.4164701851078906
scene_1,user_8289,item_7909,0.4164701851078906
scene_1,user_6073,item_118,0.4164701851078906
scene_1,user_6073,item_7909,0.4164701851078906
scene_1,user_3823,item_3103,0.5100697232983947
scene_1,user_3823,item_7156,0.5100697232983947
scene_1,user_5831,item_3103,0.36067376022224085
scene_1,user_5831,item_2947,0.31066746727980593
scene_1,user_6843,item_2803,0.3400464821989298
scene_1,user_6843,item_3907,0.3400464821989298
scene_1,user_6843,item_5191,0.3400464821989298
scene_1,user_6843,item_6139,0.3400464821989298
scene_1,user_7852,item_1555,0.31066746727980593
scene_1,user_7852,item_2803,0.24044917348149392
scene_1,user_7852,item_3907,0.24044917348149392
scene_1,user_7852,item_5191,0.24044917348149392
scene_1,user_991,item_2803,0.3400464821989298
scene_1,user_991,item_3907,0.3400464821989298
scene_1,user_991,item_5191,0.3400464821989298
scene_1,user_991,item_6139,0.3400464821989298
scene_1,user_4323,item_2803,0.3400464821989298
scene_1,user_4323,item_3907,0.3400464821989298
scene_1,user_4323,item_5191,0.3400464821989298
scene_1,user_4323,item_6139,0.3400464821989298
scene_1,user_7083,item_2803,0.24044917348149392
scene_1,user_7083,item_3907,0.24044917348149392
scene_1,user_7083,item_6139,0.24044917348149392
scene_1,user_1910,item_6745,0.20711164485320396
scene_1,user_1910,item_7468,0.20711164485320396
scene_1,user_1910,item_4996,0.17729997979489165
scene_1,user_1910,item_6379,0.17729997979489165
scene_1,user_1910,item_1516,0.14476482730108392
scene_1,user_1910,item_358,0.14476482730108392
scene_1,user_2770,item_5254,0.4164701851078906
scene_1,user_2770,item_5446,0.4164701851078906
scene_1,user_6420,item_5254,0.4164701851078906
scene_1,user_6420,item_5446,0.4164701851078906
scene_1,user_1085,item_8611,0.21967507280760062
scene_1,user_1085,item_472,0.17936394586245522
scene_1,user_1085,item_694,0.17936394586245522
scene_1,user_1085,item_5494,0.1700232410994649
scene_1,user_8669,item_4828,0.45511961331341866
scene_1,user_8669,item_8188,0.45511961331341866
scene_1,user_8669,item_9466,0.45511961331341866
scene_1,user_7281,item_832,0.3633810027301768
scene_1,user_2728,item_832,0.3633810027301768
scene_1,user_8546,item_832,0.3633810027301768
scene_1,user_3514,item_832,0.3633810027301768
scene_1,user_9337,item_832,0.3633810027301768
scene_1,user_5520,item_8059,0.43935014561520125
scene_1,user_5520,item_3199,0.31066746727980593
scene_1,user_5520,item_3217,0.31066746727980593
scene_1,user_5520,item_6451,0.31066746727980593
scene_1,user_9290,item_2635,0.45511961331341866
scene_1,user_9290,item_3199,0.21967507280760062
scene_1,user_9290,item_3217,0.21967507280760062
scene_1,user_9290,item_6451,0.21967507280760062
scene_1,user_8349,item_8059,0.43935014561520125
scene_1,user_8349,item_3199,0.31066746727980593
scene_1,user_8349,item_3217,0.31066746727980593
scene_1,user_8349,item_6451,0.31066746727980593
scene_1,user_6278,item_9295,0.2790553132756236
scene_1,user_1130,item_9724,0.6436363296498353
scene_1,user_6392,item_1813,0.3400464821989298
scene_1,user_6392,item_6844,0.3400464821989298
scene_1,user_6392,item_8803,0.3400464821989298
scene_1,user_6618,item_1813,0.24044917348149392
scene_1,user_6618,item_8803,0.24044917348149392
scene_1,user_6618,item_2803,0.19632592803453744
scene_1,user_6618,item_5107,0.19632592803453744
scene_1,user_1082,item_1813,0.24044917348149392
scene_1,user_1082,item_6844,0.24044917348149392
scene_1,user_7476,item_1813,0.3400464821989298
scene_1,user_7476,item_6844,0.3400464821989298
scene_1,user_7476,item_8803,0.3400464821989298
scene_1,user_2348,item_1813,0.3400464821989298
scene_1,user_2348,item_6844,0.3400464821989298
scene_1,user_2348,item_8803,0.3400464821989298
scene_1,user_4122,item_1813,0.3400464821989298
scene_1,user_4122,item_6844,0.3400464821989298
scene_1,user_4122,item_8803,0.3400464821989298
scene_1,user_1811,item_6844,0.24044917348149392
scene_1,user_1811,item_8803,0.24044917348149392
scene_1,user_5732,item_3361,0.43935014561520125
scene_1,user_5732,item_4501,0.35872789172491043
scene_1,user_5732,item_7132,0.35872789172491043
scene_1,user_883,item_3361,0.43935014561520125
scene_1,user_883,item_4501,0.35872789172491043
scene_1,user_883,item_7132,0.35872789172491043
scene_1,user_5380,item_5254,0.32181816482491765
scene_1,user_7733,item_6379,0.21714724095162588
scene_1,user_7733,item_1516,0.17729997979489165
scene_1,user_7733,item_358,0.17729997979489165
scene_1,user_7733,item_4924,0.17729997979489165
scene_1,user_7733,item_5446,0.17729997979489165
scene_1,user_397,item_5254,0.32181816482491765
scene_1,user_378,item_5254,0.32181816482491765
scene_1,user_711,item_5254,0.32181816482491765
scene_1,user_2862,item_5254,0.32181816482491765
scene_1,user_1500,item_5254,0.32181816482491765
scene_1,user_4986,item_5254,0.32181816482491765
scene_1,user_40,item_1429,0.36067376022224085
scene_1,user_40,item_1165,0.21714724095162588
scene_1,user_40,item_3958,0.21714724095162588
scene_1,user_40,item_607,0.21714724095162588
scene_1,user_8480,item_1165,0.30709257318568767
scene_1,user_8480,item_3958,0.30709257318568767
scene_1,user_8480,item_5677,0.30709257318568767
scene_1,user_8480,item_607,0.30709257318568767
scene_1,user_313,item_1165,0.21714724095162588
scene_1,user_313,item_3958,0.21714724095162588
scene_1,user_313,item_5677,0.21714724095162588
scene_1,user_313,item_9667,0.20121480219092233
scene_1,user_313,item_9745,0.20121480219092233
scene_1,user_2992,item_1165,0.30709257318568767
scene_1,user_2992,item_3958,0.30709257318568767
scene_1,user_2992,item_5677,0.30709257318568767
scene_1,user_2992,item_607,0.30709257318568767
scene_1,user_100,item_1165,0.30709257318568767
scene_1,user_100,item_3958,0.30709257318568767
scene_1,user_100,item_5677,0.30709257318568767
scene_1,user_100,item_607,0.30709257318568767
scene_1,user_4857,item_1165,0.30709257318568767
scene_1,user_4857,item_3958,0.30709257318568767
scene_1,user_4857,item_5677,0.30709257318568767
scene_1,user_4857,item_607,0.30709257318568767
scene_1,user_1239,item_1165,0.30709257318568767
scene_1,user_1239,item_3958,0.30709257318568767
scene_1,user_1239,item_5677,0.30709257318568767
scene_1,user_1239,item_607,0.30709257318568767
scene_1,user_8215,item_6259,0.6436363296498353
scene_1,user_8274,item_7048,0.31066746727980593
scene_1,user_8274,item_682,0.25365892483943775
scene_1,user_8274,item_9655,0.25365892483943775
scene_1,user_9208,item_2095,0.43935014561520125
scene_1,user_9208,item_5068,0.43935014561520125
scene_1,user_3498,item_2095,0.31066746727980593
scene_1,user_6449,item_5068,0.31066746727980593
scene_1,user_8647,item_2095,0.43935014561520125
scene_1,user_8647,item_5068,0.43935014561520125
scene_1,user_2779,item_2926,0.5100697232983947
scene_1,user_8570,item_2926,0.5100697232983947
scene_1,user_4510,item_2275,0.43935014561520125
scene_1,user_4510,item_5134,0.43935014561520125
scene_1,user_4510,item_6136,0.35872789172491043
scene_1,user_4510,item_7816,0.35872789172491043
scene_1,user_9555,item_2275,0.25365892483943775
scene_1,user_9555,item_5134,0.25365892483943775
scene_1,user_7948,item_3190,0.36067376022224085
scene_1,user_7948,item_2275,0.31066746727980593
scene_1,user_7948,item_6136,0.25365892483943775
scene_1,user_7948,item_7816,0.25365892483943775
scene_1,user_9129,item_5017,0.43935014561520125
scene_1,user_8471,item_5017,0.43935014561520125
scene_1,user_7140,item_5017,0.43935014561520125
scene_1,user_9021,item_2803,0.35872789172491043
scene_1,user_9021,item_6844,0.35872789172491043
scene_1,user_1369,item_2803,0.35872789172491043
scene_1,user_1369,item_6844,0.35872789172491043
scene_1,user_4636,item_2803,0.35872789172491043
scene_1,user_4636,item_6844,0.35872789172491043
scene_1,user_3082,item_3769,0.39464380868665966
scene_1,user_3082,item_4507,0.39464380868665966
scene_1,user_7017,item_3769,0.39464380868665966
scene_1,user_7017,item_4507,0.39464380868665966
scene_1,user_9127,item_3769,0.39464380868665966
scene_1,user_9127,item_4507,0.39464380868665966
scene_1,user_3904,item_1177,0.4164701851078906
scene_1,user_3904,item_4390,0.4164701851078906
scene_1,user_79,item_1177,0.4164701851078906
scene_1,user_79,item_4390,0.4164701851078906
scene_1,user_5442,item_5215,0.5100697232983947
scene_1,user_5654,item_5215,0.5100697232983947
scene_1,user_710,item_3190,0.5100697232983947
scene_1,user_710,item_5050,0.5100697232983947
scene_1,user_380,item_3769,0.2790553132756236
scene_1,user_380,item_625,0.22784770917926217
scene_1,user_380,item_7435,0.22784770917926217
scene_1,user_3284,item_3769,0.39464380868665966
scene_1,user_3284,item_5812,0.39464380868665966
scene_1,user_3284,item_625,0.3222253204769533
scene_1,user_3284,item_7435,0.3222253204769533
scene_1,user_3012,item_3769,0.22784770917926217
scene_1,user_3012,item_5812,0.22784770917926217
scene_1,user_3012,item_6031,0.17729997979489165
scene_1,user_3012,item_9781,0.17729997979489165
scene_1,user_1414,item_3769,0.39464380868665966
scene_1,user_1414,item_5812,0.39464380868665966
scene_1,user_1414,item_625,0.3222253204769533
scene_1,user_1414,item_7435,0.3222253204769533
scene_1,user_5859,item_4003,0.45511961331341866
scene_1,user_5859,item_4771,0.45511961331341866
scene_1,user_5859,item_4999,0.45511961331341866
scene_1,user_7575,item_1570,0.45511961331341866
scene_1,user_7575,item_4756,0.45511961331341866
scene_1,user_7575,item_8158,0.45511961331341866
scene_1,user_4335,item_3424,0.2446421569318247
scene_1,user_4335,item_3688,0.2446421569318247
scene_1,user_4335,item_4873,0.2446421569318247
scene_1,user_4335,item_7639,0.2446421569318247
scene_1,user_4335,item_8134,0.2446421569318247
scene_1,user_4335,item_1996,0.1997494846856191
scene_1,user_4335,item_8386,0.1997494846856191
scene_1,user_3448,item_3424,0.2446421569318247
scene_1,user_3448,item_3688,0.2446421569318247
scene_1,user_3448,item_4873,0.2446421569318247
scene_1,user_3448,item_7639,0.2446421569318247
scene_1,user_3448,item_8134,0.2446421569318247
scene_1,user_3448,item_1996,0.1997494846856191
scene_1,user_3448,item_8386,0.1997494846856191
scene_1,user_5348,item_3424,0.2446421569318247
scene_1,user_5348,item_3688,0.2446421569318247
scene_1,user_5348,item_4873,0.2446421569318247
scene_1,user_5348,item_7639,0.2446421569318247
scene_1,user_5348,item_8134,0.2446421569318247
scene_1,user_5348,item_1996,0.1997494846856191
scene_1,user_5348,item_8386,0.1997494846856191
scene_1,user_8046,item_3424,0.2446421569318247
scene_1,user_8046,item_3688,0.2446421569318247
scene_1,user_8046,item_4873,0.2446421569318247
scene_1,user_8046,item_7639,0.2446421569318247
scene_1,user_8046,item_8134,0.2446421569318247
scene_1,user_8046,item_1996,0.1997494846856191
scene_1,user_8046,item_8386,0.1997494846856191
scene_1,user_9569,item_3424,0.2446421569318247
scene_1,user_9569,item_3688,0.2446421569318247
scene_1,user_9569,item_4873,0.2446421569318247
scene_1,user_9569,item_7639,0.2446421569318247
scene_1,user_9569,item_8134,0.2446421569318247
scene_1,user_9569,item_1996,0.1997494846856191
scene_1,user_9569,item_8386,0.1997494846856191
scene_1,user_9058,item_3424,0.2446421569318247
scene_1,user_9058,item_3688,0.2446421569318247
scene_1,user_9058,item_4873,0.2446421569318247
scene_1,user_9058,item_7639,0.2446421569318247
scene_1,user_9058,item_8134,0.2446421569318247
scene_1,user_9058,item_1996,0.1997494846856191
scene_1,user_9058,item_8386,0.1997494846856191
scene_1,user_1316,item_3424,0.2446421569318247
scene_1,user_1316,item_3688,0.2446421569318247
scene_1,user_1316,item_4873,0.2446421569318247
scene_1,user_1316,item_7639,0.2446421569318247
scene_1,user_1316,item_8134,0.2446421569318247
scene_1,user_1316,item_1996,0.1997494846856191
scene_1,user_1316,item_8386,0.1997494846856191
scene_1,user_4442,item_3424,0.2446421569318247
scene_1,user_4442,item_3688,0.2446421569318247
scene_1,user_4442,item_4873,0.2446421569318247
scene_1,user_4442,item_7639,0.2446421569318247
scene_1,user_4442,item_8134,0.2446421569318247
scene_1,user_4442,item_1996,0.1997494846856191
scene_1,user_4442,item_8386,0.1997494846856191
scene_1,user_8185,item_3424,0.1729881281305968
scene_1,user_8185,item_3688,0.1729881281305968
scene_1,user_8185,item_4873,0.1729881281305968
scene_1,user_8185,item_8134,0.1729881281305968
scene_1,user_8185,item_1996,0.1412442151597197
scene_1,user_8185,item_8386,0.1412442151597197
scene_1,user_3223,item_3424,0.2446421569318247
scene_1,user_3223,item_3688,0.2446421569318247
scene_1,user_3223,item_4873,0.2446421569318247
scene_1,user_3223,item_7639,0.2446421569318247
scene_1,user_3223,item_8134,0.2446421569318247
scene_1,user_3223,item_1996,0.1997494846856191
scene_1,user_3223,item_8386,0.1997494846856191
scene_1,user_4324,item_3424,0.1729881281305968
scene_1,user_4324,item_3688,0.1729881281305968
scene_1,user_4324,item_4873,0.1729881281305968
scene_1,user_4324,item_7639,0.1729881281305968
scene_1,user_4324,item_1996,0.1412442151597197
scene_1,user_4324,item_8386,0.1412442151597197
scene_1,user_8660,item_3424,0.2446421569318247
scene_1,user_8660,item_3688,0.2446421569318247
scene_1,user_8660,item_4873,0.2446421569318247
scene_1,user_8660,item_7639,0.2446421569318247
scene_1,user_8660,item_8134,0.2446421569318247
scene_1,user_8660,item_1996,0.1997494846856191
scene_1,user_8660,item_8386,0.1997494846856191
scene_1,user_6084,item_3424,0.2446421569318247
scene_1,user_6084,item_3688,0.2446421569318247
scene_1,user_6084,item_4873,0.2446421569318247
scene_1,user_6084,item_7639,0.2446421569318247
scene_1,user_6084,item_8134,0.2446421569318247
scene_1,user_6084,item_1996,0.1997494846856191
scene_1,user_6084,item_8386,0.1997494846856191
scene_1,user_881,item_3019,0.5100697232983947
scene_1,user_1734,item_3019,0.5100697232983947
scene_1,user_2393,item_4618,0.4164701851078906
scene_1,user_2393,item_7261,0.4164701851078906
scene_1,user_5172,item_4618,0.4164701851078906
scene_1,user_5172,item_7261,0.4164701851078906
scene_1,user_6506,item_5119,0.5100697232983947
scene_1,user_3092,item_5119,0.5100697232983947
scene_1,user_5643,item_6958,0.2790553132756236
scene_1,user_3644,item_7630,0.5100697232983947
scene_1,user_4227,item_7630,0.5100697232983947
scene_1,user_1198,item_445,0.36067376022224085
scene_1,user_2881,item_445,0.5100697232983947
scene_1,user_2881,item_5950,0.5100697232983947
scene_1,user_9874,item_13,0.4164701851078906
scene_1,user_9874,item_7837,0.4164701851078906
scene_1,user_4850,item_13,0.4164701851078906
scene_1,user_4850,item_7837,0.4164701851078906
scene_1,user_8382,item_2161,0.6436363296498353
scene_1,user_2003,item_4996,0.30709257318568767
scene_1,user_2003,item_6379,0.30709257318568767
scene_1,user_2003,item_1516,0.2507400360344115
scene_1,user_2003,item_358,0.2507400360344115
scene_1,user_2003,item_4924,0.2507400360344115
scene_1,user_2003,item_5446,0.2507400360344115
scene_1,user_2314,item_8713,0.36067376022224085
scene_1,user_2314,item_4996,0.21714724095162588
scene_1,user_2314,item_1516,0.17729997979489165
scene_1,user_2314,item_358,0.17729997979489165
scene_1,user_2314,item_4924,0.17729997979489165
scene_1,user_2314,item_5446,0.17729997979489165
scene_1,user_5492,item_4996,0.30709257318568767
scene_1,user_5492,item_6379,0.30709257318568767
scene_1,user_5492,item_1516,0.2507400360344115
scene_1,user_5492,item_358,0.2507400360344115
scene_1,user_5492,item_4924,0.2507400360344115
scene_1,user_5492,item_5446,0.2507400360344115
scene_1,user_5754,item_4996,0.30709257318568767
scene_1,user_5754,item_6379,0.30709257318568767
scene_1,user_5754,item_1516,0.2507400360344115
scene_1,user_5754,item_358,0.2507400360344115
scene_1,user_5754,item_4924,0.2507400360344115
scene_1,user_5754,item_5446,0.2507400360344115
scene_1,user_7682,item_4996,0.30709257318568767
scene_1,user_7682,item_6379,0.30709257318568767
scene_1,user_7682,item_1516,0.2507400360344115
scene_1,user_7682,item_358,0.2507400360344115
scene_1,user_7682,item_4924,0.2507400360344115
scene_1,user_7682,item_5446,0.2507400360344115
scene_1,user_5119,item_4996,0.30709257318568767
scene_1,user_5119,item_6379,0.30709257318568767
scene_1,user_5119,item_1516,0.2507400360344115
scene_1,user_5119,item_358,0.2507400360344115
scene_1,user_5119,item_4924,0.2507400360344115
scene_1,user_5119,item_5446,0.2507400360344115
scene_1,user_7258,item_8476,0.6436363296498353
scene_1,user_7075,item_3181,0.31066746727980593
scene_1,user_6224,item_4501,0.6436363296498353
scene_1,user_3232,item_415,0.5100697232983947
scene_1,user_825,item_415,0.5100697232983947
scene_1,user_2184,item_1117,0.16111266023847665
scene_1,user_2184,item_1120,0.16111266023847665
scene_1,user_2184,item_1975,0.16111266023847665
scene_1,user_2184,item_2038,0.16111266023847665
scene_1,user_2184,item_2080,0.16111266023847665
scene_1,user_2184,item_2089,0.16111266023847665
scene_1,user_2184,item_6706,0.16111266023847665
scene_1,user_2184,item_6850,0.16111266023847665
scene_1,user_2184,item_7111,0.16111266023847665
scene_1,user_2184,item_7234,0.16111266023847665
scene_1,user_2184,item_7681,0.16111266023847665
scene_1,user_241,item_1117,0.16111266023847665
scene_1,user_241,item_1120,0.16111266023847665
scene_1,user_241,item_1975,0.16111266023847665
scene_1,user_241,item_2038,0.16111266023847665
scene_1,user_241,item_2080,0.16111266023847665
scene_1,user_241,item_2089,0.16111266023847665
scene_1,user_241,item_6706,0.16111266023847665
scene_1,user_241,item_6850,0.16111266023847665
scene_1,user_241,item_7111,0.16111266023847665
scene_1,user_241,item_7234,0.16111266023847665
scene_1,user_241,item_7681,0.16111266023847665
scene_1,user_3215,item_1117,0.16111266023847665
scene_1,user_3215,item_1120,0.16111266023847665
scene_1,user_3215,item_1975,0.16111266023847665
scene_1,user_3215,item_2038,0.16111266023847665
scene_1,user_3215,item_2080,0.16111266023847665
scene_1,user_3215,item_2089,0.16111266023847665
scene_1,user_3215,item_6706,0.16111266023847665
scene_1,user_3215,item_6850,0.16111266023847665
scene_1,user_3215,item_7111,0.16111266023847665
scene_1,user_3215,item_7234,0.16111266023847665
scene_1,user_3215,item_7681,0.16111266023847665
scene_1,user_3402,item_1117,0.16111266023847665
scene_1,user_3402,item_1120,0.16111266023847665
scene_1,user_3402,item_1975,0.16111266023847665
scene_1,user_3402,item_2038,0.16111266023847665
scene_1,user_3402,item_2080,0.16111266023847665
scene_1,user_3402,item_2089,0.16111266023847665
scene_1,user_3402,item_6706,0.16111266023847665
scene_1,user_3402,item_6850,0.16111266023847665
scene_1,user_3402,item_7111,0.16111266023847665
scene_1,user_3402,item_7234,0.16111266023847665
scene_1,user_3402,item_7681,0.16111266023847665
scene_1,user_1263,item_5311,0.3400464821989298
scene_1,user_1263,item_3919,0.2776467900719271
scene_1,user_1263,item_4771,0.2776467900719271
scene_1,user_1263,item_7561,0.2776467900719271
scene_1,user_1263,item_9373,0.2776467900719271
scene_1,user_3325,item_5311,0.3400464821989298
scene_1,user_3325,item_3919,0.2776467900719271
scene_1,user_3325,item_4771,0.2776467900719271
scene_1,user_3325,item_7561,0.2776467900719271
scene_1,user_3325,item_9373,0.2776467900719271
scene_1,user_1382,item_5311,0.3400464821989298
scene_1,user_1382,item_3919,0.2776467900719271
scene_1,user_1382,item_4771,0.2776467900719271
scene_1,user_1382,item_7561,0.2776467900719271
scene_1,user_1382,item_9373,0.2776467900719271
scene_1,user_4210,item_3919,0.19632592803453744
scene_1,user_4210,item_4771,0.19632592803453744
scene_1,user_4210,item_7561,0.19632592803453744
scene_1,user_4210,item_9373,0.19632592803453744
scene_1,user_6583,item_5311,0.3400464821989298
scene_1,user_6583,item_3919,0.2776467900719271
scene_1,user_6583,item_4771,0.2776467900719271
scene_1,user_6583,item_7561,0.2776467900719271
scene_1,user_6583,item_9373,0.2776467900719271
scene_1,user_3479,item_4636,0.22755980665670933
scene_1,user_3479,item_715,0.22755980665670933
scene_1,user_3479,item_8494,0.22755980665670933
scene_1,user_2285,item_7819,0.6436363296498353
scene_1,user_1815,item_943,0.39464380868665966
scene_1,user_5473,item_292,0.25694917118487537
scene_1,user_5473,item_4555,0.25694917118487537
scene_1,user_5473,item_8257,0.25694917118487537
scene_1,user_5605,item_943,0.39464380868665966
scene_1,user_9222,item_943,0.39464380868665966
scene_1,user_5559,item_943,0.39464380868665966
scene_1,user_9036,item_3646,0.43935014561520125
scene_1,user_4124,item_3646,0.43935014561520125
scene_1,user_1384,item_3646,0.43935014561520125
scene_1,user_3449,item_2482,0.6436363296498353
scene_1,user_9942,item_4924,0.35872789172491043
scene_1,user_9942,item_5254,0.35872789172491043
scene_1,user_9942,item_6745,0.35872789172491043
scene_1,user_9942,item_7468,0.35872789172491043
scene_1,user_5377,item_4924,0.35872789172491043
scene_1,user_5377,item_5254,0.35872789172491043
scene_1,user_5377,item_6745,0.35872789172491043
scene_1,user_5377,item_7468,0.35872789172491043
scene_1,user_2167,item_3013,0.37160360818355515
scene_1,user_2167,item_4924,0.20711164485320396
scene_1,user_2167,item_5254,0.20711164485320396
scene_1,user_120,item_4441,0.5255268625199613
scene_1,user_120,item_7939,0.5255268625199613
scene_1,user_1736,item_1630,0.2404491734814939
scene_1,user_1736,item_901,0.2404491734814939
scene_1,user_3076,item_1630,0.4164701851078906
scene_1,user_3076,item_8305,0.4164701851078906
scene_1,user_3076,item_901,0.4164701851078906
scene_1,user_3076,item_9190,0.4164701851078906
scene_1,user_9408,item_1786,0.6436363296498353
scene_1,user_8928,item_9466,0.5100697232983947
scene_1,user_1070,item_9466,0.5100697232983947
scene_1,user_500,item_4828,0.1700232410994649
scene_1,user_500,item_4933,0.1700232410994649
scene_1,user_500,item_8188,0.1700232410994649
scene_1,user_5308,item_8842,0.43935014561520125
scene_1,user_3655,item_8842,0.43935014561520125
scene_1,user_4689,item_8842,0.43935014561520125
scene_1,user_854,item_1579,0.36067376022224085
scene_1,user_854,item_6790,0.36067376022224085
scene_1,user_854,item_1030,0.22755980665670933
scene_1,user_854,item_3481,0.22755980665670933
scene_1,user_854,item_7123,0.22755980665670933
scene_1,user_872,item_1579,0.36067376022224085
scene_1,user_872,item_835,0.36067376022224085
scene_1,user_2639,item_8587,0.30709257318568767
scene_1,user_2639,item_8848,0.30709257318568767
scene_1,user_2639,item_2014,0.2507400360344115
scene_1,user_2639,item_8974,0.2507400360344115
scene_1,user_7246,item_8587,0.21714724095162588
scene_1,user_7246,item_2014,0.17729997979489165
scene_1,user_7246,item_8974,0.17729997979489165
scene_1,user_8176,item_8587,0.30709257318568767
scene_1,user_8176,item_8848,0.30709257318568767
scene_1,user_8176,item_2014,0.2507400360344115
scene_1,user_8176,item_8974,0.2507400360344115
scene_1,user_3883,item_8587,0.30709257318568767
scene_1,user_3883,item_8848,0.30709257318568767
scene_1,user_3883,item_2014,0.2507400360344115
scene_1,user_3883,item_8974,0.2507400360344115
scene_1,user_4648,item_8848,0.21714724095162588
scene_1,user_4648,item_2014,0.17729997979489165
scene_1,user_4648,item_8974,0.17729997979489165
scene_1,user_3998,item_8587,0.30709257318568767
scene_1,user_3998,item_8848,0.30709257318568767
scene_1,user_3998,item_2014,0.2507400360344115
scene_1,user_3998,item_8974,0.2507400360344115
scene_1,user_9383,item_8587,0.30709257318568767
scene_1,user_9383,item_8848,0.30709257318568767
scene_1,user_9383,item_2014,0.2507400360344115
scene_1,user_9383,item_8974,0.2507400360344115
scene_1,user_2563,item_8587,0.30709257318568767
scene_1,user_2563,item_8848,0.30709257318568767
scene_1,user_2563,item_2014,0.2507400360344115
scene_1,user_2563,item_8974,0.2507400360344115
scene_1,user_5533,item_1117,0.37160360818355515
scene_1,user_5533,item_2080,0.37160360818355515
scene_1,user_5533,item_7084,0.25694917118487537
scene_1,user_5533,item_9124,0.25694917118487537
scene_1,user_5533,item_9547,0.25694917118487537
scene_1,user_1114,item_34,0.5100697232983947
scene_1,user_662,item_34,0.5100697232983947
scene_1,user_8812,item_1120,0.5100697232983947
scene_1,user_8773,item_1120,0.5100697232983947
scene_1,user_2754,item_7714,0.5100697232983947
scene_1,user_1406,item_7714,0.5100697232983947
scene_1,user_5744,item_2839,0.3633810027301768
scene_1,user_5744,item_1381,0.29669934630327804
scene_1,user_5744,item_7486,0.29669934630327804
scene_1,user_2092,item_2839,0.3633810027301768
scene_1,user_2092,item_1381,0.29669934630327804
scene_1,user_2092,item_7486,0.29669934630327804
scene_1,user_3925,item_2839,0.3633810027301768
scene_1,user_3925,item_1381,0.29669934630327804
scene_1,user_3925,item_7486,0.29669934630327804
scene_1,user_1297,item_2839,0.20979811974466375
scene_1,user_2610,item_2839,0.3633810027301768
scene_1,user_2610,item_1381,0.29669934630327804
scene_1,user_2610,item_7486,0.29669934630327804
scene_1,user_211,item_3991,0.32181816482491765
scene_1,user_211,item_6982,0.32181816482491765
scene_1,user_211,item_3499,0.26276343125998064
scene_1,user_211,item_5686,0.26276343125998064
scene_1,user_5213,item_3991,0.32181816482491765
scene_1,user_5213,item_6982,0.32181816482491765
scene_1,user_5213,item_3499,0.26276343125998064
scene_1,user_5213,item_5686,0.26276343125998064
scene_1,user_9126,item_3991,0.32181816482491765
scene_1,user_9126,item_6982,0.32181816482491765
scene_1,user_9126,item_3499,0.26276343125998064
scene_1,user_9126,item_5686,0.26276343125998064
scene_1,user_6648,item_9124,0.25694917118487537
scene_1,user_6648,item_3991,0.22755980665670933
scene_1,user_6648,item_3499,0.18580180409177757
scene_1,user_6648,item_5686,0.18580180409177757
scene_1,user_9739,item_3991,0.32181816482491765
scene_1,user_9739,item_6982,0.32181816482491765
scene_1,user_9739,item_3499,0.26276343125998064
scene_1,user_9739,item_5686,0.26276343125998064
scene_1,user_5241,item_3991,0.32181816482491765
scene_1,user_5241,item_6982,0.32181816482491765
scene_1,user_5241,item_3499,0.26276343125998064
scene_1,user_5241,item_5686,0.26276343125998064
scene_1,user_8884,item_2563,0.25365892483943775
scene_1,user_8884,item_3991,0.18580180409177757
scene_1,user_8884,item_6982,0.18580180409177757
scene_1,user_7240,item_3958,0.45511961331341866
scene_1,user_7240,item_6322,0.24044917348149392
scene_1,user_7240,item_1117,0.09816296401726872
scene_1,user_7240,item_1120,0.09816296401726872
scene_1,user_7240,item_1975,0.09816296401726872
scene_1,user_7240,item_2038,0.09816296401726872
scene_1,user_7240,item_2080,0.09816296401726872
scene_1,user_7240,item_2089,0.09816296401726872
scene_1,user_7240,item_5314,0.09816296401726872
scene_1,user_7240,item_6706,0.09816296401726872
scene_1,user_7240,item_6850,0.09816296401726872
scene_1,user_7240,item_7111,0.09816296401726872
scene_1,user_7240,item_7234,0.09816296401726872
scene_1,user_6839,item_1408,0.3400464821989298
scene_1,user_4129,item_1408,0.3400464821989298
scene_1,user_3124,item_1408,0.3400464821989298
scene_1,user_3704,item_1408,0.3400464821989298
scene_1,user_9644,item_1408,0.3400464821989298
scene_1,user_5466,item_1408,0.3400464821989298
scene_1,user_684,item_1309,0.45511961331341866
scene_1,user_684,item_3067,0.45511961331341866
scene_1,user_7208,item_1534,0.37160360818355515
scene_1,user_7208,item_7693,0.37160360818355515
scene_1,user_6204,item_322,0.37160360818355515
scene_1,user_6204,item_9427,0.37160360818355515
scene_1,user_6669,item_4048,0.6436363296498353
scene_1,user_1763,item_1429,0.5100697232983947
scene_1,user_1763,item_5008,0.5100697232983947
scene_1,user_6787,item_3499,0.25365892483943775
scene_1,user_6787,item_5596,0.25365892483943775
scene_1,user_1846,item_2563,0.43935014561520125
scene_1,user_1846,item_3499,0.35872789172491043
scene_1,user_1846,item_5596,0.35872789172491043
scene_1,user_8188,item_2563,0.43935014561520125
scene_1,user_8188,item_3499,0.35872789172491043
scene_1,user_8188,item_5596,0.35872789172491043
scene_1,user_9824,item_3745,0.6436363296498353
scene_1,user_3927,item_2209,0.39464380868665966
scene_1,user_3927,item_2230,0.3222253204769533
scene_1,user_3927,item_7636,0.3222253204769533
scene_1,user_9816,item_2209,0.39464380868665966
scene_1,user_9816,item_2230,0.3222253204769533
scene_1,user_9816,item_7636,0.3222253204769533
scene_1,user_833,item_2209,0.22784770917926217
scene_1,user_6011,item_2209,0.39464380868665966
scene_1,user_6011,item_2230,0.3222253204769533
scene_1,user_6011,item_7636,0.3222253204769533
scene_1,user_1420,item_2230,0.22784770917926217
scene_1,user_1420,item_7636,0.22784770917926217
scene_1,user_137,item_6445,0.39464380868665966
scene_1,user_137,item_5719,0.3222253204769533
scene_1,user_137,item_8893,0.3222253204769533
scene_1,user_8693,item_3454,0.36067376022224085
scene_1,user_8693,item_5719,0.22784770917926217
scene_1,user_8693,item_8893,0.22784770917926217
scene_1,user_2633,item_6445,0.39464380868665966
scene_1,user_2633,item_5719,0.3222253204769533
scene_1,user_2633,item_8893,0.3222253204769533
scene_1,user_4449,item_6445,0.22784770917926217
scene_1,user_5080,item_6445,0.39464380868665966
scene_1,user_5080,item_5719,0.3222253204769533
scene_1,user_5080,item_8893,0.3222253204769533
scene_1,user_1471,item_5704,0.35872789172491043
scene_1,user_1471,item_8893,0.35872789172491043
scene_1,user_8123,item_5704,0.35872789172491043
scene_1,user_8123,item_8893,0.35872789172491043
scene_1,user_7031,item_5704,0.35872789172491043
scene_1,user_7031,item_8893,0.35872789172491043
scene_1,user_1534,item_2557,0.31066746727980593
scene_1,user_1958,item_2380,0.43935014561520125
scene_1,user_1958,item_2557,0.43935014561520125
scene_1,user_5927,item_2380,0.31066746727980593
scene_1,user_8711,item_2380,0.43935014561520125
scene_1,user_8711,item_2557,0.43935014561520125
scene_1,user_4904,item_2083,0.6436363296498353
scene_1,user_4410,item_949,0.5100697232983947
scene_1,user_6322,item_949,0.5100697232983947
scene_1,user_6635,item_1243,0.25694917118487537
scene_1,user_6635,item_2980,0.25694917118487537
scene_1,user_6635,item_7864,0.25694917118487537
scene_1,user_6635,item_2929,0.20979811974466375
scene_1,user_6635,item_8743,0.20979811974466375
scene_1,user_3989,item_7534,0.6436363296498353
scene_1,user_9679,item_1018,0.6436363296498353
scene_1,user_4913,item_1555,0.21714724095162588
scene_1,user_4913,item_1975,0.21714724095162588
scene_1,user_4913,item_2104,0.21714724095162588
scene_1,user_4913,item_4501,0.21714724095162588
scene_1,user_4913,item_4852,0.21714724095162588
scene_1,user_4913,item_6259,0.21714724095162588
scene_1,user_4913,item_7033,0.21714724095162588
scene_1,user_4044,item_1555,0.30709257318568767
scene_1,user_4044,item_2104,0.30709257318568767
scene_1,user_4044,item_4501,0.30709257318568767
scene_1,user_4044,item_7033,0.30709257318568767
scene_1,user_4044,item_7048,0.30709257318568767
scene_1,user_5656,item_1555,0.30709257318568767
scene_1,user_5656,item_2104,0.30709257318568767
scene_1,user_5656,item_4501,0.30709257318568767
scene_1,user_5656,item_7033,0.30709257318568767
scene_1,user_5656,item_7048,0.30709257318568767
scene_1,user_7780,item_1555,0.30709257318568767
scene_1,user_7780,item_2104,0.30709257318568767
scene_1,user_7780,item_4501,0.30709257318568767
scene_1,user_7780,item_7033,0.30709257318568767
scene_1,user_7780,item_7048,0.30709257318568767
scene_1,user_5282,item_1555,0.30709257318568767
scene_1,user_5282,item_2104,0.30709257318568767
scene_1,user_5282,item_4501,0.30709257318568767
scene_1,user_5282,item_7033,0.30709257318568767
scene_1,user_5282,item_7048,0.30709257318568767
scene_1,user_5004,item_1555,0.21714724095162588
scene_1,user_5004,item_2104,0.21714724095162588
scene_1,user_5004,item_4501,0.21714724095162588
scene_1,user_5004,item_7048,0.21714724095162588
scene_1,user_4687,item_9718,0.6436363296498353
scene_1,user_9554,item_3523,0.6436363296498353
scene_1,user_2596,item_2422,0.4164701851078906
scene_1,user_2596,item_6646,0.4164701851078906
scene_1,user_1282,item_2422,0.4164701851078906
scene_1,user_1282,item_6646,0.4164701851078906
scene_1,user_2052,item_1339,0.2944888920518062
scene_1,user_1623,item_7717,0.2790553132756236
scene_1,user_1623,item_1708,0.22755980665670933
scene_1,user_1623,item_3928,0.22755980665670933
scene_1,user_9497,item_1708,0.32181816482491765
scene_1,user_9497,item_3928,0.32181816482491765
scene_1,user_9497,item_7495,0.32181816482491765
scene_1,user_6555,item_1708,0.32181816482491765
scene_1,user_6555,item_3928,0.32181816482491765
scene_1,user_6555,item_7495,0.32181816482491765
scene_1,user_6726,item_1708,0.32181816482491765
scene_1,user_6726,item_3928,0.32181816482491765
scene_1,user_6726,item_7495,0.32181816482491765
scene_1,user_1377,item_1708,0.32181816482491765
scene_1,user_1377,item_3928,0.32181816482491765
scene_1,user_1377,item_7495,0.32181816482491765
scene_1,user_1825,item_1708,0.32181816482491765
scene_1,user_1825,item_3928,0.32181816482491765
scene_1,user_1825,item_7495,0.32181816482491765
scene_1,user_2544,item_9670,0.39464380868665966
scene_1,user_3261,item_9670,0.39464380868665966
scene_1,user_2080,item_9670,0.39464380868665966
scene_1,user_7219,item_9670,0.39464380868665966
scene_1,user_3247,item_7975,0.19632592803453744
scene_1,user_3247,item_8341,0.19632592803453744
scene_1,user_1220,item_9658,0.3400464821989298
scene_1,user_1220,item_7975,0.2776467900719271
scene_1,user_1220,item_8341,0.2776467900719271
scene_1,user_2039,item_9658,0.3400464821989298
scene_1,user_2039,item_7975,0.2776467900719271
scene_1,user_2039,item_8341,0.2776467900719271
scene_1,user_9783,item_9658,0.3400464821989298
scene_1,user_9783,item_7975,0.2776467900719271
scene_1,user_9783,item_8341,0.2776467900719271
scene_1,user_5362,item_9658,0.3400464821989298
scene_1,user_5362,item_7975,0.2776467900719271
scene_1,user_5362,item_8341,0.2776467900719271
scene_1,user_4437,item_9658,0.3400464821989298
scene_1,user_4437,item_7975,0.2776467900719271
scene_1,user_4437,item_8341,0.2776467900719271
scene_1,user_6232,item_1636,0.22784770917926217
scene_1,user_6232,item_4495,0.22784770917926217
scene_1,user_6232,item_9658,0.19632592803453744
scene_1,user_6407,item_13,0.2790553132756236
scene_1,user_6407,item_3637,0.22784770917926217
scene_1,user_6407,item_7792,0.22784770917926217
scene_1,user_5500,item_13,0.39464380868665966
scene_1,user_5500,item_7711,0.39464380868665966
scene_1,user_5500,item_3637,0.3222253204769533
scene_1,user_5500,item_7792,0.3222253204769533
scene_1,user_2134,item_13,0.39464380868665966
scene_1,user_2134,item_7711,0.39464380868665966
scene_1,user_2134,item_3637,0.3222253204769533
scene_1,user_2134,item_7792,0.3222253204769533
scene_1,user_2420,item_6805,0.45511961331341866
scene_1,user_2420,item_3586,0.19632592803453744
scene_1,user_2420,item_3943,0.19632592803453744
scene_1,user_5385,item_7072,0.45511961331341866
scene_1,user_2506,item_5461,0.5100697232983947
scene_1,user_6315,item_5461,0.5100697232983947
scene_1,user_4397,item_325,0.45511961331341866
scene_1,user_4397,item_9781,0.21714724095162588
scene_1,user_4397,item_514,0.17729997979489165
scene_1,user_4397,item_625,0.17729997979489165
scene_1,user_9705,item_7435,0.45511961331341866
scene_1,user_5386,item_5008,0.20121480219092233
scene_1,user_5386,item_9745,0.20121480219092233
scene_1,user_4699,item_5008,0.2845607022086219
scene_1,user_4699,item_9667,0.2845607022086219
scene_1,user_4699,item_9745,0.2845607022086219
scene_1,user_3313,item_2938,0.24044917348149392
scene_1,user_3313,item_8068,0.24044917348149392
scene_1,user_3313,item_9094,0.24044917348149392
scene_1,user_3313,item_5008,0.20121480219092233
scene_1,user_3313,item_9667,0.20121480219092233
scene_1,user_3345,item_5008,0.2845607022086219
scene_1,user_3345,item_9667,0.2845607022086219
scene_1,user_3345,item_9745,0.2845607022086219
scene_1,user_2073,item_5008,0.2845607022086219
scene_1,user_2073,item_9667,0.2845607022086219
scene_1,user_2073,item_9745,0.2845607022086219
scene_1,user_4571,item_5008,0.2845607022086219
scene_1,user_4571,item_9667,0.2845607022086219
scene_1,user_4571,item_9745,0.2845607022086219
scene_1,user_1304,item_5008,0.2845607022086219
scene_1,user_1304,item_9667,0.2845607022086219
scene_1,user_1304,item_9745,0.2845607022086219
scene_1,user_837,item_5008,0.2845607022086219
scene_1,user_837,item_9667,0.2845607022086219
scene_1,user_837,item_9745,0.2845607022086219
scene_1,user_1111,item_5008,0.2845607022086219
scene_1,user_1111,item_9667,0.2845607022086219
scene_1,user_1111,item_9745,0.2845607022086219
scene_1,user_877,item_5008,0.2845607022086219
scene_1,user_877,item_9667,0.2845607022086219
scene_1,user_877,item_9745,0.2845607022086219
scene_1,user_8641,item_2653,0.3633810027301768
scene_1,user_8641,item_5707,0.25694917118487537
scene_1,user_8641,item_7966,0.25694917118487537
scene_1,user_8641,item_8515,0.25694917118487537
scene_1,user_332,item_2653,0.1816905013650884
scene_1,user_4996,item_2653,0.3633810027301768
scene_1,user_4996,item_5707,0.25694917118487537
scene_1,user_4996,item_7966,0.25694917118487537
scene_1,user_4996,item_8515,0.25694917118487537
scene_1,user_966,item_2653,0.3633810027301768
scene_1,user_966,item_5707,0.25694917118487537
scene_1,user_966,item_7966,0.25694917118487537
scene_1,user_966,item_8515,0.25694917118487537
scene_1,user_3817,item_2653,0.3633810027301768
scene_1,user_3817,item_5707,0.25694917118487537
scene_1,user_3817,item_7966,0.25694917118487537
scene_1,user_3817,item_8515,0.25694917118487537
scene_1,user_3863,item_2269,0.5255268625199613
scene_1,user_3863,item_3991,0.5255268625199613
scene_1,user_8574,item_8068,0.2790553132756236
scene_1,user_8574,item_2884,0.22784770917926217
scene_1,user_8574,item_3658,0.22784770917926217
scene_1,user_3367,item_9211,0.3633810027301768
scene_1,user_4605,item_9211,0.3633810027301768
scene_1,user_6390,item_9211,0.3633810027301768
scene_1,user_1132,item_9211,0.3633810027301768
scene_1,user_1928,item_9211,0.3633810027301768
scene_1,user_414,item_5050,0.4164701851078906
scene_1,user_414,item_7816,0.4164701851078906
scene_1,user_4997,item_5050,0.4164701851078906
scene_1,user_4997,item_7816,0.4164701851078906
scene_1,user_2956,item_1555,0.43935014561520125
scene_1,user_2956,item_4915,0.43935014561520125
scene_1,user_526,item_1555,0.43935014561520125
scene_1,user_526,item_4915,0.43935014561520125
scene_1,user_1787,item_352,0.45511961331341866
scene_1,user_1787,item_4132,0.25694917118487537
scene_1,user_1787,item_1117,0.10489905987233188
scene_1,user_1787,item_1120,0.10489905987233188
scene_1,user_1787,item_1975,0.10489905987233188
scene_1,user_1787,item_2038,0.10489905987233188
scene_1,user_1787,item_2080,0.10489905987233188
scene_1,user_1787,item_2089,0.10489905987233188
scene_1,user_1787,item_5314,0.10489905987233188
scene_1,user_1787,item_6706,0.10489905987233188
scene_1,user_1787,item_6850,0.10489905987233188
scene_1,user_1787,item_7111,0.10489905987233188
scene_1,user_1787,item_7681,0.10489905987233188
scene_1,user_8451,item_1132,0.5255268625199613
scene_1,user_8451,item_7321,0.5255268625199613
scene_1,user_3035,item_9640,0.6436363296498353
scene_1,user_6862,item_2326,0.20121480219092233
scene_1,user_6862,item_6589,0.20121480219092233
scene_1,user_6862,item_781,0.20121480219092233
scene_1,user_6862,item_886,0.20121480219092233
scene_1,user_6862,item_9880,0.20121480219092233
scene_1,user_164,item_8311,0.6436363296498353
scene_1,user_6757,item_820,0.45511961331341866
scene_1,user_4112,item_7858,0.45511961331341866
scene_1,user_6335,item_514,0.5255268625199613
scene_1,user_6335,item_7435,0.5255268625199613
scene_1,user_756,item_4441,0.5255268625199613
scene_1,user_756,item_7522,0.5255268625199613
scene_1,user_6512,item_5011,0.31066746727980593
scene_1,user_6512,item_682,0.25365892483943775
scene_1,user_6512,item_9655,0.25365892483943775
scene_1,user_6512,item_1975,0.21714724095162588
scene_1,user_6512,item_4852,0.21714724095162588
scene_1,user_6512,item_5815,0.21714724095162588
scene_1,user_5947,item_5011,0.43935014561520125
scene_1,user_5947,item_7048,0.43935014561520125
scene_1,user_5947,item_682,0.35872789172491043
scene_1,user_5947,item_9655,0.35872789172491043
scene_1,user_5549,item_3769,0.37160360818355515
scene_1,user_5549,item_5011,0.25365892483943775
scene_1,user_5549,item_7048,0.25365892483943775
scene_1,user_5549,item_5845,0.17936394586245522
scene_1,user_5549,item_7339,0.17936394586245522
scene_1,user_5549,item_9373,0.17936394586245522
scene_1,user_7498,item_2938,0.24044917348149392
scene_1,user_7498,item_1492,0.19632592803453744
scene_1,user_7498,item_4201,0.19632592803453744
scene_1,user_6987,item_2641,0.3400464821989298
scene_1,user_6987,item_2938,0.3400464821989298
scene_1,user_6987,item_1492,0.2776467900719271
scene_1,user_6987,item_4201,0.2776467900719271
scene_1,user_5965,item_2641,0.3400464821989298
scene_1,user_5965,item_2938,0.3400464821989298
scene_1,user_5965,item_1492,0.2776467900719271
scene_1,user_5965,item_4201,0.2776467900719271
scene_1,user_1405,item_2641,0.3400464821989298
scene_1,user_1405,item_2938,0.3400464821989298
scene_1,user_1405,item_1492,0.2776467900719271
scene_1,user_1405,item_4201,0.2776467900719271
scene_1,user_4926,item_2641,0.3400464821989298
scene_1,user_4926,item_2938,0.3400464821989298
scene_1,user_4926,item_1492,0.2776467900719271
scene_1,user_4926,item_4201,0.2776467900719271
scene_1,user_6069,item_4069,0.37160360818355515
scene_1,user_6069,item_4501,0.37160360818355515
scene_1,user_6069,item_376,0.2790553132756236
scene_1,user_6069,item_4000,0.2790553132756236
scene_1,user_6069,item_1651,0.22784770917926217
scene_1,user_6069,item_4297,0.22784770917926217
scene_1,user_1667,item_376,0.39464380868665966
scene_1,user_1667,item_4000,0.39464380868665966
scene_1,user_1667,item_952,0.39464380868665966
scene_1,user_1667,item_1651,0.3222253204769533
scene_1,user_1667,item_4297,0.3222253204769533
scene_1,user_1857,item_6457,0.6436363296498353
scene_1,user_3131,item_1768,0.32181816482491765
scene_1,user_3131,item_7681,0.32181816482491765
scene_1,user_8658,item_1768,0.32181816482491765
scene_1,user_8658,item_7681,0.32181816482491765
scene_1,user_1160,item_1768,0.32181816482491765
scene_1,user_1160,item_7681,0.32181816482491765
scene_1,user_2472,item_1768,0.32181816482491765
scene_1,user_2472,item_7681,0.32181816482491765
scene_1,user_2342,item_1768,0.32181816482491765
scene_1,user_2342,item_7681,0.32181816482491765
scene_1,user_6414,item_1768,0.32181816482491765
scene_1,user_6414,item_7681,0.32181816482491765
scene_1,user_7440,item_5602,0.24044917348149392
scene_1,user_7440,item_1768,0.22755980665670933
scene_1,user_7440,item_1117,0.09816296401726872
scene_1,user_7440,item_1120,0.09816296401726872
scene_1,user_7440,item_1975,0.09816296401726872
scene_1,user_7440,item_2038,0.09816296401726872
scene_1,user_7440,item_2080,0.09816296401726872
scene_1,user_7440,item_2089,0.09816296401726872
scene_1,user_7440,item_5314,0.09816296401726872
scene_1,user_7440,item_6706,0.09816296401726872
scene_1,user_7440,item_6850,0.09816296401726872
scene_1,user_7440,item_7111,0.09816296401726872
scene_1,user_7440,item_7234,0.09816296401726872
scene_1,user_125,item_7681,0.22755980665670933
scene_1,user_1141,item_7321,0.3633810027301768
scene_1,user_1240,item_7321,0.3633810027301768
scene_1,user_4922,item_7321,0.3633810027301768
scene_1,user_9799,item_1132,0.2944888920518062
scene_1,user_9799,item_6151,0.2944888920518062
scene_1,user_4036,item_7321,0.3633810027301768
scene_1,user_3933,item_7321,0.3633810027301768
scene_1,user_6643,item_1285,0.43935014561520125
scene_1,user_6643,item_1444,0.43935014561520125
scene_1,user_6643,item_9124,0.43935014561520125
scene_1,user_9574,item_1285,0.31066746727980593
scene_1,user_9574,item_1444,0.31066746727980593
scene_1,user_9574,item_2716,0.20851619571212315
scene_1,user_9574,item_6982,0.20851619571212315
scene_1,user_9574,item_9394,0.20851619571212315
scene_1,user_7817,item_1285,0.31066746727980593
scene_1,user_7817,item_9124,0.31066746727980593
scene_1,user_6470,item_2503,0.37160360818355515
scene_1,user_6470,item_7120,0.37160360818355515
scene_1,user_5920,item_5254,0.36067376022224085
scene_1,user_5431,item_5254,0.5100697232983947
scene_1,user_5431,item_8713,0.5100697232983947
scene_1,user_959,item_7105,0.39464380868665966
scene_1,user_197,item_7105,0.39464380868665966
scene_1,user_894,item_7105,0.39464380868665966
scene_1,user_2984,item_1837,0.22755980665670933
scene_1,user_2984,item_9184,0.22755980665670933
scene_1,user_4635,item_7105,0.39464380868665966
scene_1,user_9788,item_1516,0.3633810027301768
scene_1,user_9788,item_8347,0.3633810027301768
scene_1,user_9788,item_9292,0.3633810027301768
scene_1,user_7174,item_1516,0.25694917118487537
scene_1,user_7174,item_8347,0.25694917118487537
scene_1,user_5681,item_8995,0.45511961331341866
scene_1,user_5681,item_1516,0.25694917118487537
scene_1,user_5681,item_9292,0.25694917118487537
scene_1,user_7711,item_1516,0.3633810027301768
scene_1,user_7711,item_8347,0.3633810027301768
scene_1,user_7711,item_9292,0.3633810027301768
scene_1,user_2288,item_1516,0.3633810027301768
scene_1,user_2288,item_8347,0.3633810027301768
scene_1,user_2288,item_9292,0.3633810027301768
scene_1,user_8332,item_1270,0.30709257318568767
scene_1,user_4226,item_1270,0.30709257318568767
scene_1,user_1617,item_1270,0.30709257318568767
scene_1,user_3011,item_1270,0.30709257318568767
scene_1,user_9889,item_1270,0.30709257318568767
scene_1,user_9437,item_1270,0.30709257318568767
scene_1,user_4216,item_1270,0.30709257318568767
scene_1,user_3801,item_1270,0.30709257318568767
scene_1,user_8024,item_2653,0.6436363296498353
scene_1,user_7144,item_3454,0.5100697232983947
scene_1,user_7144,item_5704,0.5100697232983947
scene_1,user_7818,item_5704,0.36067376022224085
scene_1,user_5765,item_8524,0.37160360818355515
scene_1,user_5765,item_1774,0.20979811974466375
scene_1,user_5765,item_190,0.17129944745658357
scene_1,user_5765,item_70,0.17129944745658357
scene_1,user_5765,item_3199,0.14834967315163902
scene_1,user_5765,item_3217,0.14834967315163902
scene_1,user_5765,item_4960,0.14834967315163902
scene_1,user_942,item_1774,0.3633810027301768
scene_1,user_942,item_190,0.29669934630327804
scene_1,user_942,item_70,0.29669934630327804
scene_1,user_942,item_7702,0.29669934630327804
scene_1,user_942,item_8953,0.29669934630327804
scene_1,user_942,item_3199,0.25694917118487537
scene_1,user_942,item_3217,0.25694917118487537
scene_1,user_942,item_4960,0.25694917118487537
scene_1,user_8835,item_1774,0.3633810027301768
scene_1,user_8835,item_190,0.29669934630327804
scene_1,user_8835,item_70,0.29669934630327804
scene_1,user_8835,item_7702,0.29669934630327804
scene_1,user_8835,item_8953,0.29669934630327804
scene_1,user_8835,item_3199,0.25694917118487537
scene_1,user_8835,item_3217,0.25694917118487537
scene_1,user_8835,item_4960,0.25694917118487537
scene_1,user_8805,item_6301,0.6436363296498353
scene_1,user_379,item_2290,0.43935014561520125
scene_1,user_2328,item_2290,0.43935014561520125
scene_1,user_4143,item_2290,0.43935014561520125
scene_1,user_8303,item_3637,0.45511961331341866
scene_1,user_3188,item_2944,0.6436363296498353
scene_1,user_4384,item_9511,0.5100697232983947
scene_1,user_7002,item_9511,0.5100697232983947
scene_1,user_7770,item_5806,0.25694917118487537
scene_1,user_7770,item_3478,0.20979811974466375
scene_1,user_7770,item_8785,0.20979811974466375
scene_1,user_3014,item_5806,0.3633810027301768
scene_1,user_3014,item_9061,0.3633810027301768
scene_1,user_3014,item_3478,0.29669934630327804
scene_1,user_3014,item_8785,0.29669934630327804
scene_1,user_3253,item_5806,0.3633810027301768
scene_1,user_3253,item_9061,0.3633810027301768
scene_1,user_3253,item_3478,0.29669934630327804
scene_1,user_3253,item_8785,0.29669934630327804
scene_1,user_437,item_9061,0.25694917118487537
scene_1,user_437,item_3478,0.20979811974466375
scene_1,user_437,item_8785,0.20979811974466375
scene_1,user_8074,item_5806,0.3633810027301768
scene_1,user_8074,item_9061,0.3633810027301768
scene_1,user_8074,item_3478,0.29669934630327804
scene_1,user_8074,item_8785,0.29669934630327804
scene_1,user_9858,item_8701,0.43935014561520125
scene_1,user_8140,item_8701,0.43935014561520125
scene_1,user_6179,item_1060,0.21714724095162588
scene_1,user_6179,item_8830,0.21714724095162588
scene_1,user_6179,item_3262,0.17729997979489165
scene_1,user_6179,item_3481,0.17729997979489165
scene_1,user_6179,item_7846,0.17729997979489165
scene_1,user_6179,item_8794,0.17729997979489165
scene_1,user_6179,item_9736,0.17729997979489165
scene_1,user_6179,item_9802,0.17729997979489165
scene_1,user_7448,item_8701,0.43935014561520125
scene_1,user_3097,item_2257,0.5255268625199613
scene_1,user_3097,item_7438,0.5255268625199613
scene_1,user_4874,item_2092,0.25694917118487537
scene_1,user_4874,item_7324,0.25694917118487537
scene_1,user_4874,item_9613,0.25694917118487537
scene_1,user_1276,item_2092,0.3633810027301768
scene_1,user_1276,item_7324,0.3633810027301768
scene_1,user_1276,item_7900,0.3633810027301768
scene_1,user_1276,item_9613,0.3633810027301768
scene_1,user_6594,item_2092,0.25694917118487537
scene_1,user_6594,item_7324,0.25694917118487537
scene_1,user_6594,item_7900,0.25694917118487537
scene_1,user_9269,item_4894,0.2790553132756236
scene_1,user_9269,item_2092,0.25694917118487537
scene_1,user_9269,item_7900,0.25694917118487537
scene_1,user_9269,item_9613,0.25694917118487537
scene_1,user_6658,item_2092,0.3633810027301768
scene_1,user_6658,item_7324,0.3633810027301768
scene_1,user_6658,item_7900,0.3633810027301768
scene_1,user_6658,item_9613,0.3633810027301768
scene_1,user_9093,item_8005,0.2790553132756236
scene_1,user_9093,item_9340,0.2790553132756236
scene_1,user_1553,item_7897,0.6436363296498353
scene_1,user_1604,item_6889,0.5100697232983947
scene_1,user_1202,item_6889,0.5100697232983947
scene_1,user_6056,item_8593,0.25694917118487537
scene_1,user_815,item_3130,0.45511961331341866
scene_1,user_815,item_1117,0.1472444460259031
scene_1,user_815,item_1120,0.1472444460259031
scene_1,user_815,item_1975,0.1472444460259031
scene_1,user_815,item_2038,0.1472444460259031
scene_1,user_815,item_2080,0.1472444460259031
scene_1,user_815,item_2089,0.1472444460259031
scene_1,user_815,item_5314,0.1472444460259031
scene_1,user_815,item_6706,0.1472444460259031
scene_1,user_815,item_7111,0.1472444460259031
scene_1,user_815,item_7234,0.1472444460259031
scene_1,user_815,item_7681,0.1472444460259031
scene_1,user_9607,item_1339,0.5100697232983947
scene_1,user_9607,item_2422,0.4164701851078906
scene_1,user_9607,item_5908,0.4164701851078906
scene_1,user_411,item_4618,0.31066746727980593
scene_1,user_411,item_1717,0.22784770917926217
scene_1,user_411,item_2785,0.22784770917926217
scene_1,user_411,item_3265,0.22784770917926217
scene_1,user_411,item_9235,0.22784770917926217
scene_1,user_411,item_1561,0.21967507280760062
scene_1,user_411,item_265,0.21967507280760062
scene_1,user_411,item_6916,0.21967507280760062
scene_1,user_7277,item_4618,0.43935014561520125
scene_1,user_7277,item_9739,0.43935014561520125
scene_1,user_7277,item_1561,0.31066746727980593
scene_1,user_7277,item_265,0.31066746727980593
scene_1,user_7277,item_6916,0.31066746727980593
scene_1,user_223,item_4048,0.2790553132756236
scene_1,user_9813,item_4048,0.39464380868665966
scene_1,user_9813,item_8905,0.39464380868665966
scene_1,user_1572,item_4048,0.39464380868665966
scene_1,user_1572,item_8905,0.39464380868665966
scene_1,user_3715,item_4048,0.39464380868665966
scene_1,user_3715,item_8905,0.39464380868665966
scene_1,user_4378,item_1969,0.6436363296498353
scene_1,user_5482,item_1786,0.22755980665670933
scene_1,user_5482,item_3478,0.18580180409177757
scene_1,user_5482,item_6514,0.18580180409177757
scene_1,user_7974,item_8785,0.43935014561520125
scene_1,user_7629,item_8785,0.43935014561520125
scene_1,user_9784,item_8785,0.43935014561520125
scene_1,user_8797,item_2536,0.2404491734814939
scene_1,user_8797,item_6709,0.2404491734814939
scene_1,user_8797,item_3424,0.18580180409177757
scene_1,user_8797,item_2809,0.15170653777113954
scene_1,user_8797,item_3130,0.15170653777113954
scene_1,user_7013,item_3424,0.32181816482491765
scene_1,user_7013,item_2809,0.26276343125998064
scene_1,user_7013,item_3130,0.26276343125998064
scene_1,user_7013,item_3397,0.26276343125998064
scene_1,user_7013,item_7753,0.26276343125998064
scene_1,user_1324,item_3424,0.32181816482491765
scene_1,user_1324,item_2809,0.26276343125998064
scene_1,user_1324,item_3130,0.26276343125998064
scene_1,user_1324,item_3397,0.26276343125998064
scene_1,user_1324,item_7753,0.26276343125998064
scene_1,user_6387,item_3424,0.32181816482491765
scene_1,user_6387,item_2809,0.26276343125998064
scene_1,user_6387,item_3130,0.26276343125998064
scene_1,user_6387,item_3397,0.26276343125998064
scene_1,user_6387,item_7753,0.26276343125998064
scene_1,user_9766,item_3424,0.32181816482491765
scene_1,user_9766,item_2809,0.26276343125998064
scene_1,user_9766,item_3130,0.26276343125998064
scene_1,user_9766,item_3397,0.26276343125998064
scene_1,user_9766,item_7753,0.26276343125998064
scene_1,user_988,item_3424,0.32181816482491765
scene_1,user_988,item_2809,0.26276343125998064
scene_1,user_988,item_3130,0.26276343125998064
scene_1,user_988,item_3397,0.26276343125998064
scene_1,user_988,item_7753,0.26276343125998064
scene_1,user_8834,item_8917,0.6436363296498353
scene_1,user_4420,item_7948,0.36067376022224085
scene_1,user_3164,item_1117,0.10489905987233188
scene_1,user_3164,item_1120,0.10489905987233188
scene_1,user_3164,item_1975,0.10489905987233188
scene_1,user_3164,item_2038,0.10489905987233188
scene_1,user_3164,item_2080,0.10489905987233188
scene_1,user_3164,item_2089,0.10489905987233188
scene_1,user_3164,item_5314,0.10489905987233188
scene_1,user_3164,item_6850,0.10489905987233188
scene_1,user_3164,item_7111,0.10489905987233188
scene_1,user_3164,item_7234,0.10489905987233188
scene_1,user_3164,item_7681,0.10489905987233188
scene_1,user_7401,item_6121,0.3633810027301768
scene_1,user_7401,item_1117,0.14834967315163902
scene_1,user_7401,item_1120,0.14834967315163902
scene_1,user_7401,item_1975,0.14834967315163902
scene_1,user_7401,item_2038,0.14834967315163902
scene_1,user_7401,item_2080,0.14834967315163902
scene_1,user_7401,item_2089,0.14834967315163902
scene_1,user_7401,item_5314,0.14834967315163902
scene_1,user_7401,item_6850,0.14834967315163902
scene_1,user_7401,item_7111,0.14834967315163902
scene_1,user_7401,item_7234,0.14834967315163902
scene_1,user_7401,item_7681,0.14834967315163902
scene_1,user_951,item_6121,0.3633810027301768
scene_1,user_951,item_1117,0.14834967315163902
scene_1,user_951,item_1120,0.14834967315163902
scene_1,user_951,item_1975,0.14834967315163902
scene_1,user_951,item_2038,0.14834967315163902
scene_1,user_951,item_2080,0.14834967315163902
scene_1,user_951,item_2089,0.14834967315163902
scene_1,user_951,item_5314,0.14834967315163902
scene_1,user_951,item_6850,0.14834967315163902
scene_1,user_951,item_7111,0.14834967315163902
scene_1,user_951,item_7234,0.14834967315163902
scene_1,user_951,item_7681,0.14834967315163902
scene_1,user_3813,item_6121,0.3633810027301768
scene_1,user_3813,item_1117,0.14834967315163902
scene_1,user_3813,item_1120,0.14834967315163902
scene_1,user_3813,item_1975,0.14834967315163902
scene_1,user_3813,item_2038,0.14834967315163902
scene_1,user_3813,item_2080,0.14834967315163902
scene_1,user_3813,item_2089,0.14834967315163902
scene_1,user_3813,item_5314,0.14834967315163902
scene_1,user_3813,item_6850,0.14834967315163902
scene_1,user_3813,item_7111,0.14834967315163902
scene_1,user_3813,item_7234,0.14834967315163902
scene_1,user_3813,item_7681,0.14834967315163902
scene_1,user_5615,item_6121,0.3633810027301768
scene_1,user_5615,item_1117,0.14834967315163902
scene_1,user_5615,item_1120,0.14834967315163902
scene_1,user_5615,item_1975,0.14834967315163902
scene_1,user_5615,item_2038,0.14834967315163902
scene_1,user_5615,item_2080,0.14834967315163902
scene_1,user_5615,item_2089,0.14834967315163902
scene_1,user_5615,item_5314,0.14834967315163902
scene_1,user_5615,item_6850,0.14834967315163902
scene_1,user_5615,item_7111,0.14834967315163902
scene_1,user_5615,item_7234,0.14834967315163902
scene_1,user_5615,item_7681,0.14834967315163902
scene_1,user_1128,item_2536,0.2776467900719271
scene_1,user_1128,item_7753,0.2776467900719271
scene_1,user_9653,item_2536,0.2776467900719271
scene_1,user_9653,item_7753,0.2776467900719271
scene_1,user_7525,item_2536,0.2776467900719271
scene_1,user_7525,item_7753,0.2776467900719271
scene_1,user_2558,item_2536,0.2776467900719271
scene_1,user_2558,item_7753,0.2776467900719271
scene_1,user_1452,item_2536,0.2776467900719271
scene_1,user_1452,item_7753,0.2776467900719271
scene_1,user_8481,item_2536,0.2776467900719271
scene_1,user_8481,item_7753,0.2776467900719271
scene_1,user_4063,item_5236,0.4164701851078906
scene_1,user_4063,item_8077,0.4164701851078906
scene_1,user_8448,item_5236,0.4164701851078906
scene_1,user_8448,item_8077,0.4164701851078906
scene_1,user_2623,item_2572,0.17025276086700514
scene_1,user_2623,item_6349,0.17025276086700514
scene_1,user_2623,item_8017,0.17025276086700514
scene_1,user_2623,item_2389,0.13901079714141543
scene_1,user_2623,item_4069,0.13901079714141543
scene_1,user_2623,item_7063,0.13901079714141543
scene_1,user_2623,item_8635,0.13901079714141543
scene_1,user_8405,item_1672,0.2944888920518062
scene_1,user_8405,item_8620,0.2944888920518062
scene_1,user_8799,item_2161,0.45511961331341866
scene_1,user_8799,item_1672,0.36067376022224085
scene_1,user_8799,item_3025,0.2944888920518062
scene_1,user_8799,item_9721,0.2944888920518062
scene_1,user_4392,item_8122,0.6436363296498353
scene_1,user_354,item_5533,0.6436363296498353
scene_1,user_123,item_2323,0.5100697232983947
scene_1,user_9217,item_2323,0.5100697232983947
scene_1,user_9726,item_5992,0.6436363296498353
scene_1,user_7257,item_4825,0.5255268625199613
scene_1,user_7257,item_9781,0.5255268625199613
scene_1,user_9328,item_4966,0.3400464821989298
scene_1,user_9328,item_2803,0.2776467900719271
scene_1,user_9328,item_5107,0.2776467900719271
scene_1,user_972,item_4966,0.3400464821989298
scene_1,user_972,item_2803,0.2776467900719271
scene_1,user_972,item_5107,0.2776467900719271
scene_1,user_6832,item_4966,0.3400464821989298
scene_1,user_6832,item_2803,0.2776467900719271
scene_1,user_6832,item_5107,0.2776467900719271
scene_1,user_8180,item_4966,0.3400464821989298
scene_1,user_8180,item_2803,0.2776467900719271
scene_1,user_8180,item_5107,0.2776467900719271
scene_1,user_2253,item_4966,0.3400464821989298
scene_1,user_2253,item_2803,0.2776467900719271
scene_1,user_2253,item_5107,0.2776467900719271
scene_1,user_8071,item_8074,0.31066746727980593
scene_1,user_8071,item_1687,0.22755980665670933
scene_1,user_8071,item_1942,0.18580180409177757
scene_1,user_8071,item_4201,0.18580180409177757
scene_1,user_4649,item_8074,0.43935014561520125
scene_1,user_4649,item_9331,0.43935014561520125
scene_1,user_4001,item_8074,0.43935014561520125
scene_1,user_4001,item_9331,0.43935014561520125
scene_1,user_8763,item_9331,0.31066746727980593
scene_1,user_3089,item_6640,0.5100697232983947
scene_1,user_3089,item_1117,0.2082350925539453
scene_1,user_3089,item_1120,0.2082350925539453
scene_1,user_3089,item_1975,0.2082350925539453
scene_1,user_3089,item_2038,0.2082350925539453
scene_1,user_3089,item_2080,0.2082350925539453
scene_1,user_3089,item_2089,0.2082350925539453
scene_1,user_3089,item_5314,0.2082350925539453
scene_1,user_3089,item_6706,0.2082350925539453
scene_1,user_3089,item_7111,0.2082350925539453
scene_1,user_3089,item_7234,0.2082350925539453
scene_1,user_3089,item_7681,0.2082350925539453
scene_1,user_3706,item_1186,0.5100697232983947
scene_1,user_5190,item_1186,0.5100697232983947
scene_1,user_6916,item_742,0.39464380868665966
scene_1,user_7942,item_742,0.39464380868665966
scene_1,user_8856,item_9772,0.31066746727980593
scene_1,user_8822,item_742,0.39464380868665966
scene_1,user_3343,item_742,0.39464380868665966
scene_1,user_2809,item_3031,0.43935014561520125
scene_1,user_7808,item_3031,0.43935014561520125
scene_1,user_1215,item_3031,0.43935014561520125
scene_1,user_2854,item_6628,0.3633810027301768
scene_1,user_2854,item_8593,0.3633810027301768
scene_1,user_8759,item_2098,0.25694917118487537
scene_1,user_8759,item_6628,0.25694917118487537
scene_1,user_3900,item_6628,0.3633810027301768
scene_1,user_3900,item_8593,0.3633810027301768
scene_1,user_9694,item_6628,0.3633810027301768
scene_1,user_9694,item_8593,0.3633810027301768
scene_1,user_337,item_6628,0.3633810027301768
scene_1,user_337,item_8593,0.3633810027301768
scene_1,user_9565,item_2161,0.43935014561520125
scene_1,user_3197,item_2161,0.43935014561520125
scene_1,user_9258,item_2161,0.43935014561520125
scene_1,user_8602,item_1561,0.25503486164919736
scene_1,user_8602,item_265,0.25503486164919736
scene_1,user_8602,item_6670,0.25503486164919736
scene_1,user_8602,item_4618,0.17729997979489165
scene_1,user_8602,item_5209,0.17729997979489165
scene_1,user_4746,item_7261,0.5100697232983947
scene_1,user_4746,item_1561,0.36067376022224085
scene_1,user_4746,item_265,0.36067376022224085
scene_1,user_4746,item_6670,0.36067376022224085
scene_1,user_5676,item_5398,0.6436363296498353
scene_1,user_2267,item_4060,0.3222253204769533
scene_1,user_2267,item_9973,0.3222253204769533
scene_1,user_6369,item_4060,0.3222253204769533
scene_1,user_6369,item_9973,0.3222253204769533
scene_1,user_6872,item_4060,0.3222253204769533
scene_1,user_6872,item_9973,0.3222253204769533
scene_1,user_6123,item_4060,0.3222253204769533
scene_1,user_6123,item_9973,0.3222253204769533
scene_1,user_4884,item_472,0.4164701851078906
scene_1,user_4884,item_8188,0.4164701851078906
scene_1,user_3312,item_472,0.4164701851078906
scene_1,user_3312,item_8188,0.4164701851078906
scene_1,user_3591,item_8611,0.25365892483943775
scene_1,user_3591,item_4828,0.17936394586245522
scene_1,user_3591,item_4933,0.17936394586245522
scene_1,user_3591,item_9466,0.17936394586245522
scene_1,user_7857,item_7630,0.5100697232983947
scene_1,user_2222,item_5218,0.2790553132756236
scene_1,user_6908,item_7630,0.5100697232983947
scene_1,user_3785,item_5596,0.3633810027301768
scene_1,user_3785,item_9124,0.3633810027301768
scene_1,user_2975,item_5596,0.3633810027301768
scene_1,user_2975,item_9124,0.3633810027301768
scene_1,user_3906,item_5596,0.3633810027301768
scene_1,user_3906,item_9124,0.3633810027301768
scene_1,user_5134,item_5596,0.25694917118487537
scene_1,user_5134,item_2716,0.20851619571212315
scene_1,user_5134,item_6373,0.20851619571212315
scene_1,user_5134,item_9394,0.20851619571212315
scene_1,user_5596,item_5596,0.3633810027301768
scene_1,user_5596,item_9124,0.3633810027301768
scene_1,user_5320,item_190,0.5255268625199613
scene_1,user_5320,item_6451,0.5255268625199613
scene_1,user_2773,item_1186,0.29488643195052716
scene_1,user_2773,item_1225,0.29488643195052716
scene_1,user_2773,item_3973,0.29488643195052716
scene_1,user_2773,item_1438,0.240773763449582
scene_1,user_2773,item_4795,0.240773763449582
scene_1,user_7115,item_1186,0.29488643195052716
scene_1,user_7115,item_1225,0.29488643195052716
scene_1,user_7115,item_3973,0.29488643195052716
scene_1,user_7115,item_1438,0.240773763449582
scene_1,user_7115,item_4795,0.240773763449582
scene_1,user_8042,item_1186,0.29488643195052716
scene_1,user_8042,item_1225,0.29488643195052716
scene_1,user_8042,item_3973,0.29488643195052716
scene_1,user_8042,item_1438,0.240773763449582
scene_1,user_8042,item_4795,0.240773763449582
scene_1,user_3948,item_1186,0.29488643195052716
scene_1,user_3948,item_1225,0.29488643195052716
scene_1,user_3948,item_3973,0.29488643195052716
scene_1,user_3948,item_1438,0.240773763449582
scene_1,user_3948,item_4795,0.240773763449582
scene_1,user_5029,item_1186,0.29488643195052716
scene_1,user_5029,item_1225,0.29488643195052716
scene_1,user_5029,item_3973,0.29488643195052716
scene_1,user_5029,item_1438,0.240773763449582
scene_1,user_5029,item_4795,0.240773763449582
scene_1,user_8319,item_1186,0.29488643195052716
scene_1,user_8319,item_1225,0.29488643195052716
scene_1,user_8319,item_3973,0.29488643195052716
scene_1,user_8319,item_1438,0.240773763449582
scene_1,user_8319,item_4795,0.240773763449582
scene_1,user_5273,item_8506,0.36067376022224085
scene_1,user_5273,item_1636,0.2944888920518062
scene_1,user_5273,item_7687,0.2944888920518062
scene_1,user_7540,item_8506,0.5100697232983947
scene_1,user_7540,item_9073,0.5100697232983947
scene_1,user_3186,item_9073,0.36067376022224085
scene_1,user_4051,item_1975,0.30709257318568767
scene_1,user_4051,item_4852,0.30709257318568767
scene_1,user_4051,item_5815,0.30709257318568767
scene_1,user_4051,item_6259,0.30709257318568767
scene_1,user_7162,item_1975,0.30709257318568767
scene_1,user_7162,item_4852,0.30709257318568767
scene_1,user_7162,item_5815,0.30709257318568767
scene_1,user_7162,item_6259,0.30709257318568767
scene_1,user_2213,item_1975,0.30709257318568767
scene_1,user_2213,item_4852,0.30709257318568767
scene_1,user_2213,item_5815,0.30709257318568767
scene_1,user_2213,item_6259,0.30709257318568767
scene_1,user_9845,item_1975,0.30709257318568767
scene_1,user_9845,item_4852,0.30709257318568767
scene_1,user_9845,item_5815,0.30709257318568767
scene_1,user_9845,item_6259,0.30709257318568767
scene_1,user_361,item_1975,0.30709257318568767
scene_1,user_361,item_4852,0.30709257318568767
scene_1,user_361,item_5815,0.30709257318568767
scene_1,user_361,item_6259,0.30709257318568767
scene_1,user_6177,item_1975,0.21714724095162588
scene_1,user_6177,item_5815,0.21714724095162588
scene_1,user_6177,item_6259,0.21714724095162588
scene_1,user_3699,item_4069,0.3222253204769533
scene_1,user_3699,item_8077,0.3222253204769533
scene_1,user_6317,item_4069,0.3222253204769533
scene_1,user_6317,item_8077,0.3222253204769533
scene_1,user_9395,item_4069,0.3222253204769533
scene_1,user_9395,item_8077,0.3222253204769533
scene_1,user_7192,item_4069,0.3222253204769533
scene_1,user_7192,item_8077,0.3222253204769533
scene_1,user_5321,item_5992,0.3400464821989298
scene_1,user_5321,item_3586,0.2776467900719271
scene_1,user_5321,item_3943,0.2776467900719271
scene_1,user_3154,item_5992,0.3400464821989298
scene_1,user_3154,item_3586,0.2776467900719271
scene_1,user_3154,item_3943,0.2776467900719271
scene_1,user_5527,item_5992,0.3400464821989298
scene_1,user_5527,item_3586,0.2776467900719271
scene_1,user_5527,item_3943,0.2776467900719271
scene_1,user_2852,item_5992,0.3400464821989298
scene_1,user_2852,item_3586,0.2776467900719271
scene_1,user_2852,item_3943,0.2776467900719271
scene_1,user_5659,item_5992,0.3400464821989298
scene_1,user_5659,item_3586,0.2776467900719271
scene_1,user_5659,item_3943,0.2776467900719271
scene_1,user_772,item_8386,0.6436363296498353
scene_1,user_5562,item_1996,0.2944888920518062
scene_1,user_5562,item_52,0.2944888920518062
scene_1,user_6050,item_163,0.45511961331341866
scene_1,user_6050,item_5551,0.25694917118487537
scene_1,user_6050,item_9124,0.25694917118487537
scene_1,user_6050,item_9547,0.25694917118487537
scene_1,user_4205,item_2713,0.6436363296498353
scene_1,user_9115,item_1837,0.32181816482491765
scene_1,user_9115,item_64,0.32181816482491765
scene_1,user_9115,item_9184,0.32181816482491765
scene_1,user_165,item_1837,0.32181816482491765
scene_1,user_165,item_64,0.32181816482491765
scene_1,user_165,item_9184,0.32181816482491765
scene_1,user_2589,item_1837,0.32181816482491765
scene_1,user_2589,item_64,0.32181816482491765
scene_1,user_2589,item_9184,0.32181816482491765
scene_1,user_5458,item_1837,0.22755980665670933
scene_1,user_5458,item_64,0.22755980665670933
scene_1,user_4415,item_1837,0.32181816482491765
scene_1,user_4415,item_64,0.32181816482491765
scene_1,user_4415,item_9184,0.32181816482491765
scene_1,user_2575,item_1837,0.32181816482491765
scene_1,user_2575,item_64,0.32181816482491765
scene_1,user_2575,item_9184,0.32181816482491765
scene_1,user_8735,item_265,0.32181816482491765
scene_1,user_8735,item_4417,0.32181816482491765
scene_1,user_8735,item_1117,0.13138171562999032
scene_1,user_8735,item_1120,0.13138171562999032
scene_1,user_8735,item_1975,0.13138171562999032
scene_1,user_8735,item_2038,0.13138171562999032
scene_1,user_8735,item_2080,0.13138171562999032
scene_1,user_8735,item_2089,0.13138171562999032
scene_1,user_8735,item_5314,0.13138171562999032
scene_1,user_8735,item_6706,0.13138171562999032
scene_1,user_8735,item_6850,0.13138171562999032
scene_1,user_8735,item_7234,0.13138171562999032
scene_1,user_8735,item_7681,0.13138171562999032
scene_1,user_2553,item_265,0.22755980665670933
scene_1,user_2553,item_1117,0.09290090204588879
scene_1,user_2553,item_1120,0.09290090204588879
scene_1,user_2553,item_1975,0.09290090204588879
scene_1,user_2553,item_2038,0.09290090204588879
scene_1,user_2553,item_2080,0.09290090204588879
scene_1,user_2553,item_2089,0.09290090204588879
scene_1,user_2553,item_5314,0.09290090204588879
scene_1,user_2553,item_6706,0.09290090204588879
scene_1,user_2553,item_6850,0.09290090204588879
scene_1,user_2553,item_7234,0.09290090204588879
scene_1,user_2553,item_7681,0.09290090204588879
scene_1,user_2142,item_265,0.32181816482491765
scene_1,user_2142,item_4417,0.32181816482491765
scene_1,user_2142,item_1117,0.13138171562999032
scene_1,user_2142,item_1120,0.13138171562999032
scene_1,user_2142,item_1975,0.13138171562999032
scene_1,user_2142,item_2038,0.13138171562999032
scene_1,user_2142,item_2080,0.13138171562999032
scene_1,user_2142,item_2089,0.13138171562999032
scene_1,user_2142,item_5314,0.13138171562999032
scene_1,user_2142,item_6706,0.13138171562999032
scene_1,user_2142,item_6850,0.13138171562999032
scene_1,user_2142,item_7234,0.13138171562999032
scene_1,user_2142,item_7681,0.13138171562999032
scene_1,user_6744,item_265,0.32181816482491765
scene_1,user_6744,item_4417,0.32181816482491765
scene_1,user_6744,item_1117,0.13138171562999032
scene_1,user_6744,item_1120,0.13138171562999032
scene_1,user_6744,item_1975,0.13138171562999032
scene_1,user_6744,item_2038,0.13138171562999032
scene_1,user_6744,item_2080,0.13138171562999032
scene_1,user_6744,item_2089,0.13138171562999032
scene_1,user_6744,item_5314,0.13138171562999032
scene_1,user_6744,item_6706,0.13138171562999032
scene_1,user_6744,item_6850,0.13138171562999032
scene_1,user_6744,item_7234,0.13138171562999032
scene_1,user_6744,item_7681,0.13138171562999032
scene_1,user_5489,item_265,0.32181816482491765
scene_1,user_5489,item_4417,0.32181816482491765
scene_1,user_5489,item_1117,0.13138171562999032
scene_1,user_5489,item_1120,0.13138171562999032
scene_1,user_5489,item_1975,0.13138171562999032
scene_1,user_5489,item_2038,0.13138171562999032
scene_1,user_5489,item_2080,0.13138171562999032
scene_1,user_5489,item_2089,0.13138171562999032
scene_1,user_5489,item_5314,0.13138171562999032
scene_1,user_5489,item_6706,0.13138171562999032
scene_1,user_5489,item_6850,0.13138171562999032
scene_1,user_5489,item_7234,0.13138171562999032
scene_1,user_5489,item_7681,0.13138171562999032
scene_1,user_1468,item_265,0.32181816482491765
scene_1,user_1468,item_4417,0.32181816482491765
scene_1,user_1468,item_1117,0.13138171562999032
scene_1,user_1468,item_1120,0.13138171562999032
scene_1,user_1468,item_1975,0.13138171562999032
scene_1,user_1468,item_2038,0.13138171562999032
scene_1,user_1468,item_2080,0.13138171562999032
scene_1,user_1468,item_2089,0.13138171562999032
scene_1,user_1468,item_5314,0.13138171562999032
scene_1,user_1468,item_6706,0.13138171562999032
scene_1,user_1468,item_6850,0.13138171562999032
scene_1,user_1468,item_7234,0.13138171562999032
scene_1,user_1468,item_7681,0.13138171562999032
scene_1,user_5075,item_2503,0.37160360818355515
scene_1,user_5075,item_6376,0.37160360818355515
scene_1,user_5075,item_31,0.25694917118487537
scene_1,user_5075,item_3328,0.25694917118487537
scene_1,user_5075,item_4411,0.25694917118487537
scene_1,user_6542,item_835,0.6436363296498353
scene_1,user_6207,item_1030,0.22755980665670933
scene_1,user_6207,item_3481,0.22755980665670933
scene_1,user_6207,item_5533,0.22755980665670933
scene_1,user_9892,item_4501,0.35872789172491043
scene_1,user_9892,item_4975,0.35872789172491043
scene_1,user_7373,item_4501,0.35872789172491043
scene_1,user_7373,item_4975,0.35872789172491043
scene_1,user_9979,item_4501,0.35872789172491043
scene_1,user_9979,item_4975,0.35872789172491043
scene_1,user_8009,item_7669,0.31066746727980593
scene_1,user_8009,item_7819,0.31066746727980593
scene_1,user_8009,item_1039,0.22755980665670933
scene_1,user_8009,item_2260,0.22755980665670933
scene_1,user_8009,item_2884,0.22755980665670933
scene_1,user_1499,item_7669,0.43935014561520125
scene_1,user_1499,item_7819,0.43935014561520125
scene_1,user_1499,item_8380,0.43935014561520125
scene_1,user_5167,item_7819,0.31066746727980593
scene_1,user_5167,item_8380,0.31066746727980593
scene_1,user_5167,item_3667,0.2790553132756236
scene_1,user_9669,item_7669,0.31066746727980593
scene_1,user_9669,item_8380,0.31066746727980593
scene_1,user_9669,item_4636,0.22755980665670933
scene_1,user_9669,item_5320,0.22755980665670933
scene_1,user_9669,item_8494,0.22755980665670933
scene_1,user_6145,item_2947,0.43935014561520125
scene_1,user_6145,item_4900,0.43935014561520125
scene_1,user_9958,item_2947,0.43935014561520125
scene_1,user_9958,item_4900,0.43935014561520125
scene_1,user_4659,item_4147,0.6436363296498353
scene_1,user_7565,item_1435,0.6436363296498353
scene_1,user_505,item_4738,0.6436363296498353
scene_1,user_5761,item_4132,0.3633810027301768
scene_1,user_5761,item_6142,0.3633810027301768
scene_1,user_5761,item_1117,0.14834967315163902
scene_1,user_5761,item_1120,0.14834967315163902
scene_1,user_5761,item_1975,0.14834967315163902
scene_1,user_5761,item_2038,0.14834967315163902
scene_1,user_5761,item_2080,0.14834967315163902
scene_1,user_5761,item_2089,0.14834967315163902
scene_1,user_5761,item_5314,0.14834967315163902
scene_1,user_5761,item_6706,0.14834967315163902
scene_1,user_5761,item_6850,0.14834967315163902
scene_1,user_5761,item_7111,0.14834967315163902
scene_1,user_5761,item_7681,0.14834967315163902
scene_1,user_4606,item_4132,0.3633810027301768
scene_1,user_4606,item_6142,0.3633810027301768
scene_1,user_4606,item_1117,0.14834967315163902
scene_1,user_4606,item_1120,0.14834967315163902
scene_1,user_4606,item_1975,0.14834967315163902
scene_1,user_4606,item_2038,0.14834967315163902
scene_1,user_4606,item_2080,0.14834967315163902
scene_1,user_4606,item_2089,0.14834967315163902
scene_1,user_4606,item_5314,0.14834967315163902
scene_1,user_4606,item_6706,0.14834967315163902
scene_1,user_4606,item_6850,0.14834967315163902
scene_1,user_4606,item_7111,0.14834967315163902
scene_1,user_4606,item_7681,0.14834967315163902
scene_1,user_9118,item_4132,0.3633810027301768
scene_1,user_9118,item_6142,0.3633810027301768
scene_1,user_9118,item_1117,0.14834967315163902
scene_1,user_9118,item_1120,0.14834967315163902
scene_1,user_9118,item_1975,0.14834967315163902
scene_1,user_9118,item_2038,0.14834967315163902
scene_1,user_9118,item_2080,0.14834967315163902
scene_1,user_9118,item_2089,0.14834967315163902
scene_1,user_9118,item_5314,0.14834967315163902
scene_1,user_9118,item_6706,0.14834967315163902
scene_1,user_9118,item_6850,0.14834967315163902
scene_1,user_9118,item_7111,0.14834967315163902
scene_1,user_9118,item_7681,0.14834967315163902
scene_1,user_136,item_3586,0.29488643195052716
scene_1,user_136,item_7729,0.29488643195052716
scene_1,user_136,item_8203,0.29488643195052716
scene_1,user_136,item_9361,0.29488643195052716
scene_1,user_136,item_9610,0.29488643195052716
scene_1,user_9663,item_3586,0.29488643195052716
scene_1,user_9663,item_7729,0.29488643195052716
scene_1,user_9663,item_8203,0.29488643195052716
scene_1,user_9663,item_9361,0.29488643195052716
scene_1,user_9663,item_9610,0.29488643195052716
scene_1,user_6977,item_3586,0.29488643195052716
scene_1,user_6977,item_7729,0.29488643195052716
scene_1,user_6977,item_8203,0.29488643195052716
scene_1,user_6977,item_9361,0.29488643195052716
scene_1,user_6977,item_9610,0.29488643195052716
scene_1,user_1967,item_3586,0.29488643195052716
scene_1,user_1967,item_7729,0.29488643195052716
scene_1,user_1967,item_8203,0.29488643195052716
scene_1,user_1967,item_9361,0.29488643195052716
scene_1,user_1967,item_9610,0.29488643195052716
scene_1,user_1146,item_3586,0.20851619571212315
scene_1,user_1146,item_7729,0.20851619571212315
scene_1,user_1146,item_8203,0.20851619571212315
scene_1,user_1146,item_9361,0.20851619571212315
scene_1,user_9680,item_7948,0.31066746727980593
scene_1,user_9680,item_3586,0.20851619571212315
scene_1,user_9680,item_8203,0.20851619571212315
scene_1,user_9680,item_9361,0.20851619571212315
scene_1,user_9680,item_9610,0.20851619571212315
scene_1,user_7649,item_1759,0.22755980665670933
scene_1,user_7649,item_3586,0.20851619571212315
scene_1,user_7649,item_7729,0.20851619571212315
scene_1,user_7649,item_8203,0.20851619571212315
scene_1,user_7649,item_9610,0.20851619571212315
scene_1,user_4256,item_3586,0.20851619571212315
scene_1,user_4256,item_7729,0.20851619571212315
scene_1,user_4256,item_9361,0.20851619571212315
scene_1,user_4256,item_9610,0.20851619571212315
scene_1,user_3335,item_3586,0.29488643195052716
scene_1,user_3335,item_7729,0.29488643195052716
scene_1,user_3335,item_8203,0.29488643195052716
scene_1,user_3335,item_9361,0.29488643195052716
scene_1,user_3335,item_9610,0.29488643195052716
scene_1,user_5610,item_1438,0.5255268625199613
scene_1,user_5610,item_4519,0.5255268625199613
scene_1,user_9282,item_6916,0.30709257318568767
scene_1,user_9282,item_4618,0.2507400360344115
scene_1,user_9282,item_5209,0.2507400360344115
scene_1,user_3220,item_6916,0.30709257318568767
scene_1,user_3220,item_4618,0.2507400360344115
scene_1,user_3220,item_5209,0.2507400360344115
scene_1,user_674,item_6916,0.30709257318568767
scene_1,user_674,item_4618,0.2507400360344115
scene_1,user_674,item_5209,0.2507400360344115
scene_1,user_3087,item_6916,0.30709257318568767
scene_1,user_3087,item_4618,0.2507400360344115
scene_1,user_3087,item_5209,0.2507400360344115
scene_1,user_4440,item_6916,0.30709257318568767
scene_1,user_4440,item_4618,0.2507400360344115
scene_1,user_4440,item_5209,0.2507400360344115
scene_1,user_9699,item_6916,0.30709257318568767
scene_1,user_9699,item_4618,0.2507400360344115
scene_1,user_9699,item_5209,0.2507400360344115
scene_1,user_5005,item_6916,0.30709257318568767
scene_1,user_5005,item_4618,0.2507400360344115
scene_1,user_5005,item_5209,0.2507400360344115
scene_1,user_8675,item_7822,0.43935014561520125
scene_1,user_2584,item_7822,0.43935014561520125
scene_1,user_6995,item_7822,0.43935014561520125
scene_1,user_3171,item_4507,0.39464380868665966
scene_1,user_8315,item_4507,0.39464380868665966
scene_1,user_2352,item_4507,0.39464380868665966
scene_1,user_9998,item_4507,0.39464380868665966
scene_1,user_5372,item_6361,0.5100697232983947
scene_1,user_5372,item_1132,0.4164701851078906
scene_1,user_5372,item_6151,0.4164701851078906
scene_1,user_6779,item_4894,0.39464380868665966
scene_1,user_6779,item_6559,0.39464380868665966
scene_1,user_2435,item_6559,0.2790553132756236
scene_1,user_6676,item_4894,0.39464380868665966
scene_1,user_6676,item_6559,0.39464380868665966
scene_1,user_2667,item_4894,0.39464380868665966
scene_1,user_2667,item_6559,0.39464380868665966
scene_1,user_2777,item_2158,0.2845607022086219
scene_1,user_2777,item_3742,0.2845607022086219
scene_1,user_2777,item_7732,0.2845607022086219
scene_1,user_2777,item_1144,0.23234284041973263
scene_1,user_2777,item_2368,0.23234284041973263
scene_1,user_2777,item_5845,0.20121480219092233
scene_1,user_2777,item_9373,0.20121480219092233
scene_1,user_2777,item_9655,0.20121480219092233
scene_1,user_8978,item_2158,0.2845607022086219
scene_1,user_8978,item_3742,0.2845607022086219
scene_1,user_8978,item_7732,0.2845607022086219
scene_1,user_8978,item_1144,0.23234284041973263
scene_1,user_8978,item_2368,0.23234284041973263
scene_1,user_8978,item_5845,0.20121480219092233
scene_1,user_8978,item_9373,0.20121480219092233
scene_1,user_8978,item_9655,0.20121480219092233
scene_1,user_1628,item_6259,0.17936394586245522
scene_1,user_1628,item_682,0.17936394586245522
scene_1,user_1628,item_2158,0.14228035110431095
scene_1,user_1628,item_3742,0.14228035110431095
scene_1,user_1628,item_7732,0.14228035110431095
scene_1,user_1628,item_4771,0.13138171562999032
scene_1,user_1628,item_5317,0.13138171562999032
scene_1,user_1628,item_1144,0.11617142020986632
scene_1,user_1628,item_2368,0.11617142020986632
scene_1,user_2438,item_2158,0.2845607022086219
scene_1,user_2438,item_3742,0.2845607022086219
scene_1,user_2438,item_7732,0.2845607022086219
scene_1,user_2438,item_1144,0.23234284041973263
scene_1,user_2438,item_2368,0.23234284041973263
scene_1,user_2438,item_5845,0.20121480219092233
scene_1,user_2438,item_9373,0.20121480219092233
scene_1,user_2438,item_9655,0.20121480219092233
scene_1,user_5567,item_1195,0.22755980665670933
scene_1,user_5567,item_2824,0.22755980665670933
scene_1,user_5567,item_2158,0.20121480219092233
scene_1,user_5567,item_3742,0.20121480219092233
scene_1,user_5567,item_1144,0.1642911980209368
scene_1,user_5567,item_2368,0.1642911980209368
scene_1,user_5567,item_139,0.16090908241245883
scene_1,user_5567,item_3028,0.16090908241245883
scene_1,user_5567,item_571,0.16090908241245883
scene_1,user_5567,item_5845,0.14228035110431095
scene_1,user_5567,item_9373,0.14228035110431095
scene_1,user_5567,item_9655,0.14228035110431095
scene_1,user_4109,item_2158,0.2845607022086219
scene_1,user_4109,item_3742,0.2845607022086219
scene_1,user_4109,item_7732,0.2845607022086219
scene_1,user_4109,item_1144,0.23234284041973263
scene_1,user_4109,item_2368,0.23234284041973263
scene_1,user_4109,item_5845,0.20121480219092233
scene_1,user_4109,item_9373,0.20121480219092233
scene_1,user_4109,item_9655,0.20121480219092233
scene_1,user_7407,item_2158,0.2845607022086219
scene_1,user_7407,item_3742,0.2845607022086219
scene_1,user_7407,item_7732,0.2845607022086219
scene_1,user_7407,item_1144,0.23234284041973263
scene_1,user_7407,item_2368,0.23234284041973263
scene_1,user_7407,item_5845,0.20121480219092233
scene_1,user_7407,item_9373,0.20121480219092233
scene_1,user_7407,item_9655,0.20121480219092233
scene_1,user_3723,item_2158,0.2845607022086219
scene_1,user_3723,item_3742,0.2845607022086219
scene_1,user_3723,item_7732,0.2845607022086219
scene_1,user_3723,item_1144,0.23234284041973263
scene_1,user_3723,item_2368,0.23234284041973263
scene_1,user_3723,item_5845,0.20121480219092233
scene_1,user_3723,item_9373,0.20121480219092233
scene_1,user_3723,item_9655,0.20121480219092233
scene_1,user_434,item_9295,0.6436363296498353
scene_1,user_7470,item_9724,0.36067376022224085
scene_1,user_533,item_6052,0.43935014561520125
scene_1,user_2101,item_6052,0.43935014561520125
scene_1,user_2254,item_6052,0.43935014561520125
scene_1,user_9357,item_4771,0.31066746727980593
scene_1,user_9357,item_7924,0.25365892483943775
scene_1,user_9357,item_9577,0.25365892483943775
scene_1,user_6864,item_8725,0.5100697232983947
scene_1,user_9797,item_8725,0.5100697232983947
scene_1,user_307,item_2851,0.3222253204769533
scene_1,user_307,item_6925,0.3222253204769533
scene_1,user_6178,item_2851,0.3222253204769533
scene_1,user_6178,item_6925,0.3222253204769533
scene_1,user_1951,item_2851,0.3222253204769533
scene_1,user_1951,item_6925,0.3222253204769533
scene_1,user_8668,item_2851,0.3222253204769533
scene_1,user_8668,item_6925,0.3222253204769533
scene_1,user_6053,item_8701,0.45511961331341866
scene_1,user_2787,item_8830,0.5100697232983947
scene_1,user_8817,item_8830,0.5100697232983947
scene_1,user_4879,item_1438,0.3400464821989298
scene_1,user_4879,item_3250,0.3400464821989298
scene_1,user_4879,item_4729,0.3400464821989298
scene_1,user_6609,item_1438,0.3400464821989298
scene_1,user_6609,item_3250,0.3400464821989298
scene_1,user_6609,item_4729,0.3400464821989298
scene_1,user_1100,item_1438,0.3400464821989298
scene_1,user_1100,item_3250,0.3400464821989298
scene_1,user_1100,item_4729,0.3400464821989298
scene_1,user_8478,item_1438,0.3400464821989298
scene_1,user_8478,item_3250,0.3400464821989298
scene_1,user_8478,item_4729,0.3400464821989298
scene_1,user_7861,item_6871,0.43935014561520125
scene_1,user_7861,item_9772,0.43935014561520125
scene_1,user_5323,item_6871,0.43935014561520125
scene_1,user_5323,item_9772,0.43935014561520125
scene_1,user_1559,item_3316,0.31066746727980593
scene_1,user_1559,item_6871,0.31066746727980593
scene_1,user_6597,item_6031,0.30709257318568767
scene_1,user_6597,item_9781,0.30709257318568767
scene_1,user_6597,item_514,0.2507400360344115
scene_1,user_6597,item_625,0.2507400360344115
scene_1,user_1124,item_6031,0.30709257318568767
scene_1,user_1124,item_9781,0.30709257318568767
scene_1,user_1124,item_514,0.2507400360344115
scene_1,user_1124,item_625,0.2507400360344115
scene_1,user_6558,item_6031,0.30709257318568767
scene_1,user_6558,item_9781,0.30709257318568767
scene_1,user_6558,item_514,0.2507400360344115
scene_1,user_6558,item_625,0.2507400360344115
scene_1,user_9489,item_6031,0.30709257318568767
scene_1,user_9489,item_9781,0.30709257318568767
scene_1,user_9489,item_514,0.2507400360344115
scene_1,user_9489,item_625,0.2507400360344115
scene_1,user_2745,item_6031,0.30709257318568767
scene_1,user_2745,item_9781,0.30709257318568767
scene_1,user_2745,item_514,0.2507400360344115
scene_1,user_2745,item_625,0.2507400360344115
scene_1,user_733,item_6031,0.30709257318568767
scene_1,user_733,item_9781,0.30709257318568767
scene_1,user_733,item_514,0.2507400360344115
scene_1,user_733,item_625,0.2507400360344115
scene_1,user_3848,item_4003,0.31066746727980593
scene_1,user_3848,item_4825,0.25365892483943775
scene_1,user_3848,item_6835,0.25365892483943775
scene_1,user_3848,item_6031,0.21714724095162588
scene_1,user_3848,item_514,0.17729997979489165
scene_1,user_3848,item_625,0.17729997979489165
scene_1,user_252,item_2257,0.2776467900719271
scene_1,user_252,item_6532,0.2776467900719271
scene_1,user_2315,item_2257,0.2776467900719271
scene_1,user_2315,item_6532,0.2776467900719271
scene_1,user_186,item_2257,0.2776467900719271
scene_1,user_186,item_6532,0.2776467900719271
scene_1,user_364,item_2257,0.2776467900719271
scene_1,user_364,item_6532,0.2776467900719271
scene_1,user_8240,item_2257,0.2776467900719271
scene_1,user_8240,item_6532,0.2776467900719271
scene_1,user_499,item_2257,0.2776467900719271
scene_1,user_499,item_6532,0.2776467900719271
scene_1,user_8573,item_5446,0.4164701851078906
scene_1,user_8573,item_6745,0.4164701851078906
scene_1,user_3478,item_5446,0.4164701851078906
scene_1,user_3478,item_6745,0.4164701851078906
scene_1,user_1865,item_4366,0.45511961331341866
scene_1,user_6961,item_1381,0.35872789172491043
scene_1,user_6961,item_5593,0.35872789172491043
scene_1,user_9135,item_1381,0.35872789172491043
scene_1,user_9135,item_5593,0.35872789172491043
scene_1,user_923,item_1381,0.35872789172491043
scene_1,user_923,item_5593,0.35872789172491043
scene_1,user_8494,item_5941,0.39464380868665966
scene_1,user_8494,item_7717,0.39464380868665966
scene_1,user_6378,item_5941,0.39464380868665966
scene_1,user_6378,item_7717,0.39464380868665966
scene_1,user_8426,item_5941,0.2790553132756236
scene_1,user_1630,item_5941,0.39464380868665966
scene_1,user_1630,item_7717,0.39464380868665966
scene_1,user_4786,item_1237,0.2790553132756236
scene_1,user_4786,item_3064,0.2790553132756236
scene_1,user_4786,item_3232,0.2790553132756236
scene_1,user_4786,item_4441,0.22784770917926217
scene_1,user_4786,item_6253,0.22784770917926217
scene_1,user_8963,item_1243,0.25694917118487537
scene_1,user_8963,item_2980,0.25694917118487537
scene_1,user_8963,item_5794,0.25694917118487537
scene_1,user_8963,item_2929,0.20979811974466375
scene_1,user_8963,item_8743,0.20979811974466375
scene_1,user_5059,item_1243,0.3633810027301768
scene_1,user_5059,item_2980,0.3633810027301768
scene_1,user_5059,item_5794,0.3633810027301768
scene_1,user_5059,item_7864,0.3633810027301768
scene_1,user_5059,item_2929,0.29669934630327804
scene_1,user_5059,item_8743,0.29669934630327804
scene_1,user_4573,item_1243,0.25694917118487537
scene_1,user_4573,item_5794,0.25694917118487537
scene_1,user_4573,item_7864,0.25694917118487537
scene_1,user_4573,item_2929,0.20979811974466375
scene_1,user_4573,item_8743,0.20979811974466375
scene_1,user_495,item_355,0.37160360818355515
scene_1,user_495,item_9748,0.37160360818355515
scene_1,user_6623,item_5404,0.4164701851078906
scene_1,user_6623,item_8584,0.4164701851078906
scene_1,user_693,item_5404,0.4164701851078906
scene_1,user_693,item_8584,0.4164701851078906
scene_1,user_9999,item_3061,0.39464380868665966
scene_1,user_9999,item_3919,0.3222253204769533
scene_1,user_9999,item_5317,0.3222253204769533
scene_1,user_3831,item_3061,0.39464380868665966
scene_1,user_3831,item_3919,0.3222253204769533
scene_1,user_3831,item_5317,0.3222253204769533
scene_1,user_2654,item_3061,0.39464380868665966
scene_1,user_2654,item_3919,0.3222253204769533
scene_1,user_2654,item_5317,0.3222253204769533
scene_1,user_6271,item_2938,0.5100697232983947
scene_1,user_3877,item_2938,0.5100697232983947
scene_1,user_2493,item_2152,0.43935014561520125
scene_1,user_2493,item_7615,0.43935014561520125
scene_1,user_2493,item_8596,0.43935014561520125
scene_1,user_3881,item_2152,0.31066746727980593
scene_1,user_3881,item_8596,0.31066746727980593
scene_1,user_3881,item_1630,0.24044917348149392
scene_1,user_2492,item_2152,0.31066746727980593
scene_1,user_2492,item_7615,0.31066746727980593
scene_1,user_3135,item_826,0.43935014561520125
scene_1,user_3135,item_187,0.35872789172491043
scene_1,user_3135,item_8251,0.35872789172491043
scene_1,user_4223,item_826,0.43935014561520125
scene_1,user_4223,item_187,0.35872789172491043
scene_1,user_4223,item_8251,0.35872789172491043
scene_1,user_5391,item_826,0.25365892483943775
scene_1,user_8202,item_3139,0.36067376022224085
scene_1,user_8202,item_187,0.25365892483943775
scene_1,user_8202,item_8251,0.25365892483943775
scene_1,user_4302,item_8149,0.5100697232983947
scene_1,user_5444,item_8149,0.5100697232983947
scene_1,user_8113,item_5062,0.43935014561520125
scene_1,user_2986,item_5062,0.43935014561520125
scene_1,user_8266,item_5062,0.43935014561520125
scene_1,user_9226,item_1339,0.6436363296498353
scene_1,user_7378,item_1630,0.3400464821989298
scene_1,user_7378,item_7579,0.3400464821989298
scene_1,user_9124,item_1630,0.3400464821989298
scene_1,user_9124,item_7579,0.3400464821989298
scene_1,user_7061,item_1630,0.3400464821989298
scene_1,user_7061,item_7579,0.3400464821989298
scene_1,user_2215,item_1630,0.3400464821989298
scene_1,user_2215,item_7579,0.3400464821989298
scene_1,user_687,item_1630,0.3400464821989298
scene_1,user_687,item_7579,0.3400464821989298
scene_1,user_4896,item_265,0.6436363296498353
scene_1,user_1799,item_5218,0.39464380868665966
scene_1,user_1799,item_6958,0.39464380868665966
scene_1,user_5293,item_5218,0.39464380868665966
scene_1,user_5293,item_6958,0.39464380868665966
scene_1,user_7431,item_5218,0.39464380868665966
scene_1,user_7431,item_6958,0.39464380868665966
scene_1,user_7382,item_2392,0.43935014561520125
scene_1,user_2643,item_2392,0.43935014561520125
scene_1,user_5564,item_2392,0.43935014561520125
scene_1,user_4887,item_2230,0.5255268625199613
scene_1,user_4887,item_5695,0.5255268625199613
scene_1,user_7368,item_52,0.6436363296498353
scene_1,user_7176,item_2083,0.6436363296498353
scene_1,user_216,item_3667,0.39464380868665966
scene_1,user_216,item_715,0.39464380868665966
scene_1,user_8234,item_3667,0.39464380868665966
scene_1,user_8234,item_715,0.39464380868665966
scene_1,user_4658,item_3667,0.39464380868665966
scene_1,user_4658,item_715,0.39464380868665966
scene_1,user_9009,item_5602,0.3400464821989298
scene_1,user_9009,item_6322,0.3400464821989298
scene_1,user_9009,item_1117,0.13882339503596355
scene_1,user_9009,item_1120,0.13882339503596355
scene_1,user_9009,item_1975,0.13882339503596355
scene_1,user_9009,item_2038,0.13882339503596355
scene_1,user_9009,item_2080,0.13882339503596355
scene_1,user_9009,item_2089,0.13882339503596355
scene_1,user_9009,item_5314,0.13882339503596355
scene_1,user_9009,item_6706,0.13882339503596355
scene_1,user_9009,item_6850,0.13882339503596355
scene_1,user_9009,item_7111,0.13882339503596355
scene_1,user_9009,item_7234,0.13882339503596355
scene_1,user_9631,item_5602,0.3400464821989298
scene_1,user_9631,item_6322,0.3400464821989298
scene_1,user_9631,item_1117,0.13882339503596355
scene_1,user_9631,item_1120,0.13882339503596355
scene_1,user_9631,item_1975,0.13882339503596355
scene_1,user_9631,item_2038,0.13882339503596355
scene_1,user_9631,item_2080,0.13882339503596355
scene_1,user_9631,item_2089,0.13882339503596355
scene_1,user_9631,item_5314,0.13882339503596355
scene_1,user_9631,item_6706,0.13882339503596355
scene_1,user_9631,item_6850,0.13882339503596355
scene_1,user_9631,item_7111,0.13882339503596355
scene_1,user_9631,item_7234,0.13882339503596355
scene_1,user_8907,item_5602,0.3400464821989298
scene_1,user_8907,item_6322,0.3400464821989298
scene_1,user_8907,item_1117,0.13882339503596355
scene_1,user_8907,item_1120,0.13882339503596355
scene_1,user_8907,item_1975,0.13882339503596355
scene_1,user_8907,item_2038,0.13882339503596355
scene_1,user_8907,item_2080,0.13882339503596355
scene_1,user_8907,item_2089,0.13882339503596355
scene_1,user_8907,item_5314,0.13882339503596355
scene_1,user_8907,item_6706,0.13882339503596355
scene_1,user_8907,item_6850,0.13882339503596355
scene_1,user_8907,item_7111,0.13882339503596355
scene_1,user_8907,item_7234,0.13882339503596355
scene_1,user_6521,item_5602,0.3400464821989298
scene_1,user_6521,item_6322,0.3400464821989298
scene_1,user_6521,item_1117,0.13882339503596355
scene_1,user_6521,item_1120,0.13882339503596355
scene_1,user_6521,item_1975,0.13882339503596355
scene_1,user_6521,item_2038,0.13882339503596355
scene_1,user_6521,item_2080,0.13882339503596355
scene_1,user_6521,item_2089,0.13882339503596355
scene_1,user_6521,item_5314,0.13882339503596355
scene_1,user_6521,item_6706,0.13882339503596355
scene_1,user_6521,item_6850,0.13882339503596355
scene_1,user_6521,item_7111,0.13882339503596355
scene_1,user_6521,item_7234,0.13882339503596355
scene_1,user_5768,item_1636,0.4164701851078906
scene_1,user_5768,item_9073,0.4164701851078906
scene_1,user_2485,item_1636,0.4164701851078906
scene_1,user_2485,item_9073,0.4164701851078906
scene_1,user_536,item_1534,0.37160360818355515
scene_1,user_536,item_5650,0.37160360818355515
scene_1,user_2874,item_4189,0.6436363296498353
scene_1,user_5652,item_6451,0.4164701851078906
scene_1,user_5652,item_8953,0.4164701851078906
scene_1,user_481,item_6451,0.4164701851078906
scene_1,user_481,item_8953,0.4164701851078906
scene_1,user_6954,item_559,0.6436363296498353
scene_1,user_9839,item_7495,0.5100697232983947
scene_1,user_6741,item_7495,0.5100697232983947
scene_1,user_2261,item_8917,0.36067376022224085
scene_1,user_2261,item_724,0.31066746727980593
scene_1,user_43,item_724,0.43935014561520125
scene_1,user_43,item_7948,0.43935014561520125
scene_1,user_3428,item_724,0.43935014561520125
scene_1,user_3428,item_7948,0.43935014561520125
scene_1,user_282,item_1195,0.32181816482491765
scene_1,user_282,item_2824,0.32181816482491765
scene_1,user_282,item_7339,0.32181816482491765
scene_1,user_282,item_139,0.22755980665670933
scene_1,user_282,item_3028,0.22755980665670933
scene_1,user_282,item_571,0.22755980665670933
scene_1,user_9822,item_1195,0.32181816482491765
scene_1,user_9822,item_2824,0.32181816482491765
scene_1,user_9822,item_7339,0.32181816482491765
scene_1,user_9822,item_139,0.22755980665670933
scene_1,user_9822,item_3028,0.22755980665670933
scene_1,user_9822,item_571,0.22755980665670933
scene_1,user_7892,item_1195,0.32181816482491765
scene_1,user_7892,item_2824,0.32181816482491765
scene_1,user_7892,item_7339,0.32181816482491765
scene_1,user_7892,item_139,0.22755980665670933
scene_1,user_7892,item_3028,0.22755980665670933
scene_1,user_7892,item_571,0.22755980665670933
scene_1,user_9508,item_1195,0.32181816482491765
scene_1,user_9508,item_2824,0.32181816482491765
scene_1,user_9508,item_7339,0.32181816482491765
scene_1,user_9508,item_139,0.22755980665670933
scene_1,user_9508,item_3028,0.22755980665670933
scene_1,user_9508,item_571,0.22755980665670933
scene_1,user_7385,item_1339,0.25694917118487537
scene_1,user_7385,item_8743,0.25694917118487537
scene_1,user_7385,item_1810,0.22784770917926217
scene_1,user_7385,item_3739,0.22784770917926217
scene_1,user_459,item_9031,0.39464380868665966
scene_1,user_459,item_1810,0.3222253204769533
scene_1,user_459,item_3739,0.3222253204769533
scene_1,user_7451,item_9031,0.39464380868665966
scene_1,user_7451,item_1810,0.3222253204769533
scene_1,user_7451,item_3739,0.3222253204769533
scene_1,user_9342,item_9031,0.39464380868665966
scene_1,user_9342,item_1810,0.3222253204769533
scene_1,user_9342,item_3739,0.3222253204769533
scene_1,user_2228,item_2536,0.4164701851078906
scene_1,user_2228,item_3397,0.4164701851078906
scene_1,user_2228,item_6694,0.4164701851078906
scene_1,user_2228,item_6709,0.4164701851078906
scene_1,user_5587,item_256,0.3400464821989298
scene_1,user_5587,item_8326,0.3400464821989298
scene_1,user_3438,item_256,0.24044917348149392
scene_1,user_2152,item_256,0.3400464821989298
scene_1,user_2152,item_8326,0.3400464821989298
scene_1,user_6918,item_256,0.3400464821989298
scene_1,user_6918,item_8326,0.3400464821989298
scene_1,user_9374,item_256,0.3400464821989298
scene_1,user_9374,item_8326,0.3400464821989298
scene_1,user_7016,item_8326,0.24044917348149392
scene_1,user_2844,item_256,0.3400464821989298
scene_1,user_2844,item_8326,0.3400464821989298
scene_1,user_456,item_8311,0.6436363296498353
scene_1,user_3636,item_2326,0.20121480219092233
scene_1,user_3636,item_6214,0.20121480219092233
scene_1,user_3636,item_6589,0.20121480219092233
scene_1,user_3636,item_886,0.20121480219092233
scene_1,user_3636,item_9880,0.20121480219092233
scene_1,user_6027,item_4636,0.22755980665670933
scene_1,user_6027,item_5320,0.22755980665670933
scene_1,user_6027,item_715,0.22755980665670933
scene_1,user_9368,item_4636,0.32181816482491765
scene_1,user_9368,item_5320,0.32181816482491765
scene_1,user_9368,item_715,0.32181816482491765
scene_1,user_9368,item_8494,0.32181816482491765
scene_1,user_7563,item_4636,0.32181816482491765
scene_1,user_7563,item_5320,0.32181816482491765
scene_1,user_7563,item_715,0.32181816482491765
scene_1,user_7563,item_8494,0.32181816482491765
scene_1,user_2820,item_4636,0.32181816482491765
scene_1,user_2820,item_5320,0.32181816482491765
scene_1,user_2820,item_715,0.32181816482491765
scene_1,user_2820,item_8494,0.32181816482491765
scene_1,user_1255,item_4636,0.32181816482491765
scene_1,user_1255,item_5320,0.32181816482491765
scene_1,user_1255,item_715,0.32181816482491765
scene_1,user_1255,item_8494,0.32181816482491765
scene_1,user_906,item_4519,0.5255268625199613
scene_1,user_906,item_5557,0.5255268625199613
scene_1,user_6956,item_9880,0.6436363296498353
scene_1,user_7778,item_1117,0.31066746727980593
scene_1,user_7778,item_223,0.31066746727980593
scene_1,user_7778,item_8311,0.31066746727980593
scene_1,user_1979,item_8701,0.4164701851078906
scene_1,user_1979,item_9736,0.4164701851078906
scene_1,user_6333,item_8701,0.4164701851078906
scene_1,user_6333,item_9736,0.4164701851078906
scene_1,user_2200,item_9376,0.2944888920518062
scene_1,user_2200,item_1060,0.17729997979489165
scene_1,user_2200,item_6523,0.17729997979489165
scene_1,user_2200,item_8830,0.17729997979489165
scene_1,user_2200,item_3262,0.14476482730108392
scene_1,user_2200,item_3481,0.14476482730108392
scene_1,user_2200,item_8794,0.14476482730108392
scene_1,user_2200,item_9802,0.14476482730108392
scene_1,user_9044,item_9952,0.6436363296498353
scene_1,user_4140,item_7534,0.3633810027301768
scene_1,user_6900,item_7534,0.3633810027301768
scene_1,user_7063,item_7534,0.3633810027301768
scene_1,user_2477,item_7534,0.3633810027301768
scene_1,user_9544,item_7534,0.3633810027301768
scene_1,user_2998,item_8131,0.5100697232983947
scene_1,user_6450,item_8131,0.5100697232983947
scene_1,user_48,item_6565,0.2790553132756236
scene_1,user_48,item_9340,0.2790553132756236
scene_1,user_4842,item_6565,0.2790553132756236
scene_1,user_4842,item_8005,0.2790553132756236
scene_1,user_4116,item_6565,0.39464380868665966
scene_1,user_4116,item_8005,0.39464380868665966
scene_1,user_4116,item_9340,0.39464380868665966
scene_1,user_5094,item_6565,0.39464380868665966
scene_1,user_5094,item_8005,0.39464380868665966
scene_1,user_5094,item_9340,0.39464380868665966
scene_1,user_4513,item_3643,0.36067376022224085
scene_1,user_4513,item_1786,0.20851619571212315
scene_1,user_4513,item_8794,0.20851619571212315
scene_1,user_4513,item_8725,0.17025276086700514
scene_1,user_4513,item_9577,0.17025276086700514
scene_1,user_4513,item_1300,0.13187722149674894
scene_1,user_4513,item_2113,0.13187722149674894
scene_1,user_4513,item_2848,0.13187722149674894
scene_1,user_4513,item_445,0.13187722149674894
scene_1,user_9075,item_1786,0.29488643195052716
scene_1,user_9075,item_8776,0.29488643195052716
scene_1,user_9075,item_8794,0.29488643195052716
scene_1,user_9075,item_8725,0.240773763449582
scene_1,user_9075,item_9577,0.240773763449582
scene_1,user_9075,item_1300,0.186502555208783
scene_1,user_9075,item_2113,0.186502555208783
scene_1,user_9075,item_2848,0.186502555208783
scene_1,user_9075,item_445,0.186502555208783
scene_1,user_8003,item_1786,0.29488643195052716
scene_1,user_8003,item_8776,0.29488643195052716
scene_1,user_8003,item_8794,0.29488643195052716
scene_1,user_8003,item_8725,0.240773763449582
scene_1,user_8003,item_9577,0.240773763449582
scene_1,user_8003,item_1300,0.186502555208783
scene_1,user_8003,item_2113,0.186502555208783
scene_1,user_8003,item_2848,0.186502555208783
scene_1,user_8003,item_445,0.186502555208783
scene_1,user_1292,item_3481,0.25365892483943775
scene_1,user_1292,item_8701,0.25365892483943775
scene_1,user_1292,item_1786,0.20851619571212315
scene_1,user_1292,item_8776,0.20851619571212315
scene_1,user_1292,item_8725,0.17025276086700514
scene_1,user_1292,item_9577,0.17025276086700514
scene_1,user_1292,item_1300,0.13187722149674894
scene_1,user_1292,item_2113,0.13187722149674894
scene_1,user_1292,item_2848,0.13187722149674894
scene_1,user_1292,item_445,0.13187722149674894
scene_1,user_1342,item_4771,0.25365892483943775
scene_1,user_1342,item_7360,0.25365892483943775
scene_1,user_1342,item_2029,0.20979811974466375
scene_1,user_1342,item_1786,0.17025276086700514
scene_1,user_1342,item_8776,0.17025276086700514
scene_1,user_1342,item_8794,0.17025276086700514
scene_1,user_1342,item_1300,0.10767730045434391
scene_1,user_1342,item_2113,0.10767730045434391
scene_1,user_1342,item_2848,0.10767730045434391
scene_1,user_1342,item_445,0.10767730045434391
scene_1,user_4182,item_1786,0.29488643195052716
scene_1,user_4182,item_8776,0.29488643195052716
scene_1,user_4182,item_8794,0.29488643195052716
scene_1,user_4182,item_8725,0.240773763449582
scene_1,user_4182,item_9577,0.240773763449582
scene_1,user_4182,item_1300,0.186502555208783
scene_1,user_4182,item_2113,0.186502555208783
scene_1,user_4182,item_2848,0.186502555208783
scene_1,user_4182,item_445,0.186502555208783
scene_1,user_5563,item_1786,0.29488643195052716
scene_1,user_5563,item_8776,0.29488643195052716
scene_1,user_5563,item_8794,0.29488643195052716
scene_1,user_5563,item_8725,0.240773763449582
scene_1,user_5563,item_9577,0.240773763449582
scene_1,user_5563,item_1300,0.186502555208783
scene_1,user_5563,item_2113,0.186502555208783
scene_1,user_5563,item_2848,0.186502555208783
scene_1,user_5563,item_445,0.186502555208783
scene_1,user_793,item_1786,0.29488643195052716
scene_1,user_793,item_8776,0.29488643195052716
scene_1,user_793,item_8794,0.29488643195052716
scene_1,user_793,item_8725,0.240773763449582
scene_1,user_793,item_9577,0.240773763449582
scene_1,user_793,item_1300,0.186502555208783
scene_1,user_793,item_2113,0.186502555208783
scene_1,user_793,item_2848,0.186502555208783
scene_1,user_793,item_445,0.186502555208783
scene_1,user_9286,item_3958,0.6436363296498353
scene_1,user_3553,item_286,0.43935014561520125
scene_1,user_3553,item_9352,0.43935014561520125
scene_1,user_3553,item_4441,0.35872789172491043
scene_1,user_3553,item_5455,0.35872789172491043
scene_1,user_7068,item_4210,0.36067376022224085
scene_1,user_7068,item_286,0.31066746727980593
scene_1,user_7068,item_4441,0.25365892483943775
scene_1,user_7068,item_5455,0.25365892483943775
scene_1,user_109,item_7729,0.5100697232983947
scene_1,user_109,item_8917,0.5100697232983947
scene_1,user_1794,item_6697,0.36067376022224085
scene_1,user_1794,item_7729,0.36067376022224085
scene_1,user_4536,item_2707,0.6436363296498353
scene_1,user_9169,item_5707,0.2790553132756236
scene_1,user_9169,item_6103,0.2790553132756236
scene_1,user_9169,item_8515,0.2790553132756236
scene_1,user_2591,item_5707,0.2790553132756236
scene_1,user_2591,item_6103,0.2790553132756236
scene_1,user_2591,item_8515,0.2790553132756236
scene_1,user_700,item_5707,0.2790553132756236
scene_1,user_700,item_6103,0.2790553132756236
scene_1,user_700,item_8515,0.2790553132756236
scene_1,user_9757,item_5707,0.2790553132756236
scene_1,user_9757,item_6103,0.2790553132756236
scene_1,user_9757,item_8515,0.2790553132756236
scene_1,user_2385,item_637,0.6436363296498353
scene_1,user_6856,item_1636,0.39464380868665966
scene_1,user_6856,item_4495,0.39464380868665966
scene_1,user_6856,item_5959,0.3222253204769533
scene_1,user_6856,item_8341,0.3222253204769533
scene_1,user_1986,item_1636,0.39464380868665966
scene_1,user_1986,item_4495,0.39464380868665966
scene_1,user_1986,item_5959,0.3222253204769533
scene_1,user_1986,item_8341,0.3222253204769533
scene_1,user_3353,item_1627,0.43935014561520125
scene_1,user_3353,item_3586,0.43935014561520125
scene_1,user_2649,item_1627,0.43935014561520125
scene_1,user_2649,item_3586,0.43935014561520125
scene_1,user_9272,item_2542,0.6436363296498353
scene_1,user_9859,item_7897,0.6436363296498353
scene_1,user_3025,item_2533,0.43935014561520125
scene_1,user_6395,item_2533,0.43935014561520125
scene_1,user_4114,item_2533,0.43935014561520125
scene_1,user_5064,item_8077,0.5100697232983947
scene_1,user_1407,item_8077,0.5100697232983947
scene_1,user_6686,item_2572,0.20851619571212315
scene_1,user_6686,item_6349,0.20851619571212315
scene_1,user_6686,item_2389,0.17025276086700514
scene_1,user_6686,item_4069,0.17025276086700514
scene_1,user_6686,item_5236,0.17025276086700514
scene_1,user_6686,item_6724,0.17025276086700514
scene_1,user_6686,item_7063,0.17025276086700514
scene_1,user_6686,item_8635,0.17025276086700514
scene_1,user_7993,item_6502,0.5100697232983947
scene_1,user_4674,item_6502,0.5100697232983947
scene_1,user_9656,item_6304,0.45511961331341866
scene_1,user_5209,item_9937,0.45511961331341866
scene_1,user_6238,item_9211,0.36067376022224085
scene_1,user_6238,item_2938,0.24044917348149392
scene_1,user_6238,item_607,0.24044917348149392
scene_1,user_6238,item_9094,0.24044917348149392
scene_1,user_8293,item_9745,0.36067376022224085
scene_1,user_8293,item_6127,0.2790553132756236
scene_1,user_8293,item_2884,0.22784770917926217
scene_1,user_8293,item_3658,0.22784770917926217
scene_1,user_761,item_9211,0.5100697232983947
scene_1,user_761,item_9745,0.5100697232983947
scene_1,user_6989,item_2572,0.29488643195052716
scene_1,user_6989,item_6349,0.29488643195052716
scene_1,user_6989,item_8017,0.29488643195052716
scene_1,user_6989,item_2389,0.240773763449582
scene_1,user_6989,item_4069,0.240773763449582
scene_1,user_6989,item_5236,0.240773763449582
scene_1,user_6989,item_6724,0.240773763449582
scene_1,user_6989,item_7063,0.240773763449582
scene_1,user_6989,item_8635,0.240773763449582
scene_1,user_7082,item_2572,0.20851619571212315
scene_1,user_7082,item_8017,0.20851619571212315
scene_1,user_7082,item_2389,0.17025276086700514
scene_1,user_7082,item_4069,0.17025276086700514
scene_1,user_7082,item_5236,0.17025276086700514
scene_1,user_7082,item_6724,0.17025276086700514
scene_1,user_7082,item_7063,0.17025276086700514
scene_1,user_7082,item_8635,0.17025276086700514
scene_1,user_464,item_2572,0.29488643195052716
scene_1,user_464,item_6349,0.29488643195052716
scene_1,user_464,item_8017,0.29488643195052716
scene_1,user_464,item_2389,0.240773763449582
scene_1,user_464,item_4069,0.240773763449582
scene_1,user_464,item_5236,0.240773763449582
scene_1,user_464,item_6724,0.240773763449582
scene_1,user_464,item_7063,0.240773763449582
scene_1,user_464,item_8635,0.240773763449582
scene_1,user_5494,item_2572,0.29488643195052716
scene_1,user_5494,item_6349,0.29488643195052716
scene_1,user_5494,item_8017,0.29488643195052716
scene_1,user_5494,item_2389,0.240773763449582
scene_1,user_5494,item_4069,0.240773763449582
scene_1,user_5494,item_5236,0.240773763449582
scene_1,user_5494,item_6724,0.240773763449582
scene_1,user_5494,item_7063,0.240773763449582
scene_1,user_5494,item_8635,0.240773763449582
scene_1,user_6985,item_2572,0.29488643195052716
scene_1,user_6985,item_6349,0.29488643195052716
scene_1,user_6985,item_8017,0.29488643195052716
scene_1,user_6985,item_2389,0.240773763449582
scene_1,user_6985,item_4069,0.240773763449582
scene_1,user_6985,item_5236,0.240773763449582
scene_1,user_6985,item_6724,0.240773763449582
scene_1,user_6985,item_7063,0.240773763449582
scene_1,user_6985,item_8635,0.240773763449582
scene_1,user_5182,item_4276,0.45511961331341866
scene_1,user_9850,item_5434,0.45511961331341866
scene_1,user_4018,item_6757,0.3633810027301768
scene_1,user_3682,item_6757,0.3633810027301768
scene_1,user_6817,item_6757,0.3633810027301768
scene_1,user_8666,item_6757,0.3633810027301768
scene_1,user_8589,item_6757,0.3633810027301768
scene_1,user_8507,item_7891,0.6436363296498353
scene_1,user_5723,item_52,0.5100697232983947
scene_1,user_8875,item_52,0.5100697232983947
scene_1,user_8264,item_9922,0.39464380868665966
scene_1,user_1621,item_9922,0.39464380868665966
scene_1,user_7681,item_9922,0.39464380868665966
scene_1,user_6739,item_9922,0.39464380868665966
scene_1,user_1575,item_3895,0.43935014561520125
scene_1,user_4134,item_3895,0.43935014561520125
scene_1,user_8793,item_3895,0.43935014561520125
scene_1,user_9640,item_76,0.6436363296498353
scene_1,user_5375,item_2572,0.39464380868665966
scene_1,user_5375,item_1570,0.2790553132756236
scene_1,user_5375,item_4756,0.2790553132756236
scene_1,user_5375,item_5188,0.2790553132756236
scene_1,user_2526,item_2572,0.39464380868665966
scene_1,user_2526,item_1570,0.2790553132756236
scene_1,user_2526,item_4756,0.2790553132756236
scene_1,user_2526,item_5188,0.2790553132756236
scene_1,user_4413,item_2572,0.39464380868665966
scene_1,user_4413,item_1570,0.2790553132756236
scene_1,user_4413,item_4756,0.2790553132756236
scene_1,user_4413,item_5188,0.2790553132756236
scene_1,user_7179,item_472,0.25365892483943775
scene_1,user_7179,item_694,0.25365892483943775
scene_1,user_7179,item_4828,0.21967507280760062
scene_1,user_7179,item_4933,0.21967507280760062
scene_1,user_7179,item_9466,0.21967507280760062
scene_1,user_6108,item_8611,0.43935014561520125
scene_1,user_6108,item_472,0.35872789172491043
scene_1,user_6108,item_694,0.35872789172491043
scene_1,user_6108,item_4828,0.31066746727980593
scene_1,user_6108,item_4933,0.31066746727980593
scene_1,user_6108,item_9466,0.31066746727980593
scene_1,user_5322,item_6244,0.6436363296498353
scene_1,user_6410,item_1285,0.19632592803453744
scene_1,user_6410,item_2503,0.19632592803453744
scene_1,user_6687,item_8413,0.43935014561520125
scene_1,user_6431,item_8413,0.43935014561520125
scene_1,user_7986,item_8413,0.43935014561520125
scene_1,user_3873,item_6367,0.6436363296498353
scene_1,user_6262,item_3442,0.6436363296498353
scene_1,user_568,item_2752,0.3400464821989298
scene_1,user_568,item_7162,0.3400464821989298
scene_1,user_568,item_943,0.3400464821989298
scene_1,user_568,item_121,0.2776467900719271
scene_1,user_568,item_4087,0.2776467900719271
scene_1,user_1681,item_2752,0.3400464821989298
scene_1,user_1681,item_7162,0.3400464821989298
scene_1,user_1681,item_943,0.3400464821989298
scene_1,user_1681,item_121,0.2776467900719271
scene_1,user_1681,item_4087,0.2776467900719271
scene_1,user_5709,item_292,0.25694917118487537
scene_1,user_5709,item_4555,0.25694917118487537
scene_1,user_5709,item_5368,0.25694917118487537
scene_1,user_5709,item_2752,0.24044917348149392
scene_1,user_5709,item_7162,0.24044917348149392
scene_1,user_5709,item_121,0.19632592803453744
scene_1,user_5709,item_4087,0.19632592803453744
scene_1,user_5773,item_2752,0.24044917348149392
scene_1,user_5773,item_943,0.24044917348149392
scene_1,user_5773,item_121,0.19632592803453744
scene_1,user_5773,item_4087,0.19632592803453744
scene_1,user_2170,item_2752,0.3400464821989298
scene_1,user_2170,item_7162,0.3400464821989298
scene_1,user_2170,item_943,0.3400464821989298
scene_1,user_2170,item_121,0.2776467900719271
scene_1,user_2170,item_4087,0.2776467900719271
scene_1,user_8873,item_3139,0.5100697232983947
scene_1,user_8873,item_7585,0.5100697232983947
scene_1,user_7242,item_9541,0.6436363296498353
scene_1,user_1753,item_5470,0.5255268625199613
scene_1,user_1753,item_9190,0.5255268625199613
scene_1,user_2488,item_2326,0.2845607022086219
scene_1,user_2488,item_6214,0.2845607022086219
scene_1,user_2488,item_6589,0.2845607022086219
scene_1,user_2488,item_781,0.2845607022086219
scene_1,user_2488,item_886,0.2845607022086219
scene_1,user_2488,item_9880,0.2845607022086219
scene_1,user_4465,item_2326,0.2845607022086219
scene_1,user_4465,item_6214,0.2845607022086219
scene_1,user_4465,item_6589,0.2845607022086219
scene_1,user_4465,item_781,0.2845607022086219
scene_1,user_4465,item_886,0.2845607022086219
scene_1,user_4465,item_9880,0.2845607022086219
scene_1,user_9677,item_2326,0.2845607022086219
scene_1,user_9677,item_6214,0.2845607022086219
scene_1,user_9677,item_6589,0.2845607022086219
scene_1,user_9677,item_781,0.2845607022086219
scene_1,user_9677,item_886,0.2845607022086219
scene_1,user_9677,item_9880,0.2845607022086219
scene_1,user_4219,item_2326,0.20121480219092233
scene_1,user_4219,item_6214,0.20121480219092233
scene_1,user_4219,item_781,0.20121480219092233
scene_1,user_4219,item_886,0.20121480219092233
scene_1,user_4219,item_9880,0.20121480219092233
scene_1,user_219,item_2326,0.20121480219092233
scene_1,user_219,item_6214,0.20121480219092233
scene_1,user_219,item_6589,0.20121480219092233
scene_1,user_219,item_781,0.20121480219092233
scene_1,user_219,item_9880,0.20121480219092233
scene_1,user_1718,item_2326,0.2845607022086219
scene_1,user_1718,item_6214,0.2845607022086219
scene_1,user_1718,item_6589,0.2845607022086219
scene_1,user_1718,item_781,0.2845607022086219
scene_1,user_1718,item_886,0.2845607022086219
scene_1,user_1718,item_9880,0.2845607022086219
scene_1,user_3930,item_2326,0.2845607022086219
scene_1,user_3930,item_6214,0.2845607022086219
scene_1,user_3930,item_6589,0.2845607022086219
scene_1,user_3930,item_781,0.2845607022086219
scene_1,user_3930,item_886,0.2845607022086219
scene_1,user_3930,item_9880,0.2845607022086219
scene_1,user_7714,item_1117,0.31066746727980593
scene_1,user_7714,item_223,0.31066746727980593
scene_1,user_7714,item_7834,0.31066746727980593
scene_1,user_7714,item_2326,0.20121480219092233
scene_1,user_7714,item_6214,0.20121480219092233
scene_1,user_7714,item_6589,0.20121480219092233
scene_1,user_7714,item_781,0.20121480219092233
scene_1,user_7714,item_886,0.20121480219092233
scene_1,user_7105,item_7762,0.6436363296498353
scene_1,user_6765,item_2377,0.5100697232983947
scene_1,user_6883,item_2377,0.5100697232983947
scene_1,user_374,item_5959,0.5255268625199613
scene_1,user_374,item_7975,0.5255268625199613
scene_1,user_3395,item_8440,0.35872789172491043
scene_1,user_3395,item_9997,0.35872789172491043
scene_1,user_4733,item_8440,0.35872789172491043
scene_1,user_4733,item_9997,0.35872789172491043
scene_1,user_6323,item_8440,0.35872789172491043
scene_1,user_6323,item_9997,0.35872789172491043
scene_1,user_2051,item_6409,0.45511961331341866
scene_1,user_7544,item_1030,0.32181816482491765
scene_1,user_7544,item_3481,0.32181816482491765
scene_1,user_7544,item_5533,0.32181816482491765
scene_1,user_7544,item_7123,0.32181816482491765
scene_1,user_2843,item_1030,0.32181816482491765
scene_1,user_2843,item_3481,0.32181816482491765
scene_1,user_2843,item_5533,0.32181816482491765
scene_1,user_2843,item_7123,0.32181816482491765
scene_1,user_6604,item_1030,0.32181816482491765
scene_1,user_6604,item_3481,0.32181816482491765
scene_1,user_6604,item_5533,0.32181816482491765
scene_1,user_6604,item_7123,0.32181816482491765
scene_1,user_8657,item_1030,0.32181816482491765
scene_1,user_8657,item_3481,0.32181816482491765
scene_1,user_8657,item_5533,0.32181816482491765
scene_1,user_8657,item_7123,0.32181816482491765
scene_1,user_4978,item_1255,0.5100697232983947
scene_1,user_7574,item_1255,0.5100697232983947
scene_1,user_1480,item_2752,0.5100697232983947
scene_1,user_1480,item_3982,0.5100697232983947
scene_1,user_8212,item_2251,0.6436363296498353
scene_1,user_735,item_1039,0.22755980665670933
scene_1,user_735,item_2884,0.22755980665670933
scene_1,user_735,item_715,0.22755980665670933
scene_1,user_1077,item_1039,0.32181816482491765
scene_1,user_1077,item_2260,0.32181816482491765
scene_1,user_1077,item_2884,0.32181816482491765
scene_1,user_1077,item_715,0.32181816482491765
scene_1,user_2447,item_1039,0.32181816482491765
scene_1,user_2447,item_2260,0.32181816482491765
scene_1,user_2447,item_2884,0.32181816482491765
scene_1,user_2447,item_715,0.32181816482491765
scene_1,user_6098,item_1039,0.32181816482491765
scene_1,user_6098,item_2260,0.32181816482491765
scene_1,user_6098,item_2884,0.32181816482491765
scene_1,user_6098,item_715,0.32181816482491765
scene_1,user_6641,item_1039,0.32181816482491765
scene_1,user_6641,item_2260,0.32181816482491765
scene_1,user_6641,item_2884,0.32181816482491765
scene_1,user_6641,item_715,0.32181816482491765
scene_1,user_6294,item_7075,0.5100697232983947
scene_1,user_6294,item_1996,0.4164701851078906
scene_1,user_6294,item_52,0.4164701851078906
scene_1,user_7271,item_1300,0.5100697232983947
scene_1,user_1320,item_1300,0.5100697232983947
scene_1,user_2858,item_8218,0.3400464821989298
scene_1,user_2858,item_1285,0.2776467900719271
scene_1,user_2858,item_2503,0.2776467900719271
scene_1,user_224,item_8218,0.3400464821989298
scene_1,user_224,item_1285,0.2776467900719271
scene_1,user_224,item_2503,0.2776467900719271
scene_1,user_641,item_8218,0.3400464821989298
scene_1,user_641,item_1285,0.2776467900719271
scene_1,user_641,item_2503,0.2776467900719271
scene_1,user_1252,item_8218,0.3400464821989298
scene_1,user_1252,item_1285,0.2776467900719271
scene_1,user_1252,item_2503,0.2776467900719271
scene_1,user_1190,item_8218,0.3400464821989298
scene_1,user_1190,item_1285,0.2776467900719271
scene_1,user_1190,item_2503,0.2776467900719271
scene_1,user_709,item_2752,0.6436363296498353
scene_1,user_8252,item_7282,0.6436363296498353
scene_1,user_6788,item_2377,0.5100697232983947
scene_1,user_9898,item_2377,0.5100697232983947
scene_1,user_8844,item_2137,0.43935014561520125
scene_1,user_9322,item_2137,0.43935014561520125
scene_1,user_7238,item_2137,0.43935014561520125
scene_1,user_2398,item_3181,0.43935014561520125
scene_1,user_2398,item_5269,0.43935014561520125
scene_1,user_7241,item_3181,0.43935014561520125
scene_1,user_7241,item_5269,0.43935014561520125
scene_1,user_1428,item_7819,0.5100697232983947
scene_1,user_6296,item_7819,0.5100697232983947
scene_1,user_1103,item_7045,0.5100697232983947
scene_1,user_6018,item_7045,0.5100697232983947
scene_1,user_432,item_5707,0.45511961331341866
scene_1,user_432,item_6103,0.45511961331341866
scene_1,user_432,item_7966,0.45511961331341866
scene_1,user_6438,item_2194,0.5255268625199613
scene_1,user_6438,item_4255,0.5255268625199613
scene_1,user_2127,item_1492,0.36067376022224085
scene_1,user_2127,item_8953,0.36067376022224085
scene_1,user_8189,item_6451,0.37160360818355515
scene_1,user_8189,item_7702,0.37160360818355515
scene_1,user_8189,item_1492,0.36067376022224085
scene_1,user_8189,item_9163,0.36067376022224085
scene_1,user_2583,item_5521,0.5100697232983947
scene_1,user_678,item_5521,0.5100697232983947
scene_1,user_6733,item_1591,0.45511961331341866
scene_1,user_4326,item_238,0.2845607022086219
scene_1,user_4326,item_4636,0.2845607022086219
scene_1,user_4326,item_4840,0.2845607022086219
scene_1,user_8894,item_238,0.2845607022086219
scene_1,user_8894,item_4636,0.2845607022086219
scene_1,user_8894,item_4840,0.2845607022086219
scene_1,user_1486,item_238,0.2845607022086219
scene_1,user_1486,item_4636,0.2845607022086219
scene_1,user_1486,item_4840,0.2845607022086219
scene_1,user_6277,item_238,0.2845607022086219
scene_1,user_6277,item_4636,0.2845607022086219
scene_1,user_6277,item_4840,0.2845607022086219
scene_1,user_2619,item_4636,0.20121480219092233
scene_1,user_2619,item_4840,0.20121480219092233
scene_1,user_8690,item_238,0.2845607022086219
scene_1,user_8690,item_4636,0.2845607022086219
scene_1,user_8690,item_4840,0.2845607022086219
scene_1,user_8843,item_238,0.2845607022086219
scene_1,user_8843,item_4636,0.2845607022086219
scene_1,user_8843,item_4840,0.2845607022086219
scene_1,user_802,item_238,0.2845607022086219
scene_1,user_802,item_4636,0.2845607022086219
scene_1,user_802,item_4840,0.2845607022086219
scene_1,user_1400,item_238,0.2845607022086219
scene_1,user_1400,item_4636,0.2845607022086219
scene_1,user_1400,item_4840,0.2845607022086219
scene_1,user_6525,item_9406,0.6436363296498353
scene_1,user_1015,item_5404,0.5255268625199613
scene_1,user_1015,item_7555,0.5255268625199613
scene_1,user_4989,item_2098,0.3633810027301768
scene_1,user_4989,item_6889,0.3633810027301768
scene_1,user_2325,item_2098,0.3633810027301768
scene_1,user_2325,item_6889,0.3633810027301768
scene_1,user_2038,item_2098,0.3633810027301768
scene_1,user_2038,item_6889,0.3633810027301768
scene_1,user_6749,item_2098,0.3633810027301768
scene_1,user_6749,item_6889,0.3633810027301768
scene_1,user_3954,item_4792,0.5255268625199613
scene_1,user_3954,item_8635,0.5255268625199613
scene_1,user_7352,item_8188,0.43935014561520125
scene_1,user_1489,item_8188,0.43935014561520125
scene_1,user_5651,item_8188,0.43935014561520125
scene_1,user_798,item_2974,0.3633810027301768
scene_1,user_798,item_2389,0.29669934630327804
scene_1,user_798,item_4792,0.29669934630327804
scene_1,user_798,item_8077,0.29669934630327804
scene_1,user_798,item_8599,0.29669934630327804
scene_1,user_3765,item_2974,0.3633810027301768
scene_1,user_3765,item_2389,0.29669934630327804
scene_1,user_3765,item_4792,0.29669934630327804
scene_1,user_3765,item_8077,0.29669934630327804
scene_1,user_3765,item_8599,0.29669934630327804
scene_1,user_9247,item_2974,0.3633810027301768
scene_1,user_9247,item_2389,0.29669934630327804
scene_1,user_9247,item_4792,0.29669934630327804
scene_1,user_9247,item_8077,0.29669934630327804
scene_1,user_9247,item_8599,0.29669934630327804
scene_1,user_1626,item_1060,0.30709257318568767
scene_1,user_1626,item_6523,0.30709257318568767
scene_1,user_1626,item_8830,0.30709257318568767
scene_1,user_1626,item_3262,0.2507400360344115
scene_1,user_1626,item_3481,0.2507400360344115
scene_1,user_1626,item_7846,0.2507400360344115
scene_1,user_1626,item_8794,0.2507400360344115
scene_1,user_1626,item_9736,0.2507400360344115
scene_1,user_1626,item_9802,0.2507400360344115
scene_1,user_8280,item_7396,0.45511961331341866
scene_1,user_8280,item_1060,0.21714724095162588
scene_1,user_8280,item_6523,0.21714724095162588
scene_1,user_8280,item_3262,0.17729997979489165
scene_1,user_8280,item_3481,0.17729997979489165
scene_1,user_8280,item_7846,0.17729997979489165
scene_1,user_8280,item_8794,0.17729997979489165
scene_1,user_8280,item_9736,0.17729997979489165
scene_1,user_8280,item_9802,0.17729997979489165
scene_1,user_4331,item_1060,0.30709257318568767
scene_1,user_4331,item_6523,0.30709257318568767
scene_1,user_4331,item_8830,0.30709257318568767
scene_1,user_4331,item_3262,0.2507400360344115
scene_1,user_4331,item_3481,0.2507400360344115
scene_1,user_4331,item_7846,0.2507400360344115
scene_1,user_4331,item_8794,0.2507400360344115
scene_1,user_4331,item_9736,0.2507400360344115
scene_1,user_4331,item_9802,0.2507400360344115
scene_1,user_5560,item_1060,0.30709257318568767
scene_1,user_5560,item_6523,0.30709257318568767
scene_1,user_5560,item_8830,0.30709257318568767
scene_1,user_5560,item_3262,0.2507400360344115
scene_1,user_5560,item_3481,0.2507400360344115
scene_1,user_5560,item_7846,0.2507400360344115
scene_1,user_5560,item_8794,0.2507400360344115
scene_1,user_5560,item_9736,0.2507400360344115
scene_1,user_5560,item_9802,0.2507400360344115
scene_1,user_9482,item_3688,0.36067376022224085
scene_1,user_5125,item_3688,0.5100697232983947
scene_1,user_5125,item_3886,0.5100697232983947
scene_1,user_532,item_6379,0.6436363296498353
scene_1,user_6400,item_4771,0.43935014561520125
scene_1,user_6400,item_7360,0.43935014561520125
scene_1,user_6400,item_7924,0.35872789172491043
scene_1,user_6400,item_9577,0.35872789172491043
scene_1,user_9899,item_9031,0.3633810027301768
scene_1,user_9899,item_2929,0.29669934630327804
scene_1,user_9899,item_7534,0.29669934630327804
scene_1,user_9908,item_9031,0.3633810027301768
scene_1,user_9908,item_2929,0.29669934630327804
scene_1,user_9908,item_7534,0.29669934630327804
scene_1,user_8441,item_9031,0.3633810027301768
scene_1,user_8441,item_2929,0.29669934630327804
scene_1,user_8441,item_7534,0.29669934630327804
scene_1,user_610,item_9031,0.3633810027301768
scene_1,user_610,item_2929,0.29669934630327804
scene_1,user_610,item_7534,0.29669934630327804
scene_1,user_2308,item_1339,0.25694917118487537
scene_1,user_2308,item_775,0.25694917118487537
scene_1,user_2308,item_2929,0.20979811974466375
scene_1,user_2308,item_7534,0.20979811974466375
scene_1,user_2321,item_3643,0.5100697232983947
scene_1,user_2321,item_7924,0.5100697232983947
scene_1,user_6665,item_2047,0.32181816482491765
scene_1,user_6665,item_487,0.32181816482491765
scene_1,user_6665,item_4501,0.26276343125998064
scene_1,user_6665,item_9895,0.26276343125998064
scene_1,user_2675,item_2047,0.22755980665670933
scene_1,user_2675,item_4501,0.18580180409177757
scene_1,user_2675,item_9895,0.18580180409177757
scene_1,user_3267,item_2047,0.32181816482491765
scene_1,user_3267,item_487,0.32181816482491765
scene_1,user_3267,item_4501,0.26276343125998064
scene_1,user_3267,item_9895,0.26276343125998064
scene_1,user_280,item_2047,0.32181816482491765
scene_1,user_280,item_487,0.32181816482491765
scene_1,user_280,item_4501,0.26276343125998064
scene_1,user_280,item_9895,0.26276343125998064
scene_1,user_8886,item_2047,0.32181816482491765
scene_1,user_8886,item_487,0.32181816482491765
scene_1,user_8886,item_4501,0.26276343125998064
scene_1,user_8886,item_9895,0.26276343125998064
scene_1,user_1906,item_2047,0.32181816482491765
scene_1,user_1906,item_487,0.32181816482491765
scene_1,user_1906,item_4501,0.26276343125998064
scene_1,user_1906,item_9895,0.26276343125998064
scene_1,user_7661,item_1786,0.32181816482491765
scene_1,user_7661,item_6682,0.32181816482491765
scene_1,user_7661,item_3478,0.26276343125998064
scene_1,user_7661,item_6514,0.26276343125998064
scene_1,user_5216,item_1786,0.32181816482491765
scene_1,user_5216,item_6682,0.32181816482491765
scene_1,user_5216,item_3478,0.26276343125998064
scene_1,user_5216,item_6514,0.26276343125998064
scene_1,user_4212,item_1786,0.32181816482491765
scene_1,user_4212,item_6682,0.32181816482491765
scene_1,user_4212,item_3478,0.26276343125998064
scene_1,user_4212,item_6514,0.26276343125998064
scene_1,user_1595,item_1786,0.32181816482491765
scene_1,user_1595,item_6682,0.32181816482491765
scene_1,user_1595,item_3478,0.26276343125998064
scene_1,user_1595,item_6514,0.26276343125998064
scene_1,user_6531,item_1786,0.32181816482491765
scene_1,user_6531,item_6682,0.32181816482491765
scene_1,user_6531,item_3478,0.26276343125998064
scene_1,user_6531,item_6514,0.26276343125998064
scene_1,user_3387,item_7924,0.43935014561520125
scene_1,user_3387,item_3481,0.35872789172491043
scene_1,user_3387,item_8701,0.35872789172491043
scene_1,user_566,item_7924,0.43935014561520125
scene_1,user_566,item_3481,0.35872789172491043
scene_1,user_566,item_8701,0.35872789172491043
scene_1,user_4057,item_3364,0.5255268625199613
scene_1,user_4057,item_4717,0.5255268625199613
scene_1,user_5319,item_4966,0.6436363296498353
scene_1,user_3888,item_1387,0.45511961331341866
scene_1,user_4292,item_2752,0.6436363296498353
scene_1,user_2086,item_5542,0.6436363296498353
scene_1,user_6365,item_1651,0.5100697232983947
scene_1,user_4844,item_1651,0.5100697232983947
scene_1,user_1466,item_5704,0.4164701851078906
scene_1,user_1466,item_5719,0.4164701851078906
scene_1,user_6785,item_5704,0.4164701851078906
scene_1,user_6785,item_5719,0.4164701851078906
scene_1,user_372,item_8929,0.6436363296498353
scene_1,user_3781,item_2890,0.25694917118487537
scene_1,user_9155,item_6697,0.5100697232983947
scene_1,user_9155,item_7948,0.5100697232983947
scene_1,user_8287,item_31,0.3633810027301768
scene_1,user_8287,item_3328,0.3633810027301768
scene_1,user_8287,item_4411,0.3633810027301768
scene_1,user_8287,item_7120,0.3633810027301768
scene_1,user_1330,item_31,0.25694917118487537
scene_1,user_1330,item_3328,0.25694917118487537
scene_1,user_1330,item_7120,0.25694917118487537
scene_1,user_4486,item_31,0.3633810027301768
scene_1,user_4486,item_3328,0.3633810027301768
scene_1,user_4486,item_4411,0.3633810027301768
scene_1,user_4486,item_7120,0.3633810027301768
scene_1,user_8608,item_2890,0.3633810027301768
scene_1,user_8608,item_8902,0.3633810027301768
scene_1,user_3689,item_2890,0.3633810027301768
scene_1,user_3689,item_8902,0.3633810027301768
scene_1,user_7372,item_2890,0.3633810027301768
scene_1,user_7372,item_8902,0.3633810027301768
scene_1,user_4077,item_2890,0.3633810027301768
scene_1,user_4077,item_8902,0.3633810027301768
scene_1,user_6617,item_4438,0.22784770917926217
scene_1,user_6617,item_9382,0.22784770917926217
scene_1,user_4426,item_3292,0.5255268625199613
scene_1,user_4426,item_8956,0.5255268625199613
scene_1,user_7223,item_904,0.6436363296498353
scene_1,user_4246,item_4438,0.39464380868665966
scene_1,user_4246,item_9382,0.39464380868665966
scene_1,user_4246,item_3292,0.3222253204769533
scene_1,user_4246,item_8935,0.3222253204769533
scene_1,user_7510,item_4438,0.39464380868665966
scene_1,user_7510,item_9382,0.39464380868665966
scene_1,user_7510,item_3292,0.3222253204769533
scene_1,user_7510,item_8935,0.3222253204769533
scene_1,user_7704,item_946,0.31066746727980593
scene_1,user_7704,item_4438,0.2790553132756236
scene_1,user_7704,item_3292,0.22784770917926217
scene_1,user_7704,item_8935,0.22784770917926217
scene_1,user_9294,item_2014,0.4164701851078906
scene_1,user_9294,item_5542,0.4164701851078906
scene_1,user_7806,item_2014,0.4164701851078906
scene_1,user_7806,item_5542,0.4164701851078906
scene_1,user_6288,item_2311,0.5255268625199613
scene_1,user_6288,item_7525,0.5255268625199613
scene_1,user_285,item_8347,0.43935014561520125
scene_1,user_8089,item_8347,0.43935014561520125
scene_1,user_5573,item_8347,0.43935014561520125
scene_1,user_326,item_4471,0.43935014561520125
scene_1,user_326,item_1630,0.35872789172491043
scene_1,user_326,item_5470,0.35872789172491043
scene_1,user_4511,item_4471,0.43935014561520125
scene_1,user_4511,item_1630,0.35872789172491043
scene_1,user_4511,item_5470,0.35872789172491043
scene_1,user_5271,item_4183,0.39464380868665966
scene_1,user_5271,item_5383,0.39464380868665966
scene_1,user_86,item_4183,0.39464380868665966
scene_1,user_86,item_5383,0.39464380868665966
scene_1,user_7976,item_4183,0.2790553132756236
scene_1,user_3128,item_5383,0.2790553132756236
scene_1,user_2296,item_4183,0.39464380868665966
scene_1,user_2296,item_5383,0.39464380868665966
scene_1,user_8716,item_6955,0.5255268625199613
scene_1,user_8716,item_7558,0.5255268625199613
scene_1,user_9654,item_1339,0.3633810027301768
scene_1,user_9654,item_775,0.3633810027301768
scene_1,user_9654,item_8743,0.3633810027301768
scene_1,user_7612,item_1339,0.3633810027301768
scene_1,user_7612,item_775,0.3633810027301768
scene_1,user_7612,item_8743,0.3633810027301768
scene_1,user_6068,item_1339,0.3633810027301768
scene_1,user_6068,item_775,0.3633810027301768
scene_1,user_6068,item_8743,0.3633810027301768
scene_1,user_1826,item_8947,0.6436363296498353
scene_1,user_6326,item_7045,0.5100697232983947
scene_1,user_6326,item_1636,0.4164701851078906
scene_1,user_6326,item_7687,0.4164701851078906
scene_1,user_108,item_2824,0.43935014561520125
scene_1,user_6162,item_2824,0.43935014561520125
scene_1,user_5251,item_2824,0.43935014561520125
scene_1,user_3784,item_9745,0.45511961331341866
scene_1,user_5395,item_3319,0.45511961331341866
scene_1,user_5395,item_2938,0.24044917348149392
scene_1,user_5395,item_607,0.24044917348149392
scene_1,user_5395,item_8068,0.24044917348149392
scene_1,user_1272,item_9325,0.43935014561520125
scene_1,user_1272,item_2902,0.35872789172491043
scene_1,user_1272,item_9943,0.35872789172491043
scene_1,user_1611,item_9325,0.43935014561520125
scene_1,user_1611,item_2902,0.35872789172491043
scene_1,user_1611,item_9943,0.35872789172491043
scene_1,user_1754,item_2902,0.25365892483943775
scene_1,user_1754,item_9943,0.25365892483943775
scene_1,user_9870,item_2716,0.29488643195052716
scene_1,user_9870,item_6373,0.29488643195052716
scene_1,user_9870,item_6982,0.29488643195052716
scene_1,user_9870,item_9394,0.29488643195052716
scene_1,user_7984,item_2716,0.29488643195052716
scene_1,user_7984,item_6373,0.29488643195052716
scene_1,user_7984,item_6982,0.29488643195052716
scene_1,user_7984,item_9394,0.29488643195052716
scene_1,user_4453,item_5551,0.25694917118487537
scene_1,user_4453,item_7084,0.25694917118487537
scene_1,user_4453,item_9547,0.25694917118487537
scene_1,user_4453,item_2716,0.20851619571212315
scene_1,user_4453,item_6373,0.20851619571212315
scene_1,user_4453,item_6982,0.20851619571212315
scene_1,user_7918,item_2716,0.29488643195052716
scene_1,user_7918,item_6373,0.29488643195052716
scene_1,user_7918,item_6982,0.29488643195052716
scene_1,user_7918,item_9394,0.29488643195052716
scene_1,user_6082,item_2716,0.29488643195052716
scene_1,user_6082,item_6373,0.29488643195052716
scene_1,user_6082,item_6982,0.29488643195052716
scene_1,user_6082,item_9394,0.29488643195052716
scene_1,user_107,item_2716,0.29488643195052716
scene_1,user_107,item_6373,0.29488643195052716
scene_1,user_107,item_6982,0.29488643195052716
scene_1,user_107,item_9394,0.29488643195052716
scene_1,user_5126,item_2716,0.29488643195052716
scene_1,user_5126,item_6373,0.29488643195052716
scene_1,user_5126,item_6982,0.29488643195052716
scene_1,user_5126,item_9394,0.29488643195052716
scene_1,user_5687,item_7888,0.6436363296498353
scene_1,user_8362,item_565,0.45511961331341866
scene_1,user_5673,item_8524,0.6436363296498353
scene_1,user_9187,item_5470,0.5255268625199613
scene_1,user_9187,item_8305,0.5255268625199613
scene_1,user_4347,item_6307,0.6436363296498353
scene_1,user_334,item_6127,0.39464380868665966
scene_1,user_334,item_8068,0.39464380868665966
scene_1,user_334,item_2884,0.3222253204769533
scene_1,user_334,item_3658,0.3222253204769533
scene_1,user_6182,item_6127,0.39464380868665966
scene_1,user_6182,item_8068,0.39464380868665966
scene_1,user_6182,item_2884,0.3222253204769533
scene_1,user_6182,item_3658,0.3222253204769533
scene_1,user_2237,item_3265,0.5255268625199613
scene_1,user_2237,item_9739,0.5255268625199613
scene_1,user_7532,item_7342,0.36067376022224085
scene_1,user_7532,item_4963,0.2790553132756236
scene_1,user_6010,item_7342,0.5100697232983947
scene_1,user_6010,item_9724,0.5100697232983947
scene_1,user_4919,item_1039,0.6436363296498353
scene_1,user_9877,item_1687,0.32181816482491765
scene_1,user_9877,item_6847,0.32181816482491765
scene_1,user_9877,item_1942,0.26276343125998064
scene_1,user_9877,item_4201,0.26276343125998064
scene_1,user_928,item_1687,0.32181816482491765
scene_1,user_928,item_6847,0.32181816482491765
scene_1,user_928,item_1942,0.26276343125998064
scene_1,user_928,item_4201,0.26276343125998064
scene_1,user_7833,item_1687,0.32181816482491765
scene_1,user_7833,item_6847,0.32181816482491765
scene_1,user_7833,item_1942,0.26276343125998064
scene_1,user_7833,item_4201,0.26276343125998064
scene_1,user_9441,item_1687,0.32181816482491765
scene_1,user_9441,item_6847,0.32181816482491765
scene_1,user_9441,item_1942,0.26276343125998064
scene_1,user_9441,item_4201,0.26276343125998064
scene_1,user_8628,item_1687,0.32181816482491765
scene_1,user_8628,item_6847,0.32181816482491765
scene_1,user_8628,item_1942,0.26276343125998064
scene_1,user_8628,item_4201,0.26276343125998064
scene_1,user_4431,item_7897,0.6436363296498353
scene_1,user_5436,item_4210,0.5100697232983947
scene_1,user_5436,item_7939,0.5100697232983947
scene_1,user_2373,item_7939,0.36067376022224085
scene_1,user_8381,item_1759,0.32181816482491765
scene_1,user_8381,item_724,0.32181816482491765
scene_1,user_7417,item_1759,0.32181816482491765
scene_1,user_7417,item_724,0.32181816482491765
scene_1,user_1618,item_1759,0.32181816482491765
scene_1,user_1618,item_724,0.32181816482491765
scene_1,user_9838,item_1759,0.32181816482491765
scene_1,user_9838,item_724,0.32181816482491765
scene_1,user_2156,item_1759,0.32181816482491765
scene_1,user_2156,item_724,0.32181816482491765
scene_1,user_8525,item_1759,0.32181816482491765
scene_1,user_8525,item_724,0.32181816482491765
scene_1,user_4328,item_2929,0.5100697232983947
scene_1,user_2965,item_2929,0.5100697232983947
scene_1,user_1917,item_4771,0.26276343125998064
scene_1,user_1917,item_5317,0.26276343125998064
scene_1,user_1917,item_5845,0.22755980665670933
scene_1,user_1917,item_7339,0.22755980665670933
scene_1,user_1917,item_9655,0.22755980665670933
scene_1,user_4684,item_4771,0.26276343125998064
scene_1,user_4684,item_5317,0.26276343125998064
scene_1,user_4684,item_5845,0.22755980665670933
scene_1,user_4684,item_7339,0.22755980665670933
scene_1,user_4684,item_9655,0.22755980665670933
scene_1,user_6818,item_4771,0.26276343125998064
scene_1,user_6818,item_5317,0.26276343125998064
scene_1,user_6818,item_5845,0.22755980665670933
scene_1,user_6818,item_7339,0.22755980665670933
scene_1,user_6818,item_9655,0.22755980665670933
scene_1,user_4933,item_4771,0.26276343125998064
scene_1,user_4933,item_5317,0.26276343125998064
scene_1,user_4933,item_5845,0.22755980665670933
scene_1,user_4933,item_7339,0.22755980665670933
scene_1,user_4933,item_9655,0.22755980665670933
scene_1,user_9975,item_4771,0.26276343125998064
scene_1,user_9975,item_5317,0.26276343125998064
scene_1,user_9975,item_5845,0.22755980665670933
scene_1,user_9975,item_7339,0.22755980665670933
scene_1,user_9975,item_9655,0.22755980665670933
scene_1,user_81,item_4771,0.26276343125998064
scene_1,user_81,item_5317,0.26276343125998064
scene_1,user_81,item_5845,0.22755980665670933
scene_1,user_81,item_7339,0.22755980665670933
scene_1,user_81,item_9655,0.22755980665670933
scene_1,user_3048,item_8956,0.31066746727980593
scene_1,user_2765,item_8956,0.43935014561520125
scene_1,user_2765,item_946,0.43935014561520125
scene_1,user_1222,item_8956,0.43935014561520125
scene_1,user_1222,item_946,0.43935014561520125
scene_1,user_21,item_4114,0.3400464821989298
scene_1,user_21,item_4501,0.3400464821989298
scene_1,user_6835,item_4114,0.3400464821989298
scene_1,user_6835,item_4501,0.3400464821989298
scene_1,user_7073,item_4114,0.3400464821989298
scene_1,user_7073,item_4501,0.3400464821989298
scene_1,user_7656,item_4114,0.3400464821989298
scene_1,user_7656,item_4501,0.3400464821989298
scene_1,user_3163,item_4114,0.3400464821989298
scene_1,user_3163,item_4501,0.3400464821989298
scene_1,user_4403,item_5551,0.3633810027301768
scene_1,user_4403,item_7084,0.3633810027301768
scene_1,user_4403,item_9124,0.3633810027301768
scene_1,user_4403,item_9547,0.3633810027301768
scene_1,user_7387,item_5551,0.3633810027301768
scene_1,user_7387,item_7084,0.3633810027301768
scene_1,user_7387,item_9124,0.3633810027301768
scene_1,user_7387,item_9547,0.3633810027301768
scene_1,user_1759,item_7675,0.45511961331341866
scene_1,user_1759,item_5551,0.25694917118487537
scene_1,user_1759,item_7084,0.25694917118487537
scene_1,user_1759,item_9124,0.25694917118487537
scene_1,user_3936,item_5629,0.6436363296498353
scene_1,user_7670,item_5650,0.6436363296498353
scene_1,user_7392,item_292,0.3633810027301768
scene_1,user_7392,item_4555,0.3633810027301768
scene_1,user_7392,item_5368,0.3633810027301768
scene_1,user_7392,item_8257,0.3633810027301768
scene_1,user_4974,item_292,0.3633810027301768
scene_1,user_4974,item_4555,0.3633810027301768
scene_1,user_4974,item_5368,0.3633810027301768
scene_1,user_4974,item_8257,0.3633810027301768
scene_1,user_2813,item_4555,0.25694917118487537
scene_1,user_2813,item_5368,0.25694917118487537
scene_1,user_2813,item_8257,0.25694917118487537
scene_1,user_3474,item_2080,0.5100697232983947
scene_1,user_8204,item_2080,0.5100697232983947
scene_1,user_1074,item_5494,0.3400464821989298
scene_1,user_1074,item_4828,0.24044917348149392
scene_1,user_1074,item_4933,0.24044917348149392
scene_1,user_1074,item_8188,0.24044917348149392
scene_1,user_3041,item_5494,0.3400464821989298
scene_1,user_3041,item_4828,0.24044917348149392
scene_1,user_3041,item_4933,0.24044917348149392
scene_1,user_3041,item_8188,0.24044917348149392
scene_1,user_512,item_5494,0.3400464821989298
scene_1,user_512,item_4828,0.24044917348149392
scene_1,user_512,item_4933,0.24044917348149392
scene_1,user_512,item_8188,0.24044917348149392
scene_1,user_5002,item_5494,0.3400464821989298
scene_1,user_5002,item_4828,0.24044917348149392
scene_1,user_5002,item_4933,0.24044917348149392
scene_1,user_5002,item_8188,0.24044917348149392
scene_1,user_5103,item_5494,0.3400464821989298
scene_1,user_5103,item_4828,0.24044917348149392
scene_1,user_5103,item_4933,0.24044917348149392
scene_1,user_5103,item_8188,0.24044917348149392
scene_1,user_6638,item_3256,0.6436363296498353
scene_1,user_5341,item_1978,0.39464380868665966
scene_1,user_4671,item_1978,0.39464380868665966
scene_1,user_8128,item_1978,0.39464380868665966
scene_1,user_5625,item_1978,0.39464380868665966
scene_1,user_5122,item_3298,0.6436363296498353
scene_1,user_3771,item_9394,0.45511961331341866
scene_1,user_9454,item_4339,0.5100697232983947
scene_1,user_1477,item_4339,0.5100697232983947
scene_1,user_4253,item_2029,0.3633810027301768
scene_1,user_4253,item_7924,0.29669934630327804
scene_1,user_4253,item_8725,0.29669934630327804
scene_1,user_3837,item_2029,0.3633810027301768
scene_1,user_3837,item_7924,0.29669934630327804
scene_1,user_3837,item_8725,0.29669934630327804
scene_1,user_9710,item_2029,0.3633810027301768
scene_1,user_9710,item_7924,0.29669934630327804
scene_1,user_9710,item_8725,0.29669934630327804
scene_1,user_1418,item_2029,0.3633810027301768
scene_1,user_1418,item_7924,0.29669934630327804
scene_1,user_1418,item_8725,0.29669934630327804
scene_1,user_4813,item_4825,0.6436363296498353
scene_1,user_2688,item_1267,0.2944888920518062
scene_1,user_7331,item_6598,0.2944888920518062
scene_1,user_7331,item_985,0.2944888920518062
scene_1,user_5061,item_1267,0.5100697232983947
scene_1,user_5061,item_6598,0.4164701851078906
scene_1,user_5061,item_985,0.4164701851078906
scene_1,user_7886,item_724,0.5100697232983947
scene_1,user_9931,item_724,0.5100697232983947
scene_1,user_7900,item_6559,0.6436363296498353
scene_1,user_1319,item_6190,0.6436363296498353
scene_1,user_7805,item_6181,0.43935014561520125
scene_1,user_9752,item_6181,0.43935014561520125
scene_1,user_3745,item_6181,0.43935014561520125
scene_1,user_195,item_6259,0.35872789172491043
scene_1,user_195,item_682,0.35872789172491043
scene_1,user_195,item_5845,0.31066746727980593
scene_1,user_195,item_7339,0.31066746727980593
scene_1,user_195,item_9373,0.31066746727980593
scene_1,user_1163,item_6259,0.35872789172491043
scene_1,user_1163,item_682,0.35872789172491043
scene_1,user_1163,item_5845,0.31066746727980593
scene_1,user_1163,item_7339,0.31066746727980593
scene_1,user_1163,item_9373,0.31066746727980593
scene_1,user_7198,item_5959,0.43935014561520125
scene_1,user_9635,item_5959,0.43935014561520125
scene_1,user_4389,item_5959,0.43935014561520125
scene_1,user_1872,item_3265,0.5100697232983947
scene_1,user_1872,item_3637,0.5100697232983947
scene_1,user_6805,item_595,0.6436363296498353
scene_1,user_19,item_31,0.36067376022224085
scene_1,user_8239,item_31,0.5100697232983947
scene_1,user_8239,item_9001,0.5100697232983947
scene_1,user_8511,item_5827,0.6436363296498353
scene_1,user_7578,item_3025,0.4164701851078906
scene_1,user_7578,item_673,0.4164701851078906
scene_1,user_8568,item_3025,0.4164701851078906
scene_1,user_8568,item_673,0.4164701851078906
scene_1,user_2507,item_4963,0.39464380868665966
scene_1,user_2507,item_9295,0.39464380868665966
scene_1,user_3145,item_4963,0.39464380868665966
scene_1,user_3145,item_9295,0.39464380868665966
scene_1,user_864,item_4963,0.39464380868665966
scene_1,user_864,item_9295,0.39464380868665966
scene_1,user_2832,item_4537,0.43935014561520125
scene_1,user_7534,item_4537,0.43935014561520125
scene_1,user_1937,item_4537,0.43935014561520125
scene_1,user_3671,item_7117,0.43935014561520125
scene_1,user_2581,item_7117,0.43935014561520125
scene_1,user_8121,item_7117,0.43935014561520125
scene_1,user_1518,item_7846,0.2944888920518062
scene_1,user_1518,item_8701,0.2944888920518062
scene_1,user_2708,item_9376,0.5100697232983947
scene_1,user_2708,item_7846,0.4164701851078906
scene_1,user_2708,item_8701,0.4164701851078906
scene_1,user_3725,item_6670,0.39464380868665966
scene_1,user_3725,item_1717,0.3222253204769533
scene_1,user_3725,item_2785,0.3222253204769533
scene_1,user_3725,item_3265,0.3222253204769533
scene_1,user_3725,item_9235,0.3222253204769533
scene_1,user_9128,item_6670,0.39464380868665966
scene_1,user_9128,item_1717,0.3222253204769533
scene_1,user_9128,item_2785,0.3222253204769533
scene_1,user_9128,item_3265,0.3222253204769533
scene_1,user_9128,item_9235,0.3222253204769533
scene_1,user_4076,item_2938,0.3400464821989298
scene_1,user_4076,item_607,0.3400464821989298
scene_1,user_4076,item_8068,0.3400464821989298
scene_1,user_4076,item_9094,0.3400464821989298
scene_1,user_2915,item_2938,0.3400464821989298
scene_1,user_2915,item_607,0.3400464821989298
scene_1,user_2915,item_8068,0.3400464821989298
scene_1,user_2915,item_9094,0.3400464821989298
scene_1,user_8620,item_2938,0.3400464821989298
scene_1,user_8620,item_607,0.3400464821989298
scene_1,user_8620,item_8068,0.3400464821989298
scene_1,user_8620,item_9094,0.3400464821989298
scene_1,user_7651,item_4501,0.3633810027301768
scene_1,user_7651,item_355,0.29669934630327804
scene_1,user_7651,item_7552,0.29669934630327804
scene_1,user_9421,item_4501,0.3633810027301768
scene_1,user_9421,item_355,0.29669934630327804
scene_1,user_9421,item_7552,0.29669934630327804
scene_1,user_6307,item_4501,0.3633810027301768
scene_1,user_6307,item_355,0.29669934630327804
scene_1,user_6307,item_7552,0.29669934630327804
scene_1,user_3999,item_4501,0.3633810027301768
scene_1,user_3999,item_355,0.29669934630327804
scene_1,user_3999,item_7552,0.29669934630327804
scene_1,user_1844,item_208,0.5100697232983947
scene_1,user_1844,item_2590,0.4164701851078906
scene_1,user_1844,item_445,0.4164701851078906
scene_1,user_178,item_3316,0.43935014561520125
scene_1,user_178,item_742,0.43935014561520125
scene_1,user_7856,item_3316,0.43935014561520125
scene_1,user_7856,item_742,0.43935014561520125
scene_1,user_350,item_4003,0.43935014561520125
scene_1,user_350,item_7435,0.43935014561520125
scene_1,user_350,item_4825,0.35872789172491043
scene_1,user_350,item_6835,0.35872789172491043
scene_1,user_6385,item_3394,0.5100697232983947
scene_1,user_6784,item_3394,0.5100697232983947
scene_1,user_6183,item_2752,0.6436363296498353
scene_1,user_5332,item_7726,0.6436363296498353
scene_1,user_7562,item_6598,0.5255268625199613
scene_1,user_7562,item_9589,0.5255268625199613
scene_1,user_3902,item_1063,0.6436363296498353
scene_1,user_1747,item_3142,0.6436363296498353
scene_1,user_7754,item_1900,0.3633810027301768
scene_1,user_9989,item_1900,0.3633810027301768
scene_1,user_3023,item_1900,0.3633810027301768
scene_1,user_5232,item_1900,0.3633810027301768
scene_1,user_9515,item_1900,0.3633810027301768
scene_1,user_8035,item_1753,0.30709257318568767
scene_1,user_8035,item_2824,0.30709257318568767
scene_1,user_8035,item_4744,0.30709257318568767
scene_1,user_8035,item_8209,0.30709257318568767
scene_1,user_8035,item_4501,0.2507400360344115
scene_1,user_8035,item_6937,0.2507400360344115
scene_1,user_8035,item_8779,0.2507400360344115
scene_1,user_8035,item_9475,0.2507400360344115
scene_1,user_4248,item_1753,0.21714724095162588
scene_1,user_4248,item_2824,0.21714724095162588
scene_1,user_4248,item_4744,0.21714724095162588
scene_1,user_4248,item_4501,0.17729997979489165
scene_1,user_4248,item_6937,0.17729997979489165
scene_1,user_4248,item_8779,0.17729997979489165
scene_1,user_4248,item_9475,0.17729997979489165
scene_1,user_8370,item_1753,0.17729997979489165
scene_1,user_8370,item_2824,0.17729997979489165
scene_1,user_8370,item_4744,0.17729997979489165
scene_1,user_8370,item_8209,0.17729997979489165
scene_1,user_8370,item_4501,0.14476482730108392
scene_1,user_8370,item_8779,0.14476482730108392
scene_1,user_5285,item_2824,0.21714724095162588
scene_1,user_5285,item_4744,0.21714724095162588
scene_1,user_5285,item_8209,0.21714724095162588
scene_1,user_5285,item_4501,0.17729997979489165
scene_1,user_5285,item_6937,0.17729997979489165
scene_1,user_5285,item_8779,0.17729997979489165
scene_1,user_5285,item_9475,0.17729997979489165
scene_1,user_3773,item_1753,0.30709257318568767
scene_1,user_3773,item_2824,0.30709257318568767
scene_1,user_3773,item_4744,0.30709257318568767
scene_1,user_3773,item_8209,0.30709257318568767
scene_1,user_3773,item_4501,0.2507400360344115
scene_1,user_3773,item_6937,0.2507400360344115
scene_1,user_3773,item_8779,0.2507400360344115
scene_1,user_3773,item_9475,0.2507400360344115
scene_1,user_7479,item_1753,0.30709257318568767
scene_1,user_7479,item_2824,0.30709257318568767
scene_1,user_7479,item_4744,0.30709257318568767
scene_1,user_7479,item_8209,0.30709257318568767
scene_1,user_7479,item_4501,0.2507400360344115
scene_1,user_7479,item_6937,0.2507400360344115
scene_1,user_7479,item_8779,0.2507400360344115
scene_1,user_7479,item_9475,0.2507400360344115
scene_1,user_5767,item_814,0.6436363296498353
scene_1,user_5696,item_8056,0.6436363296498353
scene_1,user_6828,item_2902,0.5255268625199613
scene_1,user_6828,item_9121,0.5255268625199613
scene_1,user_6114,item_7849,0.5100697232983947
scene_1,user_7748,item_7849,0.5100697232983947
scene_2,user_6906,item_5834,0.4164701851078906
scene_2,user_6906,item_9764,0.4164701851078906
scene_2,user_7751,item_9986,0.37160360818355515
scene_2,user_8275,item_5834,0.4164701851078906
scene_2,user_8275,item_9764,0.4164701851078906
scene_2,user_6343,item_9548,0.6436363296498353
scene_2,user_7908,item_1961,0.3633810027301768
scene_2,user_7908,item_3560,0.3633810027301768
scene_2,user_534,item_1961,0.3633810027301768
scene_2,user_534,item_3560,0.3633810027301768
scene_2,user_17,item_2117,0.36067376022224085
scene_2,user_17,item_3560,0.25694917118487537
scene_2,user_4207,item_1961,0.25694917118487537
scene_2,user_1479,item_1961,0.3633810027301768
scene_2,user_1479,item_3560,0.3633810027301768
scene_2,user_8237,item_1961,0.3633810027301768
scene_2,user_8237,item_3560,0.3633810027301768
scene_2,user_4676,item_5912,0.6436363296498353
scene_2,user_6636,item_8198,0.43935014561520125
scene_2,user_5287,item_8198,0.43935014561520125
scene_2,user_4636,item_8198,0.43935014561520125
scene_2,user_382,item_2750,0.22784770917926217
scene_2,user_382,item_383,0.22784770917926217
scene_2,user_831,item_4442,0.43935014561520125
scene_2,user_8732,item_4442,0.43935014561520125
scene_2,user_6462,item_4442,0.43935014561520125
scene_2,user_2099,item_4907,0.3400464821989298
scene_2,user_2099,item_6326,0.3400464821989298
scene_2,user_2099,item_863,0.3400464821989298
scene_2,user_2099,item_1583,0.2776467900719271
scene_2,user_2099,item_4121,0.2776467900719271
scene_2,user_2099,item_449,0.2776467900719271
scene_2,user_2099,item_5828,0.2776467900719271
scene_2,user_7491,item_4907,0.24044917348149392
scene_2,user_7491,item_863,0.24044917348149392
scene_2,user_7491,item_1583,0.19632592803453744
scene_2,user_7491,item_4121,0.19632592803453744
scene_2,user_7491,item_449,0.19632592803453744
scene_2,user_7491,item_5828,0.19632592803453744
scene_2,user_5505,item_7628,0.25365892483943775
scene_2,user_5505,item_4907,0.19632592803453744
scene_2,user_5505,item_6326,0.19632592803453744
scene_2,user_5505,item_863,0.19632592803453744
scene_2,user_5505,item_449,0.1602994489876626
scene_2,user_5505,item_5828,0.1602994489876626
scene_2,user_6760,item_8348,0.25365892483943775
scene_2,user_6760,item_4907,0.19632592803453744
scene_2,user_6760,item_6326,0.19632592803453744
scene_2,user_6760,item_863,0.19632592803453744
scene_2,user_6760,item_4364,0.18580180409177757
scene_2,user_6760,item_5084,0.18580180409177757
scene_2,user_6760,item_1583,0.1602994489876626
scene_2,user_6760,item_4121,0.1602994489876626
scene_2,user_6642,item_6326,0.24044917348149392
scene_2,user_6642,item_7823,0.24044917348149392
scene_2,user_6642,item_8501,0.24044917348149392
scene_2,user_6642,item_863,0.24044917348149392
scene_2,user_6642,item_9656,0.24044917348149392
scene_2,user_6642,item_1583,0.19632592803453744
scene_2,user_6642,item_4121,0.19632592803453744
scene_2,user_6642,item_449,0.19632592803453744
scene_2,user_6642,item_5828,0.19632592803453744
scene_2,user_1449,item_4907,0.24044917348149392
scene_2,user_1449,item_6326,0.24044917348149392
scene_2,user_1449,item_1583,0.19632592803453744
scene_2,user_1449,item_4121,0.19632592803453744
scene_2,user_1449,item_449,0.19632592803453744
scene_2,user_1449,item_5828,0.19632592803453744
scene_2,user_8265,item_4907,0.3400464821989298
scene_2,user_8265,item_6326,0.3400464821989298
scene_2,user_8265,item_863,0.3400464821989298
scene_2,user_8265,item_1583,0.2776467900719271
scene_2,user_8265,item_4121,0.2776467900719271
scene_2,user_8265,item_449,0.2776467900719271
scene_2,user_8265,item_5828,0.2776467900719271
scene_2,user_3417,item_2126,0.25694917118487537
scene_2,user_3417,item_7574,0.25694917118487537
scene_2,user_9096,item_9623,0.6436363296498353
scene_2,user_9076,item_2642,0.31066746727980593
scene_2,user_9076,item_881,0.31066746727980593
scene_2,user_8326,item_9023,0.6436363296498353
scene_2,user_3903,item_1721,0.30709257318568767
scene_2,user_3903,item_4739,0.30709257318568767
scene_2,user_3903,item_518,0.30709257318568767
scene_2,user_8805,item_1721,0.30709257318568767
scene_2,user_8805,item_4739,0.30709257318568767
scene_2,user_8805,item_518,0.30709257318568767
scene_2,user_1228,item_1721,0.30709257318568767
scene_2,user_1228,item_4739,0.30709257318568767
scene_2,user_1228,item_518,0.30709257318568767
scene_2,user_1199,item_3581,0.31066746727980593
scene_2,user_1199,item_6713,0.31066746727980593
scene_2,user_1199,item_1721,0.21714724095162588
scene_2,user_1199,item_518,0.21714724095162588
scene_2,user_6300,item_1721,0.30709257318568767
scene_2,user_6300,item_4739,0.30709257318568767
scene_2,user_6300,item_518,0.30709257318568767
scene_2,user_3395,item_1721,0.30709257318568767
scene_2,user_3395,item_4739,0.30709257318568767
scene_2,user_3395,item_518,0.30709257318568767
scene_2,user_7852,item_4739,0.21714724095162588
scene_2,user_7852,item_518,0.21714724095162588
scene_2,user_6612,item_1721,0.30709257318568767
scene_2,user_6612,item_4739,0.30709257318568767
scene_2,user_6612,item_518,0.30709257318568767
scene_2,user_6229,item_6962,0.31066746727980593
scene_2,user_6229,item_482,0.25365892483943775
scene_2,user_6229,item_9248,0.25365892483943775
scene_2,user_6229,item_1721,0.21714724095162588
scene_2,user_6229,item_4739,0.21714724095162588
scene_2,user_6513,item_4886,0.36067376022224085
scene_2,user_1573,item_1196,0.5100697232983947
scene_2,user_1573,item_4886,0.5100697232983947
scene_2,user_4999,item_1196,0.36067376022224085
scene_2,user_2222,item_1904,0.36067376022224085
scene_2,user_2222,item_2192,0.36067376022224085
scene_2,user_2222,item_5777,0.18580180409177757
scene_2,user_2222,item_899,0.18580180409177757
scene_2,user_8395,item_1904,0.36067376022224085
scene_2,user_8395,item_4022,0.36067376022224085
scene_2,user_7434,item_2192,0.36067376022224085
scene_2,user_7434,item_4022,0.36067376022224085
scene_2,user_7434,item_5705,0.25694917118487537
scene_2,user_7434,item_3896,0.20979811974466375
scene_2,user_7434,item_9881,0.20979811974466375
scene_2,user_990,item_7208,0.39464380868665966
scene_2,user_6620,item_7208,0.39464380868665966
scene_2,user_5577,item_7208,0.39464380868665966
scene_2,user_8803,item_7208,0.39464380868665966
scene_2,user_1086,item_1976,0.34985007323076417
scene_2,user_1086,item_3263,0.25694917118487537
scene_2,user_1086,item_9749,0.25694917118487537
scene_2,user_1086,item_1400,0.09290090204588879
scene_2,user_1086,item_3113,0.09290090204588879
scene_2,user_1086,item_5036,0.09290090204588879
scene_2,user_1086,item_5363,0.09290090204588879
scene_2,user_1086,item_6335,0.09290090204588879
scene_2,user_1086,item_812,0.09290090204588879
scene_2,user_1086,item_8255,0.09290090204588879
scene_2,user_1086,item_8348,0.09290090204588879
scene_2,user_1086,item_878,0.09290090204588879
scene_2,user_1086,item_9311,0.09290090204588879
scene_2,user_5530,item_3269,0.32181816482491765
scene_2,user_5530,item_1400,0.13138171562999032
scene_2,user_5530,item_1976,0.13138171562999032
scene_2,user_5530,item_3113,0.13138171562999032
scene_2,user_5530,item_5036,0.13138171562999032
scene_2,user_5530,item_5363,0.13138171562999032
scene_2,user_5530,item_6335,0.13138171562999032
scene_2,user_5530,item_812,0.13138171562999032
scene_2,user_5530,item_8255,0.13138171562999032
scene_2,user_5530,item_8348,0.13138171562999032
scene_2,user_5530,item_878,0.13138171562999032
scene_2,user_5530,item_9311,0.13138171562999032
scene_2,user_1520,item_3269,0.32181816482491765
scene_2,user_1520,item_1400,0.13138171562999032
scene_2,user_1520,item_1976,0.13138171562999032
scene_2,user_1520,item_3113,0.13138171562999032
scene_2,user_1520,item_5036,0.13138171562999032
scene_2,user_1520,item_5363,0.13138171562999032
scene_2,user_1520,item_6335,0.13138171562999032
scene_2,user_1520,item_812,0.13138171562999032
scene_2,user_1520,item_8255,0.13138171562999032
scene_2,user_1520,item_8348,0.13138171562999032
scene_2,user_1520,item_878,0.13138171562999032
scene_2,user_1520,item_9311,0.13138171562999032
scene_2,user_1687,item_3269,0.32181816482491765
scene_2,user_1687,item_1400,0.13138171562999032
scene_2,user_1687,item_1976,0.13138171562999032
scene_2,user_1687,item_3113,0.13138171562999032
scene_2,user_1687,item_5036,0.13138171562999032
scene_2,user_1687,item_5363,0.13138171562999032
scene_2,user_1687,item_6335,0.13138171562999032
scene_2,user_1687,item_812,0.13138171562999032
scene_2,user_1687,item_8255,0.13138171562999032
scene_2,user_1687,item_8348,0.13138171562999032
scene_2,user_1687,item_878,0.13138171562999032
scene_2,user_1687,item_9311,0.13138171562999032
scene_2,user_2320,item_3269,0.32181816482491765
scene_2,user_2320,item_1400,0.13138171562999032
scene_2,user_2320,item_1976,0.13138171562999032
scene_2,user_2320,item_3113,0.13138171562999032
scene_2,user_2320,item_5036,0.13138171562999032
scene_2,user_2320,item_5363,0.13138171562999032
scene_2,user_2320,item_6335,0.13138171562999032
scene_2,user_2320,item_812,0.13138171562999032
scene_2,user_2320,item_8255,0.13138171562999032
scene_2,user_2320,item_8348,0.13138171562999032
scene_2,user_2320,item_878,0.13138171562999032
scene_2,user_2320,item_9311,0.13138171562999032
scene_2,user_5585,item_3269,0.32181816482491765
scene_2,user_5585,item_1400,0.13138171562999032
scene_2,user_5585,item_1976,0.13138171562999032
scene_2,user_5585,item_3113,0.13138171562999032
scene_2,user_5585,item_5036,0.13138171562999032
scene_2,user_5585,item_5363,0.13138171562999032
scene_2,user_5585,item_6335,0.13138171562999032
scene_2,user_5585,item_812,0.13138171562999032
scene_2,user_5585,item_8255,0.13138171562999032
scene_2,user_5585,item_8348,0.13138171562999032
scene_2,user_5585,item_878,0.13138171562999032
scene_2,user_5585,item_9311,0.13138171562999032
scene_2,user_9148,item_3269,0.32181816482491765
scene_2,user_9148,item_1400,0.13138171562999032
scene_2,user_9148,item_1976,0.13138171562999032
scene_2,user_9148,item_3113,0.13138171562999032
scene_2,user_9148,item_5036,0.13138171562999032
scene_2,user_9148,item_5363,0.13138171562999032
scene_2,user_9148,item_6335,0.13138171562999032
scene_2,user_9148,item_812,0.13138171562999032
scene_2,user_9148,item_8255,0.13138171562999032
scene_2,user_9148,item_8348,0.13138171562999032
scene_2,user_9148,item_878,0.13138171562999032
scene_2,user_9148,item_9311,0.13138171562999032
scene_2,user_2040,item_2069,0.6436363296498353
scene_2,user_4013,item_704,0.45511961331341866
scene_2,user_4305,item_1262,0.43935014561520125
scene_2,user_1039,item_7259,0.2790553132756236
scene_2,user_1039,item_1694,0.19732190434332983
scene_2,user_1039,item_4616,0.19732190434332983
scene_2,user_1039,item_8993,0.19732190434332983
scene_2,user_1545,item_1262,0.43935014561520125
scene_2,user_2620,item_1262,0.43935014561520125
scene_2,user_4326,item_1109,0.5100697232983947
scene_2,user_3047,item_1109,0.5100697232983947
scene_2,user_5677,item_3512,0.45511961331341866
scene_2,user_9760,item_9572,0.45511961331341866
scene_2,user_5054,item_3404,0.39464380868665966
scene_2,user_5243,item_3404,0.39464380868665966
scene_2,user_1170,item_3404,0.39464380868665966
scene_2,user_6917,item_3404,0.39464380868665966
scene_2,user_6348,item_1184,0.2790553132756236
scene_2,user_6348,item_1694,0.19732190434332983
scene_2,user_6348,item_4616,0.19732190434332983
scene_2,user_6348,item_8993,0.19732190434332983
scene_2,user_1558,item_1184,0.39464380868665966
scene_2,user_1558,item_7259,0.39464380868665966
scene_2,user_1558,item_1694,0.2790553132756236
scene_2,user_1558,item_4616,0.2790553132756236
scene_2,user_1558,item_8993,0.2790553132756236
scene_2,user_2206,item_1184,0.39464380868665966
scene_2,user_2206,item_7259,0.39464380868665966
scene_2,user_2206,item_1694,0.2790553132756236
scene_2,user_2206,item_4616,0.2790553132756236
scene_2,user_2206,item_8993,0.2790553132756236
scene_2,user_5031,item_1184,0.19732190434332983
scene_2,user_5031,item_7259,0.19732190434332983
scene_2,user_5031,item_8183,0.19732190434332983
scene_2,user_5031,item_8570,0.16111266023847665
scene_2,user_5031,item_9248,0.16111266023847665
scene_2,user_8761,item_6794,0.6436363296498353
scene_2,user_7134,item_8468,0.6436363296498353
scene_2,user_5239,item_2609,0.45511961331341866
scene_2,user_3621,item_1844,0.6436363296498353
scene_2,user_9019,item_4844,0.2790553132756236
scene_2,user_9019,item_5510,0.2790553132756236
scene_2,user_633,item_7343,0.2790553132756236
scene_2,user_633,item_5219,0.24044917348149392
scene_2,user_633,item_8930,0.24044917348149392
scene_2,user_2597,item_5219,0.3400464821989298
scene_2,user_2597,item_8867,0.3400464821989298
scene_2,user_2597,item_8930,0.3400464821989298
scene_2,user_7009,item_5219,0.3400464821989298
scene_2,user_7009,item_8867,0.3400464821989298
scene_2,user_7009,item_8930,0.3400464821989298
scene_2,user_8220,item_5219,0.3400464821989298
scene_2,user_8220,item_8867,0.3400464821989298
scene_2,user_8220,item_8930,0.3400464821989298
scene_2,user_6435,item_5219,0.3400464821989298
scene_2,user_6435,item_8867,0.3400464821989298
scene_2,user_6435,item_8930,0.3400464821989298
scene_2,user_7565,item_8867,0.24044917348149392
scene_2,user_7565,item_8930,0.24044917348149392
scene_2,user_4774,item_6713,0.36067376022224085
scene_2,user_4774,item_5219,0.24044917348149392
scene_2,user_4774,item_8867,0.24044917348149392
scene_2,user_609,item_6125,0.3633810027301768
scene_2,user_609,item_8582,0.3633810027301768
scene_2,user_8009,item_6125,0.3633810027301768
scene_2,user_8009,item_8582,0.3633810027301768
scene_2,user_5500,item_6125,0.3633810027301768
scene_2,user_5500,item_8582,0.3633810027301768
scene_2,user_8342,item_6125,0.3633810027301768
scene_2,user_8342,item_8582,0.3633810027301768
scene_2,user_6327,item_6038,0.37160360818355515
scene_2,user_6327,item_8585,0.37160360818355515
scene_2,user_6327,item_8582,0.25694917118487537
scene_2,user_1483,item_629,0.2790553132756236
scene_2,user_1483,item_6125,0.25694917118487537
scene_2,user_9005,item_9437,0.5100697232983947
scene_2,user_9005,item_3476,0.4164701851078906
scene_2,user_9005,item_9122,0.4164701851078906
scene_2,user_2547,item_1337,0.3034130755422791
scene_2,user_2547,item_7247,0.3034130755422791
scene_2,user_2547,item_9437,0.2944888920518062
scene_2,user_2547,item_5018,0.19632592803453744
scene_2,user_2547,item_5126,0.19632592803453744
scene_2,user_2547,item_9881,0.19632592803453744
scene_2,user_2547,item_5495,0.1602994489876626
scene_2,user_2547,item_6845,0.1602994489876626
scene_2,user_4781,item_3476,0.2944888920518062
scene_2,user_4781,item_9122,0.2944888920518062
scene_2,user_7707,item_1607,0.45511961331341866
scene_2,user_7863,item_539,0.45511961331341866
scene_2,user_7863,item_212,0.31066746727980593
scene_2,user_7863,item_8288,0.31066746727980593
scene_2,user_2584,item_2564,0.3633810027301768
scene_2,user_2685,item_2564,0.3633810027301768
scene_2,user_5671,item_2564,0.3633810027301768
scene_2,user_2792,item_2564,0.3633810027301768
scene_2,user_9499,item_482,0.25694917118487537
scene_2,user_9499,item_9647,0.25694917118487537
scene_2,user_9499,item_5837,0.1816905013650884
scene_2,user_9499,item_7379,0.1816905013650884
scene_2,user_9499,item_854,0.1816905013650884
scene_2,user_9080,item_2564,0.3633810027301768
scene_2,user_3805,item_1307,0.3034130755422791
scene_2,user_3805,item_9122,0.3034130755422791
scene_2,user_3805,item_8324,0.2944888920518062
scene_2,user_9094,item_3443,0.36067376022224085
scene_2,user_9094,item_3476,0.2944888920518062
scene_2,user_9094,item_7247,0.2944888920518062
scene_2,user_3842,item_8324,0.5100697232983947
scene_2,user_3842,item_3476,0.4164701851078906
scene_2,user_3842,item_7247,0.4164701851078906
scene_2,user_8372,item_2315,0.36067376022224085
scene_2,user_8372,item_1457,0.25694917118487537
scene_2,user_8372,item_3587,0.1816905013650884
scene_2,user_8372,item_3803,0.1816905013650884
scene_2,user_8372,item_551,0.1816905013650884
scene_2,user_400,item_3236,0.36067376022224085
scene_2,user_400,item_9083,0.21714724095162588
scene_2,user_3017,item_2315,0.5100697232983947
scene_2,user_3017,item_3236,0.5100697232983947
scene_2,user_1523,item_2039,0.6436363296498353
scene_2,user_2579,item_1442,0.39464380868665966
scene_2,user_2579,item_3254,0.39464380868665966
scene_2,user_5781,item_1442,0.39464380868665966
scene_2,user_5781,item_3254,0.39464380868665966
scene_2,user_6589,item_6896,0.45511961331341866
scene_2,user_6589,item_3254,0.2790553132756236
scene_2,user_1203,item_1442,0.2790553132756236
scene_2,user_1203,item_6425,0.22755980665670933
scene_2,user_1203,item_7364,0.22755980665670933
scene_2,user_9298,item_1442,0.39464380868665966
scene_2,user_9298,item_3254,0.39464380868665966
scene_2,user_5061,item_3683,0.20711164485320396
scene_2,user_5061,item_6365,0.20711164485320396
scene_2,user_6110,item_3836,0.5255268625199613
scene_2,user_6110,item_7469,0.5255268625199613
scene_2,user_6203,item_3047,0.22784770917926217
scene_2,user_6203,item_5165,0.22784770917926217
scene_2,user_6203,item_8573,0.22784770917926217
scene_2,user_6203,item_3380,0.20979811974466375
scene_2,user_6203,item_3356,0.18580180409177757
scene_2,user_6203,item_1151,0.08564972372829179
scene_2,user_6203,item_1976,0.08564972372829179
scene_2,user_6203,item_3113,0.08564972372829179
scene_2,user_6203,item_5036,0.08564972372829179
scene_2,user_6203,item_5363,0.08564972372829179
scene_2,user_6203,item_6335,0.08564972372829179
scene_2,user_6203,item_812,0.08564972372829179
scene_2,user_6203,item_8255,0.08564972372829179
scene_2,user_6203,item_8348,0.08564972372829179
scene_2,user_6203,item_878,0.08564972372829179
scene_2,user_6203,item_9311,0.08564972372829179
scene_2,user_8770,item_3380,0.3633810027301768
scene_2,user_8770,item_740,0.29669934630327804
scene_2,user_8770,item_9839,0.29669934630327804
scene_2,user_8770,item_1151,0.14834967315163902
scene_2,user_8770,item_1976,0.14834967315163902
scene_2,user_8770,item_3113,0.14834967315163902
scene_2,user_8770,item_5036,0.14834967315163902
scene_2,user_8770,item_5363,0.14834967315163902
scene_2,user_8770,item_6335,0.14834967315163902
scene_2,user_8770,item_812,0.14834967315163902
scene_2,user_8770,item_8255,0.14834967315163902
scene_2,user_8770,item_8348,0.14834967315163902
scene_2,user_8770,item_878,0.14834967315163902
scene_2,user_8770,item_9311,0.14834967315163902
scene_2,user_9535,item_740,0.20979811974466375
scene_2,user_9535,item_9839,0.20979811974466375
scene_2,user_9535,item_1151,0.10489905987233188
scene_2,user_9535,item_1976,0.10489905987233188
scene_2,user_9535,item_3113,0.10489905987233188
scene_2,user_9535,item_5036,0.10489905987233188
scene_2,user_9535,item_5363,0.10489905987233188
scene_2,user_9535,item_6335,0.10489905987233188
scene_2,user_9535,item_812,0.10489905987233188
scene_2,user_9535,item_8255,0.10489905987233188
scene_2,user_9535,item_8348,0.10489905987233188
scene_2,user_9535,item_878,0.10489905987233188
scene_2,user_9535,item_9311,0.10489905987233188
scene_2,user_3250,item_3380,0.3633810027301768
scene_2,user_3250,item_740,0.29669934630327804
scene_2,user_3250,item_9839,0.29669934630327804
scene_2,user_3250,item_1151,0.14834967315163902
scene_2,user_3250,item_1976,0.14834967315163902
scene_2,user_3250,item_3113,0.14834967315163902
scene_2,user_3250,item_5036,0.14834967315163902
scene_2,user_3250,item_5363,0.14834967315163902
scene_2,user_3250,item_6335,0.14834967315163902
scene_2,user_3250,item_812,0.14834967315163902
scene_2,user_3250,item_8255,0.14834967315163902
scene_2,user_3250,item_8348,0.14834967315163902
scene_2,user_3250,item_878,0.14834967315163902
scene_2,user_3250,item_9311,0.14834967315163902
scene_2,user_3815,item_3380,0.3633810027301768
scene_2,user_3815,item_740,0.29669934630327804
scene_2,user_3815,item_9839,0.29669934630327804
scene_2,user_3815,item_1151,0.14834967315163902
scene_2,user_3815,item_1976,0.14834967315163902
scene_2,user_3815,item_3113,0.14834967315163902
scene_2,user_3815,item_5036,0.14834967315163902
scene_2,user_3815,item_5363,0.14834967315163902
scene_2,user_3815,item_6335,0.14834967315163902
scene_2,user_3815,item_812,0.14834967315163902
scene_2,user_3815,item_8255,0.14834967315163902
scene_2,user_3815,item_8348,0.14834967315163902
scene_2,user_3815,item_878,0.14834967315163902
scene_2,user_3815,item_9311,0.14834967315163902
scene_2,user_9083,item_5402,0.5255268625199613
scene_2,user_9083,item_6173,0.5255268625199613
scene_2,user_9227,item_2156,0.3400464821989298
scene_2,user_9227,item_9533,0.3400464821989298
scene_2,user_8163,item_602,0.2790553132756236
scene_2,user_8163,item_9533,0.24044917348149392
scene_2,user_7940,item_2156,0.3400464821989298
scene_2,user_7940,item_9533,0.3400464821989298
scene_2,user_5498,item_2156,0.3400464821989298
scene_2,user_5498,item_9533,0.3400464821989298
scene_2,user_7435,item_2156,0.3400464821989298
scene_2,user_7435,item_9533,0.3400464821989298
scene_2,user_3645,item_2156,0.3400464821989298
scene_2,user_3645,item_9533,0.3400464821989298
scene_2,user_63,item_2156,0.24044917348149392
scene_2,user_9155,item_1397,0.45511961331341866
scene_2,user_2224,item_2666,0.2790553132756236
scene_2,user_2224,item_1367,0.25694917118487537
scene_2,user_2224,item_3587,0.1816905013650884
scene_2,user_2224,item_3803,0.1816905013650884
scene_2,user_2224,item_551,0.1816905013650884
scene_2,user_1943,item_2780,0.36067376022224085
scene_2,user_1943,item_3236,0.2790553132756236
scene_2,user_2039,item_2666,0.39464380868665966
scene_2,user_2039,item_3236,0.39464380868665966
scene_2,user_3005,item_2666,0.39464380868665966
scene_2,user_3005,item_3236,0.39464380868665966
scene_2,user_9897,item_2666,0.39464380868665966
scene_2,user_9897,item_3236,0.39464380868665966
scene_2,user_9060,item_1673,0.31066746727980593
scene_2,user_8884,item_7517,0.31066746727980593
scene_2,user_4796,item_1673,0.43935014561520125
scene_2,user_4796,item_7517,0.43935014561520125
scene_2,user_2918,item_1673,0.43935014561520125
scene_2,user_2918,item_7517,0.43935014561520125
scene_2,user_8895,item_6245,0.3633810027301768
scene_2,user_8605,item_6245,0.3633810027301768
scene_2,user_5962,item_5495,0.21714724095162588
scene_2,user_5962,item_5156,0.17729997979489165
scene_2,user_5962,item_6113,0.17729997979489165
scene_2,user_3309,item_6245,0.3633810027301768
scene_2,user_2938,item_6245,0.3633810027301768
scene_2,user_5004,item_6245,0.3633810027301768
scene_2,user_9079,item_1532,0.2679391513217467
scene_2,user_9079,item_641,0.2679391513217467
scene_2,user_9079,item_6656,0.2679391513217467
scene_2,user_9079,item_1913,0.21877140095088282
scene_2,user_9079,item_5204,0.21877140095088282
scene_2,user_9079,item_80,0.21877140095088282
scene_2,user_9079,item_9845,0.21877140095088282
scene_2,user_5337,item_1532,0.2679391513217467
scene_2,user_5337,item_641,0.2679391513217467
scene_2,user_5337,item_6656,0.2679391513217467
scene_2,user_5337,item_1913,0.21877140095088282
scene_2,user_5337,item_5204,0.21877140095088282
scene_2,user_5337,item_80,0.21877140095088282
scene_2,user_5337,item_9845,0.21877140095088282
scene_2,user_650,item_9287,0.31066746727980593
scene_2,user_650,item_7253,0.25365892483943775
scene_2,user_650,item_9899,0.25365892483943775
scene_2,user_650,item_1532,0.1894615908449756
scene_2,user_650,item_641,0.1894615908449756
scene_2,user_650,item_1913,0.15469474114205034
scene_2,user_650,item_5204,0.15469474114205034
scene_2,user_650,item_80,0.15469474114205034
scene_2,user_650,item_9845,0.15469474114205034
scene_2,user_225,item_1532,0.2679391513217467
scene_2,user_225,item_641,0.2679391513217467
scene_2,user_225,item_6656,0.2679391513217467
scene_2,user_225,item_1913,0.21877140095088282
scene_2,user_225,item_5204,0.21877140095088282
scene_2,user_225,item_80,0.21877140095088282
scene_2,user_225,item_9845,0.21877140095088282
scene_2,user_3830,item_1532,0.15469474114205034
scene_2,user_3830,item_641,0.15469474114205034
scene_2,user_3830,item_6656,0.15469474114205034
scene_2,user_3830,item_5204,0.12630772722998374
scene_2,user_3830,item_80,0.12630772722998374
scene_2,user_6991,item_1532,0.2679391513217467
scene_2,user_6991,item_641,0.2679391513217467
scene_2,user_6991,item_6656,0.2679391513217467
scene_2,user_6991,item_1913,0.21877140095088282
scene_2,user_6991,item_5204,0.21877140095088282
scene_2,user_6991,item_80,0.21877140095088282
scene_2,user_6991,item_9845,0.21877140095088282
scene_2,user_5745,item_4091,0.2944888920518062
scene_2,user_5745,item_8750,0.2944888920518062
scene_2,user_5745,item_641,0.1894615908449756
scene_2,user_5745,item_6656,0.1894615908449756
scene_2,user_5745,item_1913,0.15469474114205034
scene_2,user_5745,item_5204,0.15469474114205034
scene_2,user_5745,item_80,0.15469474114205034
scene_2,user_5745,item_9845,0.15469474114205034
scene_2,user_9313,item_1532,0.15469474114205034
scene_2,user_9313,item_641,0.15469474114205034
scene_2,user_9313,item_6656,0.15469474114205034
scene_2,user_9313,item_1913,0.12630772722998374
scene_2,user_9313,item_9845,0.12630772722998374
scene_2,user_374,item_1532,0.2679391513217467
scene_2,user_374,item_641,0.2679391513217467
scene_2,user_374,item_6656,0.2679391513217467
scene_2,user_374,item_1913,0.21877140095088282
scene_2,user_374,item_5204,0.21877140095088282
scene_2,user_374,item_80,0.21877140095088282
scene_2,user_374,item_9845,0.21877140095088282
scene_2,user_828,item_1532,0.2679391513217467
scene_2,user_828,item_641,0.2679391513217467
scene_2,user_828,item_6656,0.2679391513217467
scene_2,user_828,item_1913,0.21877140095088282
scene_2,user_828,item_5204,0.21877140095088282
scene_2,user_828,item_80,0.21877140095088282
scene_2,user_828,item_9845,0.21877140095088282
scene_2,user_1908,item_1532,0.1894615908449756
scene_2,user_1908,item_6656,0.1894615908449756
scene_2,user_1908,item_1913,0.15469474114205034
scene_2,user_1908,item_5204,0.15469474114205034
scene_2,user_1908,item_80,0.15469474114205034
scene_2,user_1908,item_9845,0.15469474114205034
scene_2,user_6288,item_1532,0.2679391513217467
scene_2,user_6288,item_641,0.2679391513217467
scene_2,user_6288,item_6656,0.2679391513217467
scene_2,user_6288,item_1913,0.21877140095088282
scene_2,user_6288,item_5204,0.21877140095088282
scene_2,user_6288,item_80,0.21877140095088282
scene_2,user_6288,item_9845,0.21877140095088282
scene_2,user_9438,item_1532,0.2679391513217467
scene_2,user_9438,item_641,0.2679391513217467
scene_2,user_9438,item_6656,0.2679391513217467
scene_2,user_9438,item_1913,0.21877140095088282
scene_2,user_9438,item_5204,0.21877140095088282
scene_2,user_9438,item_80,0.21877140095088282
scene_2,user_9438,item_9845,0.21877140095088282
scene_2,user_5761,item_3998,0.39464380868665966
scene_2,user_5761,item_3863,0.3222253204769533
scene_2,user_5761,item_950,0.3222253204769533
scene_2,user_2583,item_3998,0.39464380868665966
scene_2,user_2583,item_3863,0.3222253204769533
scene_2,user_2583,item_950,0.3222253204769533
scene_2,user_2566,item_5504,0.24044917348149392
scene_2,user_2566,item_7028,0.24044917348149392
scene_2,user_2566,item_3863,0.22784770917926217
scene_2,user_2566,item_950,0.22784770917926217
scene_2,user_1577,item_3998,0.39464380868665966
scene_2,user_1577,item_3863,0.3222253204769533
scene_2,user_1577,item_950,0.3222253204769533
scene_2,user_5208,item_3998,0.22784770917926217
scene_2,user_5208,item_953,0.19632592803453744
scene_2,user_5208,item_8987,0.18580180409177757
scene_2,user_2081,item_1505,0.2944888920518062
scene_2,user_2081,item_1739,0.2944888920518062
scene_2,user_2081,item_3221,0.2404491734814939
scene_2,user_2081,item_7706,0.2404491734814939
scene_2,user_2081,item_3929,0.1642911980209368
scene_2,user_2081,item_917,0.1642911980209368
scene_2,user_2081,item_3857,0.1341432014606149
scene_2,user_2081,item_9431,0.1341432014606149
scene_2,user_3700,item_1505,0.5100697232983947
scene_2,user_3700,item_4091,0.4164701851078906
scene_2,user_3700,item_8750,0.4164701851078906
scene_2,user_8894,item_5021,0.6436363296498353
scene_2,user_7506,item_4721,0.43935014561520125
scene_2,user_4431,item_4721,0.43935014561520125
scene_2,user_2706,item_4721,0.43935014561520125
scene_2,user_8927,item_2513,0.24044917348149392
scene_2,user_8927,item_7913,0.24044917348149392
scene_2,user_4403,item_1091,0.5255268625199613
scene_2,user_4403,item_4121,0.5255268625199613
scene_2,user_3659,item_2294,0.32181816482491765
scene_2,user_3659,item_530,0.32181816482491765
scene_2,user_3659,item_8036,0.32181816482491765
scene_2,user_3659,item_8570,0.32181816482491765
scene_2,user_3990,item_4100,0.31066746727980593
scene_2,user_3990,item_8993,0.25365892483943775
scene_2,user_3990,item_9248,0.25365892483943775
scene_2,user_3990,item_2294,0.22755980665670933
scene_2,user_3990,item_530,0.22755980665670933
scene_2,user_3990,item_8036,0.22755980665670933
scene_2,user_491,item_5024,0.45511961331341866
scene_2,user_491,item_2294,0.22755980665670933
scene_2,user_491,item_8036,0.22755980665670933
scene_2,user_491,item_8570,0.22755980665670933
scene_2,user_4389,item_530,0.22755980665670933
scene_2,user_4389,item_8036,0.22755980665670933
scene_2,user_4389,item_8570,0.22755980665670933
scene_2,user_2440,item_2294,0.32181816482491765
scene_2,user_2440,item_530,0.32181816482491765
scene_2,user_2440,item_8036,0.32181816482491765
scene_2,user_2440,item_8570,0.32181816482491765
scene_2,user_6076,item_2294,0.32181816482491765
scene_2,user_6076,item_530,0.32181816482491765
scene_2,user_6076,item_8036,0.32181816482491765
scene_2,user_6076,item_8570,0.32181816482491765
scene_2,user_7446,item_2294,0.22755980665670933
scene_2,user_7446,item_530,0.22755980665670933
scene_2,user_7446,item_8570,0.22755980665670933
scene_2,user_9361,item_2294,0.32181816482491765
scene_2,user_9361,item_530,0.32181816482491765
scene_2,user_9361,item_8036,0.32181816482491765
scene_2,user_9361,item_8570,0.32181816482491765
scene_2,user_7750,item_1322,0.31066746727980593
scene_2,user_7750,item_4130,0.31066746727980593
scene_2,user_7750,item_8288,0.31066746727980593
scene_2,user_1990,item_1322,0.43935014561520125
scene_2,user_1990,item_212,0.43935014561520125
scene_2,user_1990,item_8288,0.43935014561520125
scene_2,user_3735,item_2975,0.36067376022224085
scene_2,user_3735,item_1322,0.31066746727980593
scene_2,user_3735,item_212,0.31066746727980593
scene_2,user_4038,item_182,0.5255268625199613
scene_2,user_4038,item_3611,0.5255268625199613
scene_2,user_3263,item_4838,0.2944888920518062
scene_2,user_3263,item_4517,0.20979811974466375
scene_2,user_3263,item_7304,0.20979811974466375
scene_2,user_6839,item_3707,0.30709257318568767
scene_2,user_6839,item_6737,0.30709257318568767
scene_2,user_6839,item_1076,0.2507400360344115
scene_2,user_6839,item_5558,0.2507400360344115
scene_2,user_6839,item_6443,0.2507400360344115
scene_2,user_6839,item_6686,0.2507400360344115
scene_2,user_6173,item_3257,0.25694917118487537
scene_2,user_6173,item_3314,0.25694917118487537
scene_2,user_6173,item_6260,0.25694917118487537
scene_2,user_6173,item_3707,0.21714724095162588
scene_2,user_6173,item_176,0.20979811974466375
scene_2,user_6173,item_728,0.20979811974466375
scene_2,user_6173,item_1076,0.17729997979489165
scene_2,user_6173,item_5558,0.17729997979489165
scene_2,user_6173,item_6443,0.17729997979489165
scene_2,user_6173,item_6686,0.17729997979489165
scene_2,user_6059,item_3707,0.30709257318568767
scene_2,user_6059,item_6737,0.30709257318568767
scene_2,user_6059,item_1076,0.2507400360344115
scene_2,user_6059,item_5558,0.2507400360344115
scene_2,user_6059,item_6443,0.2507400360344115
scene_2,user_6059,item_6686,0.2507400360344115
scene_2,user_3682,item_3173,0.31066746727980593
scene_2,user_3682,item_6737,0.21714724095162588
scene_2,user_3682,item_1076,0.17729997979489165
scene_2,user_3682,item_5558,0.17729997979489165
scene_2,user_3682,item_6443,0.17729997979489165
scene_2,user_3682,item_6686,0.17729997979489165
scene_2,user_9980,item_3707,0.17729997979489165
scene_2,user_9980,item_6737,0.17729997979489165
scene_2,user_9980,item_6443,0.14476482730108392
scene_2,user_9980,item_6686,0.14476482730108392
scene_2,user_5170,item_3707,0.30709257318568767
scene_2,user_5170,item_6737,0.30709257318568767
scene_2,user_5170,item_1076,0.2507400360344115
scene_2,user_5170,item_5558,0.2507400360344115
scene_2,user_5170,item_6443,0.2507400360344115
scene_2,user_5170,item_6686,0.2507400360344115
scene_2,user_9275,item_3707,0.30709257318568767
scene_2,user_9275,item_6737,0.30709257318568767
scene_2,user_9275,item_1076,0.2507400360344115
scene_2,user_9275,item_5558,0.2507400360344115
scene_2,user_9275,item_6443,0.2507400360344115
scene_2,user_9275,item_6686,0.2507400360344115
scene_2,user_1183,item_3707,0.30709257318568767
scene_2,user_1183,item_6737,0.30709257318568767
scene_2,user_1183,item_1076,0.2507400360344115
scene_2,user_1183,item_5558,0.2507400360344115
scene_2,user_1183,item_6443,0.2507400360344115
scene_2,user_1183,item_6686,0.2507400360344115
scene_2,user_1252,item_4838,0.3034130755422791
scene_2,user_1252,item_8507,0.3034130755422791
scene_2,user_1252,item_4160,0.19632592803453744
scene_2,user_1252,item_3707,0.17729997979489165
scene_2,user_1252,item_6737,0.17729997979489165
scene_2,user_1252,item_1076,0.14476482730108392
scene_2,user_1252,item_5558,0.14476482730108392
scene_2,user_5298,item_3083,0.6436363296498353
scene_2,user_7678,item_7232,0.6436363296498353
scene_2,user_9924,item_3353,0.36067376022224085
scene_2,user_9924,item_5693,0.2944888920518062
scene_2,user_9924,item_9209,0.2944888920518062
scene_2,user_7559,item_8369,0.36067376022224085
scene_2,user_7559,item_5693,0.2944888920518062
scene_2,user_7559,item_9209,0.2944888920518062
scene_2,user_7559,item_4043,0.2790553132756236
scene_2,user_7559,item_6797,0.2790553132756236
scene_2,user_7559,item_7757,0.2790553132756236
scene_2,user_4820,item_3353,0.2944888920518062
scene_2,user_4820,item_8369,0.2944888920518062
scene_2,user_4820,item_710,0.25365892483943775
scene_2,user_2115,item_1460,0.43935014561520125
scene_2,user_70,item_1460,0.43935014561520125
scene_2,user_1008,item_1460,0.43935014561520125
scene_2,user_4485,item_4952,0.25365892483943775
scene_2,user_4485,item_8120,0.25365892483943775
scene_2,user_8571,item_563,0.43935014561520125
scene_2,user_8571,item_4952,0.35872789172491043
scene_2,user_8571,item_8120,0.35872789172491043
scene_2,user_96,item_563,0.43935014561520125
scene_2,user_96,item_4952,0.35872789172491043
scene_2,user_96,item_8120,0.35872789172491043
scene_2,user_1263,item_3338,0.26276343125998064
scene_2,user_1263,item_3422,0.26276343125998064
scene_2,user_1263,item_5744,0.26276343125998064
scene_2,user_1263,item_563,0.25365892483943775
scene_2,user_504,item_8210,0.5100697232983947
scene_2,user_3637,item_8210,0.5100697232983947
scene_2,user_9134,item_1262,0.45511961331341866
scene_2,user_9134,item_4616,0.45511961331341866
scene_2,user_9134,item_8993,0.45511961331341866
scene_2,user_4183,item_6236,0.5100697232983947
scene_2,user_963,item_6236,0.5100697232983947
scene_2,user_8480,item_4427,0.5100697232983947
scene_2,user_7071,item_4427,0.5100697232983947
scene_2,user_5255,item_2174,0.5100697232983947
scene_2,user_8602,item_3542,0.25694917118487537
scene_2,user_8602,item_5147,0.25694917118487537
scene_2,user_4564,item_2174,0.5100697232983947
scene_2,user_2518,item_4403,0.3400464821989298
scene_2,user_2518,item_8750,0.3400464821989298
scene_2,user_5394,item_4403,0.3400464821989298
scene_2,user_5394,item_8750,0.3400464821989298
scene_2,user_2714,item_4403,0.3400464821989298
scene_2,user_2714,item_8750,0.3400464821989298
scene_2,user_2801,item_1532,0.2944888920518062
scene_2,user_2801,item_3221,0.2944888920518062
scene_2,user_2801,item_4091,0.2944888920518062
scene_2,user_2801,item_7706,0.2944888920518062
scene_2,user_2801,item_4403,0.24044917348149392
scene_2,user_3663,item_4403,0.3400464821989298
scene_2,user_3663,item_8750,0.3400464821989298
scene_2,user_5142,item_8750,0.24044917348149392
scene_2,user_6947,item_4403,0.3400464821989298
scene_2,user_6947,item_8750,0.3400464821989298
scene_2,user_2108,item_6737,0.22784770917926217
scene_2,user_2108,item_728,0.22784770917926217
scene_2,user_3616,item_6410,0.39464380868665966
scene_2,user_3616,item_6737,0.3222253204769533
scene_2,user_3616,item_728,0.3222253204769533
scene_2,user_1761,item_6410,0.22784770917926217
scene_2,user_1761,item_1622,0.20979811974466375
scene_2,user_1761,item_3257,0.20979811974466375
scene_2,user_1761,item_3314,0.20979811974466375
scene_2,user_1761,item_6260,0.20979811974466375
scene_2,user_8721,item_6410,0.39464380868665966
scene_2,user_8721,item_6737,0.3222253204769533
scene_2,user_8721,item_728,0.3222253204769533
scene_2,user_8132,item_6410,0.39464380868665966
scene_2,user_8132,item_6737,0.3222253204769533
scene_2,user_8132,item_728,0.3222253204769533
scene_2,user_1914,item_8123,0.45511961331341866
scene_2,user_1914,item_5975,0.36067376022224085
scene_2,user_8483,item_6992,0.45511961331341866
scene_2,user_8279,item_3506,0.43935014561520125
scene_2,user_8279,item_6341,0.35872789172491043
scene_2,user_8279,item_92,0.35872789172491043
scene_2,user_4972,item_3506,0.43935014561520125
scene_2,user_4972,item_6341,0.35872789172491043
scene_2,user_4972,item_92,0.35872789172491043
scene_2,user_641,item_6341,0.25365892483943775
scene_2,user_641,item_92,0.25365892483943775
scene_2,user_2767,item_3506,0.25365892483943775
scene_2,user_5174,item_5381,0.31066746727980593
scene_2,user_8456,item_5381,0.43935014561520125
scene_2,user_8456,item_6878,0.43935014561520125
scene_2,user_182,item_5381,0.43935014561520125
scene_2,user_182,item_6878,0.43935014561520125
scene_2,user_3531,item_2654,0.31066746727980593
scene_2,user_3531,item_3206,0.31066746727980593
scene_2,user_3531,item_6878,0.31066746727980593
scene_2,user_2327,item_3647,0.43935014561520125
scene_2,user_7605,item_3647,0.43935014561520125
scene_2,user_9727,item_3647,0.43935014561520125
scene_2,user_7969,item_4166,0.36067376022224085
scene_2,user_5763,item_6872,0.45511961331341866
scene_2,user_5763,item_5108,0.24044917348149392
scene_2,user_5763,item_8183,0.19632592803453744
scene_2,user_5763,item_9995,0.19632592803453744
scene_2,user_1168,item_6884,0.45511961331341866
scene_2,user_1168,item_1451,0.2790553132756236
scene_2,user_9779,item_5135,0.18580180409177757
scene_2,user_9779,item_8570,0.18580180409177757
scene_2,user_9779,item_998,0.18580180409177757
scene_2,user_6733,item_1328,0.35872789172491043
scene_2,user_6733,item_4100,0.35872789172491043
scene_2,user_6792,item_1328,0.35872789172491043
scene_2,user_6792,item_4100,0.35872789172491043
scene_2,user_6754,item_1328,0.35872789172491043
scene_2,user_6754,item_4100,0.35872789172491043
scene_2,user_185,item_6536,0.39464380868665966
scene_2,user_185,item_8501,0.39464380868665966
scene_2,user_5114,item_6536,0.39464380868665966
scene_2,user_5114,item_8501,0.39464380868665966
scene_2,user_532,item_5165,0.2790553132756236
scene_2,user_532,item_8501,0.2790553132756236
scene_2,user_9509,item_4907,0.2790553132756236
scene_2,user_9509,item_6536,0.2790553132756236
scene_2,user_1206,item_6536,0.39464380868665966
scene_2,user_1206,item_8501,0.39464380868665966
scene_2,user_4517,item_4517,0.3633810027301768
scene_2,user_4517,item_7304,0.3633810027301768
scene_2,user_4517,item_161,0.29669934630327804
scene_2,user_4517,item_3611,0.29669934630327804
scene_2,user_9954,item_4517,0.3633810027301768
scene_2,user_9954,item_7304,0.3633810027301768
scene_2,user_9954,item_161,0.29669934630327804
scene_2,user_9954,item_3611,0.29669934630327804
scene_2,user_3607,item_4517,0.3633810027301768
scene_2,user_3607,item_7304,0.3633810027301768
scene_2,user_3607,item_161,0.29669934630327804
scene_2,user_3607,item_3611,0.29669934630327804
scene_2,user_1445,item_4469,0.31066746727980593
scene_2,user_1445,item_4517,0.25694917118487537
scene_2,user_1445,item_4604,0.25365892483943775
scene_2,user_1445,item_7382,0.25365892483943775
scene_2,user_1445,item_161,0.20979811974466375
scene_2,user_1445,item_3611,0.20979811974466375
scene_2,user_3580,item_7304,0.25694917118487537
scene_2,user_3580,item_161,0.20979811974466375
scene_2,user_3580,item_3611,0.20979811974466375
scene_2,user_2168,item_1280,0.39464380868665966
scene_2,user_2168,item_4844,0.39464380868665966
scene_2,user_2168,item_5510,0.39464380868665966
scene_2,user_3943,item_1280,0.2790553132756236
scene_2,user_3943,item_4844,0.2790553132756236
scene_2,user_562,item_1280,0.2790553132756236
scene_2,user_562,item_5510,0.2790553132756236
scene_2,user_2824,item_1280,0.39464380868665966
scene_2,user_2824,item_4844,0.39464380868665966
scene_2,user_2824,item_5510,0.39464380868665966
scene_2,user_5892,item_3023,0.6436363296498353
scene_2,user_7690,item_3926,0.36067376022224085
scene_2,user_7690,item_9587,0.36067376022224085
scene_2,user_4732,item_9422,0.6436363296498353
scene_2,user_9292,item_1142,0.3633810027301768
scene_2,user_9292,item_5705,0.3633810027301768
scene_2,user_9292,item_3896,0.29669934630327804
scene_2,user_9292,item_9881,0.29669934630327804
scene_2,user_9354,item_1142,0.25694917118487537
scene_2,user_9354,item_3896,0.20979811974466375
scene_2,user_9354,item_9881,0.20979811974466375
scene_2,user_9229,item_1142,0.3633810027301768
scene_2,user_9229,item_5705,0.3633810027301768
scene_2,user_9229,item_3896,0.29669934630327804
scene_2,user_9229,item_9881,0.29669934630327804
scene_2,user_1992,item_1142,0.3633810027301768
scene_2,user_1992,item_5705,0.3633810027301768
scene_2,user_1992,item_3896,0.29669934630327804
scene_2,user_1992,item_9881,0.29669934630327804
scene_2,user_3329,item_9122,0.2944888920518062
scene_2,user_3329,item_4055,0.22784770917926217
scene_2,user_3329,item_6104,0.22784770917926217
scene_2,user_3329,item_1142,0.20979811974466375
scene_2,user_3329,item_5705,0.20979811974466375
scene_2,user_5203,item_1505,0.5255268625199613
scene_2,user_5203,item_9845,0.5255268625199613
scene_2,user_8520,item_4340,0.43935014561520125
scene_2,user_8520,item_1175,0.35872789172491043
scene_2,user_8520,item_1421,0.35872789172491043
scene_2,user_7780,item_4340,0.43935014561520125
scene_2,user_7780,item_1175,0.35872789172491043
scene_2,user_7780,item_1421,0.35872789172491043
scene_2,user_9899,item_4340,0.25365892483943775
scene_2,user_3535,item_1175,0.25365892483943775
scene_2,user_3535,item_1421,0.25365892483943775
scene_2,user_589,item_1037,0.36067376022224085
scene_2,user_2729,item_1037,0.5100697232983947
scene_2,user_2729,item_2117,0.5100697232983947
scene_2,user_4562,item_3269,0.29488643195052716
scene_2,user_4562,item_3860,0.240773763449582
scene_2,user_4562,item_6347,0.240773763449582
scene_2,user_4562,item_1151,0.120386881724791
scene_2,user_4562,item_1400,0.120386881724791
scene_2,user_4562,item_3113,0.120386881724791
scene_2,user_4562,item_5036,0.120386881724791
scene_2,user_4562,item_5363,0.120386881724791
scene_2,user_4562,item_6335,0.120386881724791
scene_2,user_4562,item_812,0.120386881724791
scene_2,user_4562,item_8255,0.120386881724791
scene_2,user_4562,item_8348,0.120386881724791
scene_2,user_4562,item_878,0.120386881724791
scene_2,user_4562,item_9311,0.120386881724791
scene_2,user_359,item_3269,0.29488643195052716
scene_2,user_359,item_3860,0.240773763449582
scene_2,user_359,item_6347,0.240773763449582
scene_2,user_359,item_1151,0.120386881724791
scene_2,user_359,item_1400,0.120386881724791
scene_2,user_359,item_3113,0.120386881724791
scene_2,user_359,item_5036,0.120386881724791
scene_2,user_359,item_5363,0.120386881724791
scene_2,user_359,item_6335,0.120386881724791
scene_2,user_359,item_812,0.120386881724791
scene_2,user_359,item_8255,0.120386881724791
scene_2,user_359,item_8348,0.120386881724791
scene_2,user_359,item_878,0.120386881724791
scene_2,user_359,item_9311,0.120386881724791
scene_2,user_7235,item_3269,0.29488643195052716
scene_2,user_7235,item_3860,0.240773763449582
scene_2,user_7235,item_6347,0.240773763449582
scene_2,user_7235,item_1151,0.120386881724791
scene_2,user_7235,item_1400,0.120386881724791
scene_2,user_7235,item_3113,0.120386881724791
scene_2,user_7235,item_5036,0.120386881724791
scene_2,user_7235,item_5363,0.120386881724791
scene_2,user_7235,item_6335,0.120386881724791
scene_2,user_7235,item_812,0.120386881724791
scene_2,user_7235,item_8255,0.120386881724791
scene_2,user_7235,item_8348,0.120386881724791
scene_2,user_7235,item_878,0.120386881724791
scene_2,user_7235,item_9311,0.120386881724791
scene_2,user_6893,item_3269,0.29488643195052716
scene_2,user_6893,item_3860,0.240773763449582
scene_2,user_6893,item_6347,0.240773763449582
scene_2,user_6893,item_1151,0.120386881724791
scene_2,user_6893,item_1400,0.120386881724791
scene_2,user_6893,item_3113,0.120386881724791
scene_2,user_6893,item_5036,0.120386881724791
scene_2,user_6893,item_5363,0.120386881724791
scene_2,user_6893,item_6335,0.120386881724791
scene_2,user_6893,item_812,0.120386881724791
scene_2,user_6893,item_8255,0.120386881724791
scene_2,user_6893,item_8348,0.120386881724791
scene_2,user_6893,item_878,0.120386881724791
scene_2,user_6893,item_9311,0.120386881724791
scene_2,user_6187,item_8699,0.17729997979489165
scene_2,user_6187,item_9428,0.17729997979489165
scene_2,user_6187,item_3269,0.17025276086700514
scene_2,user_6187,item_1151,0.06950539857070771
scene_2,user_6187,item_1400,0.06950539857070771
scene_2,user_6187,item_3113,0.06950539857070771
scene_2,user_6187,item_5036,0.06950539857070771
scene_2,user_6187,item_5363,0.06950539857070771
scene_2,user_6187,item_6335,0.06950539857070771
scene_2,user_6187,item_812,0.06950539857070771
scene_2,user_6187,item_8255,0.06950539857070771
scene_2,user_6187,item_8348,0.06950539857070771
scene_2,user_6187,item_878,0.06950539857070771
scene_2,user_6187,item_9311,0.06950539857070771
scene_2,user_9767,item_3269,0.29488643195052716
scene_2,user_9767,item_3860,0.240773763449582
scene_2,user_9767,item_6347,0.240773763449582
scene_2,user_9767,item_1151,0.120386881724791
scene_2,user_9767,item_1400,0.120386881724791
scene_2,user_9767,item_3113,0.120386881724791
scene_2,user_9767,item_5036,0.120386881724791
scene_2,user_9767,item_5363,0.120386881724791
scene_2,user_9767,item_6335,0.120386881724791
scene_2,user_9767,item_812,0.120386881724791
scene_2,user_9767,item_8255,0.120386881724791
scene_2,user_9767,item_8348,0.120386881724791
scene_2,user_9767,item_878,0.120386881724791
scene_2,user_9767,item_9311,0.120386881724791
scene_2,user_8117,item_3269,0.29488643195052716
scene_2,user_8117,item_3860,0.240773763449582
scene_2,user_8117,item_6347,0.240773763449582
scene_2,user_8117,item_1151,0.120386881724791
scene_2,user_8117,item_1400,0.120386881724791
scene_2,user_8117,item_3113,0.120386881724791
scene_2,user_8117,item_5036,0.120386881724791
scene_2,user_8117,item_5363,0.120386881724791
scene_2,user_8117,item_6335,0.120386881724791
scene_2,user_8117,item_812,0.120386881724791
scene_2,user_8117,item_8255,0.120386881724791
scene_2,user_8117,item_8348,0.120386881724791
scene_2,user_8117,item_878,0.120386881724791
scene_2,user_8117,item_9311,0.120386881724791
scene_2,user_9170,item_1151,0.34207555161837794
scene_2,user_9170,item_3263,0.25694917118487537
scene_2,user_9170,item_9749,0.25694917118487537
scene_2,user_9170,item_3860,0.17025276086700514
scene_2,user_9170,item_6347,0.17025276086700514
scene_2,user_9170,item_1400,0.08512638043350257
scene_2,user_9170,item_3113,0.08512638043350257
scene_2,user_9170,item_5036,0.08512638043350257
scene_2,user_9170,item_5363,0.08512638043350257
scene_2,user_9170,item_6335,0.08512638043350257
scene_2,user_9170,item_812,0.08512638043350257
scene_2,user_9170,item_8255,0.08512638043350257
scene_2,user_9170,item_8348,0.08512638043350257
scene_2,user_9170,item_878,0.08512638043350257
scene_2,user_9170,item_9311,0.08512638043350257
scene_2,user_2225,item_3269,0.29488643195052716
scene_2,user_2225,item_3860,0.240773763449582
scene_2,user_2225,item_6347,0.240773763449582
scene_2,user_2225,item_1151,0.120386881724791
scene_2,user_2225,item_1400,0.120386881724791
scene_2,user_2225,item_3113,0.120386881724791
scene_2,user_2225,item_5036,0.120386881724791
scene_2,user_2225,item_5363,0.120386881724791
scene_2,user_2225,item_6335,0.120386881724791
scene_2,user_2225,item_812,0.120386881724791
scene_2,user_2225,item_8255,0.120386881724791
scene_2,user_2225,item_8348,0.120386881724791
scene_2,user_2225,item_878,0.120386881724791
scene_2,user_2225,item_9311,0.120386881724791
scene_2,user_8495,item_5384,0.6436363296498353
scene_2,user_7402,item_9392,0.43935014561520125
scene_2,user_1245,item_9392,0.43935014561520125
scene_2,user_4592,item_9392,0.43935014561520125
scene_2,user_3283,item_791,0.25694917118487537
scene_2,user_3283,item_3152,0.20979811974466375
scene_2,user_3283,item_9446,0.20979811974466375
scene_2,user_7201,item_5063,0.6436363296498353
scene_2,user_1723,item_6251,0.24044917348149392
scene_2,user_1723,item_7019,0.24044917348149392
scene_2,user_3135,item_6491,0.3400464821989298
scene_2,user_8870,item_6491,0.3400464821989298
scene_2,user_5454,item_6491,0.3400464821989298
scene_2,user_3128,item_6491,0.3400464821989298
scene_2,user_5773,item_6491,0.3400464821989298
scene_2,user_9825,item_6491,0.3400464821989298
scene_2,user_9610,item_5543,0.22755980665670933
scene_2,user_9610,item_9356,0.22755980665670933
scene_2,user_8810,item_5543,0.32181816482491765
scene_2,user_8810,item_9041,0.32181816482491765
scene_2,user_8810,item_9356,0.32181816482491765
scene_2,user_8698,item_5543,0.32181816482491765
scene_2,user_8698,item_9041,0.32181816482491765
scene_2,user_8698,item_9356,0.32181816482491765
scene_2,user_187,item_5543,0.32181816482491765
scene_2,user_187,item_9041,0.32181816482491765
scene_2,user_187,item_9356,0.32181816482491765
scene_2,user_427,item_5543,0.22755980665670933
scene_2,user_427,item_9041,0.22755980665670933
scene_2,user_9716,item_5543,0.32181816482491765
scene_2,user_9716,item_9041,0.32181816482491765
scene_2,user_9716,item_9356,0.32181816482491765
scene_2,user_8002,item_5543,0.32181816482491765
scene_2,user_8002,item_9041,0.32181816482491765
scene_2,user_8002,item_9356,0.32181816482491765
scene_2,user_1186,item_9041,0.22755980665670933
scene_2,user_1186,item_9356,0.22755980665670933
scene_2,user_8390,item_5015,0.6436363296498353
scene_2,user_536,item_1742,0.2790553132756236
scene_2,user_536,item_2963,0.2790553132756236
scene_2,user_7213,item_1376,0.5100697232983947
scene_2,user_1226,item_1376,0.5100697232983947
scene_2,user_3524,item_2450,0.4164701851078906
scene_2,user_3524,item_8357,0.4164701851078906
scene_2,user_4597,item_2450,0.4164701851078906
scene_2,user_4597,item_8357,0.4164701851078906
scene_2,user_3906,item_1169,0.45511961331341866
scene_2,user_2305,item_8960,0.39464380868665966
scene_2,user_2305,item_8561,0.3222253204769533
scene_2,user_2305,item_8963,0.3222253204769533
scene_2,user_7740,item_8960,0.39464380868665966
scene_2,user_7740,item_8561,0.3222253204769533
scene_2,user_7740,item_8963,0.3222253204769533
scene_2,user_8653,item_8561,0.22784770917926217
scene_2,user_8653,item_8963,0.22784770917926217
scene_2,user_1355,item_8960,0.39464380868665966
scene_2,user_1355,item_8561,0.3222253204769533
scene_2,user_1355,item_8963,0.3222253204769533
scene_2,user_8573,item_8960,0.22784770917926217
scene_2,user_8573,item_2420,0.19632592803453744
scene_2,user_8573,item_4304,0.19632592803453744
scene_2,user_8573,item_95,0.19632592803453744
scene_2,user_6008,item_3212,0.2944888920518062
scene_2,user_6008,item_3905,0.2944888920518062
scene_2,user_6008,item_3908,0.2944888920518062
scene_2,user_6008,item_815,0.2944888920518062
scene_2,user_6008,item_6536,0.20121480219092233
scene_2,user_6008,item_740,0.20121480219092233
scene_2,user_6008,item_4364,0.1642911980209368
scene_2,user_6008,item_9152,0.1642911980209368
scene_2,user_2467,item_5165,0.2944888920518062
scene_2,user_2467,item_3212,0.2404491734814939
scene_2,user_2467,item_3908,0.2404491734814939
scene_2,user_2467,item_4283,0.17729997979489165
scene_2,user_2467,item_5588,0.14476482730108392
scene_2,user_2467,item_5837,0.14476482730108392
scene_2,user_2467,item_6113,0.14476482730108392
scene_2,user_2467,item_8165,0.14476482730108392
scene_2,user_2467,item_9482,0.14476482730108392
scene_2,user_2467,item_9821,0.14476482730108392
scene_2,user_7974,item_5165,0.2944888920518062
scene_2,user_7974,item_8579,0.2944888920518062
scene_2,user_7974,item_3905,0.2404491734814939
scene_2,user_7974,item_815,0.2404491734814939
scene_2,user_7974,item_7031,0.1591642693748526
scene_2,user_7974,item_2870,0.1299570817504267
scene_2,user_7974,item_3884,0.1299570817504267
scene_2,user_7974,item_5669,0.1299570817504267
scene_2,user_7974,item_6257,0.1299570817504267
scene_2,user_9047,item_1961,0.6436363296498353
scene_2,user_9045,item_1607,0.43935014561520125
scene_2,user_9045,item_4130,0.43935014561520125
scene_2,user_9218,item_1607,0.31066746727980593
scene_2,user_3801,item_1607,0.43935014561520125
scene_2,user_3801,item_4130,0.43935014561520125
scene_2,user_5067,item_1094,0.25694917118487537
scene_2,user_5067,item_7574,0.25694917118487537
scene_2,user_4196,item_9623,0.5100697232983947
scene_2,user_9030,item_9623,0.5100697232983947
scene_2,user_6311,item_2309,0.3400464821989298
scene_2,user_1447,item_2309,0.3400464821989298
scene_2,user_2952,item_2309,0.3400464821989298
scene_2,user_7886,item_2309,0.3400464821989298
scene_2,user_4570,item_2309,0.3400464821989298
scene_2,user_176,item_2231,0.22755980665670933
scene_2,user_176,item_3140,0.22755980665670933
scene_2,user_176,item_8375,0.22755980665670933
scene_2,user_176,item_4046,0.18580180409177757
scene_2,user_176,item_7913,0.18580180409177757
scene_2,user_6644,item_2309,0.3400464821989298
scene_2,user_451,item_1439,0.39464380868665966
scene_2,user_451,item_602,0.39464380868665966
scene_2,user_5265,item_1439,0.39464380868665966
scene_2,user_5265,item_602,0.39464380868665966
scene_2,user_5746,item_731,0.36067376022224085
scene_2,user_5746,item_1439,0.2790553132756236
scene_2,user_2119,item_1439,0.39464380868665966
scene_2,user_2119,item_602,0.39464380868665966
scene_2,user_1079,item_6083,0.36067376022224085
scene_2,user_5903,item_3008,0.6436363296498353
scene_2,user_1897,item_1730,0.3633810027301768
scene_2,user_1897,item_3542,0.3633810027301768
scene_2,user_1897,item_5147,0.3633810027301768
scene_2,user_2722,item_1730,0.25694917118487537
scene_2,user_2722,item_5147,0.25694917118487537
scene_2,user_2722,item_5036,0.20121480219092233
scene_2,user_2722,item_7991,0.20121480219092233
scene_2,user_1795,item_1730,0.3633810027301768
scene_2,user_1795,item_3542,0.3633810027301768
scene_2,user_1795,item_5147,0.3633810027301768
scene_2,user_8521,item_1730,0.3633810027301768
scene_2,user_8521,item_3542,0.3633810027301768
scene_2,user_8521,item_5147,0.3633810027301768
scene_2,user_4057,item_1730,0.25694917118487537
scene_2,user_4057,item_3542,0.25694917118487537
scene_2,user_4057,item_4661,0.22784770917926217
scene_2,user_4057,item_842,0.22784770917926217
scene_2,user_3311,item_3371,0.6436363296498353
scene_2,user_8310,item_7805,0.6436363296498353
scene_2,user_4608,item_2309,0.2845607022086219
scene_2,user_4608,item_4661,0.2845607022086219
scene_2,user_4608,item_797,0.2845607022086219
scene_2,user_4608,item_8162,0.2845607022086219
scene_2,user_4608,item_4226,0.23234284041973263
scene_2,user_4608,item_5696,0.23234284041973263
scene_2,user_3111,item_215,0.22755980665670933
scene_2,user_3111,item_3140,0.22755980665670933
scene_2,user_3111,item_8375,0.22755980665670933
scene_2,user_3111,item_4661,0.20121480219092233
scene_2,user_3111,item_797,0.20121480219092233
scene_2,user_3111,item_8162,0.20121480219092233
scene_2,user_3111,item_4046,0.18580180409177757
scene_2,user_3111,item_7913,0.18580180409177757
scene_2,user_3111,item_4226,0.1642911980209368
scene_2,user_3111,item_5696,0.1642911980209368
scene_2,user_5570,item_3110,0.25694917118487537
scene_2,user_5570,item_4559,0.25694917118487537
scene_2,user_5570,item_5306,0.25694917118487537
scene_2,user_5570,item_2309,0.20121480219092233
scene_2,user_5570,item_4661,0.20121480219092233
scene_2,user_5570,item_797,0.20121480219092233
scene_2,user_5570,item_4226,0.1642911980209368
scene_2,user_5570,item_5696,0.1642911980209368
scene_2,user_2217,item_2309,0.2845607022086219
scene_2,user_2217,item_4661,0.2845607022086219
scene_2,user_2217,item_797,0.2845607022086219
scene_2,user_2217,item_8162,0.2845607022086219
scene_2,user_2217,item_4226,0.23234284041973263
scene_2,user_2217,item_5696,0.23234284041973263
scene_2,user_9088,item_5147,0.22784770917926217
scene_2,user_9088,item_842,0.22784770917926217
scene_2,user_9088,item_2309,0.20121480219092233
scene_2,user_9088,item_797,0.20121480219092233
scene_2,user_9088,item_8162,0.20121480219092233
scene_2,user_9088,item_4226,0.1642911980209368
scene_2,user_9088,item_5696,0.1642911980209368
scene_2,user_1889,item_2309,0.2845607022086219
scene_2,user_1889,item_4661,0.2845607022086219
scene_2,user_1889,item_797,0.2845607022086219
scene_2,user_1889,item_8162,0.2845607022086219
scene_2,user_1889,item_4226,0.23234284041973263
scene_2,user_1889,item_5696,0.23234284041973263
scene_2,user_4062,item_2309,0.2845607022086219
scene_2,user_4062,item_4661,0.2845607022086219
scene_2,user_4062,item_797,0.2845607022086219
scene_2,user_4062,item_8162,0.2845607022086219
scene_2,user_4062,item_4226,0.23234284041973263
scene_2,user_4062,item_5696,0.23234284041973263
scene_2,user_7195,item_2309,0.2845607022086219
scene_2,user_7195,item_4661,0.2845607022086219
scene_2,user_7195,item_797,0.2845607022086219
scene_2,user_7195,item_8162,0.2845607022086219
scene_2,user_7195,item_4226,0.23234284041973263
scene_2,user_7195,item_5696,0.23234284041973263
scene_2,user_3981,item_2309,0.2845607022086219
scene_2,user_3981,item_4661,0.2845607022086219
scene_2,user_3981,item_797,0.2845607022086219
scene_2,user_3981,item_8162,0.2845607022086219
scene_2,user_3981,item_4226,0.23234284041973263
scene_2,user_3981,item_5696,0.23234284041973263
scene_2,user_2990,item_2309,0.20121480219092233
scene_2,user_2990,item_4661,0.20121480219092233
scene_2,user_2990,item_8162,0.20121480219092233
scene_2,user_2990,item_4226,0.1642911980209368
scene_2,user_2990,item_5696,0.1642911980209368
scene_2,user_5277,item_4598,0.22784770917926217
scene_2,user_5277,item_845,0.22784770917926217
scene_2,user_5277,item_2309,0.1642911980209368
scene_2,user_5277,item_4661,0.1642911980209368
scene_2,user_5277,item_797,0.1642911980209368
scene_2,user_5277,item_8162,0.1642911980209368
scene_2,user_3856,item_1589,0.3222253204769533
scene_2,user_3856,item_3074,0.3222253204769533
scene_2,user_2823,item_1589,0.3222253204769533
scene_2,user_2823,item_3074,0.3222253204769533
scene_2,user_5145,item_1589,0.3222253204769533
scene_2,user_5145,item_3074,0.3222253204769533
scene_2,user_9558,item_1589,0.3222253204769533
scene_2,user_9558,item_3074,0.3222253204769533
scene_2,user_2915,item_5606,0.3400464821989298
scene_2,user_2915,item_6095,0.3400464821989298
scene_2,user_2915,item_3830,0.24044917348149392
scene_2,user_2915,item_5114,0.24044917348149392
scene_2,user_2915,item_7856,0.24044917348149392
scene_2,user_8268,item_5606,0.3400464821989298
scene_2,user_8268,item_6095,0.3400464821989298
scene_2,user_8268,item_3830,0.24044917348149392
scene_2,user_8268,item_5114,0.24044917348149392
scene_2,user_8268,item_7856,0.24044917348149392
scene_2,user_714,item_500,0.1816905013650884
scene_2,user_714,item_5606,0.1700232410994649
scene_2,user_714,item_6095,0.1700232410994649
scene_2,user_714,item_23,0.15533373363990297
scene_2,user_714,item_2351,0.15533373363990297
scene_2,user_714,item_527,0.15533373363990297
scene_2,user_714,item_284,0.14228035110431095
scene_2,user_714,item_2960,0.14228035110431095
scene_2,user_2592,item_3200,0.45511961331341866
scene_2,user_2592,item_5606,0.24044917348149392
scene_2,user_2592,item_3830,0.1700232410994649
scene_2,user_2592,item_5114,0.1700232410994649
scene_2,user_2592,item_7856,0.1700232410994649
scene_2,user_9510,item_5606,0.3400464821989298
scene_2,user_9510,item_6095,0.3400464821989298
scene_2,user_9510,item_3830,0.24044917348149392
scene_2,user_9510,item_5114,0.24044917348149392
scene_2,user_9510,item_7856,0.24044917348149392
scene_2,user_6035,item_5606,0.3400464821989298
scene_2,user_6035,item_6095,0.3400464821989298
scene_2,user_6035,item_3830,0.24044917348149392
scene_2,user_6035,item_5114,0.24044917348149392
scene_2,user_6035,item_7856,0.24044917348149392
scene_2,user_8090,item_7880,0.25694917118487537
scene_2,user_8090,item_6095,0.24044917348149392
scene_2,user_8090,item_3830,0.1700232410994649
scene_2,user_8090,item_5114,0.1700232410994649
scene_2,user_8090,item_7856,0.1700232410994649
scene_2,user_3067,item_1592,0.6436363296498353
scene_2,user_4079,item_215,0.22755980665670933
scene_2,user_4079,item_2231,0.22755980665670933
scene_2,user_4079,item_8375,0.22755980665670933
scene_2,user_4079,item_4046,0.18580180409177757
scene_2,user_4079,item_7913,0.18580180409177757
scene_2,user_8727,item_215,0.22755980665670933
scene_2,user_8727,item_2231,0.22755980665670933
scene_2,user_8727,item_3140,0.22755980665670933
scene_2,user_8727,item_7481,0.20851619571212315
scene_2,user_8727,item_8180,0.20851619571212315
scene_2,user_8727,item_9149,0.20851619571212315
scene_2,user_8727,item_4046,0.18580180409177757
scene_2,user_8727,item_7913,0.18580180409177757
scene_2,user_7264,item_215,0.32181816482491765
scene_2,user_7264,item_2231,0.32181816482491765
scene_2,user_7264,item_3140,0.32181816482491765
scene_2,user_7264,item_8375,0.32181816482491765
scene_2,user_7264,item_4046,0.26276343125998064
scene_2,user_7264,item_7913,0.26276343125998064
scene_2,user_7391,item_215,0.32181816482491765
scene_2,user_7391,item_2231,0.32181816482491765
scene_2,user_7391,item_3140,0.32181816482491765
scene_2,user_7391,item_8375,0.32181816482491765
scene_2,user_7391,item_4046,0.26276343125998064
scene_2,user_7391,item_7913,0.26276343125998064
scene_2,user_2822,item_215,0.32181816482491765
scene_2,user_2822,item_2231,0.32181816482491765
scene_2,user_2822,item_3140,0.32181816482491765
scene_2,user_2822,item_8375,0.32181816482491765
scene_2,user_2822,item_4046,0.26276343125998064
scene_2,user_2822,item_7913,0.26276343125998064
scene_2,user_7533,item_6551,0.25365892483943775
scene_2,user_7533,item_6641,0.25365892483943775
scene_2,user_7533,item_2660,0.19632592803453744
scene_2,user_7533,item_4721,0.19632592803453744
scene_2,user_7533,item_215,0.18580180409177757
scene_2,user_7533,item_2231,0.18580180409177757
scene_2,user_7533,item_3140,0.18580180409177757
scene_2,user_7533,item_8375,0.18580180409177757
scene_2,user_7533,item_3929,0.1602994489876626
scene_2,user_7533,item_7610,0.1602994489876626
scene_2,user_371,item_1367,0.30709257318568767
scene_2,user_371,item_9083,0.30709257318568767
scene_2,user_910,item_1367,0.30709257318568767
scene_2,user_910,item_9083,0.30709257318568767
scene_2,user_2798,item_1367,0.30709257318568767
scene_2,user_2798,item_9083,0.30709257318568767
scene_2,user_4263,item_1367,0.30709257318568767
scene_2,user_4263,item_9083,0.30709257318568767
scene_2,user_401,item_1367,0.30709257318568767
scene_2,user_401,item_9083,0.30709257318568767
scene_2,user_6831,item_1130,0.36067376022224085
scene_2,user_6831,item_365,0.2944888920518062
scene_2,user_6831,item_4436,0.2944888920518062
scene_2,user_6831,item_1367,0.21714724095162588
scene_2,user_4027,item_1367,0.30709257318568767
scene_2,user_4027,item_9083,0.30709257318568767
scene_2,user_6396,item_1367,0.30709257318568767
scene_2,user_6396,item_9083,0.30709257318568767
scene_2,user_780,item_4955,0.6436363296498353
scene_2,user_2700,item_485,0.2944888920518062
scene_2,user_2700,item_6353,0.2944888920518062
scene_2,user_1917,item_767,0.16090908241245883
scene_2,user_1917,item_8093,0.16090908241245883
scene_2,user_1917,item_2276,0.15533373363990297
scene_2,user_1917,item_3830,0.15533373363990297
scene_2,user_1917,item_5114,0.15533373363990297
scene_2,user_1917,item_6494,0.14744321597526358
scene_2,user_2056,item_6494,0.29488643195052716
scene_2,user_2056,item_23,0.20851619571212315
scene_2,user_2056,item_527,0.20851619571212315
scene_2,user_2056,item_7856,0.20851619571212315
scene_2,user_9078,item_6494,0.29488643195052716
scene_2,user_9078,item_23,0.20851619571212315
scene_2,user_9078,item_527,0.20851619571212315
scene_2,user_9078,item_7856,0.20851619571212315
scene_2,user_4166,item_6494,0.29488643195052716
scene_2,user_4166,item_23,0.20851619571212315
scene_2,user_4166,item_527,0.20851619571212315
scene_2,user_4166,item_7856,0.20851619571212315
scene_2,user_8430,item_6494,0.29488643195052716
scene_2,user_8430,item_23,0.20851619571212315
scene_2,user_8430,item_527,0.20851619571212315
scene_2,user_8430,item_7856,0.20851619571212315
scene_2,user_6731,item_6494,0.29488643195052716
scene_2,user_6731,item_23,0.20851619571212315
scene_2,user_6731,item_527,0.20851619571212315
scene_2,user_6731,item_7856,0.20851619571212315
scene_2,user_9252,item_6494,0.29488643195052716
scene_2,user_9252,item_23,0.20851619571212315
scene_2,user_9252,item_527,0.20851619571212315
scene_2,user_9252,item_7856,0.20851619571212315
scene_2,user_3777,item_6494,0.29488643195052716
scene_2,user_3777,item_23,0.20851619571212315
scene_2,user_3777,item_527,0.20851619571212315
scene_2,user_3777,item_7856,0.20851619571212315
scene_2,user_6355,item_2639,0.45511961331341866
scene_2,user_6355,item_23,0.14744321597526358
scene_2,user_6355,item_527,0.14744321597526358
scene_2,user_6355,item_7856,0.14744321597526358
scene_2,user_9921,item_6494,0.29488643195052716
scene_2,user_9921,item_23,0.20851619571212315
scene_2,user_9921,item_527,0.20851619571212315
scene_2,user_9921,item_7856,0.20851619571212315
scene_2,user_8391,item_5714,0.6436363296498353
scene_2,user_8540,item_5180,0.31066746727980593
scene_2,user_4760,item_5180,0.43935014561520125
scene_2,user_4760,item_8186,0.43935014561520125
scene_2,user_5888,item_8186,0.31066746727980593
scene_2,user_5888,item_1841,0.2790553132756236
scene_2,user_5482,item_5180,0.43935014561520125
scene_2,user_5482,item_8186,0.43935014561520125
scene_2,user_5328,item_9680,0.5100697232983947
scene_2,user_2598,item_9680,0.5100697232983947
scene_2,user_4773,item_5120,0.43935014561520125
scene_2,user_4773,item_8561,0.43935014561520125
scene_2,user_9404,item_5120,0.43935014561520125
scene_2,user_9404,item_8561,0.43935014561520125
scene_2,user_6305,item_5120,0.31066746727980593
scene_2,user_6305,item_4304,0.24044917348149392
scene_2,user_6305,item_95,0.24044917348149392
scene_2,user_6305,item_2084,0.19632592803453744
scene_2,user_6305,item_8963,0.19632592803453744
scene_2,user_6428,item_8561,0.31066746727980593
scene_2,user_6428,item_9713,0.31066746727980593
scene_2,user_2330,item_248,0.2790553132756236
scene_2,user_2330,item_3314,0.2790553132756236
scene_2,user_2330,item_5102,0.2790553132756236
scene_2,user_2330,item_5114,0.2790553132756236
scene_2,user_8794,item_248,0.39464380868665966
scene_2,user_8794,item_284,0.39464380868665966
scene_2,user_8794,item_5102,0.39464380868665966
scene_2,user_4703,item_248,0.39464380868665966
scene_2,user_4703,item_284,0.39464380868665966
scene_2,user_4703,item_5102,0.39464380868665966
scene_2,user_8954,item_284,0.2790553132756236
scene_2,user_8954,item_5102,0.2790553132756236
scene_2,user_9259,item_248,0.2790553132756236
scene_2,user_9259,item_284,0.2790553132756236
scene_2,user_9300,item_9395,0.6436363296498353
scene_2,user_8139,item_6347,0.31066746727980593
scene_2,user_9752,item_9428,0.6436363296498353
scene_2,user_1491,item_5984,0.6436363296498353
scene_2,user_7049,item_4838,0.22755980665670933
scene_2,user_7049,item_6281,0.22755980665670933
scene_2,user_7049,item_9305,0.22755980665670933
scene_2,user_2055,item_2423,0.32181816482491765
scene_2,user_4288,item_2423,0.32181816482491765
scene_2,user_100,item_2423,0.32181816482491765
scene_2,user_7338,item_2423,0.32181816482491765
scene_2,user_7313,item_2423,0.32181816482491765
scene_2,user_9505,item_2423,0.32181816482491765
scene_2,user_4788,item_2423,0.32181816482491765
scene_2,user_389,item_7460,0.39464380868665966
scene_2,user_7390,item_7460,0.39464380868665966
scene_2,user_8986,item_7460,0.39464380868665966
scene_2,user_4468,item_7460,0.39464380868665966
scene_2,user_1511,item_1550,0.24044917348149392
scene_2,user_1511,item_7913,0.24044917348149392
scene_2,user_1511,item_5111,0.21714724095162588
scene_2,user_1971,item_4721,0.30709257318568767
scene_2,user_1971,item_5111,0.30709257318568767
scene_2,user_5278,item_4721,0.30709257318568767
scene_2,user_5278,item_5111,0.30709257318568767
scene_2,user_4255,item_4721,0.30709257318568767
scene_2,user_4255,item_5111,0.30709257318568767
scene_2,user_4798,item_4721,0.30709257318568767
scene_2,user_4798,item_5111,0.30709257318568767
scene_2,user_1131,item_4721,0.30709257318568767
scene_2,user_1131,item_5111,0.30709257318568767
scene_2,user_4476,item_4721,0.21714724095162588
scene_2,user_614,item_4721,0.30709257318568767
scene_2,user_614,item_5111,0.30709257318568767
scene_2,user_1190,item_4721,0.30709257318568767
scene_2,user_1190,item_5111,0.30709257318568767
scene_2,user_5898,item_1949,0.39464380868665966
scene_2,user_5898,item_5264,0.3222253204769533
scene_2,user_5898,item_5522,0.3222253204769533
scene_2,user_5525,item_1949,0.39464380868665966
scene_2,user_5525,item_5264,0.3222253204769533
scene_2,user_5525,item_5522,0.3222253204769533
scene_2,user_5019,item_5264,0.22784770917926217
scene_2,user_5019,item_5522,0.22784770917926217
scene_2,user_2505,item_2870,0.37160360818355515
scene_2,user_2505,item_1949,0.22784770917926217
scene_2,user_9240,item_1949,0.39464380868665966
scene_2,user_9240,item_5264,0.3222253204769533
scene_2,user_9240,item_5522,0.3222253204769533
scene_2,user_5457,item_9731,0.31066746727980593
scene_2,user_7245,item_2726,0.6436363296498353
scene_2,user_3167,item_6371,0.4164701851078906
scene_2,user_3167,item_7718,0.4164701851078906
scene_2,user_5432,item_6371,0.4164701851078906
scene_2,user_5432,item_7718,0.4164701851078906
scene_2,user_9322,item_7706,0.36067376022224085
scene_2,user_9322,item_8579,0.36067376022224085
scene_2,user_9322,item_4007,0.20851619571212315
scene_2,user_9322,item_8774,0.20851619571212315
scene_2,user_1788,item_29,0.36067376022224085
scene_2,user_1788,item_7706,0.36067376022224085
scene_2,user_1788,item_3212,0.24044917348149392
scene_2,user_1788,item_7505,0.24044917348149392
scene_2,user_1863,item_29,0.36067376022224085
scene_2,user_1863,item_8579,0.36067376022224085
scene_2,user_1863,item_3221,0.25365892483943775
scene_2,user_1863,item_8750,0.25365892483943775
scene_2,user_9615,item_7367,0.5100697232983947
scene_2,user_6002,item_7367,0.5100697232983947
scene_2,user_695,item_3905,0.2082350925539453
scene_2,user_695,item_8165,0.2082350925539453
scene_2,user_695,item_2909,0.19732190434332983
scene_2,user_695,item_1325,0.1816905013650884
scene_2,user_695,item_482,0.1816905013650884
scene_2,user_695,item_9647,0.1816905013650884
scene_2,user_2860,item_1325,0.3633810027301768
scene_2,user_2860,item_482,0.3633810027301768
scene_2,user_2860,item_9647,0.3633810027301768
scene_2,user_2860,item_5837,0.25694917118487537
scene_2,user_2860,item_7379,0.25694917118487537
scene_2,user_2860,item_854,0.25694917118487537
scene_2,user_8250,item_518,0.37160360818355515
scene_2,user_8250,item_9248,0.37160360818355515
scene_2,user_8250,item_1325,0.25694917118487537
scene_2,user_8250,item_9647,0.25694917118487537
scene_2,user_8250,item_5837,0.1816905013650884
scene_2,user_8250,item_7379,0.1816905013650884
scene_2,user_8250,item_854,0.1816905013650884
scene_2,user_790,item_1325,0.25694917118487537
scene_2,user_790,item_482,0.25694917118487537
scene_2,user_790,item_5837,0.1816905013650884
scene_2,user_790,item_7379,0.1816905013650884
scene_2,user_790,item_854,0.1816905013650884
scene_2,user_8411,item_1325,0.3633810027301768
scene_2,user_8411,item_482,0.3633810027301768
scene_2,user_8411,item_9647,0.3633810027301768
scene_2,user_8411,item_5837,0.25694917118487537
scene_2,user_8411,item_7379,0.25694917118487537
scene_2,user_8411,item_854,0.25694917118487537
scene_2,user_3173,item_8468,0.37160360818355515
scene_2,user_3173,item_2339,0.22784770917926217
scene_2,user_3173,item_6020,0.17025276086700514
scene_2,user_3541,item_128,0.45511961331341866
scene_2,user_3541,item_5648,0.37160360818355515
scene_2,user_3541,item_8564,0.37160360818355515
scene_2,user_1141,item_7364,0.25694917118487537
scene_2,user_1141,item_2780,0.20979811974466375
scene_2,user_1141,item_4151,0.20979811974466375
scene_2,user_6955,item_5057,0.6436363296498353
scene_2,user_606,item_2351,0.45511961331341866
scene_2,user_606,item_3356,0.36067376022224085
scene_2,user_2913,item_6494,0.36067376022224085
scene_2,user_2913,item_7682,0.2790553132756236
scene_2,user_2913,item_9839,0.2790553132756236
scene_2,user_4514,item_3356,0.5100697232983947
scene_2,user_4514,item_6494,0.5100697232983947
scene_2,user_3358,item_5381,0.2756806013068237
scene_2,user_3358,item_9434,0.2756806013068237
scene_2,user_3358,item_7049,0.22509226839512117
scene_2,user_3358,item_7481,0.22509226839512117
scene_2,user_9722,item_5381,0.2756806013068237
scene_2,user_9722,item_9434,0.2756806013068237
scene_2,user_9722,item_7049,0.22509226839512117
scene_2,user_9722,item_7481,0.22509226839512117
scene_2,user_907,item_5381,0.2756806013068237
scene_2,user_907,item_9434,0.2756806013068237
scene_2,user_907,item_7049,0.22509226839512117
scene_2,user_907,item_7481,0.22509226839512117
scene_2,user_495,item_5381,0.2756806013068237
scene_2,user_495,item_9434,0.2756806013068237
scene_2,user_495,item_7049,0.22509226839512117
scene_2,user_495,item_7481,0.22509226839512117
scene_2,user_6877,item_1781,0.31066746727980593
scene_2,user_6877,item_3206,0.31066746727980593
scene_2,user_6877,item_9434,0.19493562262564004
scene_2,user_6877,item_7049,0.1591642693748526
scene_2,user_6877,item_7481,0.1591642693748526
scene_2,user_3341,item_4388,0.22784770917926217
scene_2,user_3341,item_8375,0.22784770917926217
scene_2,user_3341,item_9476,0.22784770917926217
scene_2,user_3341,item_5786,0.19632592803453744
scene_2,user_3341,item_5381,0.1591642693748526
scene_2,user_3341,item_9434,0.1591642693748526
scene_2,user_1224,item_5381,0.2756806013068237
scene_2,user_1224,item_9434,0.2756806013068237
scene_2,user_1224,item_7049,0.22509226839512117
scene_2,user_1224,item_7481,0.22509226839512117
scene_2,user_1727,item_5381,0.2756806013068237
scene_2,user_1727,item_9434,0.2756806013068237
scene_2,user_1727,item_7049,0.22509226839512117
scene_2,user_1727,item_7481,0.22509226839512117
scene_2,user_2606,item_5381,0.2756806013068237
scene_2,user_2606,item_9434,0.2756806013068237
scene_2,user_2606,item_7049,0.22509226839512117
scene_2,user_2606,item_7481,0.22509226839512117
scene_2,user_7781,item_5381,0.2756806013068237
scene_2,user_7781,item_9434,0.2756806013068237
scene_2,user_7781,item_7049,0.22509226839512117
scene_2,user_7781,item_7481,0.22509226839512117
scene_2,user_8708,item_5381,0.2756806013068237
scene_2,user_8708,item_9434,0.2756806013068237
scene_2,user_8708,item_7049,0.22509226839512117
scene_2,user_8708,item_7481,0.22509226839512117
scene_2,user_4661,item_5381,0.19493562262564004
scene_2,user_4661,item_7049,0.1591642693748526
scene_2,user_4661,item_7481,0.1591642693748526
scene_2,user_2994,item_7913,0.5100697232983947
scene_2,user_5909,item_7913,0.5100697232983947
scene_2,user_399,item_4721,0.24044917348149392
scene_2,user_399,item_2309,0.19632592803453744
scene_2,user_399,item_3929,0.19632592803453744
scene_2,user_399,item_4046,0.19632592803453744
scene_2,user_399,item_7610,0.19632592803453744
scene_2,user_3639,item_1457,0.36067376022224085
scene_2,user_3639,item_6917,0.22755980665670933
scene_2,user_3639,item_9482,0.22755980665670933
scene_2,user_3639,item_4151,0.18580180409177757
scene_2,user_3639,item_5057,0.18580180409177757
scene_2,user_7403,item_1457,0.5100697232983947
scene_2,user_7403,item_2780,0.5100697232983947
scene_2,user_4058,item_5738,0.6436363296498353
scene_2,user_832,item_2522,0.43935014561520125
scene_2,user_832,item_9731,0.43935014561520125
scene_2,user_6505,item_2522,0.43935014561520125
scene_2,user_6505,item_9731,0.43935014561520125
scene_2,user_8478,item_2522,0.31066746727980593
scene_2,user_7562,item_9266,0.43935014561520125
scene_2,user_6692,item_9266,0.43935014561520125
scene_2,user_3701,item_9266,0.43935014561520125
scene_2,user_6243,item_383,0.2944888920518062
scene_2,user_6243,item_8198,0.2944888920518062
scene_2,user_4160,item_3485,0.2944888920518062
scene_2,user_4160,item_1067,0.22784770917926217
scene_2,user_8734,item_3485,0.5100697232983947
scene_2,user_8734,item_383,0.4164701851078906
scene_2,user_8734,item_8198,0.4164701851078906
scene_2,user_9167,item_7475,0.5100697232983947
scene_2,user_9167,item_8537,0.5100697232983947
scene_2,user_317,item_8537,0.36067376022224085
scene_2,user_317,item_5564,0.2790553132756236
scene_2,user_3029,item_7475,0.36067376022224085
scene_2,user_3029,item_158,0.24044917348149392
scene_2,user_3029,item_6260,0.24044917348149392
scene_2,user_9353,item_3608,0.2944888920518062
scene_2,user_9353,item_6143,0.2944888920518062
scene_2,user_9353,item_9947,0.25365892483943775
scene_2,user_1775,item_6143,0.36067376022224085
scene_2,user_1775,item_4967,0.2944888920518062
scene_2,user_1775,item_6110,0.2944888920518062
scene_2,user_1775,item_3719,0.22755980665670933
scene_2,user_1775,item_665,0.22755980665670933
scene_2,user_1775,item_7964,0.22755980665670933
scene_2,user_3847,item_3608,0.36067376022224085
scene_2,user_3847,item_7316,0.36067376022224085
scene_2,user_3847,item_4967,0.2944888920518062
scene_2,user_3847,item_6110,0.2944888920518062
scene_2,user_3667,item_2666,0.32181816482491765
scene_2,user_3667,item_6917,0.32181816482491765
scene_2,user_3667,item_9482,0.32181816482491765
scene_2,user_3667,item_4151,0.26276343125998064
scene_2,user_3667,item_5057,0.26276343125998064
scene_2,user_7203,item_2666,0.22755980665670933
scene_2,user_7203,item_9482,0.22755980665670933
scene_2,user_7203,item_4151,0.18580180409177757
scene_2,user_7203,item_5057,0.18580180409177757
scene_2,user_7618,item_2666,0.32181816482491765
scene_2,user_7618,item_6917,0.32181816482491765
scene_2,user_7618,item_9482,0.32181816482491765
scene_2,user_7618,item_4151,0.26276343125998064
scene_2,user_7618,item_5057,0.26276343125998064
scene_2,user_760,item_2666,0.32181816482491765
scene_2,user_760,item_6917,0.32181816482491765
scene_2,user_760,item_9482,0.32181816482491765
scene_2,user_760,item_4151,0.26276343125998064
scene_2,user_760,item_5057,0.26276343125998064
scene_2,user_6825,item_2612,0.20979811974466375
scene_2,user_6825,item_7364,0.20979811974466375
scene_2,user_6825,item_2666,0.18580180409177757
scene_2,user_6825,item_6917,0.18580180409177757
scene_2,user_6825,item_9482,0.18580180409177757
scene_2,user_8519,item_2666,0.32181816482491765
scene_2,user_8519,item_6917,0.32181816482491765
scene_2,user_8519,item_9482,0.32181816482491765
scene_2,user_8519,item_4151,0.26276343125998064
scene_2,user_8519,item_5057,0.26276343125998064
scene_2,user_4044,item_9995,0.36067376022224085
scene_2,user_4044,item_3905,0.2944888920518062
scene_2,user_4044,item_9821,0.2944888920518062
scene_2,user_4044,item_2666,0.22755980665670933
scene_2,user_4044,item_6917,0.22755980665670933
scene_2,user_4044,item_4151,0.18580180409177757
scene_2,user_4044,item_5057,0.18580180409177757
scene_2,user_9938,item_8270,0.6436363296498353
scene_2,user_6082,item_965,0.5100697232983947
scene_2,user_728,item_4310,0.31066746727980593
scene_2,user_8325,item_965,0.5100697232983947
scene_2,user_8822,item_6359,0.43935014561520125
scene_2,user_4892,item_6359,0.43935014561520125
scene_2,user_7160,item_8207,0.36067376022224085
scene_2,user_7517,item_6359,0.43935014561520125
scene_2,user_9695,item_2423,0.2790553132756236
scene_2,user_9695,item_3314,0.2790553132756236
scene_2,user_9695,item_2960,0.20121480219092233
scene_2,user_9695,item_2276,0.14228035110431095
scene_2,user_9695,item_3830,0.14228035110431095
scene_2,user_9695,item_7856,0.14228035110431095
scene_2,user_7706,item_2423,0.39464380868665966
scene_2,user_7706,item_3314,0.39464380868665966
scene_2,user_7706,item_5114,0.39464380868665966
scene_2,user_7171,item_2423,0.39464380868665966
scene_2,user_7171,item_3314,0.39464380868665966
scene_2,user_7171,item_5114,0.39464380868665966
scene_2,user_6272,item_2423,0.2790553132756236
scene_2,user_6272,item_5114,0.2790553132756236
scene_2,user_6272,item_6737,0.22755980665670933
scene_2,user_6272,item_7616,0.22755980665670933
scene_2,user_8641,item_506,0.31066746727980593
scene_2,user_8641,item_7646,0.31066746727980593
scene_2,user_8641,item_6638,0.2790553132756236
scene_2,user_8641,item_7325,0.2790553132756236
scene_2,user_8641,item_8717,0.2790553132756236
scene_2,user_7327,item_506,0.31066746727980593
scene_2,user_7327,item_8081,0.31066746727980593
scene_2,user_7413,item_7112,0.31066746727980593
scene_2,user_7413,item_7646,0.31066746727980593
scene_2,user_7413,item_8081,0.31066746727980593
scene_2,user_8795,item_506,0.43935014561520125
scene_2,user_8795,item_7646,0.43935014561520125
scene_2,user_8795,item_8081,0.43935014561520125
scene_2,user_1535,item_9707,0.31066746727980593
scene_2,user_1535,item_5264,0.25694917118487537
scene_2,user_1535,item_3884,0.20979811974466375
scene_2,user_1535,item_3908,0.20979811974466375
scene_2,user_7508,item_5264,0.3633810027301768
scene_2,user_7508,item_62,0.3633810027301768
scene_2,user_7508,item_3884,0.29669934630327804
scene_2,user_7508,item_3908,0.29669934630327804
scene_2,user_3527,item_5264,0.20979811974466375
scene_2,user_3527,item_62,0.20979811974466375
scene_2,user_3527,item_7031,0.1591642693748526
scene_2,user_3527,item_2114,0.1299570817504267
scene_2,user_3527,item_3212,0.1299570817504267
scene_2,user_3527,item_5669,0.1299570817504267
scene_2,user_3527,item_6257,0.1299570817504267
scene_2,user_7308,item_5264,0.3633810027301768
scene_2,user_7308,item_62,0.3633810027301768
scene_2,user_7308,item_3884,0.29669934630327804
scene_2,user_7308,item_3908,0.29669934630327804
scene_2,user_7790,item_5264,0.3633810027301768
scene_2,user_7790,item_62,0.3633810027301768
scene_2,user_7790,item_3884,0.29669934630327804
scene_2,user_7790,item_3908,0.29669934630327804
scene_2,user_6208,item_2519,0.37160360818355515
scene_2,user_6208,item_5522,0.37160360818355515
scene_2,user_6208,item_62,0.25694917118487537
scene_2,user_6208,item_3884,0.20979811974466375
scene_2,user_6208,item_3908,0.20979811974466375
scene_2,user_2434,item_5078,0.31066746727980593
scene_2,user_2434,item_5612,0.25694917118487537
scene_2,user_2434,item_6095,0.25694917118487537
scene_2,user_3021,item_3200,0.43935014561520125
scene_2,user_3021,item_5078,0.43935014561520125
scene_2,user_283,item_3200,0.31066746727980593
scene_2,user_7948,item_3200,0.43935014561520125
scene_2,user_7948,item_5078,0.43935014561520125
scene_2,user_1832,item_3431,0.6436363296498353
scene_2,user_4480,item_2537,0.29488643195052716
scene_2,user_4480,item_4007,0.29488643195052716
scene_2,user_4480,item_8774,0.29488643195052716
scene_2,user_6419,item_2537,0.29488643195052716
scene_2,user_6419,item_4007,0.29488643195052716
scene_2,user_6419,item_8774,0.29488643195052716
scene_2,user_3928,item_2537,0.20851619571212315
scene_2,user_3928,item_8774,0.20851619571212315
scene_2,user_5332,item_2537,0.29488643195052716
scene_2,user_5332,item_4007,0.29488643195052716
scene_2,user_5332,item_8774,0.29488643195052716
scene_2,user_6297,item_2537,0.29488643195052716
scene_2,user_6297,item_4007,0.29488643195052716
scene_2,user_6297,item_8774,0.29488643195052716
scene_2,user_1701,item_2537,0.29488643195052716
scene_2,user_1701,item_4007,0.29488643195052716
scene_2,user_1701,item_8774,0.29488643195052716
scene_2,user_2354,item_2537,0.20851619571212315
scene_2,user_2354,item_4007,0.20851619571212315
scene_2,user_7635,item_2537,0.29488643195052716
scene_2,user_7635,item_4007,0.29488643195052716
scene_2,user_7635,item_8774,0.29488643195052716
scene_2,user_4690,item_2537,0.29488643195052716
scene_2,user_4690,item_4007,0.29488643195052716
scene_2,user_4690,item_8774,0.29488643195052716
scene_2,user_7200,item_7370,0.39464380868665966
scene_2,user_7200,item_9050,0.39464380868665966
scene_2,user_2856,item_9050,0.2790553132756236
scene_2,user_1645,item_7370,0.39464380868665966
scene_2,user_1645,item_9050,0.39464380868665966
scene_2,user_9454,item_7370,0.2790553132756236
scene_2,user_4302,item_7370,0.39464380868665966
scene_2,user_4302,item_9050,0.39464380868665966
scene_2,user_4003,item_5114,0.45511961331341866
scene_2,user_4003,item_6386,0.2790553132756236
scene_2,user_4003,item_7772,0.2790553132756236
scene_2,user_1365,item_6758,0.45511961331341866
scene_2,user_1365,item_284,0.20121480219092233
scene_2,user_1365,item_2276,0.14228035110431095
scene_2,user_1365,item_3830,0.14228035110431095
scene_2,user_1365,item_7856,0.14228035110431095
scene_2,user_4223,item_5015,0.6436363296498353
scene_2,user_9729,item_1742,0.2790553132756236
scene_2,user_9729,item_2021,0.2790553132756236
scene_2,user_4634,item_8624,0.6436363296498353
scene_2,user_4623,item_2162,0.5100697232983947
scene_2,user_4623,item_6083,0.5100697232983947
scene_2,user_9474,item_2162,0.36067376022224085
scene_2,user_9474,item_1862,0.2790553132756236
scene_2,user_9474,item_3557,0.2790553132756236
scene_2,user_4976,item_1874,0.36067376022224085
scene_2,user_4976,item_4643,0.36067376022224085
scene_2,user_4976,item_9587,0.36067376022224085
scene_2,user_1959,item_1874,0.36067376022224085
scene_2,user_1959,item_3926,0.36067376022224085
scene_2,user_4313,item_740,0.3400464821989298
scene_2,user_4313,item_8615,0.3400464821989298
scene_2,user_4495,item_5165,0.2790553132756236
scene_2,user_4495,item_8573,0.2790553132756236
scene_2,user_4495,item_8615,0.24044917348149392
scene_2,user_4495,item_1400,0.22784770917926217
scene_2,user_4495,item_9839,0.22784770917926217
scene_2,user_635,item_740,0.3400464821989298
scene_2,user_635,item_8615,0.3400464821989298
scene_2,user_4601,item_740,0.3400464821989298
scene_2,user_4601,item_8615,0.3400464821989298
scene_2,user_842,item_3953,0.25365892483943775
scene_2,user_842,item_8153,0.25365892483943775
scene_2,user_842,item_740,0.24044917348149392
scene_2,user_5551,item_740,0.3400464821989298
scene_2,user_5551,item_8615,0.3400464821989298
scene_2,user_8819,item_740,0.3400464821989298
scene_2,user_8819,item_8615,0.3400464821989298
scene_2,user_8663,item_1589,0.3222253204769533
scene_2,user_8663,item_2273,0.3222253204769533
scene_2,user_6915,item_1589,0.3222253204769533
scene_2,user_6915,item_2273,0.3222253204769533
scene_2,user_2898,item_1589,0.3222253204769533
scene_2,user_2898,item_2273,0.3222253204769533
scene_2,user_2153,item_1589,0.3222253204769533
scene_2,user_2153,item_2273,0.3222253204769533
scene_2,user_6029,item_4328,0.43935014561520125
scene_2,user_6029,item_953,0.43935014561520125
scene_2,user_7407,item_953,0.31066746727980593
scene_2,user_7407,item_3419,0.25694917118487537
scene_2,user_3745,item_4328,0.43935014561520125
scene_2,user_3745,item_953,0.43935014561520125
scene_2,user_6629,item_4328,0.31066746727980593
scene_2,user_6629,item_1232,0.20851619571212315
scene_2,user_6629,item_3167,0.20851619571212315
scene_2,user_6629,item_5816,0.20851619571212315
scene_2,user_6629,item_950,0.20851619571212315
scene_2,user_7255,item_1637,0.5100697232983947
scene_2,user_6449,item_1637,0.5100697232983947
scene_2,user_8740,item_710,0.5100697232983947
scene_2,user_7835,item_9209,0.2790553132756236
scene_2,user_4338,item_710,0.5100697232983947
scene_2,user_7595,item_3491,0.36067376022224085
scene_2,user_7595,item_6083,0.36067376022224085
scene_2,user_5430,item_3557,0.5100697232983947
scene_2,user_1619,item_3557,0.5100697232983947
scene_2,user_2868,item_9956,0.43935014561520125
scene_2,user_6884,item_9956,0.43935014561520125
scene_2,user_4927,item_9956,0.43935014561520125
scene_2,user_5804,item_1151,0.08564972372829179
scene_2,user_5804,item_1400,0.08564972372829179
scene_2,user_5804,item_1976,0.08564972372829179
scene_2,user_5804,item_5036,0.08564972372829179
scene_2,user_5804,item_5363,0.08564972372829179
scene_2,user_5804,item_6335,0.08564972372829179
scene_2,user_5804,item_812,0.08564972372829179
scene_2,user_5804,item_8255,0.08564972372829179
scene_2,user_5804,item_8348,0.08564972372829179
scene_2,user_5804,item_878,0.08564972372829179
scene_2,user_5804,item_9311,0.08564972372829179
scene_2,user_5805,item_3659,0.29669934630327804
scene_2,user_5805,item_5699,0.29669934630327804
scene_2,user_5805,item_1151,0.14834967315163902
scene_2,user_5805,item_1400,0.14834967315163902
scene_2,user_5805,item_1976,0.14834967315163902
scene_2,user_5805,item_5036,0.14834967315163902
scene_2,user_5805,item_5363,0.14834967315163902
scene_2,user_5805,item_6335,0.14834967315163902
scene_2,user_5805,item_812,0.14834967315163902
scene_2,user_5805,item_8255,0.14834967315163902
scene_2,user_5805,item_8348,0.14834967315163902
scene_2,user_5805,item_878,0.14834967315163902
scene_2,user_5805,item_9311,0.14834967315163902
scene_2,user_1004,item_3659,0.29669934630327804
scene_2,user_1004,item_5699,0.29669934630327804
scene_2,user_1004,item_1151,0.14834967315163902
scene_2,user_1004,item_1400,0.14834967315163902
scene_2,user_1004,item_1976,0.14834967315163902
scene_2,user_1004,item_5036,0.14834967315163902
scene_2,user_1004,item_5363,0.14834967315163902
scene_2,user_1004,item_6335,0.14834967315163902
scene_2,user_1004,item_812,0.14834967315163902
scene_2,user_1004,item_8255,0.14834967315163902
scene_2,user_1004,item_8348,0.14834967315163902
scene_2,user_1004,item_878,0.14834967315163902
scene_2,user_1004,item_9311,0.14834967315163902
scene_2,user_5743,item_3659,0.29669934630327804
scene_2,user_5743,item_5699,0.29669934630327804
scene_2,user_5743,item_1151,0.14834967315163902
scene_2,user_5743,item_1400,0.14834967315163902
scene_2,user_5743,item_1976,0.14834967315163902
scene_2,user_5743,item_5036,0.14834967315163902
scene_2,user_5743,item_5363,0.14834967315163902
scene_2,user_5743,item_6335,0.14834967315163902
scene_2,user_5743,item_812,0.14834967315163902
scene_2,user_5743,item_8255,0.14834967315163902
scene_2,user_5743,item_8348,0.14834967315163902
scene_2,user_5743,item_878,0.14834967315163902
scene_2,user_5743,item_9311,0.14834967315163902
scene_2,user_5211,item_3659,0.29669934630327804
scene_2,user_5211,item_5699,0.29669934630327804
scene_2,user_5211,item_1151,0.14834967315163902
scene_2,user_5211,item_1400,0.14834967315163902
scene_2,user_5211,item_1976,0.14834967315163902
scene_2,user_5211,item_5036,0.14834967315163902
scene_2,user_5211,item_5363,0.14834967315163902
scene_2,user_5211,item_6335,0.14834967315163902
scene_2,user_5211,item_812,0.14834967315163902
scene_2,user_5211,item_8255,0.14834967315163902
scene_2,user_5211,item_8348,0.14834967315163902
scene_2,user_5211,item_878,0.14834967315163902
scene_2,user_5211,item_9311,0.14834967315163902
scene_2,user_8006,item_1952,0.5100697232983947
scene_2,user_8006,item_6545,0.4164701851078906
scene_2,user_8006,item_8933,0.4164701851078906
scene_2,user_9477,item_6545,0.2944888920518062
scene_2,user_9477,item_8933,0.2944888920518062
scene_2,user_81,item_4280,0.37160360818355515
scene_2,user_81,item_1952,0.2944888920518062
scene_2,user_3725,item_2309,0.6436363296498353
scene_2,user_5006,item_1241,0.6436363296498353
scene_2,user_1435,item_9392,0.5255268625199613
scene_2,user_1435,item_9446,0.5255268625199613
scene_2,user_2263,item_1991,0.20979811974466375
scene_2,user_2263,item_791,0.20979811974466375
scene_2,user_5442,item_953,0.5100697232983947
scene_2,user_741,item_1232,0.20851619571212315
scene_2,user_741,item_308,0.20851619571212315
scene_2,user_741,item_5816,0.20851619571212315
scene_2,user_741,item_950,0.20851619571212315
scene_2,user_9963,item_953,0.5100697232983947
scene_2,user_6473,item_3707,0.43935014561520125
scene_2,user_4357,item_3707,0.43935014561520125
scene_2,user_7956,item_1622,0.31066746727980593
scene_2,user_863,item_3707,0.43935014561520125
scene_2,user_7181,item_8105,0.31066746727980593
scene_2,user_6364,item_6248,0.6436363296498353
scene_2,user_9144,item_2873,0.3633810027301768
scene_2,user_9144,item_5612,0.3633810027301768
scene_2,user_9144,item_6095,0.3633810027301768
scene_2,user_7850,item_2873,0.3633810027301768
scene_2,user_7850,item_5612,0.3633810027301768
scene_2,user_7850,item_6095,0.3633810027301768
scene_2,user_1049,item_2276,0.45511961331341866
scene_2,user_1049,item_2873,0.25694917118487537
scene_2,user_1049,item_5612,0.25694917118487537
scene_2,user_5838,item_2873,0.3633810027301768
scene_2,user_5838,item_5612,0.3633810027301768
scene_2,user_5838,item_6095,0.3633810027301768
scene_2,user_4616,item_2873,0.25694917118487537
scene_2,user_4616,item_6095,0.25694917118487537
scene_2,user_4078,item_5381,0.31066746727980593
scene_2,user_5435,item_2786,0.43935014561520125
scene_2,user_5435,item_5381,0.43935014561520125
scene_2,user_4214,item_1781,0.31066746727980593
scene_2,user_4214,item_2654,0.31066746727980593
scene_2,user_4214,item_2786,0.31066746727980593
scene_2,user_36,item_2786,0.43935014561520125
scene_2,user_36,item_5381,0.43935014561520125
scene_2,user_6445,item_8162,0.2790553132756236
scene_2,user_2160,item_4559,0.39464380868665966
scene_2,user_2125,item_4559,0.39464380868665966
scene_2,user_5947,item_4559,0.39464380868665966
scene_2,user_9603,item_4559,0.39464380868665966
scene_2,user_8351,item_8579,0.5100697232983947
scene_2,user_8351,item_2114,0.4164701851078906
scene_2,user_8351,item_3908,0.4164701851078906
scene_2,user_6134,item_2114,0.2944888920518062
scene_2,user_6134,item_3908,0.2944888920518062
scene_2,user_6134,item_2537,0.24044917348149392
scene_2,user_6134,item_7505,0.24044917348149392
scene_2,user_2428,item_1739,0.2944888920518062
scene_2,user_2428,item_2537,0.25365892483943775
scene_2,user_2428,item_1532,0.2404491734814939
scene_2,user_2428,item_4091,0.2404491734814939
scene_2,user_2428,item_6464,0.19632592803453744
scene_2,user_2428,item_7763,0.19632592803453744
scene_2,user_8361,item_6464,0.3400464821989298
scene_2,user_8361,item_7763,0.3400464821989298
scene_2,user_8361,item_7706,0.2776467900719271
scene_2,user_8361,item_8750,0.2776467900719271
scene_2,user_2306,item_6464,0.24044917348149392
scene_2,user_2306,item_7706,0.19632592803453744
scene_2,user_2306,item_8750,0.19632592803453744
scene_2,user_1633,item_6464,0.3400464821989298
scene_2,user_1633,item_7763,0.3400464821989298
scene_2,user_1633,item_7706,0.2776467900719271
scene_2,user_1633,item_8750,0.2776467900719271
scene_2,user_56,item_7763,0.24044917348149392
scene_2,user_56,item_7706,0.19632592803453744
scene_2,user_56,item_8750,0.19632592803453744
scene_2,user_6261,item_6464,0.3400464821989298
scene_2,user_6261,item_7763,0.3400464821989298
scene_2,user_6261,item_7706,0.2776467900719271
scene_2,user_6261,item_8750,0.2776467900719271
scene_2,user_7252,item_6464,0.3400464821989298
scene_2,user_7252,item_7763,0.3400464821989298
scene_2,user_7252,item_7706,0.2776467900719271
scene_2,user_7252,item_8750,0.2776467900719271
scene_2,user_8896,item_1367,0.3633810027301768
scene_2,user_8896,item_1457,0.3633810027301768
scene_2,user_8896,item_3587,0.25694917118487537
scene_2,user_8896,item_3803,0.25694917118487537
scene_2,user_8896,item_551,0.25694917118487537
scene_2,user_9567,item_1367,0.3633810027301768
scene_2,user_9567,item_1457,0.3633810027301768
scene_2,user_9567,item_3587,0.25694917118487537
scene_2,user_9567,item_3803,0.25694917118487537
scene_2,user_9567,item_551,0.25694917118487537
scene_2,user_3831,item_1367,0.3633810027301768
scene_2,user_3831,item_1457,0.3633810027301768
scene_2,user_3831,item_3587,0.25694917118487537
scene_2,user_3831,item_3803,0.25694917118487537
scene_2,user_3831,item_551,0.25694917118487537
scene_2,user_5109,item_1367,0.1816905013650884
scene_2,user_5109,item_1457,0.1816905013650884
scene_2,user_9709,item_1397,0.32181816482491765
scene_2,user_9709,item_6425,0.32181816482491765
scene_2,user_9709,item_7364,0.32181816482491765
scene_2,user_1209,item_1397,0.32181816482491765
scene_2,user_1209,item_6425,0.32181816482491765
scene_2,user_1209,item_7364,0.32181816482491765
scene_2,user_9844,item_1397,0.32181816482491765
scene_2,user_9844,item_6425,0.32181816482491765
scene_2,user_9844,item_7364,0.32181816482491765
scene_2,user_4090,item_1397,0.32181816482491765
scene_2,user_4090,item_6425,0.32181816482491765
scene_2,user_4090,item_7364,0.32181816482491765
scene_2,user_6409,item_1397,0.32181816482491765
scene_2,user_6409,item_6425,0.32181816482491765
scene_2,user_6409,item_7364,0.32181816482491765
scene_2,user_1610,item_8078,0.2790553132756236
scene_2,user_1610,item_9725,0.2790553132756236
scene_2,user_1610,item_1397,0.22755980665670933
scene_2,user_1610,item_7364,0.22755980665670933
scene_2,user_7066,item_5057,0.2790553132756236
scene_2,user_7066,item_9371,0.2790553132756236
scene_2,user_7066,item_1397,0.22755980665670933
scene_2,user_7066,item_6425,0.22755980665670933
scene_2,user_6306,item_689,0.2944888920518062
scene_2,user_6306,item_878,0.2944888920518062
scene_2,user_6306,item_1622,0.25694917118487537
scene_2,user_6306,item_3314,0.25694917118487537
scene_2,user_6306,item_6260,0.25694917118487537
scene_2,user_6306,item_176,0.20979811974466375
scene_2,user_6306,item_728,0.20979811974466375
scene_2,user_1661,item_6737,0.2944888920518062
scene_2,user_1661,item_9410,0.25365892483943775
scene_2,user_1661,item_4796,0.20979811974466375
scene_2,user_1661,item_1151,0.08564972372829179
scene_2,user_1661,item_1400,0.08564972372829179
scene_2,user_1661,item_1976,0.08564972372829179
scene_2,user_1661,item_3113,0.08564972372829179
scene_2,user_1661,item_5036,0.08564972372829179
scene_2,user_1661,item_5363,0.08564972372829179
scene_2,user_1661,item_6335,0.08564972372829179
scene_2,user_1661,item_812,0.08564972372829179
scene_2,user_1661,item_8255,0.08564972372829179
scene_2,user_1661,item_8348,0.08564972372829179
scene_2,user_1661,item_9311,0.08564972372829179
scene_2,user_2951,item_6737,0.5100697232983947
scene_2,user_2951,item_689,0.4164701851078906
scene_2,user_2951,item_878,0.4164701851078906
scene_2,user_7633,item_3269,0.3400464821989298
scene_2,user_7633,item_8180,0.3400464821989298
scene_2,user_7633,item_917,0.3400464821989298
scene_2,user_6544,item_3269,0.3400464821989298
scene_2,user_6544,item_8180,0.3400464821989298
scene_2,user_6544,item_917,0.3400464821989298
scene_2,user_7218,item_3269,0.3400464821989298
scene_2,user_7218,item_8180,0.3400464821989298
scene_2,user_7218,item_917,0.3400464821989298
scene_2,user_5712,item_3269,0.3400464821989298
scene_2,user_5712,item_8180,0.3400464821989298
scene_2,user_5712,item_917,0.3400464821989298
scene_2,user_6005,item_3269,0.24044917348149392
scene_2,user_6005,item_917,0.24044917348149392
scene_2,user_6005,item_8375,0.22755980665670933
scene_2,user_6583,item_1151,0.25694917118487537
scene_2,user_6583,item_1976,0.25694917118487537
scene_2,user_6583,item_9749,0.25694917118487537
scene_2,user_6583,item_8180,0.24044917348149392
scene_2,user_6583,item_917,0.24044917348149392
scene_2,user_4869,item_4091,0.25694917118487537
scene_2,user_4869,item_3269,0.24044917348149392
scene_2,user_4869,item_8180,0.24044917348149392
scene_2,user_2698,item_1151,0.3633810027301768
scene_2,user_2698,item_1976,0.3633810027301768
scene_2,user_2698,item_3263,0.3633810027301768
scene_2,user_2698,item_9749,0.3633810027301768
scene_2,user_2586,item_1151,0.25694917118487537
scene_2,user_2586,item_1976,0.25694917118487537
scene_2,user_2586,item_3263,0.25694917118487537
scene_2,user_2586,item_8348,0.15469474114205034
scene_2,user_2586,item_9500,0.15469474114205034
scene_2,user_2586,item_9602,0.15469474114205034
scene_2,user_2586,item_9848,0.15469474114205034
scene_2,user_118,item_1151,0.3633810027301768
scene_2,user_118,item_1976,0.3633810027301768
scene_2,user_118,item_3263,0.3633810027301768
scene_2,user_118,item_9749,0.3633810027301768
scene_2,user_136,item_4271,0.5100697232983947
scene_2,user_3648,item_4271,0.5100697232983947
scene_2,user_8735,item_5399,0.43935014561520125
scene_2,user_1295,item_4838,0.20121480219092233
scene_2,user_1295,item_5177,0.20121480219092233
scene_2,user_1295,item_5909,0.20121480219092233
scene_2,user_1295,item_8117,0.20121480219092233
scene_2,user_1295,item_9755,0.20121480219092233
scene_2,user_4834,item_5399,0.43935014561520125
scene_2,user_4529,item_5399,0.43935014561520125
scene_2,user_6988,item_284,0.32181816482491765
scene_2,user_6988,item_6737,0.32181816482491765
scene_2,user_6988,item_7616,0.32181816482491765
scene_2,user_797,item_1622,0.25694917118487537
scene_2,user_797,item_3257,0.25694917118487537
scene_2,user_797,item_6260,0.25694917118487537
scene_2,user_797,item_284,0.22755980665670933
scene_2,user_797,item_7616,0.22755980665670933
scene_2,user_797,item_176,0.20979811974466375
scene_2,user_797,item_728,0.20979811974466375
scene_2,user_8876,item_284,0.32181816482491765
scene_2,user_8876,item_6737,0.32181816482491765
scene_2,user_8876,item_7616,0.32181816482491765
scene_2,user_7269,item_284,0.32181816482491765
scene_2,user_7269,item_6737,0.32181816482491765
scene_2,user_7269,item_7616,0.32181816482491765
scene_2,user_1298,item_284,0.32181816482491765
scene_2,user_1298,item_6737,0.32181816482491765
scene_2,user_1298,item_7616,0.32181816482491765
scene_2,user_6342,item_284,0.22755980665670933
scene_2,user_6342,item_6737,0.22755980665670933
scene_2,user_7312,item_284,0.32181816482491765
scene_2,user_7312,item_6737,0.32181816482491765
scene_2,user_7312,item_7616,0.32181816482491765
scene_2,user_7476,item_4148,0.21714724095162588
scene_2,user_9526,item_5123,0.6436363296498353
scene_2,user_5897,item_3422,0.25694917118487537
scene_2,user_5897,item_5744,0.25694917118487537
scene_2,user_5897,item_8120,0.25694917118487537
scene_2,user_5155,item_1688,0.26276343125998064
scene_2,user_5155,item_4952,0.26276343125998064
scene_2,user_5155,item_6974,0.2082350925539453
scene_2,user_5155,item_8846,0.2082350925539453
scene_2,user_664,item_3422,0.25694917118487537
scene_2,user_664,item_5744,0.25694917118487537
scene_2,user_664,item_8120,0.25694917118487537
scene_2,user_2207,item_3422,0.25694917118487537
scene_2,user_2207,item_5744,0.25694917118487537
scene_2,user_2207,item_8120,0.25694917118487537
scene_2,user_6155,item_3422,0.25694917118487537
scene_2,user_6155,item_5744,0.25694917118487537
scene_2,user_6155,item_8120,0.25694917118487537
scene_2,user_5861,item_3422,0.25694917118487537
scene_2,user_5861,item_5744,0.25694917118487537
scene_2,user_5861,item_8120,0.25694917118487537
scene_2,user_976,item_1349,0.2679391513217467
scene_2,user_976,item_6281,0.2679391513217467
scene_2,user_976,item_8330,0.2679391513217467
scene_2,user_9631,item_1349,0.2679391513217467
scene_2,user_9631,item_6281,0.2679391513217467
scene_2,user_9631,item_8330,0.2679391513217467
scene_2,user_375,item_1349,0.2679391513217467
scene_2,user_375,item_6281,0.2679391513217467
scene_2,user_375,item_8330,0.2679391513217467
scene_2,user_1496,item_1349,0.2679391513217467
scene_2,user_1496,item_6281,0.2679391513217467
scene_2,user_1496,item_8330,0.2679391513217467
scene_2,user_7700,item_5984,0.36067376022224085
scene_2,user_7700,item_1349,0.1894615908449756
scene_2,user_7700,item_8330,0.1894615908449756
scene_2,user_8485,item_1349,0.2679391513217467
scene_2,user_8485,item_6281,0.2679391513217467
scene_2,user_8485,item_8330,0.2679391513217467
scene_2,user_6549,item_1349,0.2679391513217467
scene_2,user_6549,item_6281,0.2679391513217467
scene_2,user_6549,item_8330,0.2679391513217467
scene_2,user_1637,item_1349,0.2679391513217467
scene_2,user_1637,item_6281,0.2679391513217467
scene_2,user_1637,item_8330,0.2679391513217467
scene_2,user_5033,item_1349,0.2679391513217467
scene_2,user_5033,item_6281,0.2679391513217467
scene_2,user_5033,item_8330,0.2679391513217467
scene_2,user_8464,item_6281,0.1894615908449756
scene_2,user_8464,item_8330,0.1894615908449756
scene_2,user_3337,item_6023,0.25694917118487537
scene_2,user_3337,item_1349,0.1894615908449756
scene_2,user_3337,item_6281,0.1894615908449756
scene_2,user_3366,item_1349,0.2679391513217467
scene_2,user_3366,item_6281,0.2679391513217467
scene_2,user_3366,item_8330,0.2679391513217467
scene_2,user_5291,item_1349,0.2679391513217467
scene_2,user_5291,item_6281,0.2679391513217467
scene_2,user_5291,item_8330,0.2679391513217467
scene_2,user_575,item_167,0.2790553132756236
scene_2,user_575,item_4043,0.2790553132756236
scene_2,user_575,item_7757,0.2790553132756236
scene_2,user_3035,item_9173,0.31066746727980593
scene_2,user_3035,item_167,0.2790553132756236
scene_2,user_3035,item_4043,0.2790553132756236
scene_2,user_3035,item_6797,0.2790553132756236
scene_2,user_6718,item_167,0.2790553132756236
scene_2,user_6718,item_6797,0.2790553132756236
scene_2,user_6718,item_7757,0.2790553132756236
scene_2,user_6718,item_5012,0.24044917348149392
scene_2,user_950,item_167,0.39464380868665966
scene_2,user_950,item_4043,0.39464380868665966
scene_2,user_950,item_6797,0.39464380868665966
scene_2,user_950,item_7757,0.39464380868665966
scene_2,user_4308,item_2639,0.39464380868665966
scene_2,user_4308,item_7682,0.39464380868665966
scene_2,user_4308,item_9839,0.39464380868665966
scene_2,user_5786,item_4361,0.36067376022224085
scene_2,user_5786,item_9068,0.2944888920518062
scene_2,user_5786,item_9590,0.2944888920518062
scene_2,user_5786,item_2639,0.2790553132756236
scene_2,user_5786,item_9839,0.2790553132756236
scene_2,user_8369,item_2639,0.2790553132756236
scene_2,user_8369,item_7682,0.2790553132756236
scene_2,user_8369,item_1400,0.18580180409177757
scene_2,user_8369,item_740,0.18580180409177757
scene_2,user_2352,item_2639,0.39464380868665966
scene_2,user_2352,item_7682,0.39464380868665966
scene_2,user_2352,item_9839,0.39464380868665966
scene_2,user_5721,item_2177,0.6436363296498353
scene_2,user_7353,item_1400,0.6436363296498353
scene_2,user_75,item_7886,0.36067376022224085
scene_2,user_75,item_3908,0.22784770917926217
scene_2,user_75,item_5669,0.22784770917926217
scene_2,user_4133,item_6974,0.45511961331341866
scene_2,user_4133,item_6257,0.36067376022224085
scene_2,user_4134,item_6257,0.5100697232983947
scene_2,user_4134,item_7886,0.5100697232983947
scene_2,user_6844,item_2876,0.5100697232983947
scene_2,user_5901,item_2876,0.5100697232983947
scene_2,user_9248,item_5042,0.5100697232983947
scene_2,user_9248,item_9776,0.5100697232983947
scene_2,user_8716,item_5042,0.36067376022224085
scene_2,user_8716,item_4850,0.31066746727980593
scene_2,user_9951,item_9776,0.36067376022224085
scene_2,user_7291,item_4742,0.26111287778149245
scene_2,user_1953,item_4742,0.26111287778149245
scene_2,user_8545,item_4742,0.26111287778149245
scene_2,user_564,item_4742,0.26111287778149245
scene_2,user_3724,item_4742,0.26111287778149245
scene_2,user_145,item_5177,0.21714724095162588
scene_2,user_145,item_9263,0.21714724095162588
scene_2,user_459,item_4742,0.26111287778149245
scene_2,user_5545,item_4742,0.26111287778149245
scene_2,user_5234,item_4742,0.26111287778149245
scene_2,user_8120,item_4742,0.26111287778149245
scene_2,user_6872,item_4742,0.26111287778149245
scene_2,user_7881,item_4742,0.26111287778149245
scene_2,user_8964,item_4742,0.26111287778149245
scene_2,user_2425,item_4742,0.26111287778149245
scene_2,user_3218,item_6440,0.6436363296498353
scene_2,user_7470,item_4283,0.25694917118487537
scene_2,user_7470,item_8516,0.25694917118487537
scene_2,user_1392,item_2750,0.6436363296498353
scene_2,user_1485,item_9938,0.39464380868665966
scene_2,user_3741,item_9938,0.39464380868665966
scene_2,user_8915,item_9938,0.39464380868665966
scene_2,user_3924,item_9938,0.39464380868665966
scene_2,user_4074,item_2174,0.2845607022086219
scene_2,user_4074,item_5036,0.2845607022086219
scene_2,user_4074,item_7991,0.2845607022086219
scene_2,user_5181,item_2174,0.2845607022086219
scene_2,user_5181,item_5036,0.2845607022086219
scene_2,user_5181,item_7991,0.2845607022086219
scene_2,user_9133,item_2174,0.2845607022086219
scene_2,user_9133,item_5036,0.2845607022086219
scene_2,user_9133,item_7991,0.2845607022086219
scene_2,user_9759,item_2174,0.2845607022086219
scene_2,user_9759,item_5036,0.2845607022086219
scene_2,user_9759,item_7991,0.2845607022086219
scene_2,user_937,item_2174,0.2845607022086219
scene_2,user_937,item_5036,0.2845607022086219
scene_2,user_937,item_7991,0.2845607022086219
scene_2,user_9033,item_533,0.21714724095162588
scene_2,user_9033,item_9986,0.21714724095162588
scene_2,user_9033,item_2174,0.20121480219092233
scene_2,user_9033,item_7991,0.20121480219092233
scene_2,user_9033,item_1151,0.08864998989744582
scene_2,user_9033,item_1400,0.08864998989744582
scene_2,user_9033,item_1976,0.08864998989744582
scene_2,user_9033,item_3113,0.08864998989744582
scene_2,user_9033,item_5363,0.08864998989744582
scene_2,user_9033,item_6335,0.08864998989744582
scene_2,user_9033,item_812,0.08864998989744582
scene_2,user_9033,item_8255,0.08864998989744582
scene_2,user_9033,item_8348,0.08864998989744582
scene_2,user_9033,item_878,0.08864998989744582
scene_2,user_9033,item_9311,0.08864998989744582
scene_2,user_7250,item_2174,0.20121480219092233
scene_2,user_7250,item_5036,0.20121480219092233
scene_2,user_5509,item_2174,0.2845607022086219
scene_2,user_5509,item_5036,0.2845607022086219
scene_2,user_5509,item_7991,0.2845607022086219
scene_2,user_4523,item_2174,0.2845607022086219
scene_2,user_4523,item_5036,0.2845607022086219
scene_2,user_4523,item_7991,0.2845607022086219
scene_2,user_5985,item_2174,0.2845607022086219
scene_2,user_5985,item_5036,0.2845607022086219
scene_2,user_5985,item_7991,0.2845607022086219
scene_2,user_5056,item_3098,0.36067376022224085
scene_2,user_5056,item_3491,0.36067376022224085
scene_2,user_5056,item_1862,0.2790553132756236
scene_2,user_5056,item_3008,0.2790553132756236
scene_2,user_8410,item_3098,0.36067376022224085
scene_2,user_8410,item_6083,0.36067376022224085
scene_2,user_9394,item_1037,0.3400464821989298
scene_2,user_1327,item_1037,0.3400464821989298
scene_2,user_2446,item_1037,0.3400464821989298
scene_2,user_2246,item_1037,0.3400464821989298
scene_2,user_8527,item_1037,0.3400464821989298
scene_2,user_7513,item_1037,0.3400464821989298
scene_2,user_2867,item_7043,0.45511961331341866
scene_2,user_2867,item_554,0.21714724095162588
scene_2,user_2867,item_743,0.21714724095162588
scene_2,user_2867,item_731,0.17729997979489165
scene_2,user_2867,item_9179,0.17729997979489165
scene_2,user_3435,item_392,0.30709257318568767
scene_2,user_3435,item_554,0.30709257318568767
scene_2,user_3435,item_743,0.30709257318568767
scene_2,user_3435,item_731,0.2507400360344115
scene_2,user_3435,item_9179,0.2507400360344115
scene_2,user_9360,item_2825,0.2944888920518062
scene_2,user_9360,item_8573,0.2944888920518062
scene_2,user_9360,item_602,0.20979811974466375
scene_2,user_9360,item_692,0.20979811974466375
scene_2,user_9360,item_9305,0.20979811974466375
scene_2,user_9360,item_392,0.17729997979489165
scene_2,user_9360,item_554,0.17729997979489165
scene_2,user_9360,item_743,0.17729997979489165
scene_2,user_8963,item_392,0.30709257318568767
scene_2,user_8963,item_554,0.30709257318568767
scene_2,user_8963,item_743,0.30709257318568767
scene_2,user_8963,item_731,0.2507400360344115
scene_2,user_8963,item_9179,0.2507400360344115
scene_2,user_708,item_392,0.30709257318568767
scene_2,user_708,item_554,0.30709257318568767
scene_2,user_708,item_743,0.30709257318568767
scene_2,user_708,item_731,0.2507400360344115
scene_2,user_708,item_9179,0.2507400360344115
scene_2,user_1390,item_392,0.30709257318568767
scene_2,user_1390,item_554,0.30709257318568767
scene_2,user_1390,item_743,0.30709257318568767
scene_2,user_1390,item_731,0.2507400360344115
scene_2,user_1390,item_9179,0.2507400360344115
scene_2,user_6621,item_392,0.21714724095162588
scene_2,user_6621,item_743,0.21714724095162588
scene_2,user_6621,item_731,0.17729997979489165
scene_2,user_6621,item_9179,0.17729997979489165
scene_2,user_5012,item_392,0.30709257318568767
scene_2,user_5012,item_554,0.30709257318568767
scene_2,user_5012,item_743,0.30709257318568767
scene_2,user_5012,item_731,0.2507400360344115
scene_2,user_5012,item_9179,0.2507400360344115
scene_2,user_5104,item_392,0.21714724095162588
scene_2,user_5104,item_554,0.21714724095162588
scene_2,user_5104,item_731,0.17729997979489165
scene_2,user_5104,item_9179,0.17729997979489165
scene_2,user_985,item_3236,0.45511961331341866
scene_2,user_985,item_3803,0.45511961331341866
scene_2,user_985,item_551,0.45511961331341866
scene_2,user_5757,item_1277,0.36067376022224085
scene_2,user_5757,item_6038,0.2944888920518062
scene_2,user_5757,item_6125,0.2944888920518062
scene_2,user_168,item_8585,0.6436363296498353
scene_2,user_6236,item_4016,0.2790553132756236
scene_2,user_6236,item_8846,0.20851619571212315
scene_2,user_6236,item_7418,0.17025276086700514
scene_2,user_6236,item_7817,0.17025276086700514
scene_2,user_6236,item_788,0.17025276086700514
scene_2,user_6236,item_8282,0.17025276086700514
scene_2,user_1332,item_5744,0.22784770917926217
scene_2,user_1332,item_6974,0.22784770917926217
scene_2,user_1332,item_4532,0.20851619571212315
scene_2,user_1332,item_7418,0.17025276086700514
scene_2,user_1332,item_7817,0.17025276086700514
scene_2,user_1332,item_788,0.17025276086700514
scene_2,user_1332,item_8282,0.17025276086700514
scene_2,user_2658,item_4532,0.29488643195052716
scene_2,user_2658,item_8846,0.29488643195052716
scene_2,user_2658,item_7418,0.240773763449582
scene_2,user_2658,item_7817,0.240773763449582
scene_2,user_2658,item_788,0.240773763449582
scene_2,user_2658,item_8282,0.240773763449582
scene_2,user_6698,item_4532,0.29488643195052716
scene_2,user_6698,item_8846,0.29488643195052716
scene_2,user_6698,item_7418,0.240773763449582
scene_2,user_6698,item_7817,0.240773763449582
scene_2,user_6698,item_788,0.240773763449582
scene_2,user_6698,item_8282,0.240773763449582
scene_2,user_5629,item_4532,0.29488643195052716
scene_2,user_5629,item_8846,0.29488643195052716
scene_2,user_5629,item_7418,0.240773763449582
scene_2,user_5629,item_7817,0.240773763449582
scene_2,user_5629,item_788,0.240773763449582
scene_2,user_5629,item_8282,0.240773763449582
scene_2,user_9738,item_4532,0.29488643195052716
scene_2,user_9738,item_8846,0.29488643195052716
scene_2,user_9738,item_7418,0.240773763449582
scene_2,user_9738,item_7817,0.240773763449582
scene_2,user_9738,item_788,0.240773763449582
scene_2,user_9738,item_8282,0.240773763449582
scene_2,user_5508,item_4532,0.17025276086700514
scene_2,user_5508,item_8846,0.17025276086700514
scene_2,user_5508,item_7418,0.13901079714141543
scene_2,user_5508,item_7817,0.13901079714141543
scene_2,user_8606,item_5783,0.2944888920518062
scene_2,user_8606,item_659,0.2944888920518062
scene_2,user_8606,item_4532,0.17025276086700514
scene_2,user_8606,item_8846,0.17025276086700514
scene_2,user_8606,item_788,0.13901079714141543
scene_2,user_8606,item_8282,0.13901079714141543
scene_2,user_7271,item_4532,0.29488643195052716
scene_2,user_7271,item_8846,0.29488643195052716
scene_2,user_7271,item_7418,0.240773763449582
scene_2,user_7271,item_7817,0.240773763449582
scene_2,user_7271,item_788,0.240773763449582
scene_2,user_7271,item_8282,0.240773763449582
scene_2,user_7663,item_4532,0.29488643195052716
scene_2,user_7663,item_8846,0.29488643195052716
scene_2,user_7663,item_7418,0.240773763449582
scene_2,user_7663,item_7817,0.240773763449582
scene_2,user_7663,item_788,0.240773763449582
scene_2,user_7663,item_8282,0.240773763449582
scene_2,user_2006,item_3308,0.3222253204769533
scene_2,user_2006,item_7853,0.3222253204769533
scene_2,user_2045,item_9404,0.37160360818355515
scene_2,user_3333,item_3308,0.3222253204769533
scene_2,user_3333,item_7853,0.3222253204769533
scene_2,user_1703,item_3308,0.3222253204769533
scene_2,user_1703,item_7853,0.3222253204769533
scene_2,user_3933,item_3308,0.3222253204769533
scene_2,user_3933,item_7853,0.3222253204769533
scene_2,user_4851,item_2759,0.32181816482491765
scene_2,user_4851,item_3719,0.32181816482491765
scene_2,user_4851,item_665,0.32181816482491765
scene_2,user_4851,item_7964,0.32181816482491765
scene_2,user_607,item_2759,0.32181816482491765
scene_2,user_607,item_3719,0.32181816482491765
scene_2,user_607,item_665,0.32181816482491765
scene_2,user_607,item_7964,0.32181816482491765
scene_2,user_9997,item_4397,0.45511961331341866
scene_2,user_9997,item_2759,0.22755980665670933
scene_2,user_9997,item_3719,0.22755980665670933
scene_2,user_9997,item_7964,0.22755980665670933
scene_2,user_4192,item_2759,0.32181816482491765
scene_2,user_4192,item_3719,0.32181816482491765
scene_2,user_4192,item_665,0.32181816482491765
scene_2,user_4192,item_7964,0.32181816482491765
scene_2,user_923,item_2759,0.22755980665670933
scene_2,user_923,item_665,0.22755980665670933
scene_2,user_923,item_7964,0.22755980665670933
scene_2,user_1575,item_2759,0.32181816482491765
scene_2,user_1575,item_3719,0.32181816482491765
scene_2,user_1575,item_665,0.32181816482491765
scene_2,user_1575,item_7964,0.32181816482491765
scene_2,user_4406,item_2759,0.22755980665670933
scene_2,user_4406,item_3719,0.22755980665670933
scene_2,user_4406,item_665,0.22755980665670933
scene_2,user_3043,item_161,0.2944888920518062
scene_2,user_3043,item_182,0.2944888920518062
scene_2,user_3043,item_5399,0.25694917118487537
scene_2,user_3043,item_5984,0.25694917118487537
scene_2,user_3043,item_6443,0.20979811974466375
scene_2,user_3043,item_8507,0.20979811974466375
scene_2,user_6433,item_4838,0.5100697232983947
scene_2,user_6433,item_161,0.4164701851078906
scene_2,user_6433,item_182,0.4164701851078906
scene_2,user_7076,item_1787,0.5100697232983947
scene_2,user_7076,item_4166,0.5100697232983947
scene_2,user_6427,item_5594,0.45511961331341866
scene_2,user_6427,item_1787,0.36067376022224085
scene_2,user_4677,item_4436,0.5255268625199613
scene_2,user_4677,item_9083,0.5255268625199613
scene_2,user_1328,item_1130,0.2944888920518062
scene_2,user_1328,item_2315,0.2944888920518062
scene_2,user_1328,item_2987,0.20979811974466375
scene_2,user_3152,item_3113,0.4164701851078906
scene_2,user_3152,item_5699,0.4164701851078906
scene_2,user_3878,item_3113,0.4164701851078906
scene_2,user_3878,item_5699,0.4164701851078906
scene_2,user_5889,item_4850,0.22784770917926217
scene_2,user_5889,item_5363,0.22784770917926217
scene_2,user_6095,item_9776,0.25365892483943775
scene_2,user_6095,item_617,0.22784770917926217
scene_2,user_6095,item_1151,0.08564972372829179
scene_2,user_6095,item_1400,0.08564972372829179
scene_2,user_6095,item_1976,0.08564972372829179
scene_2,user_6095,item_3113,0.08564972372829179
scene_2,user_6095,item_5036,0.08564972372829179
scene_2,user_6095,item_6335,0.08564972372829179
scene_2,user_6095,item_812,0.08564972372829179
scene_2,user_6095,item_8255,0.08564972372829179
scene_2,user_6095,item_8348,0.08564972372829179
scene_2,user_6095,item_878,0.08564972372829179
scene_2,user_6095,item_9311,0.08564972372829179
scene_2,user_3478,item_617,0.39464380868665966
scene_2,user_3478,item_4850,0.3222253204769533
scene_2,user_3478,item_5363,0.3222253204769533
scene_2,user_8850,item_617,0.39464380868665966
scene_2,user_8850,item_4850,0.3222253204769533
scene_2,user_8850,item_5363,0.3222253204769533
scene_2,user_1786,item_617,0.39464380868665966
scene_2,user_1786,item_4850,0.3222253204769533
scene_2,user_1786,item_5363,0.3222253204769533
scene_2,user_4108,item_14,0.20711164485320396
scene_2,user_4108,item_3836,0.20711164485320396
scene_2,user_9321,item_6365,0.5255268625199613
scene_2,user_9321,item_7469,0.5255268625199613
scene_2,user_4617,item_7124,0.43935014561520125
scene_2,user_4617,item_7904,0.43935014561520125
scene_2,user_3251,item_7124,0.43935014561520125
scene_2,user_3251,item_7904,0.43935014561520125
scene_2,user_16,item_7904,0.31066746727980593
scene_2,user_553,item_7124,0.31066746727980593
scene_2,user_553,item_4790,0.24044917348149392
scene_2,user_553,item_9650,0.24044917348149392
scene_2,user_553,item_998,0.24044917348149392
scene_2,user_553,item_3518,0.19632592803453744
scene_2,user_553,item_746,0.19632592803453744
scene_2,user_5389,item_464,0.35872789172491043
scene_2,user_5389,item_6038,0.35872789172491043
scene_2,user_7804,item_464,0.35872789172491043
scene_2,user_7804,item_6038,0.35872789172491043
scene_2,user_7688,item_464,0.35872789172491043
scene_2,user_7688,item_6038,0.35872789172491043
scene_2,user_7880,item_5159,0.2944888920518062
scene_2,user_7880,item_6125,0.2404491734814939
scene_2,user_7880,item_8585,0.2404491734814939
scene_2,user_7880,item_2321,0.20711164485320396
scene_2,user_7880,item_4862,0.20711164485320396
scene_2,user_538,item_1622,0.43935014561520125
scene_2,user_538,item_3173,0.43935014561520125
scene_2,user_7347,item_1622,0.43935014561520125
scene_2,user_7347,item_3173,0.43935014561520125
scene_2,user_5904,item_6167,0.5255268625199613
scene_2,user_5904,item_8861,0.5255268625199613
scene_2,user_8219,item_7049,0.31066746727980593
scene_2,user_6842,item_5786,0.5100697232983947
scene_2,user_1389,item_5786,0.5100697232983947
scene_2,user_6720,item_4619,0.37160360818355515
scene_2,user_8252,item_7772,0.37160360818355515
scene_2,user_8252,item_8597,0.37160360818355515
scene_2,user_8252,item_8648,0.37160360818355515
scene_2,user_8252,item_9656,0.37160360818355515
scene_2,user_2005,item_3236,0.45511961331341866
scene_2,user_2005,item_3587,0.45511961331341866
scene_2,user_2005,item_551,0.45511961331341866
scene_2,user_3180,item_4889,0.39464380868665966
scene_2,user_3180,item_7898,0.39464380868665966
scene_2,user_8512,item_4889,0.39464380868665966
scene_2,user_8512,item_7898,0.39464380868665966
scene_2,user_7942,item_4889,0.39464380868665966
scene_2,user_7942,item_7898,0.39464380868665966
scene_2,user_7553,item_4889,0.2790553132756236
scene_2,user_7553,item_6890,0.2790553132756236
scene_2,user_7553,item_4439,0.22784770917926217
scene_2,user_7553,item_5594,0.22784770917926217
scene_2,user_386,item_7898,0.2790553132756236
scene_2,user_1653,item_4685,0.6436363296498353
scene_2,user_6748,item_500,0.3633810027301768
scene_2,user_6748,item_2276,0.25694917118487537
scene_2,user_6748,item_5114,0.25694917118487537
scene_2,user_6748,item_7856,0.25694917118487537
scene_2,user_2413,item_500,0.3633810027301768
scene_2,user_2413,item_2276,0.25694917118487537
scene_2,user_2413,item_5114,0.25694917118487537
scene_2,user_2413,item_7856,0.25694917118487537
scene_2,user_1499,item_500,0.3633810027301768
scene_2,user_1499,item_2276,0.25694917118487537
scene_2,user_1499,item_5114,0.25694917118487537
scene_2,user_1499,item_7856,0.25694917118487537
scene_2,user_9184,item_2276,0.1816905013650884
scene_2,user_9184,item_5114,0.1816905013650884
scene_2,user_9184,item_7856,0.1816905013650884
scene_2,user_9063,item_500,0.3633810027301768
scene_2,user_9063,item_2276,0.25694917118487537
scene_2,user_9063,item_5114,0.25694917118487537
scene_2,user_9063,item_7856,0.25694917118487537
scene_2,user_3693,item_7790,0.32181816482491765
scene_2,user_1735,item_7790,0.32181816482491765
scene_2,user_25,item_7790,0.32181816482491765
scene_2,user_9634,item_7790,0.32181816482491765
scene_2,user_3079,item_7790,0.32181816482491765
scene_2,user_5686,item_7790,0.32181816482491765
scene_2,user_7809,item_7790,0.32181816482491765
scene_2,user_4323,item_8543,0.5100697232983947
scene_2,user_4284,item_8543,0.5100697232983947
scene_2,user_9329,item_8987,0.32181816482491765
scene_2,user_9329,item_1508,0.26276343125998064
scene_2,user_9329,item_950,0.26276343125998064
scene_2,user_8820,item_8987,0.32181816482491765
scene_2,user_8820,item_1508,0.26276343125998064
scene_2,user_8820,item_950,0.26276343125998064
scene_2,user_933,item_8987,0.32181816482491765
scene_2,user_933,item_1508,0.26276343125998064
scene_2,user_933,item_950,0.26276343125998064
scene_2,user_8206,item_8987,0.32181816482491765
scene_2,user_8206,item_1508,0.26276343125998064
scene_2,user_8206,item_950,0.26276343125998064
scene_2,user_5030,item_1508,0.18580180409177757
scene_2,user_5030,item_950,0.18580180409177757
scene_2,user_4236,item_8987,0.32181816482491765
scene_2,user_4236,item_1508,0.26276343125998064
scene_2,user_4236,item_950,0.26276343125998064
scene_2,user_7193,item_8987,0.32181816482491765
scene_2,user_7193,item_1508,0.26276343125998064
scene_2,user_7193,item_950,0.26276343125998064
scene_2,user_4574,item_2870,0.5255268625199613
scene_2,user_4574,item_3908,0.5255268625199613
scene_2,user_3133,item_9506,0.36067376022224085
scene_2,user_3133,item_3125,0.2944888920518062
scene_2,user_3133,item_6380,0.2944888920518062
scene_2,user_3133,item_4055,0.2790553132756236
scene_2,user_3133,item_1904,0.22784770917926217
scene_2,user_3133,item_9881,0.22784770917926217
scene_2,user_663,item_4055,0.39464380868665966
scene_2,user_663,item_6104,0.39464380868665966
scene_2,user_663,item_1904,0.3222253204769533
scene_2,user_663,item_9881,0.3222253204769533
scene_2,user_7857,item_6104,0.2790553132756236
scene_2,user_7857,item_1904,0.22784770917926217
scene_2,user_7857,item_9881,0.22784770917926217
scene_2,user_8244,item_4055,0.39464380868665966
scene_2,user_8244,item_6104,0.39464380868665966
scene_2,user_8244,item_1904,0.3222253204769533
scene_2,user_8244,item_9881,0.3222253204769533
scene_2,user_1033,item_6440,0.24044917348149392
scene_2,user_1033,item_7283,0.24044917348149392
scene_2,user_1033,item_2114,0.17729997979489165
scene_2,user_1033,item_5588,0.17729997979489165
scene_2,user_1033,item_5837,0.17729997979489165
scene_2,user_1033,item_6113,0.17729997979489165
scene_2,user_1033,item_815,0.17729997979489165
scene_2,user_1033,item_8165,0.17729997979489165
scene_2,user_1033,item_9482,0.17729997979489165
scene_2,user_1033,item_9821,0.17729997979489165
scene_2,user_2875,item_4283,0.30709257318568767
scene_2,user_2875,item_2114,0.2507400360344115
scene_2,user_2875,item_5588,0.2507400360344115
scene_2,user_2875,item_5837,0.2507400360344115
scene_2,user_2875,item_6113,0.2507400360344115
scene_2,user_2875,item_815,0.2507400360344115
scene_2,user_2875,item_8165,0.2507400360344115
scene_2,user_2875,item_9482,0.2507400360344115
scene_2,user_2875,item_9821,0.2507400360344115
scene_2,user_8259,item_4283,0.30709257318568767
scene_2,user_8259,item_2114,0.2507400360344115
scene_2,user_8259,item_5588,0.2507400360344115
scene_2,user_8259,item_5837,0.2507400360344115
scene_2,user_8259,item_6113,0.2507400360344115
scene_2,user_8259,item_815,0.2507400360344115
scene_2,user_8259,item_8165,0.2507400360344115
scene_2,user_8259,item_9482,0.2507400360344115
scene_2,user_8259,item_9821,0.2507400360344115
scene_2,user_4544,item_4283,0.30709257318568767
scene_2,user_4544,item_2114,0.2507400360344115
scene_2,user_4544,item_5588,0.2507400360344115
scene_2,user_4544,item_5837,0.2507400360344115
scene_2,user_4544,item_6113,0.2507400360344115
scene_2,user_4544,item_815,0.2507400360344115
scene_2,user_4544,item_8165,0.2507400360344115
scene_2,user_4544,item_9482,0.2507400360344115
scene_2,user_4544,item_9821,0.2507400360344115
scene_2,user_1999,item_2780,0.2944888920518062
scene_2,user_1999,item_9995,0.2944888920518062
scene_2,user_1999,item_4283,0.17729997979489165
scene_2,user_1999,item_2114,0.14476482730108392
scene_2,user_1999,item_5588,0.14476482730108392
scene_2,user_1999,item_5837,0.14476482730108392
scene_2,user_1999,item_6113,0.14476482730108392
scene_2,user_1999,item_815,0.14476482730108392
scene_2,user_1999,item_8165,0.14476482730108392
scene_2,user_9109,item_2564,0.2082350925539453
scene_2,user_9109,item_7379,0.2082350925539453
scene_2,user_9109,item_854,0.2082350925539453
scene_2,user_9109,item_4283,0.17729997979489165
scene_2,user_9109,item_2114,0.14476482730108392
scene_2,user_9109,item_5588,0.14476482730108392
scene_2,user_9109,item_6113,0.14476482730108392
scene_2,user_9109,item_815,0.14476482730108392
scene_2,user_9109,item_9482,0.14476482730108392
scene_2,user_9109,item_9821,0.14476482730108392
scene_2,user_3413,item_5156,0.2404491734814939
scene_2,user_3413,item_6245,0.2404491734814939
scene_2,user_3413,item_4439,0.19632592803453744
scene_2,user_3413,item_8699,0.19632592803453744
scene_2,user_3413,item_4283,0.17729997979489165
scene_2,user_3413,item_2114,0.14476482730108392
scene_2,user_3413,item_5837,0.14476482730108392
scene_2,user_3413,item_815,0.14476482730108392
scene_2,user_3413,item_8165,0.14476482730108392
scene_2,user_3413,item_9482,0.14476482730108392
scene_2,user_3413,item_9821,0.14476482730108392
scene_2,user_6294,item_4283,0.30709257318568767
scene_2,user_6294,item_2114,0.2507400360344115
scene_2,user_6294,item_5588,0.2507400360344115
scene_2,user_6294,item_5837,0.2507400360344115
scene_2,user_6294,item_6113,0.2507400360344115
scene_2,user_6294,item_815,0.2507400360344115
scene_2,user_6294,item_8165,0.2507400360344115
scene_2,user_6294,item_9482,0.2507400360344115
scene_2,user_6294,item_9821,0.2507400360344115
scene_2,user_1181,item_7031,0.2756806013068237
scene_2,user_1181,item_2114,0.22509226839512117
scene_2,user_1181,item_2870,0.22509226839512117
scene_2,user_1181,item_3212,0.22509226839512117
scene_2,user_1181,item_3884,0.22509226839512117
scene_2,user_1181,item_5669,0.22509226839512117
scene_2,user_1181,item_6257,0.22509226839512117
scene_2,user_67,item_7031,0.2756806013068237
scene_2,user_67,item_2114,0.22509226839512117
scene_2,user_67,item_2870,0.22509226839512117
scene_2,user_67,item_3212,0.22509226839512117
scene_2,user_67,item_3884,0.22509226839512117
scene_2,user_67,item_5669,0.22509226839512117
scene_2,user_67,item_6257,0.22509226839512117
scene_2,user_4848,item_7031,0.2756806013068237
scene_2,user_4848,item_2114,0.22509226839512117
scene_2,user_4848,item_2870,0.22509226839512117
scene_2,user_4848,item_3212,0.22509226839512117
scene_2,user_4848,item_3884,0.22509226839512117
scene_2,user_4848,item_5669,0.22509226839512117
scene_2,user_4848,item_6257,0.22509226839512117
scene_2,user_3513,item_5822,0.37160360818355515
scene_2,user_3513,item_3392,0.22784770917926217
scene_2,user_3513,item_7031,0.1591642693748526
scene_2,user_3513,item_2114,0.1299570817504267
scene_2,user_3513,item_2870,0.1299570817504267
scene_2,user_3513,item_3212,0.1299570817504267
scene_2,user_3513,item_3884,0.1299570817504267
scene_2,user_8138,item_7031,0.2756806013068237
scene_2,user_8138,item_2114,0.22509226839512117
scene_2,user_8138,item_2870,0.22509226839512117
scene_2,user_8138,item_3212,0.22509226839512117
scene_2,user_8138,item_3884,0.22509226839512117
scene_2,user_8138,item_5669,0.22509226839512117
scene_2,user_8138,item_6257,0.22509226839512117
scene_2,user_9654,item_7031,0.2756806013068237
scene_2,user_9654,item_2114,0.22509226839512117
scene_2,user_9654,item_2870,0.22509226839512117
scene_2,user_9654,item_3212,0.22509226839512117
scene_2,user_9654,item_3884,0.22509226839512117
scene_2,user_9654,item_5669,0.22509226839512117
scene_2,user_9654,item_6257,0.22509226839512117
scene_2,user_781,item_4592,0.45511961331341866
scene_2,user_781,item_2114,0.1591642693748526
scene_2,user_781,item_2870,0.1591642693748526
scene_2,user_781,item_3212,0.1591642693748526
scene_2,user_781,item_3884,0.1591642693748526
scene_2,user_781,item_5669,0.1591642693748526
scene_2,user_781,item_6257,0.1591642693748526
scene_2,user_5375,item_7031,0.2756806013068237
scene_2,user_5375,item_2114,0.22509226839512117
scene_2,user_5375,item_2870,0.22509226839512117
scene_2,user_5375,item_3212,0.22509226839512117
scene_2,user_5375,item_3884,0.22509226839512117
scene_2,user_5375,item_5669,0.22509226839512117
scene_2,user_5375,item_6257,0.22509226839512117
scene_2,user_9363,item_7031,0.2756806013068237
scene_2,user_9363,item_2114,0.22509226839512117
scene_2,user_9363,item_2870,0.22509226839512117
scene_2,user_9363,item_3212,0.22509226839512117
scene_2,user_9363,item_3884,0.22509226839512117
scene_2,user_9363,item_5669,0.22509226839512117
scene_2,user_9363,item_6257,0.22509226839512117
scene_2,user_1212,item_7031,0.2756806013068237
scene_2,user_1212,item_2114,0.22509226839512117
scene_2,user_1212,item_2870,0.22509226839512117
scene_2,user_1212,item_3212,0.22509226839512117
scene_2,user_1212,item_3884,0.22509226839512117
scene_2,user_1212,item_5669,0.22509226839512117
scene_2,user_1212,item_6257,0.22509226839512117
scene_2,user_8681,item_3575,0.45511961331341866
scene_2,user_8681,item_7925,0.24044917348149392
scene_2,user_1047,item_3023,0.36067376022224085
scene_2,user_2893,item_3023,0.5100697232983947
scene_2,user_2893,item_4643,0.5100697232983947
scene_2,user_853,item_4091,0.43935014561520125
scene_2,user_853,item_7610,0.35872789172491043
scene_2,user_853,item_7913,0.35872789172491043
scene_2,user_9992,item_7610,0.25365892483943775
scene_2,user_9992,item_7913,0.25365892483943775
scene_2,user_9992,item_917,0.20121480219092233
scene_2,user_9992,item_1532,0.1642911980209368
scene_2,user_9992,item_3857,0.1642911980209368
scene_2,user_9992,item_8750,0.1642911980209368
scene_2,user_9992,item_9431,0.1642911980209368
scene_2,user_6264,item_4091,0.25365892483943775
scene_2,user_6264,item_2660,0.19632592803453744
scene_2,user_6264,item_4721,0.19632592803453744
scene_2,user_6264,item_2309,0.1602994489876626
scene_2,user_6264,item_4046,0.1602994489876626
scene_2,user_2084,item_4091,0.43935014561520125
scene_2,user_2084,item_7610,0.35872789172491043
scene_2,user_2084,item_7913,0.35872789172491043
scene_2,user_194,item_8153,0.5255268625199613
scene_2,user_194,item_8615,0.5255268625199613
scene_2,user_2730,item_3047,0.25365892483943775
scene_2,user_2730,item_4247,0.25365892483943775
scene_2,user_2730,item_9026,0.25365892483943775
scene_2,user_7983,item_8612,0.2790553132756236
scene_2,user_844,item_4703,0.6436363296498353
scene_2,user_9009,item_3935,0.31066746727980593
scene_2,user_9656,item_3935,0.43935014561520125
scene_2,user_9656,item_4673,0.43935014561520125
scene_2,user_5077,item_4673,0.31066746727980593
scene_2,user_6996,item_3935,0.43935014561520125
scene_2,user_6996,item_4673,0.43935014561520125
scene_2,user_7760,item_1508,0.3400464821989298
scene_2,user_7760,item_5504,0.3400464821989298
scene_2,user_7760,item_7028,0.3400464821989298
scene_2,user_4077,item_1508,0.3400464821989298
scene_2,user_4077,item_5504,0.3400464821989298
scene_2,user_4077,item_7028,0.3400464821989298
scene_2,user_7679,item_1508,0.24044917348149392
scene_2,user_7679,item_5504,0.24044917348149392
scene_2,user_1192,item_1508,0.3400464821989298
scene_2,user_1192,item_5504,0.3400464821989298
scene_2,user_1192,item_7028,0.3400464821989298
scene_2,user_8926,item_8729,0.36067376022224085
scene_2,user_8926,item_1508,0.24044917348149392
scene_2,user_8926,item_7028,0.24044917348149392
scene_2,user_9100,item_1508,0.3400464821989298
scene_2,user_9100,item_5504,0.3400464821989298
scene_2,user_9100,item_7028,0.3400464821989298
scene_2,user_1494,item_29,0.6436363296498353
scene_2,user_4553,item_4532,0.45511961331341866
scene_2,user_5055,item_9560,0.45511961331341866
scene_2,user_5055,item_3599,0.2790553132756236
scene_2,user_3448,item_8033,0.5100697232983947
scene_2,user_8515,item_8033,0.5100697232983947
scene_2,user_8591,item_1142,0.32181816482491765
scene_2,user_8591,item_5777,0.26276343125998064
scene_2,user_8591,item_899,0.26276343125998064
scene_2,user_144,item_1142,0.32181816482491765
scene_2,user_144,item_5777,0.26276343125998064
scene_2,user_144,item_899,0.26276343125998064
scene_2,user_1903,item_1142,0.18580180409177757
scene_2,user_1903,item_1472,0.15469474114205034
scene_2,user_1903,item_410,0.15469474114205034
scene_2,user_1903,item_5909,0.15469474114205034
scene_2,user_1903,item_3914,0.12630772722998374
scene_2,user_1903,item_8780,0.12630772722998374
scene_2,user_4253,item_1142,0.32181816482491765
scene_2,user_4253,item_5777,0.26276343125998064
scene_2,user_4253,item_899,0.26276343125998064
scene_2,user_6753,item_1142,0.32181816482491765
scene_2,user_6753,item_5777,0.26276343125998064
scene_2,user_6753,item_899,0.26276343125998064
scene_2,user_9212,item_1142,0.32181816482491765
scene_2,user_9212,item_5777,0.26276343125998064
scene_2,user_9212,item_899,0.26276343125998064
scene_2,user_9222,item_1142,0.32181816482491765
scene_2,user_9222,item_5777,0.26276343125998064
scene_2,user_9222,item_899,0.26276343125998064
scene_2,user_7045,item_3353,0.3400464821989298
scene_2,user_7045,item_5012,0.3400464821989298
scene_2,user_9193,item_3353,0.24044917348149392
scene_2,user_1626,item_3353,0.3400464821989298
scene_2,user_1626,item_5012,0.3400464821989298
scene_2,user_5001,item_3353,0.3400464821989298
scene_2,user_5001,item_5012,0.3400464821989298
scene_2,user_1043,item_3353,0.3400464821989298
scene_2,user_1043,item_5012,0.3400464821989298
scene_2,user_5282,item_3353,0.3400464821989298
scene_2,user_5282,item_5012,0.3400464821989298
scene_2,user_3784,item_6962,0.45511961331341866
scene_2,user_3784,item_6551,0.31066746727980593
scene_2,user_3784,item_2309,0.25365892483943775
scene_2,user_3784,item_7913,0.25365892483943775
scene_2,user_6510,item_6551,0.43935014561520125
scene_2,user_6510,item_6641,0.43935014561520125
scene_2,user_6510,item_2309,0.35872789172491043
scene_2,user_6510,item_7913,0.35872789172491043
scene_2,user_4054,item_7301,0.36067376022224085
scene_2,user_4054,item_6641,0.31066746727980593
scene_2,user_4054,item_2309,0.25365892483943775
scene_2,user_4054,item_7913,0.25365892483943775
scene_2,user_1140,item_4361,0.45511961331341866
scene_2,user_3276,item_9626,0.45511961331341866
scene_2,user_3276,item_7682,0.31066746727980593
scene_2,user_5766,item_3896,0.6436363296498353
scene_2,user_5124,item_3929,0.2845607022086219
scene_2,user_5124,item_917,0.2845607022086219
scene_2,user_5124,item_1532,0.23234284041973263
scene_2,user_5124,item_3857,0.23234284041973263
scene_2,user_5124,item_8750,0.23234284041973263
scene_2,user_5124,item_9431,0.23234284041973263
scene_2,user_2865,item_3929,0.2845607022086219
scene_2,user_2865,item_917,0.2845607022086219
scene_2,user_2865,item_1532,0.23234284041973263
scene_2,user_2865,item_3857,0.23234284041973263
scene_2,user_2865,item_8750,0.23234284041973263
scene_2,user_2865,item_9431,0.23234284041973263
scene_2,user_9768,item_3929,0.2845607022086219
scene_2,user_9768,item_917,0.2845607022086219
scene_2,user_9768,item_1532,0.23234284041973263
scene_2,user_9768,item_3857,0.23234284041973263
scene_2,user_9768,item_8750,0.23234284041973263
scene_2,user_9768,item_9431,0.23234284041973263
scene_2,user_3611,item_3263,0.25694917118487537
scene_2,user_3611,item_3929,0.20121480219092233
scene_2,user_3611,item_1532,0.1642911980209368
scene_2,user_3611,item_3857,0.1642911980209368
scene_2,user_3611,item_8750,0.1642911980209368
scene_2,user_3611,item_9431,0.1642911980209368
scene_2,user_1303,item_3929,0.2845607022086219
scene_2,user_1303,item_917,0.2845607022086219
scene_2,user_1303,item_1532,0.23234284041973263
scene_2,user_1303,item_3857,0.23234284041973263
scene_2,user_1303,item_8750,0.23234284041973263
scene_2,user_1303,item_9431,0.23234284041973263
scene_2,user_7864,item_3929,0.2845607022086219
scene_2,user_7864,item_917,0.2845607022086219
scene_2,user_7864,item_1532,0.23234284041973263
scene_2,user_7864,item_3857,0.23234284041973263
scene_2,user_7864,item_8750,0.23234284041973263
scene_2,user_7864,item_9431,0.23234284041973263
scene_2,user_1487,item_8255,0.2944888920518062
scene_2,user_1487,item_3929,0.1642911980209368
scene_2,user_1487,item_917,0.1642911980209368
scene_2,user_1487,item_1532,0.1341432014606149
scene_2,user_1487,item_8750,0.1341432014606149
scene_2,user_2281,item_3929,0.2845607022086219
scene_2,user_2281,item_917,0.2845607022086219
scene_2,user_2281,item_1532,0.23234284041973263
scene_2,user_2281,item_3857,0.23234284041973263
scene_2,user_2281,item_8750,0.23234284041973263
scene_2,user_2281,item_9431,0.23234284041973263
scene_2,user_4736,item_3929,0.2845607022086219
scene_2,user_4736,item_917,0.2845607022086219
scene_2,user_4736,item_1532,0.23234284041973263
scene_2,user_4736,item_3857,0.23234284041973263
scene_2,user_4736,item_8750,0.23234284041973263
scene_2,user_4736,item_9431,0.23234284041973263
scene_2,user_8340,item_8570,0.22755980665670933
scene_2,user_8340,item_998,0.22755980665670933
scene_2,user_8340,item_1328,0.18580180409177757
scene_2,user_8340,item_1805,0.18580180409177757
scene_2,user_338,item_1592,0.31066746727980593
scene_2,user_338,item_8993,0.25365892483943775
scene_2,user_338,item_9248,0.25365892483943775
scene_2,user_338,item_5135,0.22755980665670933
scene_2,user_338,item_998,0.22755980665670933
scene_2,user_338,item_1328,0.18580180409177757
scene_2,user_338,item_1805,0.18580180409177757
scene_2,user_1253,item_7904,0.2790553132756236
scene_2,user_1253,item_5135,0.22755980665670933
scene_2,user_1253,item_8570,0.22755980665670933
scene_2,user_1253,item_1328,0.18580180409177757
scene_2,user_1253,item_1805,0.18580180409177757
scene_2,user_7373,item_5135,0.32181816482491765
scene_2,user_7373,item_8570,0.32181816482491765
scene_2,user_7373,item_998,0.32181816482491765
scene_2,user_7373,item_1328,0.26276343125998064
scene_2,user_7373,item_1805,0.26276343125998064
scene_2,user_3409,item_5135,0.32181816482491765
scene_2,user_3409,item_8570,0.32181816482491765
scene_2,user_3409,item_998,0.32181816482491765
scene_2,user_3409,item_1328,0.26276343125998064
scene_2,user_3409,item_1805,0.26276343125998064
scene_2,user_157,item_5135,0.32181816482491765
scene_2,user_157,item_8570,0.32181816482491765
scene_2,user_157,item_998,0.32181816482491765
scene_2,user_157,item_1328,0.26276343125998064
scene_2,user_157,item_1805,0.26276343125998064
scene_2,user_9747,item_5135,0.32181816482491765
scene_2,user_9747,item_8570,0.32181816482491765
scene_2,user_9747,item_998,0.32181816482491765
scene_2,user_9747,item_1328,0.26276343125998064
scene_2,user_9747,item_1805,0.26276343125998064
scene_2,user_1155,item_9326,0.3400464821989298
scene_2,user_7328,item_9326,0.3400464821989298
scene_2,user_520,item_9326,0.3400464821989298
scene_2,user_1526,item_9326,0.3400464821989298
scene_2,user_5355,item_9326,0.3400464821989298
scene_2,user_7178,item_9326,0.3400464821989298
scene_2,user_6783,item_7628,0.43935014561520125
scene_2,user_6783,item_1091,0.35872789172491043
scene_2,user_6783,item_1583,0.35872789172491043
scene_2,user_9145,item_1091,0.25365892483943775
scene_2,user_9145,item_1583,0.25365892483943775
scene_2,user_2165,item_7628,0.43935014561520125
scene_2,user_2165,item_1091,0.35872789172491043
scene_2,user_2165,item_1583,0.35872789172491043
scene_2,user_7599,item_7130,0.5100697232983947
scene_2,user_132,item_9347,0.36067376022224085
scene_2,user_9254,item_7130,0.5100697232983947
scene_2,user_3829,item_2780,0.4164701851078906
scene_2,user_3829,item_5057,0.4164701851078906
scene_2,user_2369,item_2780,0.4164701851078906
scene_2,user_2369,item_5057,0.4164701851078906
scene_2,user_1440,item_3365,0.43935014561520125
scene_2,user_4887,item_3365,0.43935014561520125
scene_2,user_7056,item_3365,0.43935014561520125
scene_2,user_2480,item_4943,0.2790553132756236
scene_2,user_2480,item_7271,0.2790553132756236
scene_2,user_8109,item_4184,0.2790553132756236
scene_2,user_8109,item_4943,0.2790553132756236
scene_2,user_2780,item_4184,0.39464380868665966
scene_2,user_2780,item_4943,0.39464380868665966
scene_2,user_2780,item_7271,0.39464380868665966
scene_2,user_3227,item_4184,0.39464380868665966
scene_2,user_3227,item_4943,0.39464380868665966
scene_2,user_3227,item_7271,0.39464380868665966
scene_2,user_1584,item_4184,0.2790553132756236
scene_2,user_1584,item_7271,0.2790553132756236
scene_2,user_2761,item_3647,0.45511961331341866
scene_2,user_2761,item_4439,0.37160360818355515
scene_2,user_2761,item_7898,0.37160360818355515
scene_2,user_7885,item_6335,0.6436363296498353
scene_2,user_3225,item_1151,0.09290090204588879
scene_2,user_3225,item_1400,0.09290090204588879
scene_2,user_3225,item_1976,0.09290090204588879
scene_2,user_3225,item_3113,0.09290090204588879
scene_2,user_3225,item_5036,0.09290090204588879
scene_2,user_3225,item_5363,0.09290090204588879
scene_2,user_3225,item_812,0.09290090204588879
scene_2,user_3225,item_8255,0.09290090204588879
scene_2,user_3225,item_8348,0.09290090204588879
scene_2,user_3225,item_878,0.09290090204588879
scene_2,user_3225,item_9311,0.09290090204588879
scene_2,user_524,item_6656,0.31066746727980593
scene_2,user_8084,item_9287,0.6436363296498353
scene_2,user_996,item_7490,0.45511961331341866
scene_2,user_1771,item_5210,0.6436363296498353
scene_2,user_530,item_2231,0.4164701851078906
scene_2,user_530,item_5696,0.4164701851078906
scene_2,user_9389,item_2231,0.4164701851078906
scene_2,user_9389,item_5696,0.4164701851078906
scene_2,user_415,item_6962,0.6436363296498353
scene_2,user_6012,item_518,0.31066746727980593
scene_2,user_6012,item_5909,0.31066746727980593
scene_2,user_6012,item_6641,0.31066746727980593
scene_2,user_2406,item_5909,0.25365892483943775
scene_2,user_2406,item_8183,0.22784770917926217
scene_2,user_2406,item_527,0.20979811974466375
scene_2,user_1737,item_5393,0.25365892483943775
scene_2,user_1737,item_767,0.25365892483943775
scene_2,user_1737,item_5399,0.24044917348149392
scene_2,user_1737,item_6962,0.24044917348149392
scene_2,user_1737,item_899,0.24044917348149392
scene_2,user_6271,item_5909,0.43935014561520125
scene_2,user_6271,item_5393,0.35872789172491043
scene_2,user_6271,item_767,0.35872789172491043
scene_2,user_5992,item_5909,0.43935014561520125
scene_2,user_5992,item_5393,0.35872789172491043
scene_2,user_5992,item_767,0.35872789172491043
scene_2,user_9828,item_3290,0.6436363296498353
scene_2,user_789,item_8933,0.6436363296498353
scene_2,user_1482,item_3119,0.37160360818355515
scene_2,user_1482,item_6545,0.37160360818355515
scene_2,user_9169,item_3905,0.3400464821989298
scene_2,user_9169,item_6440,0.3400464821989298
scene_2,user_9169,item_7283,0.3400464821989298
scene_2,user_784,item_3479,0.25694917118487537
scene_2,user_784,item_8516,0.25694917118487537
scene_2,user_784,item_3905,0.24044917348149392
scene_2,user_784,item_7283,0.24044917348149392
scene_2,user_7531,item_3905,0.3400464821989298
scene_2,user_7531,item_6440,0.3400464821989298
scene_2,user_7531,item_7283,0.3400464821989298
scene_2,user_9431,item_3905,0.3400464821989298
scene_2,user_9431,item_6440,0.3400464821989298
scene_2,user_9431,item_7283,0.3400464821989298
scene_2,user_1913,item_3905,0.3400464821989298
scene_2,user_1913,item_6440,0.3400464821989298
scene_2,user_1913,item_7283,0.3400464821989298
scene_2,user_6431,item_3905,0.24044917348149392
scene_2,user_6431,item_6440,0.24044917348149392
scene_2,user_9835,item_6899,0.6436363296498353
scene_2,user_678,item_5720,0.30709257318568767
scene_2,user_678,item_8078,0.30709257318568767
scene_2,user_678,item_8561,0.30709257318568767
scene_2,user_402,item_5720,0.30709257318568767
scene_2,user_402,item_8078,0.30709257318568767
scene_2,user_402,item_8561,0.30709257318568767
scene_2,user_1444,item_6425,0.31066746727980593
scene_2,user_1444,item_5720,0.21714724095162588
scene_2,user_1444,item_8561,0.21714724095162588
scene_2,user_7796,item_5720,0.30709257318568767
scene_2,user_7796,item_8078,0.30709257318568767
scene_2,user_7796,item_8561,0.30709257318568767
scene_2,user_5863,item_5720,0.30709257318568767
scene_2,user_5863,item_8078,0.30709257318568767
scene_2,user_5863,item_8561,0.30709257318568767
scene_2,user_4734,item_5720,0.30709257318568767
scene_2,user_4734,item_8078,0.30709257318568767
scene_2,user_4734,item_8561,0.30709257318568767
scene_2,user_7036,item_8078,0.21714724095162588
scene_2,user_7036,item_8561,0.21714724095162588
scene_2,user_4114,item_5720,0.30709257318568767
scene_2,user_4114,item_8078,0.30709257318568767
scene_2,user_4114,item_8561,0.30709257318568767
scene_2,user_3019,item_2420,0.24044917348149392
scene_2,user_3019,item_95,0.24044917348149392
scene_2,user_3019,item_5720,0.21714724095162588
scene_2,user_3019,item_8078,0.21714724095162588
scene_2,user_3019,item_2084,0.19632592803453744
scene_2,user_3019,item_8963,0.19632592803453744
scene_2,user_9940,item_308,0.3633810027301768
scene_2,user_9940,item_3419,0.3633810027301768
scene_2,user_7057,item_308,0.3633810027301768
scene_2,user_7057,item_3419,0.3633810027301768
scene_2,user_2188,item_308,0.3633810027301768
scene_2,user_2188,item_3419,0.3633810027301768
scene_2,user_7007,item_308,0.3633810027301768
scene_2,user_7007,item_3419,0.3633810027301768
scene_2,user_7762,item_308,0.25694917118487537
scene_2,user_8988,item_1937,0.6436363296498353
scene_2,user_9570,item_9755,0.5100697232983947
scene_2,user_8299,item_5399,0.21714724095162588
scene_2,user_8141,item_9755,0.5100697232983947
scene_2,user_6933,item_3356,0.36067376022224085
scene_2,user_6933,item_4052,0.31066746727980593
scene_2,user_6933,item_9068,0.2944888920518062
scene_2,user_6933,item_9590,0.2944888920518062
scene_2,user_9886,item_4052,0.43935014561520125
scene_2,user_9886,item_7682,0.43935014561520125
scene_2,user_7119,item_4052,0.43935014561520125
scene_2,user_7119,item_7682,0.43935014561520125
scene_2,user_5806,item_5165,0.2944888920518062
scene_2,user_5806,item_9152,0.2944888920518062
scene_2,user_5806,item_5084,0.22755980665670933
scene_2,user_5806,item_1091,0.18580180409177757
scene_2,user_5806,item_5828,0.18580180409177757
scene_2,user_8383,item_449,0.5100697232983947
scene_2,user_8383,item_5165,0.4164701851078906
scene_2,user_8383,item_9152,0.4164701851078906
scene_2,user_4797,item_449,0.2944888920518062
scene_2,user_4797,item_2114,0.1642911980209368
scene_2,user_4797,item_6536,0.1642911980209368
scene_2,user_4797,item_740,0.1642911980209368
scene_2,user_2680,item_7481,0.39464380868665966
scene_2,user_7934,item_7481,0.39464380868665966
scene_2,user_3555,item_8375,0.2790553132756236
scene_2,user_3555,item_9476,0.2790553132756236
scene_2,user_3555,item_2654,0.22784770917926217
scene_2,user_3555,item_7049,0.22784770917926217
scene_2,user_6370,item_7481,0.39464380868665966
scene_2,user_3632,item_7481,0.39464380868665966
scene_2,user_5126,item_1739,0.6436363296498353
scene_2,user_4948,item_365,0.20979811974466375
scene_2,user_4948,item_9083,0.20979811974466375
scene_2,user_3688,item_2987,0.3633810027301768
scene_2,user_3688,item_365,0.29669934630327804
scene_2,user_3688,item_9083,0.29669934630327804
scene_2,user_2291,item_2987,0.3633810027301768
scene_2,user_2291,item_365,0.29669934630327804
scene_2,user_2291,item_9083,0.29669934630327804
scene_2,user_3628,item_2987,0.3633810027301768
scene_2,user_3628,item_365,0.29669934630327804
scene_2,user_3628,item_9083,0.29669934630327804
scene_2,user_7494,item_2987,0.3633810027301768
scene_2,user_7494,item_365,0.29669934630327804
scene_2,user_7494,item_9083,0.29669934630327804
scene_2,user_1920,item_5588,0.39464380868665966
scene_2,user_1920,item_6260,0.39464380868665966
scene_2,user_1920,item_5594,0.3222253204769533
scene_2,user_1920,item_7898,0.3222253204769533
scene_2,user_1892,item_5588,0.2790553132756236
scene_2,user_1892,item_644,0.24044917348149392
scene_2,user_1892,item_6737,0.24044917348149392
scene_2,user_1892,item_7760,0.24044917348149392
scene_2,user_1892,item_8537,0.24044917348149392
scene_2,user_1892,item_5594,0.22784770917926217
scene_2,user_1892,item_7898,0.22784770917926217
scene_2,user_4314,item_4166,0.37160360818355515
scene_2,user_4314,item_3812,0.22784770917926217
scene_2,user_4314,item_5588,0.22784770917926217
scene_2,user_4314,item_6260,0.22784770917926217
scene_2,user_4314,item_6890,0.22784770917926217
scene_2,user_4371,item_6260,0.2790553132756236
scene_2,user_4371,item_8699,0.24044917348149392
scene_2,user_4371,item_5594,0.22784770917926217
scene_2,user_4371,item_7898,0.22784770917926217
scene_2,user_4371,item_3905,0.19632592803453744
scene_2,user_4371,item_6113,0.19632592803453744
scene_2,user_6936,item_5588,0.39464380868665966
scene_2,user_6936,item_6260,0.39464380868665966
scene_2,user_6936,item_5594,0.3222253204769533
scene_2,user_6936,item_7898,0.3222253204769533
scene_2,user_7583,item_1070,0.6436363296498353
scene_2,user_4084,item_4364,0.32181816482491765
scene_2,user_4084,item_5084,0.32181816482491765
scene_2,user_4084,item_1091,0.26276343125998064
scene_2,user_4084,item_5828,0.26276343125998064
scene_2,user_8443,item_4364,0.32181816482491765
scene_2,user_8443,item_5084,0.32181816482491765
scene_2,user_8443,item_1091,0.26276343125998064
scene_2,user_8443,item_5828,0.26276343125998064
scene_2,user_9989,item_4364,0.32181816482491765
scene_2,user_9989,item_5084,0.32181816482491765
scene_2,user_9989,item_1091,0.26276343125998064
scene_2,user_9989,item_5828,0.26276343125998064
scene_2,user_2060,item_4364,0.32181816482491765
scene_2,user_2060,item_5084,0.32181816482491765
scene_2,user_2060,item_1091,0.26276343125998064
scene_2,user_2060,item_5828,0.26276343125998064
scene_2,user_619,item_4364,0.22755980665670933
scene_2,user_619,item_1091,0.18580180409177757
scene_2,user_619,item_5828,0.18580180409177757
scene_2,user_4141,item_4364,0.32181816482491765
scene_2,user_4141,item_5084,0.32181816482491765
scene_2,user_4141,item_1091,0.26276343125998064
scene_2,user_4141,item_5828,0.26276343125998064
scene_2,user_665,item_8633,0.6436363296498353
scene_2,user_9811,item_182,0.6436363296498353
scene_2,user_6049,item_3599,0.39464380868665966
scene_2,user_6049,item_4016,0.39464380868665966
scene_2,user_5849,item_3599,0.39464380868665966
scene_2,user_5849,item_4016,0.39464380868665966
scene_2,user_7536,item_3599,0.39464380868665966
scene_2,user_7536,item_4016,0.39464380868665966
scene_2,user_7401,item_3209,0.39464380868665966
scene_2,user_7401,item_8162,0.39464380868665966
scene_2,user_4474,item_3209,0.39464380868665966
scene_2,user_4474,item_8162,0.39464380868665966
scene_2,user_2691,item_3209,0.39464380868665966
scene_2,user_2691,item_8162,0.39464380868665966
scene_2,user_1208,item_3209,0.2790553132756236
scene_2,user_1208,item_2231,0.25694917118487537
scene_2,user_1208,item_3110,0.25694917118487537
scene_2,user_1208,item_5306,0.25694917118487537
scene_2,user_8741,item_3908,0.45511961331341866
scene_2,user_8728,item_7031,0.6436363296498353
scene_2,user_2230,item_317,0.6436363296498353
scene_2,user_5196,item_9284,0.6436363296498353
scene_2,user_6016,item_3746,0.37160360818355515
scene_2,user_6016,item_4907,0.20979811974466375
scene_2,user_6016,item_6758,0.20979811974466375
scene_2,user_6016,item_8261,0.20979811974466375
scene_2,user_307,item_3695,0.20711164485320396
scene_2,user_307,item_6038,0.20711164485320396
scene_2,user_3411,item_2321,0.35872789172491043
scene_2,user_3411,item_3695,0.35872789172491043
scene_2,user_3411,item_4862,0.35872789172491043
scene_2,user_3411,item_6038,0.35872789172491043
scene_2,user_5685,item_2321,0.35872789172491043
scene_2,user_5685,item_3695,0.35872789172491043
scene_2,user_5685,item_4862,0.35872789172491043
scene_2,user_5685,item_6038,0.35872789172491043
scene_2,user_6132,item_9098,0.37160360818355515
scene_2,user_6132,item_2174,0.22784770917926217
scene_2,user_6132,item_2231,0.22784770917926217
scene_2,user_7361,item_2231,0.39464380868665966
scene_2,user_7361,item_5147,0.3222253204769533
scene_2,user_7361,item_842,0.3222253204769533
scene_2,user_235,item_2231,0.39464380868665966
scene_2,user_235,item_5147,0.3222253204769533
scene_2,user_235,item_842,0.3222253204769533
scene_2,user_2884,item_2231,0.39464380868665966
scene_2,user_2884,item_5147,0.3222253204769533
scene_2,user_2884,item_842,0.3222253204769533
scene_2,user_8119,item_3992,0.30709257318568767
scene_2,user_4654,item_3992,0.30709257318568767
scene_2,user_7996,item_3992,0.30709257318568767
scene_2,user_6750,item_3992,0.30709257318568767
scene_2,user_592,item_3992,0.30709257318568767
scene_2,user_7344,item_3992,0.30709257318568767
scene_2,user_6780,item_3992,0.30709257318568767
scene_2,user_2882,item_3992,0.30709257318568767
scene_2,user_3202,item_3662,0.39464380868665966
scene_2,user_9294,item_3662,0.39464380868665966
scene_2,user_2900,item_3662,0.39464380868665966
scene_2,user_3394,item_3662,0.39464380868665966
scene_2,user_8367,item_131,0.31066746727980593
scene_2,user_8367,item_8696,0.31066746727980593
scene_2,user_8367,item_3989,0.2790553132756236
scene_2,user_9205,item_3989,0.39464380868665966
scene_2,user_9205,item_8612,0.39464380868665966
scene_2,user_4381,item_3989,0.39464380868665966
scene_2,user_4381,item_8612,0.39464380868665966
scene_2,user_6680,item_3989,0.39464380868665966
scene_2,user_6680,item_8612,0.39464380868665966
scene_2,user_2254,item_1550,0.3400464821989298
scene_2,user_2254,item_2513,0.3400464821989298
scene_2,user_2254,item_7913,0.3400464821989298
scene_2,user_9355,item_1550,0.3400464821989298
scene_2,user_9355,item_2513,0.3400464821989298
scene_2,user_9355,item_7913,0.3400464821989298
scene_2,user_3186,item_1550,0.24044917348149392
scene_2,user_3186,item_2513,0.24044917348149392
scene_2,user_3186,item_2660,0.24044917348149392
scene_2,user_3186,item_2309,0.19632592803453744
scene_2,user_3186,item_3929,0.19632592803453744
scene_2,user_3186,item_4046,0.19632592803453744
scene_2,user_3186,item_7610,0.19632592803453744
scene_2,user_9415,item_1550,0.3400464821989298
scene_2,user_9415,item_2513,0.3400464821989298
scene_2,user_9415,item_7913,0.3400464821989298
scene_2,user_4415,item_1550,0.3400464821989298
scene_2,user_4415,item_2513,0.3400464821989298
scene_2,user_4415,item_7913,0.3400464821989298
scene_2,user_8518,item_1100,0.31066746727980593
scene_2,user_8518,item_6713,0.31066746727980593
scene_2,user_231,item_1100,0.31066746727980593
scene_2,user_231,item_2357,0.31066746727980593
scene_2,user_231,item_3581,0.31066746727980593
scene_2,user_231,item_8930,0.31066746727980593
scene_2,user_5137,item_1100,0.43935014561520125
scene_2,user_5137,item_3581,0.43935014561520125
scene_2,user_5137,item_6713,0.43935014561520125
scene_2,user_4629,item_3473,0.30709257318568767
scene_2,user_4629,item_5177,0.30709257318568767
scene_2,user_4629,item_9263,0.30709257318568767
scene_2,user_4332,item_3473,0.30709257318568767
scene_2,user_4332,item_5177,0.30709257318568767
scene_2,user_4332,item_9263,0.30709257318568767
scene_2,user_8055,item_3473,0.30709257318568767
scene_2,user_8055,item_5177,0.30709257318568767
scene_2,user_8055,item_9263,0.30709257318568767
scene_2,user_2881,item_3473,0.30709257318568767
scene_2,user_2881,item_5177,0.30709257318568767
scene_2,user_2881,item_9263,0.30709257318568767
scene_2,user_7221,item_5399,0.36067376022224085
scene_2,user_7221,item_3473,0.21714724095162588
scene_2,user_7221,item_9263,0.21714724095162588
scene_2,user_27,item_3473,0.30709257318568767
scene_2,user_27,item_5177,0.30709257318568767
scene_2,user_27,item_9263,0.30709257318568767
scene_2,user_6160,item_3473,0.21714724095162588
scene_2,user_6160,item_5177,0.21714724095162588
scene_2,user_2141,item_3473,0.30709257318568767
scene_2,user_2141,item_5177,0.30709257318568767
scene_2,user_2141,item_9263,0.30709257318568767
scene_2,user_420,item_878,0.31066746727980593
scene_2,user_3369,item_8753,0.43935014561520125
scene_2,user_3369,item_878,0.43935014561520125
scene_2,user_6867,item_8753,0.31066746727980593
scene_2,user_6867,item_3257,0.20979811974466375
scene_2,user_6867,item_689,0.20979811974466375
scene_2,user_6867,item_1151,0.10489905987233188
scene_2,user_6867,item_1400,0.10489905987233188
scene_2,user_6867,item_1976,0.10489905987233188
scene_2,user_6867,item_3113,0.10489905987233188
scene_2,user_6867,item_5036,0.10489905987233188
scene_2,user_6867,item_5363,0.10489905987233188
scene_2,user_6867,item_6335,0.10489905987233188
scene_2,user_6867,item_812,0.10489905987233188
scene_2,user_6867,item_8255,0.10489905987233188
scene_2,user_6867,item_8348,0.10489905987233188
scene_2,user_6867,item_9311,0.10489905987233188
scene_2,user_4572,item_8753,0.43935014561520125
scene_2,user_4572,item_878,0.43935014561520125
scene_2,user_1801,item_2564,0.37160360818355515
scene_2,user_1801,item_1100,0.25365892483943775
scene_2,user_1801,item_6962,0.25365892483943775
scene_2,user_1801,item_326,0.19632592803453744
scene_2,user_1801,item_8570,0.1602994489876626
scene_2,user_1801,item_8993,0.1602994489876626
scene_2,user_9804,item_3611,0.25694917118487537
scene_2,user_9804,item_5399,0.25694917118487537
scene_2,user_9804,item_2444,0.22755980665670933
scene_2,user_9804,item_6281,0.22755980665670933
scene_2,user_9804,item_9305,0.22755980665670933
scene_2,user_9804,item_6443,0.20979811974466375
scene_2,user_9804,item_8507,0.20979811974466375
scene_2,user_4802,item_1622,0.3034130755422791
scene_2,user_4802,item_6686,0.3034130755422791
scene_2,user_4802,item_3611,0.20979811974466375
scene_2,user_4802,item_5399,0.20979811974466375
scene_2,user_4802,item_5984,0.20979811974466375
scene_2,user_6706,item_3611,0.3633810027301768
scene_2,user_6706,item_5399,0.3633810027301768
scene_2,user_6706,item_5984,0.3633810027301768
scene_2,user_6706,item_6443,0.29669934630327804
scene_2,user_6706,item_8507,0.29669934630327804
scene_2,user_3845,item_3611,0.3633810027301768
scene_2,user_3845,item_5399,0.3633810027301768
scene_2,user_3845,item_5984,0.3633810027301768
scene_2,user_3845,item_6443,0.29669934630327804
scene_2,user_3845,item_8507,0.29669934630327804
scene_2,user_155,item_3611,0.25694917118487537
scene_2,user_155,item_5984,0.25694917118487537
scene_2,user_155,item_6443,0.20979811974466375
scene_2,user_155,item_8507,0.20979811974466375
scene_2,user_155,item_3302,0.20121480219092233
scene_2,user_155,item_5177,0.20121480219092233
scene_2,user_155,item_5909,0.20121480219092233
scene_2,user_155,item_8117,0.20121480219092233
scene_2,user_155,item_9755,0.20121480219092233
scene_2,user_130,item_1844,0.6436363296498353
scene_2,user_9926,item_9776,0.43935014561520125
scene_2,user_9926,item_3674,0.35872789172491043
scene_2,user_9926,item_5363,0.35872789172491043
scene_2,user_2147,item_3458,0.31066746727980593
scene_2,user_2147,item_3674,0.25365892483943775
scene_2,user_2147,item_5363,0.25365892483943775
scene_2,user_1429,item_9776,0.43935014561520125
scene_2,user_1429,item_3674,0.35872789172491043
scene_2,user_1429,item_5363,0.35872789172491043
scene_2,user_9219,item_2321,0.4164701851078906
scene_2,user_9219,item_464,0.4164701851078906
scene_2,user_5112,item_2321,0.4164701851078906
scene_2,user_5112,item_464,0.4164701851078906
scene_2,user_9503,item_1109,0.3633810027301768
scene_2,user_6063,item_1109,0.3633810027301768
scene_2,user_6287,item_1109,0.3633810027301768
scene_2,user_2508,item_1109,0.3633810027301768
scene_2,user_7384,item_1109,0.3633810027301768
scene_2,user_7702,item_3812,0.5100697232983947
scene_2,user_69,item_3812,0.5100697232983947
scene_2,user_7594,item_1091,0.24044917348149392
scene_2,user_7594,item_8501,0.24044917348149392
scene_2,user_7594,item_9656,0.24044917348149392
scene_2,user_467,item_1091,0.3400464821989298
scene_2,user_467,item_7823,0.3400464821989298
scene_2,user_467,item_8501,0.3400464821989298
scene_2,user_467,item_9656,0.3400464821989298
scene_2,user_3295,item_1811,0.2790553132756236
scene_2,user_3295,item_1091,0.24044917348149392
scene_2,user_3295,item_7823,0.24044917348149392
scene_2,user_3295,item_9656,0.24044917348149392
scene_2,user_4317,item_1091,0.3400464821989298
scene_2,user_4317,item_7823,0.3400464821989298
scene_2,user_4317,item_8501,0.3400464821989298
scene_2,user_4317,item_9656,0.3400464821989298
scene_2,user_5212,item_1091,0.3400464821989298
scene_2,user_5212,item_7823,0.3400464821989298
scene_2,user_5212,item_8501,0.3400464821989298
scene_2,user_5212,item_9656,0.3400464821989298
scene_2,user_1037,item_1091,0.24044917348149392
scene_2,user_1037,item_7823,0.24044917348149392
scene_2,user_1037,item_8501,0.24044917348149392
scene_2,user_1037,item_4619,0.20979811974466375
scene_2,user_1037,item_7772,0.20979811974466375
scene_2,user_4420,item_7853,0.2790553132756236
scene_2,user_9410,item_9404,0.6436363296498353
scene_2,user_4465,item_5162,0.6436363296498353
scene_2,user_681,item_1688,0.5255268625199613
scene_2,user_681,item_8120,0.5255268625199613
scene_2,user_3183,item_2336,0.5100697232983947
scene_2,user_3183,item_485,0.4164701851078906
scene_2,user_3183,item_6353,0.4164701851078906
scene_2,user_7832,item_2336,0.2944888920518062
scene_2,user_9050,item_6389,0.5100697232983947
scene_2,user_9050,item_9320,0.5100697232983947
scene_2,user_1388,item_6389,0.36067376022224085
scene_2,user_8908,item_9320,0.36067376022224085
scene_2,user_8908,item_65,0.2790553132756236
scene_2,user_6889,item_2759,0.25365892483943775
scene_2,user_6889,item_6110,0.25365892483943775
scene_2,user_7416,item_9947,0.43935014561520125
scene_2,user_7416,item_2759,0.35872789172491043
scene_2,user_7416,item_6110,0.35872789172491043
scene_2,user_2366,item_9947,0.43935014561520125
scene_2,user_2366,item_2759,0.35872789172491043
scene_2,user_2366,item_6110,0.35872789172491043
scene_2,user_2742,item_7448,0.24044917348149392
scene_2,user_2742,item_6029,0.19632592803453744
scene_2,user_2742,item_9416,0.19632592803453744
scene_2,user_3798,item_8549,0.5100697232983947
scene_2,user_4939,item_8549,0.5100697232983947
scene_2,user_5812,item_3830,0.6436363296498353
scene_2,user_1333,item_9668,0.6436363296498353
scene_2,user_3278,item_8300,0.31066746727980593
scene_2,user_799,item_9524,0.6436363296498353
scene_2,user_5160,item_1742,0.39464380868665966
scene_2,user_5160,item_2021,0.39464380868665966
scene_2,user_5160,item_2963,0.39464380868665966
scene_2,user_4312,item_1742,0.39464380868665966
scene_2,user_4312,item_2021,0.39464380868665966
scene_2,user_4312,item_2963,0.39464380868665966
scene_2,user_3781,item_2021,0.2790553132756236
scene_2,user_3781,item_2963,0.2790553132756236
scene_2,user_2185,item_9122,0.39464380868665966
scene_2,user_2258,item_9122,0.39464380868665966
scene_2,user_3319,item_9122,0.39464380868665966
scene_2,user_4391,item_9122,0.39464380868665966
scene_2,user_3968,item_5126,0.24044917348149392
scene_2,user_3968,item_9881,0.24044917348149392
scene_2,user_3968,item_1307,0.19632592803453744
scene_2,user_3968,item_3476,0.19632592803453744
scene_2,user_3968,item_5495,0.19632592803453744
scene_2,user_3968,item_6845,0.19632592803453744
scene_2,user_4576,item_1547,0.6436363296498353
scene_2,user_5717,item_530,0.6436363296498353
scene_2,user_2635,item_1592,0.45511961331341866
scene_2,user_4093,item_3542,0.30709257318568767
scene_2,user_4093,item_533,0.30709257318568767
scene_2,user_4093,item_9986,0.30709257318568767
scene_2,user_4093,item_1151,0.12537001801720574
scene_2,user_4093,item_1400,0.12537001801720574
scene_2,user_4093,item_1976,0.12537001801720574
scene_2,user_4093,item_3113,0.12537001801720574
scene_2,user_4093,item_5363,0.12537001801720574
scene_2,user_4093,item_6335,0.12537001801720574
scene_2,user_4093,item_812,0.12537001801720574
scene_2,user_4093,item_8255,0.12537001801720574
scene_2,user_4093,item_8348,0.12537001801720574
scene_2,user_4093,item_878,0.12537001801720574
scene_2,user_4093,item_9311,0.12537001801720574
scene_2,user_7793,item_3542,0.30709257318568767
scene_2,user_7793,item_533,0.30709257318568767
scene_2,user_7793,item_9986,0.30709257318568767
scene_2,user_7793,item_1151,0.12537001801720574
scene_2,user_7793,item_1400,0.12537001801720574
scene_2,user_7793,item_1976,0.12537001801720574
scene_2,user_7793,item_3113,0.12537001801720574
scene_2,user_7793,item_5363,0.12537001801720574
scene_2,user_7793,item_6335,0.12537001801720574
scene_2,user_7793,item_812,0.12537001801720574
scene_2,user_7793,item_8255,0.12537001801720574
scene_2,user_7793,item_8348,0.12537001801720574
scene_2,user_7793,item_878,0.12537001801720574
scene_2,user_7793,item_9311,0.12537001801720574
scene_2,user_5907,item_3542,0.30709257318568767
scene_2,user_5907,item_533,0.30709257318568767
scene_2,user_5907,item_9986,0.30709257318568767
scene_2,user_5907,item_1151,0.12537001801720574
scene_2,user_5907,item_1400,0.12537001801720574
scene_2,user_5907,item_1976,0.12537001801720574
scene_2,user_5907,item_3113,0.12537001801720574
scene_2,user_5907,item_5363,0.12537001801720574
scene_2,user_5907,item_6335,0.12537001801720574
scene_2,user_5907,item_812,0.12537001801720574
scene_2,user_5907,item_8255,0.12537001801720574
scene_2,user_5907,item_8348,0.12537001801720574
scene_2,user_5907,item_878,0.12537001801720574
scene_2,user_5907,item_9311,0.12537001801720574
scene_2,user_9112,item_5834,0.31066746727980593
scene_2,user_9112,item_3542,0.21714724095162588
scene_2,user_9112,item_533,0.21714724095162588
scene_2,user_9112,item_1151,0.08864998989744582
scene_2,user_9112,item_1400,0.08864998989744582
scene_2,user_9112,item_1976,0.08864998989744582
scene_2,user_9112,item_3113,0.08864998989744582
scene_2,user_9112,item_5363,0.08864998989744582
scene_2,user_9112,item_6335,0.08864998989744582
scene_2,user_9112,item_812,0.08864998989744582
scene_2,user_9112,item_8255,0.08864998989744582
scene_2,user_9112,item_8348,0.08864998989744582
scene_2,user_9112,item_878,0.08864998989744582
scene_2,user_9112,item_9311,0.08864998989744582
scene_2,user_356,item_3542,0.30709257318568767
scene_2,user_356,item_533,0.30709257318568767
scene_2,user_356,item_9986,0.30709257318568767
scene_2,user_356,item_1151,0.12537001801720574
scene_2,user_356,item_1400,0.12537001801720574
scene_2,user_356,item_1976,0.12537001801720574
scene_2,user_356,item_3113,0.12537001801720574
scene_2,user_356,item_5363,0.12537001801720574
scene_2,user_356,item_6335,0.12537001801720574
scene_2,user_356,item_812,0.12537001801720574
scene_2,user_356,item_8255,0.12537001801720574
scene_2,user_356,item_8348,0.12537001801720574
scene_2,user_356,item_878,0.12537001801720574
scene_2,user_356,item_9311,0.12537001801720574
scene_2,user_4506,item_3542,0.21714724095162588
scene_2,user_4506,item_9986,0.21714724095162588
scene_2,user_4506,item_1151,0.08864998989744582
scene_2,user_4506,item_1400,0.08864998989744582
scene_2,user_4506,item_1976,0.08864998989744582
scene_2,user_4506,item_3113,0.08864998989744582
scene_2,user_4506,item_5363,0.08864998989744582
scene_2,user_4506,item_6335,0.08864998989744582
scene_2,user_4506,item_812,0.08864998989744582
scene_2,user_4506,item_8255,0.08864998989744582
scene_2,user_4506,item_8348,0.08864998989744582
scene_2,user_4506,item_878,0.08864998989744582
scene_2,user_4506,item_9311,0.08864998989744582
scene_2,user_7248,item_3542,0.30709257318568767
scene_2,user_7248,item_533,0.30709257318568767
scene_2,user_7248,item_9986,0.30709257318568767
scene_2,user_7248,item_1151,0.12537001801720574
scene_2,user_7248,item_1400,0.12537001801720574
scene_2,user_7248,item_1976,0.12537001801720574
scene_2,user_7248,item_3113,0.12537001801720574
scene_2,user_7248,item_5363,0.12537001801720574
scene_2,user_7248,item_6335,0.12537001801720574
scene_2,user_7248,item_812,0.12537001801720574
scene_2,user_7248,item_8255,0.12537001801720574
scene_2,user_7248,item_8348,0.12537001801720574
scene_2,user_7248,item_878,0.12537001801720574
scene_2,user_7248,item_9311,0.12537001801720574
scene_2,user_4040,item_8360,0.6436363296498353
scene_2,user_2095,item_2612,0.3633810027301768
scene_2,user_2095,item_7364,0.3633810027301768
scene_2,user_2095,item_2780,0.29669934630327804
scene_2,user_2095,item_4151,0.29669934630327804
scene_2,user_7257,item_2612,0.3633810027301768
scene_2,user_7257,item_7364,0.3633810027301768
scene_2,user_7257,item_2780,0.29669934630327804
scene_2,user_7257,item_4151,0.29669934630327804
scene_2,user_1316,item_2612,0.3633810027301768
scene_2,user_1316,item_7364,0.3633810027301768
scene_2,user_1316,item_2780,0.29669934630327804
scene_2,user_1316,item_4151,0.29669934630327804
scene_2,user_4279,item_3254,0.2790553132756236
scene_2,user_4279,item_9371,0.2790553132756236
scene_2,user_4279,item_2612,0.25694917118487537
scene_2,user_4279,item_2780,0.20979811974466375
scene_2,user_4279,item_4151,0.20979811974466375
scene_2,user_7736,item_287,0.43935014561520125
scene_2,user_7736,item_7112,0.43935014561520125
scene_2,user_5562,item_1127,0.31066746727980593
scene_2,user_5562,item_287,0.31066746727980593
scene_2,user_4210,item_287,0.43935014561520125
scene_2,user_4210,item_7112,0.43935014561520125
scene_2,user_4045,item_8432,0.36067376022224085
scene_2,user_4045,item_20,0.24044917348149392
scene_2,user_4045,item_7019,0.24044917348149392
scene_2,user_8742,item_20,0.3400464821989298
scene_2,user_8742,item_6251,0.3400464821989298
scene_2,user_8742,item_7019,0.3400464821989298
scene_2,user_6927,item_1016,0.31066746727980593
scene_2,user_6927,item_9650,0.31066746727980593
scene_2,user_6927,item_20,0.24044917348149392
scene_2,user_6927,item_6251,0.24044917348149392
scene_2,user_791,item_20,0.3400464821989298
scene_2,user_791,item_6251,0.3400464821989298
scene_2,user_791,item_7019,0.3400464821989298
scene_2,user_4916,item_20,0.3400464821989298
scene_2,user_4916,item_6251,0.3400464821989298
scene_2,user_4916,item_7019,0.3400464821989298
scene_2,user_4475,item_20,0.3400464821989298
scene_2,user_4475,item_6251,0.3400464821989298
scene_2,user_4475,item_7019,0.3400464821989298
scene_2,user_3865,item_449,0.3633810027301768
scene_2,user_7649,item_449,0.3633810027301768
scene_2,user_7843,item_449,0.3633810027301768
scene_2,user_4919,item_449,0.3633810027301768
scene_2,user_4770,item_449,0.3633810027301768
scene_2,user_9296,item_7391,0.5100697232983947
scene_2,user_8961,item_7391,0.5100697232983947
scene_2,user_7726,item_2423,0.5100697232983947
scene_2,user_7018,item_2423,0.5100697232983947
scene_2,user_4941,item_2513,0.6436363296498353
scene_2,user_6162,item_284,0.2845607022086219
scene_2,user_6162,item_2960,0.2845607022086219
scene_2,user_6162,item_2276,0.20121480219092233
scene_2,user_6162,item_3830,0.20121480219092233
scene_2,user_6162,item_7856,0.20121480219092233
scene_2,user_1391,item_284,0.2845607022086219
scene_2,user_1391,item_2960,0.2845607022086219
scene_2,user_1391,item_2276,0.20121480219092233
scene_2,user_1391,item_3830,0.20121480219092233
scene_2,user_1391,item_7856,0.20121480219092233
scene_2,user_5148,item_284,0.2845607022086219
scene_2,user_5148,item_2960,0.2845607022086219
scene_2,user_5148,item_2276,0.20121480219092233
scene_2,user_5148,item_3830,0.20121480219092233
scene_2,user_5148,item_7856,0.20121480219092233
scene_2,user_3647,item_284,0.2845607022086219
scene_2,user_3647,item_2960,0.2845607022086219
scene_2,user_3647,item_2276,0.20121480219092233
scene_2,user_3647,item_3830,0.20121480219092233
scene_2,user_3647,item_7856,0.20121480219092233
scene_2,user_9801,item_284,0.2845607022086219
scene_2,user_9801,item_2960,0.2845607022086219
scene_2,user_9801,item_2276,0.20121480219092233
scene_2,user_9801,item_3830,0.20121480219092233
scene_2,user_9801,item_7856,0.20121480219092233
scene_2,user_1657,item_284,0.2845607022086219
scene_2,user_1657,item_2960,0.2845607022086219
scene_2,user_1657,item_2276,0.20121480219092233
scene_2,user_1657,item_3830,0.20121480219092233
scene_2,user_1657,item_7856,0.20121480219092233
scene_2,user_543,item_284,0.2845607022086219
scene_2,user_543,item_2960,0.2845607022086219
scene_2,user_543,item_2276,0.20121480219092233
scene_2,user_543,item_3830,0.20121480219092233
scene_2,user_543,item_7856,0.20121480219092233
scene_2,user_302,item_284,0.2845607022086219
scene_2,user_302,item_2960,0.2845607022086219
scene_2,user_302,item_2276,0.20121480219092233
scene_2,user_302,item_3830,0.20121480219092233
scene_2,user_302,item_7856,0.20121480219092233
scene_2,user_644,item_2420,0.43935014561520125
scene_2,user_644,item_9713,0.43935014561520125
scene_2,user_4163,item_2420,0.31066746727980593
scene_2,user_5399,item_2420,0.43935014561520125
scene_2,user_5399,item_9713,0.43935014561520125
scene_2,user_4905,item_3329,0.30709257318568767
scene_2,user_4905,item_4148,0.30709257318568767
scene_2,user_1220,item_3329,0.30709257318568767
scene_2,user_1220,item_4148,0.30709257318568767
scene_2,user_3344,item_3329,0.21714724095162588
scene_2,user_7260,item_3329,0.30709257318568767
scene_2,user_7260,item_4148,0.30709257318568767
scene_2,user_6540,item_3329,0.30709257318568767
scene_2,user_6540,item_4148,0.30709257318568767
scene_2,user_9574,item_3329,0.30709257318568767
scene_2,user_9574,item_4148,0.30709257318568767
scene_2,user_2636,item_3329,0.30709257318568767
scene_2,user_2636,item_4148,0.30709257318568767
scene_2,user_5906,item_3329,0.30709257318568767
scene_2,user_5906,item_4148,0.30709257318568767
scene_2,user_2940,item_9122,0.3400464821989298
scene_2,user_5022,item_9122,0.3400464821989298
scene_2,user_3004,item_9122,0.3400464821989298
scene_2,user_1944,item_9122,0.3400464821989298
scene_2,user_3546,item_9122,0.3400464821989298
scene_2,user_9793,item_5018,0.24044917348149392
scene_2,user_9793,item_9881,0.24044917348149392
scene_2,user_9793,item_1307,0.19632592803453744
scene_2,user_9793,item_3476,0.19632592803453744
scene_2,user_9793,item_5495,0.19632592803453744
scene_2,user_9793,item_6845,0.19632592803453744
scene_2,user_4111,item_9122,0.3400464821989298
scene_2,user_4778,item_4100,0.43935014561520125
scene_2,user_288,item_4100,0.43935014561520125
scene_2,user_1406,item_4100,0.43935014561520125
scene_2,user_9652,item_2174,0.39464380868665966
scene_2,user_9652,item_4661,0.3222253204769533
scene_2,user_9652,item_842,0.3222253204769533
scene_2,user_3556,item_2174,0.39464380868665966
scene_2,user_3556,item_4661,0.3222253204769533
scene_2,user_3556,item_842,0.3222253204769533
scene_2,user_1717,item_2174,0.39464380868665966
scene_2,user_1717,item_4661,0.3222253204769533
scene_2,user_1717,item_842,0.3222253204769533
scene_2,user_6737,item_9707,0.6436363296498353
scene_2,user_1716,item_5129,0.25694917118487537
scene_2,user_1716,item_62,0.25694917118487537
scene_2,user_6648,item_6113,0.5255268625199613
scene_2,user_6648,item_6245,0.5255268625199613
scene_2,user_4479,item_3905,0.2404491734814939
scene_2,user_4479,item_5588,0.2404491734814939
scene_2,user_4479,item_1469,0.17729997979489165
scene_2,user_4479,item_5495,0.17729997979489165
scene_2,user_6895,item_3695,0.2944888920518062
scene_2,user_6895,item_464,0.2944888920518062
scene_2,user_6895,item_6125,0.2944888920518062
scene_2,user_6895,item_8585,0.2944888920518062
scene_2,user_7568,item_6038,0.6436363296498353
scene_2,user_4952,item_4946,0.5100697232983947
scene_2,user_8269,item_4946,0.5100697232983947
scene_2,user_830,item_2114,0.2845607022086219
scene_2,user_830,item_6536,0.2845607022086219
scene_2,user_830,item_740,0.2845607022086219
scene_2,user_830,item_4364,0.23234284041973263
scene_2,user_830,item_9152,0.23234284041973263
scene_2,user_461,item_2114,0.2845607022086219
scene_2,user_461,item_6536,0.2845607022086219
scene_2,user_461,item_740,0.2845607022086219
scene_2,user_461,item_4364,0.23234284041973263
scene_2,user_461,item_9152,0.23234284041973263
scene_2,user_1665,item_2114,0.2845607022086219
scene_2,user_1665,item_6536,0.2845607022086219
scene_2,user_1665,item_740,0.2845607022086219
scene_2,user_1665,item_4364,0.23234284041973263
scene_2,user_1665,item_9152,0.23234284041973263
scene_2,user_4066,item_2114,0.2845607022086219
scene_2,user_4066,item_6536,0.2845607022086219
scene_2,user_4066,item_740,0.2845607022086219
scene_2,user_4066,item_4364,0.23234284041973263
scene_2,user_4066,item_9152,0.23234284041973263
scene_2,user_3244,item_3047,0.2790553132756236
scene_2,user_3244,item_8573,0.2790553132756236
scene_2,user_3244,item_1400,0.22784770917926217
scene_2,user_3244,item_9839,0.22784770917926217
scene_2,user_3244,item_2114,0.20121480219092233
scene_2,user_3244,item_6536,0.20121480219092233
scene_2,user_3244,item_4364,0.1642911980209368
scene_2,user_3244,item_9152,0.1642911980209368
scene_2,user_8683,item_2114,0.2845607022086219
scene_2,user_8683,item_6536,0.2845607022086219
scene_2,user_8683,item_740,0.2845607022086219
scene_2,user_8683,item_4364,0.23234284041973263
scene_2,user_8683,item_9152,0.23234284041973263
scene_2,user_7228,item_2114,0.2845607022086219
scene_2,user_7228,item_6536,0.2845607022086219
scene_2,user_7228,item_740,0.2845607022086219
scene_2,user_7228,item_4364,0.23234284041973263
scene_2,user_7228,item_9152,0.23234284041973263
scene_2,user_595,item_2114,0.2845607022086219
scene_2,user_595,item_6536,0.2845607022086219
scene_2,user_595,item_740,0.2845607022086219
scene_2,user_595,item_4364,0.23234284041973263
scene_2,user_595,item_9152,0.23234284041973263
scene_2,user_1470,item_1811,0.2790553132756236
scene_2,user_1470,item_2114,0.20121480219092233
scene_2,user_1470,item_740,0.20121480219092233
scene_2,user_1470,item_4364,0.1642911980209368
scene_2,user_1470,item_9152,0.1642911980209368
scene_2,user_3146,item_5192,0.6436363296498353
scene_2,user_200,item_4742,0.36067376022224085
scene_2,user_200,item_3302,0.20121480219092233
scene_2,user_200,item_4838,0.20121480219092233
scene_2,user_200,item_5909,0.20121480219092233
scene_2,user_200,item_8117,0.20121480219092233
scene_2,user_200,item_9755,0.20121480219092233
scene_2,user_7135,item_4742,0.5100697232983947
scene_2,user_7135,item_5399,0.5100697232983947
scene_2,user_1125,item_1100,0.43935014561520125
scene_2,user_1125,item_6962,0.43935014561520125
scene_2,user_1125,item_482,0.35872789172491043
scene_2,user_1125,item_9248,0.35872789172491043
scene_2,user_2954,item_1100,0.31066746727980593
scene_2,user_2954,item_4244,0.31066746727980593
scene_2,user_2954,item_5909,0.31066746727980593
scene_2,user_2954,item_6641,0.31066746727980593
scene_2,user_2954,item_482,0.25365892483943775
scene_2,user_2954,item_9248,0.25365892483943775
scene_2,user_526,item_1841,0.39464380868665966
scene_2,user_526,item_2372,0.39464380868665966
scene_2,user_8808,item_1841,0.39464380868665966
scene_2,user_8808,item_2372,0.39464380868665966
scene_2,user_732,item_1841,0.39464380868665966
scene_2,user_732,item_2372,0.39464380868665966
scene_2,user_2519,item_2372,0.2790553132756236
scene_2,user_2042,item_5171,0.6436363296498353
scene_2,user_9297,item_1505,0.5255268625199613
scene_2,user_9297,item_80,0.5255268625199613
scene_2,user_6316,item_4223,0.45511961331341866
scene_2,user_4986,item_7535,0.6436363296498353
scene_2,user_9520,item_767,0.32181816482491765
scene_2,user_9520,item_8093,0.32181816482491765
scene_2,user_9520,item_23,0.22755980665670933
scene_2,user_9520,item_2351,0.22755980665670933
scene_2,user_9520,item_7856,0.22755980665670933
scene_2,user_3204,item_767,0.32181816482491765
scene_2,user_3204,item_8093,0.32181816482491765
scene_2,user_3204,item_23,0.22755980665670933
scene_2,user_3204,item_2351,0.22755980665670933
scene_2,user_3204,item_7856,0.22755980665670933
scene_2,user_8454,item_767,0.22755980665670933
scene_2,user_8454,item_23,0.16090908241245883
scene_2,user_8454,item_2351,0.16090908241245883
scene_2,user_8454,item_7856,0.16090908241245883
scene_2,user_1878,item_8093,0.22755980665670933
scene_2,user_1878,item_4265,0.20979811974466375
scene_2,user_1878,item_5393,0.20979811974466375
scene_2,user_1878,item_23,0.16090908241245883
scene_2,user_1878,item_2351,0.16090908241245883
scene_2,user_1878,item_7856,0.16090908241245883
scene_2,user_2250,item_767,0.32181816482491765
scene_2,user_2250,item_8093,0.32181816482491765
scene_2,user_2250,item_23,0.22755980665670933
scene_2,user_2250,item_2351,0.22755980665670933
scene_2,user_2250,item_7856,0.22755980665670933
scene_2,user_1827,item_767,0.32181816482491765
scene_2,user_1827,item_8093,0.32181816482491765
scene_2,user_1827,item_23,0.22755980665670933
scene_2,user_1827,item_2351,0.22755980665670933
scene_2,user_1827,item_7856,0.22755980665670933
scene_2,user_8841,item_767,0.32181816482491765
scene_2,user_8841,item_8093,0.32181816482491765
scene_2,user_8841,item_23,0.22755980665670933
scene_2,user_8841,item_2351,0.22755980665670933
scene_2,user_8841,item_7856,0.22755980665670933
scene_2,user_5465,item_6734,0.6436363296498353
scene_2,user_1884,item_9098,0.45511961331341866
scene_2,user_9845,item_7169,0.43935014561520125
scene_2,user_7945,item_7169,0.43935014561520125
scene_2,user_808,item_7169,0.43935014561520125
scene_2,user_6166,item_6188,0.2790553132756236
scene_2,user_6166,item_2231,0.25694917118487537
scene_2,user_6166,item_3110,0.25694917118487537
scene_2,user_6166,item_4559,0.25694917118487537
scene_2,user_9473,item_6188,0.39464380868665966
scene_2,user_9473,item_8162,0.39464380868665966
scene_2,user_2248,item_6188,0.39464380868665966
scene_2,user_2248,item_8162,0.39464380868665966
scene_2,user_1285,item_6188,0.39464380868665966
scene_2,user_1285,item_8162,0.39464380868665966
scene_2,user_1802,item_1265,0.45511961331341866
scene_2,user_1802,item_8162,0.2790553132756236
scene_2,user_7490,item_6956,0.30709257318568767
scene_2,user_7490,item_8267,0.30709257318568767
scene_2,user_61,item_6956,0.30709257318568767
scene_2,user_61,item_8267,0.30709257318568767
scene_2,user_3593,item_6956,0.30709257318568767
scene_2,user_3593,item_8267,0.30709257318568767
scene_2,user_5749,item_5726,0.25694917118487537
scene_2,user_5749,item_8267,0.21714724095162588
scene_2,user_7920,item_6956,0.30709257318568767
scene_2,user_7920,item_8267,0.30709257318568767
scene_2,user_9304,item_6956,0.30709257318568767
scene_2,user_9304,item_8267,0.30709257318568767
scene_2,user_4757,item_6956,0.30709257318568767
scene_2,user_4757,item_8267,0.30709257318568767
scene_2,user_5913,item_6956,0.21714724095162588
scene_2,user_5913,item_9080,0.21714724095162588
scene_2,user_5240,item_6956,0.30709257318568767
scene_2,user_5240,item_8267,0.30709257318568767
scene_2,user_1576,item_5036,0.6436363296498353
scene_2,user_2684,item_3740,0.5100697232983947
scene_2,user_1280,item_3740,0.5100697232983947
scene_2,user_5604,item_3674,0.29669934630327804
scene_2,user_5604,item_4850,0.29669934630327804
scene_2,user_5604,item_1151,0.14834967315163902
scene_2,user_5604,item_1400,0.14834967315163902
scene_2,user_5604,item_1976,0.14834967315163902
scene_2,user_5604,item_3113,0.14834967315163902
scene_2,user_5604,item_5036,0.14834967315163902
scene_2,user_5604,item_6335,0.14834967315163902
scene_2,user_5604,item_812,0.14834967315163902
scene_2,user_5604,item_8255,0.14834967315163902
scene_2,user_5604,item_8348,0.14834967315163902
scene_2,user_5604,item_878,0.14834967315163902
scene_2,user_5604,item_9311,0.14834967315163902
scene_2,user_2177,item_3674,0.29669934630327804
scene_2,user_2177,item_4850,0.29669934630327804
scene_2,user_2177,item_1151,0.14834967315163902
scene_2,user_2177,item_1400,0.14834967315163902
scene_2,user_2177,item_1976,0.14834967315163902
scene_2,user_2177,item_3113,0.14834967315163902
scene_2,user_2177,item_5036,0.14834967315163902
scene_2,user_2177,item_6335,0.14834967315163902
scene_2,user_2177,item_812,0.14834967315163902
scene_2,user_2177,item_8255,0.14834967315163902
scene_2,user_2177,item_8348,0.14834967315163902
scene_2,user_2177,item_878,0.14834967315163902
scene_2,user_2177,item_9311,0.14834967315163902
scene_2,user_6405,item_3674,0.29669934630327804
scene_2,user_6405,item_4850,0.29669934630327804
scene_2,user_6405,item_1151,0.14834967315163902
scene_2,user_6405,item_1400,0.14834967315163902
scene_2,user_6405,item_1976,0.14834967315163902
scene_2,user_6405,item_3113,0.14834967315163902
scene_2,user_6405,item_5036,0.14834967315163902
scene_2,user_6405,item_6335,0.14834967315163902
scene_2,user_6405,item_812,0.14834967315163902
scene_2,user_6405,item_8255,0.14834967315163902
scene_2,user_6405,item_8348,0.14834967315163902
scene_2,user_6405,item_878,0.14834967315163902
scene_2,user_6405,item_9311,0.14834967315163902
scene_2,user_7503,item_3674,0.29669934630327804
scene_2,user_7503,item_4850,0.29669934630327804
scene_2,user_7503,item_1151,0.14834967315163902
scene_2,user_7503,item_1400,0.14834967315163902
scene_2,user_7503,item_1976,0.14834967315163902
scene_2,user_7503,item_3113,0.14834967315163902
scene_2,user_7503,item_5036,0.14834967315163902
scene_2,user_7503,item_6335,0.14834967315163902
scene_2,user_7503,item_812,0.14834967315163902
scene_2,user_7503,item_8255,0.14834967315163902
scene_2,user_7503,item_8348,0.14834967315163902
scene_2,user_7503,item_878,0.14834967315163902
scene_2,user_7503,item_9311,0.14834967315163902
scene_2,user_74,item_1781,0.43935014561520125
scene_2,user_74,item_2654,0.43935014561520125
scene_2,user_74,item_3206,0.43935014561520125
scene_2,user_1233,item_1988,0.43935014561520125
scene_2,user_1734,item_1988,0.43935014561520125
scene_2,user_4507,item_1988,0.43935014561520125
scene_2,user_2781,item_1322,0.6436363296498353
scene_2,user_3783,item_8183,0.39464380868665966
scene_2,user_3783,item_4265,0.3222253204769533
scene_2,user_3783,item_767,0.3222253204769533
scene_2,user_4946,item_8183,0.39464380868665966
scene_2,user_4946,item_4265,0.3222253204769533
scene_2,user_4946,item_767,0.3222253204769533
scene_2,user_8031,item_8183,0.39464380868665966
scene_2,user_8031,item_4265,0.3222253204769533
scene_2,user_8031,item_767,0.3222253204769533
scene_2,user_6531,item_8993,0.31066746727980593
scene_2,user_6531,item_6884,0.25365892483943775
scene_2,user_6531,item_9995,0.25365892483943775
scene_2,user_6531,item_4265,0.22784770917926217
scene_2,user_6531,item_767,0.22784770917926217
scene_2,user_3699,item_3302,0.2845607022086219
scene_2,user_3699,item_4838,0.2845607022086219
scene_2,user_3699,item_5177,0.2845607022086219
scene_2,user_3699,item_5909,0.2845607022086219
scene_2,user_3699,item_8117,0.2845607022086219
scene_2,user_3699,item_9755,0.2845607022086219
scene_2,user_7132,item_3302,0.2845607022086219
scene_2,user_7132,item_4838,0.2845607022086219
scene_2,user_7132,item_5177,0.2845607022086219
scene_2,user_7132,item_5909,0.2845607022086219
scene_2,user_7132,item_8117,0.2845607022086219
scene_2,user_7132,item_9755,0.2845607022086219
scene_2,user_5702,item_3302,0.2845607022086219
scene_2,user_5702,item_4838,0.2845607022086219
scene_2,user_5702,item_5177,0.2845607022086219
scene_2,user_5702,item_5909,0.2845607022086219
scene_2,user_5702,item_8117,0.2845607022086219
scene_2,user_5702,item_9755,0.2845607022086219
scene_2,user_4762,item_4355,0.21714724095162588
scene_2,user_4762,item_3302,0.20121480219092233
scene_2,user_4762,item_4838,0.20121480219092233
scene_2,user_4762,item_5177,0.20121480219092233
scene_2,user_4762,item_5909,0.20121480219092233
scene_2,user_4762,item_8117,0.20121480219092233
scene_2,user_8912,item_3302,0.2845607022086219
scene_2,user_8912,item_4838,0.2845607022086219
scene_2,user_8912,item_5177,0.2845607022086219
scene_2,user_8912,item_5909,0.2845607022086219
scene_2,user_8912,item_8117,0.2845607022086219
scene_2,user_8912,item_9755,0.2845607022086219
scene_2,user_1097,item_4265,0.24044917348149392
scene_2,user_1097,item_6962,0.24044917348149392
scene_2,user_1097,item_899,0.24044917348149392
scene_2,user_1097,item_3302,0.20121480219092233
scene_2,user_1097,item_4838,0.20121480219092233
scene_2,user_1097,item_5177,0.20121480219092233
scene_2,user_1097,item_8117,0.20121480219092233
scene_2,user_1097,item_9755,0.20121480219092233
scene_2,user_4322,item_3302,0.20121480219092233
scene_2,user_4322,item_4838,0.20121480219092233
scene_2,user_4322,item_5177,0.20121480219092233
scene_2,user_4322,item_5909,0.20121480219092233
scene_2,user_4322,item_9755,0.20121480219092233
scene_2,user_6551,item_3302,0.2845607022086219
scene_2,user_6551,item_4838,0.2845607022086219
scene_2,user_6551,item_5177,0.2845607022086219
scene_2,user_6551,item_5909,0.2845607022086219
scene_2,user_6551,item_8117,0.2845607022086219
scene_2,user_6551,item_9755,0.2845607022086219
scene_2,user_2018,item_6563,0.29669934630327804
scene_2,user_2018,item_9059,0.29669934630327804
scene_2,user_7745,item_6563,0.29669934630327804
scene_2,user_7745,item_9059,0.29669934630327804
scene_2,user_2589,item_6563,0.29669934630327804
scene_2,user_2589,item_9059,0.29669934630327804
scene_2,user_3157,item_6563,0.29669934630327804
scene_2,user_3157,item_9059,0.29669934630327804
scene_2,user_8043,item_6563,0.29669934630327804
scene_2,user_8043,item_9059,0.29669934630327804
scene_2,user_9706,item_9110,0.6436363296498353
scene_2,user_3313,item_1883,0.32181816482491765
scene_2,user_3313,item_1997,0.32181816482491765
scene_2,user_3313,item_6245,0.32181816482491765
scene_2,user_3313,item_6638,0.32181816482491765
scene_2,user_3313,item_6845,0.26276343125998064
scene_2,user_3313,item_9122,0.26276343125998064
scene_2,user_4559,item_1883,0.22755980665670933
scene_2,user_4559,item_6245,0.22755980665670933
scene_2,user_4559,item_6638,0.22755980665670933
scene_2,user_4559,item_6845,0.18580180409177757
scene_2,user_4559,item_9122,0.18580180409177757
scene_2,user_1121,item_8081,0.36067376022224085
scene_2,user_1121,item_1883,0.22755980665670933
scene_2,user_1121,item_1997,0.22755980665670933
scene_2,user_1121,item_6245,0.22755980665670933
scene_2,user_1121,item_6845,0.18580180409177757
scene_2,user_1121,item_9122,0.18580180409177757
scene_2,user_4729,item_1997,0.22755980665670933
scene_2,user_4729,item_6245,0.22755980665670933
scene_2,user_4729,item_6638,0.22755980665670933
scene_2,user_4729,item_6845,0.18580180409177757
scene_2,user_4729,item_9122,0.18580180409177757
scene_2,user_6952,item_1883,0.32181816482491765
scene_2,user_6952,item_1997,0.32181816482491765
scene_2,user_6952,item_6245,0.32181816482491765
scene_2,user_6952,item_6638,0.32181816482491765
scene_2,user_6952,item_6845,0.26276343125998064
scene_2,user_6952,item_9122,0.26276343125998064
scene_2,user_3730,item_1883,0.32181816482491765
scene_2,user_3730,item_1997,0.32181816482491765
scene_2,user_3730,item_6245,0.32181816482491765
scene_2,user_3730,item_6638,0.32181816482491765
scene_2,user_3730,item_6845,0.26276343125998064
scene_2,user_3730,item_9122,0.26276343125998064
scene_2,user_6755,item_1883,0.22755980665670933
scene_2,user_6755,item_1997,0.22755980665670933
scene_2,user_6755,item_6638,0.22755980665670933
scene_2,user_6755,item_1469,0.21714724095162588
scene_2,user_6755,item_6845,0.18580180409177757
scene_2,user_6755,item_9122,0.18580180409177757
scene_2,user_6755,item_5156,0.17729997979489165
scene_2,user_6755,item_6113,0.17729997979489165
scene_2,user_7159,item_8630,0.20979811974466375
scene_2,user_7159,item_5018,0.19632592803453744
scene_2,user_7159,item_5126,0.19632592803453744
scene_2,user_7159,item_9881,0.19632592803453744
scene_2,user_7159,item_1883,0.18580180409177757
scene_2,user_7159,item_1997,0.18580180409177757
scene_2,user_7159,item_6245,0.18580180409177757
scene_2,user_7159,item_6638,0.18580180409177757
scene_2,user_7159,item_1307,0.1602994489876626
scene_2,user_7159,item_3476,0.1602994489876626
scene_2,user_7486,item_3332,0.39464380868665966
scene_2,user_7486,item_8717,0.39464380868665966
scene_2,user_8291,item_3332,0.39464380868665966
scene_2,user_8291,item_8717,0.39464380868665966
scene_2,user_2358,item_3332,0.39464380868665966
scene_2,user_2358,item_8717,0.39464380868665966
scene_2,user_548,item_8717,0.2790553132756236
scene_2,user_6324,item_3332,0.2790553132756236
scene_2,user_6324,item_8081,0.22755980665670933
scene_2,user_6324,item_8729,0.22755980665670933
scene_2,user_6324,item_8786,0.22755980665670933
scene_2,user_6324,item_9137,0.22755980665670933
scene_2,user_5167,item_3998,0.5100697232983947
scene_2,user_5167,item_8729,0.5100697232983947
scene_2,user_357,item_3998,0.36067376022224085
scene_2,user_357,item_488,0.25694917118487537
scene_2,user_357,item_8717,0.25694917118487537
scene_2,user_5192,item_1202,0.5255268625199613
scene_2,user_5192,item_1658,0.5255268625199613
scene_2,user_1925,item_2519,0.35872789172491043
scene_2,user_1925,item_5264,0.35872789172491043
scene_2,user_5352,item_2519,0.35872789172491043
scene_2,user_5352,item_5264,0.35872789172491043
scene_2,user_8562,item_2519,0.35872789172491043
scene_2,user_8562,item_5264,0.35872789172491043
scene_2,user_8255,item_3575,0.5100697232983947
scene_2,user_7651,item_3575,0.5100697232983947
scene_2,user_8613,item_1076,0.4164701851078906
scene_2,user_8613,item_1622,0.4164701851078906
scene_2,user_8154,item_1076,0.4164701851078906
scene_2,user_8154,item_1622,0.4164701851078906
scene_2,user_3271,item_8147,0.6436363296498353
scene_2,user_3506,item_4439,0.3400464821989298
scene_2,user_3506,item_8699,0.3400464821989298
scene_2,user_3506,item_3905,0.2776467900719271
scene_2,user_3506,item_6113,0.2776467900719271
scene_2,user_939,item_4439,0.3400464821989298
scene_2,user_939,item_8699,0.3400464821989298
scene_2,user_939,item_3905,0.2776467900719271
scene_2,user_939,item_6113,0.2776467900719271
scene_2,user_8702,item_4439,0.24044917348149392
scene_2,user_8702,item_6347,0.24044917348149392
scene_2,user_8702,item_3905,0.19632592803453744
scene_2,user_8702,item_5480,0.19632592803453744
scene_2,user_8702,item_6113,0.19632592803453744
scene_2,user_8702,item_7640,0.19632592803453744
scene_2,user_5015,item_4439,0.3400464821989298
scene_2,user_5015,item_8699,0.3400464821989298
scene_2,user_5015,item_3905,0.2776467900719271
scene_2,user_5015,item_6113,0.2776467900719271
scene_2,user_2670,item_4439,0.3400464821989298
scene_2,user_2670,item_8699,0.3400464821989298
scene_2,user_2670,item_3905,0.2776467900719271
scene_2,user_2670,item_6113,0.2776467900719271
scene_2,user_7916,item_2276,0.3633810027301768
scene_2,user_7916,item_7880,0.3633810027301768
scene_2,user_7961,item_2276,0.3633810027301768
scene_2,user_7961,item_7880,0.3633810027301768
scene_2,user_202,item_2276,0.3633810027301768
scene_2,user_202,item_7880,0.3633810027301768
scene_2,user_8182,item_2276,0.3633810027301768
scene_2,user_8182,item_7880,0.3633810027301768
scene_2,user_8778,item_2276,0.25694917118487537
scene_2,user_930,item_1688,0.6436363296498353
scene_2,user_3515,item_6020,0.29488643195052716
scene_2,user_3515,item_2609,0.240773763449582
scene_2,user_3515,item_8564,0.240773763449582
scene_2,user_2731,item_6020,0.29488643195052716
scene_2,user_2731,item_2609,0.240773763449582
scene_2,user_2731,item_8564,0.240773763449582
scene_2,user_6194,item_6020,0.29488643195052716
scene_2,user_6194,item_2609,0.240773763449582
scene_2,user_6194,item_8564,0.240773763449582
scene_2,user_7943,item_6020,0.29488643195052716
scene_2,user_7943,item_2609,0.240773763449582
scene_2,user_7943,item_8564,0.240773763449582
scene_2,user_5973,item_6020,0.29488643195052716
scene_2,user_5973,item_2609,0.240773763449582
scene_2,user_5973,item_8564,0.240773763449582
scene_2,user_603,item_6020,0.29488643195052716
scene_2,user_603,item_2609,0.240773763449582
scene_2,user_603,item_8564,0.240773763449582
scene_2,user_1700,item_6020,0.29488643195052716
scene_2,user_1700,item_2609,0.240773763449582
scene_2,user_1700,item_8564,0.240773763449582
scene_2,user_4437,item_2609,0.17025276086700514
scene_2,user_4437,item_8564,0.17025276086700514
scene_2,user_5441,item_6020,0.29488643195052716
scene_2,user_5441,item_2609,0.240773763449582
scene_2,user_5441,item_8564,0.240773763449582
scene_2,user_5158,item_9980,0.39464380868665966
scene_2,user_9301,item_9980,0.39464380868665966
scene_2,user_2461,item_9980,0.39464380868665966
scene_2,user_7822,item_9980,0.39464380868665966
scene_2,user_1957,item_3908,0.37160360818355515
scene_2,user_1957,item_6257,0.37160360818355515
scene_2,user_3814,item_167,0.35872789172491043
scene_2,user_3814,item_9209,0.35872789172491043
scene_2,user_807,item_167,0.35872789172491043
scene_2,user_807,item_9209,0.35872789172491043
scene_2,user_2760,item_167,0.35872789172491043
scene_2,user_2760,item_9209,0.35872789172491043
scene_2,user_9435,item_4598,0.2790553132756236
scene_2,user_9435,item_2231,0.22784770917926217
scene_2,user_9435,item_4226,0.22784770917926217
scene_2,user_4359,item_845,0.2790553132756236
scene_2,user_4359,item_2231,0.22784770917926217
scene_2,user_4359,item_4226,0.22784770917926217
scene_2,user_6223,item_4598,0.39464380868665966
scene_2,user_6223,item_845,0.39464380868665966
scene_2,user_6223,item_2231,0.3222253204769533
scene_2,user_6223,item_4226,0.3222253204769533
scene_2,user_545,item_4598,0.39464380868665966
scene_2,user_545,item_845,0.39464380868665966
scene_2,user_545,item_2231,0.3222253204769533
scene_2,user_545,item_4226,0.3222253204769533
scene_2,user_5640,item_3113,0.4164701851078906
scene_2,user_5640,item_3659,0.4164701851078906
scene_2,user_8334,item_3113,0.4164701851078906
scene_2,user_8334,item_3659,0.4164701851078906
scene_2,user_3382,item_1904,0.6436363296498353
scene_2,user_5477,item_2354,0.5100697232983947
scene_2,user_9512,item_2354,0.5100697232983947
scene_2,user_6256,item_4304,0.6436363296498353
scene_2,user_1035,item_5312,0.25694917118487537
scene_2,user_1933,item_6956,0.5100697232983947
scene_2,user_9464,item_6956,0.5100697232983947
scene_2,user_7556,item_2687,0.43935014561520125
scene_2,user_2154,item_2687,0.43935014561520125
scene_2,user_8318,item_2687,0.43935014561520125
scene_2,user_3460,item_3599,0.22784770917926217
scene_2,user_3460,item_7886,0.20979811974466375
scene_2,user_3460,item_3338,0.2082350925539453
scene_2,user_3460,item_3422,0.2082350925539453
scene_2,user_3460,item_8120,0.2082350925539453
scene_2,user_3460,item_7934,0.17129944745658357
scene_2,user_3460,item_9017,0.17129944745658357
scene_2,user_7211,item_6974,0.4164701851078906
scene_2,user_7211,item_8846,0.4164701851078906
scene_2,user_7211,item_3338,0.36067376022224085
scene_2,user_7211,item_3422,0.36067376022224085
scene_2,user_7211,item_8120,0.36067376022224085
scene_2,user_1910,item_3725,0.43935014561520125
scene_2,user_1910,item_7049,0.43935014561520125
scene_2,user_4184,item_3725,0.43935014561520125
scene_2,user_4184,item_7049,0.43935014561520125
scene_2,user_141,item_3725,0.31066746727980593
scene_2,user_141,item_2654,0.19632592803453744
scene_2,user_141,item_7481,0.19632592803453744
scene_2,user_7144,item_953,0.5100697232983947
scene_2,user_326,item_1232,0.20851619571212315
scene_2,user_326,item_308,0.20851619571212315
scene_2,user_326,item_3167,0.20851619571212315
scene_2,user_326,item_950,0.20851619571212315
scene_2,user_771,item_953,0.5100697232983947
scene_2,user_5924,item_8348,0.43935014561520125
scene_2,user_5924,item_1091,0.35872789172491043
scene_2,user_5924,item_449,0.35872789172491043
scene_2,user_8948,item_8348,0.43935014561520125
scene_2,user_8948,item_1091,0.35872789172491043
scene_2,user_8948,item_449,0.35872789172491043
scene_2,user_6231,item_1091,0.25365892483943775
scene_2,user_6231,item_449,0.25365892483943775
scene_2,user_6231,item_9500,0.22784770917926217
scene_2,user_6231,item_9749,0.22784770917926217
scene_2,user_6231,item_7511,0.19732190434332983
scene_2,user_6231,item_761,0.19732190434332983
scene_2,user_6231,item_9848,0.19732190434332983
scene_2,user_6231,item_1151,0.11392385458963109
scene_2,user_6231,item_1400,0.11392385458963109
scene_2,user_6231,item_1976,0.11392385458963109
scene_2,user_6231,item_3113,0.11392385458963109
scene_2,user_6231,item_5036,0.11392385458963109
scene_2,user_6231,item_5363,0.11392385458963109
scene_2,user_6231,item_6335,0.11392385458963109
scene_2,user_6231,item_812,0.11392385458963109
scene_2,user_6231,item_8255,0.11392385458963109
scene_2,user_6231,item_878,0.11392385458963109
scene_2,user_6231,item_9311,0.11392385458963109
scene_2,user_733,item_101,0.37160360818355515
scene_2,user_733,item_9764,0.37160360818355515
scene_2,user_733,item_5036,0.31066746727980593
scene_2,user_6526,item_3905,0.4164701851078906
scene_2,user_6526,item_8165,0.4164701851078906
scene_2,user_6526,item_2564,0.36067376022224085
scene_2,user_6526,item_7379,0.36067376022224085
scene_2,user_6526,item_854,0.36067376022224085
scene_2,user_2371,item_8780,0.5100697232983947
scene_2,user_4460,item_8780,0.5100697232983947
scene_2,user_5952,item_3914,0.25365892483943775
scene_2,user_5952,item_899,0.25365892483943775
scene_2,user_4272,item_4244,0.31066746727980593
scene_2,user_4272,item_518,0.31066746727980593
scene_2,user_4272,item_6641,0.31066746727980593
scene_2,user_4272,item_4265,0.24044917348149392
scene_2,user_4272,item_5399,0.24044917348149392
scene_2,user_4272,item_899,0.24044917348149392
scene_2,user_1672,item_4265,0.3400464821989298
scene_2,user_1672,item_5399,0.3400464821989298
scene_2,user_1672,item_6962,0.3400464821989298
scene_2,user_1672,item_899,0.3400464821989298
scene_2,user_8497,item_4265,0.3400464821989298
scene_2,user_8497,item_5399,0.3400464821989298
scene_2,user_8497,item_6962,0.3400464821989298
scene_2,user_8497,item_899,0.3400464821989298
scene_2,user_4182,item_4265,0.3400464821989298
scene_2,user_4182,item_5399,0.3400464821989298
scene_2,user_4182,item_6962,0.3400464821989298
scene_2,user_4182,item_899,0.3400464821989298
scene_2,user_3806,item_4265,0.24044917348149392
scene_2,user_3806,item_5399,0.24044917348149392
scene_2,user_3806,item_6962,0.24044917348149392
scene_2,user_3806,item_1472,0.1894615908449756
scene_2,user_3806,item_410,0.1894615908449756
scene_2,user_3806,item_3914,0.15469474114205034
scene_2,user_3806,item_4022,0.15469474114205034
scene_2,user_3806,item_5777,0.15469474114205034
scene_2,user_3806,item_8780,0.15469474114205034
scene_2,user_7369,item_1064,0.6436363296498353
scene_2,user_3758,item_7325,0.36067376022224085
scene_2,user_8288,item_3227,0.5100697232983947
scene_2,user_8288,item_7325,0.5100697232983947
scene_2,user_122,item_3227,0.36067376022224085
scene_2,user_122,item_7814,0.24044917348149392
scene_2,user_122,item_8081,0.24044917348149392
scene_2,user_122,item_2075,0.19632592803453744
scene_2,user_122,item_6995,0.19632592803453744
scene_2,user_8421,item_2444,0.32181816482491765
scene_2,user_8421,item_4838,0.32181816482491765
scene_2,user_8421,item_6281,0.32181816482491765
scene_2,user_8421,item_9305,0.32181816482491765
scene_2,user_2332,item_3350,0.36067376022224085
scene_2,user_2332,item_2444,0.22755980665670933
scene_2,user_2332,item_4838,0.22755980665670933
scene_2,user_2332,item_9305,0.22755980665670933
scene_2,user_9546,item_2444,0.32181816482491765
scene_2,user_9546,item_4838,0.32181816482491765
scene_2,user_9546,item_6281,0.32181816482491765
scene_2,user_9546,item_9305,0.32181816482491765
scene_2,user_9037,item_731,0.31066746727980593
scene_2,user_9037,item_2444,0.22755980665670933
scene_2,user_9037,item_4838,0.22755980665670933
scene_2,user_9037,item_6281,0.22755980665670933
scene_2,user_421,item_2444,0.32181816482491765
scene_2,user_421,item_4838,0.32181816482491765
scene_2,user_421,item_6281,0.32181816482491765
scene_2,user_421,item_9305,0.32181816482491765
scene_2,user_3860,item_2444,0.32181816482491765
scene_2,user_3860,item_4838,0.32181816482491765
scene_2,user_3860,item_6281,0.32181816482491765
scene_2,user_3860,item_9305,0.32181816482491765
scene_2,user_8960,item_8432,0.5100697232983947
scene_2,user_6482,item_6251,0.36067376022224085
scene_2,user_1504,item_8432,0.5100697232983947
scene_2,user_5653,item_2156,0.5100697232983947
scene_2,user_5653,item_731,0.5100697232983947
scene_2,user_9501,item_2156,0.36067376022224085
scene_2,user_9501,item_692,0.25694917118487537
scene_2,user_9501,item_9305,0.25694917118487537
scene_2,user_9501,item_3575,0.20979811974466375
scene_2,user_9501,item_9179,0.20979811974466375
scene_2,user_1272,item_5648,0.43935014561520125
scene_2,user_920,item_5648,0.43935014561520125
scene_2,user_9026,item_5648,0.43935014561520125
scene_2,user_961,item_4289,0.43935014561520125
scene_2,user_961,item_8330,0.43935014561520125
scene_2,user_5321,item_4289,0.31066746727980593
scene_2,user_5321,item_3350,0.25694917118487537
scene_2,user_4303,item_4289,0.43935014561520125
scene_2,user_4303,item_8330,0.43935014561520125
scene_2,user_873,item_8330,0.31066746727980593
scene_2,user_5647,item_4997,0.19632592803453744
scene_2,user_5647,item_7448,0.19632592803453744
scene_2,user_5625,item_8549,0.4164701851078906
scene_2,user_5625,item_9416,0.4164701851078906
scene_2,user_8061,item_8549,0.4164701851078906
scene_2,user_8061,item_9416,0.4164701851078906
scene_2,user_3032,item_1304,0.37160360818355515
scene_2,user_3032,item_1277,0.2944888920518062
scene_2,user_3032,item_3593,0.2944888920518062
scene_2,user_3032,item_5159,0.2944888920518062
scene_2,user_3032,item_3695,0.2404491734814939
scene_2,user_3032,item_464,0.2404491734814939
scene_2,user_1911,item_1862,0.39464380868665966
scene_2,user_1911,item_3008,0.39464380868665966
scene_2,user_1911,item_3557,0.39464380868665966
scene_2,user_8679,item_3008,0.2790553132756236
scene_2,user_8679,item_3557,0.2790553132756236
scene_2,user_2401,item_1862,0.39464380868665966
scene_2,user_2401,item_3008,0.39464380868665966
scene_2,user_2401,item_3557,0.39464380868665966
scene_2,user_348,item_3896,0.36067376022224085
scene_2,user_348,item_5924,0.36067376022224085
scene_2,user_348,item_3125,0.2944888920518062
scene_2,user_348,item_6380,0.2944888920518062
scene_2,user_7463,item_8645,0.37160360818355515
scene_2,user_7463,item_3896,0.2944888920518062
scene_2,user_7463,item_9506,0.2944888920518062
scene_2,user_5140,item_2759,0.5255268625199613
scene_2,user_5140,item_4967,0.5255268625199613
scene_2,user_4728,item_3905,0.4164701851078906
scene_2,user_4728,item_5156,0.4164701851078906
scene_2,user_4728,item_5588,0.4164701851078906
scene_2,user_4728,item_6245,0.4164701851078906
scene_2,user_1195,item_6566,0.6436363296498353
scene_2,user_3899,item_2759,0.5100697232983947
scene_2,user_3899,item_7316,0.5100697232983947
scene_2,user_2130,item_2759,0.36067376022224085
scene_2,user_1539,item_3716,0.3222253204769533
scene_2,user_1539,item_8861,0.3222253204769533
scene_2,user_7684,item_3716,0.3222253204769533
scene_2,user_7684,item_8861,0.3222253204769533
scene_2,user_4779,item_3716,0.3222253204769533
scene_2,user_4779,item_8861,0.3222253204769533
scene_2,user_964,item_3716,0.3222253204769533
scene_2,user_964,item_8861,0.3222253204769533
scene_2,user_1197,item_5306,0.45511961331341866
scene_2,user_2328,item_2870,0.43935014561520125
scene_2,user_2328,item_9707,0.43935014561520125
scene_2,user_5601,item_2870,0.31066746727980593
scene_2,user_5601,item_5129,0.25694917118487537
scene_2,user_5601,item_515,0.25694917118487537
scene_2,user_7547,item_2870,0.43935014561520125
scene_2,user_7547,item_9707,0.43935014561520125
scene_2,user_1251,item_5354,0.6436363296498353
scene_2,user_4342,item_1709,0.5100697232983947
scene_2,user_9276,item_1709,0.5100697232983947
scene_2,user_41,item_1469,0.30709257318568767
scene_2,user_41,item_5495,0.30709257318568767
scene_2,user_41,item_5156,0.2507400360344115
scene_2,user_41,item_6113,0.2507400360344115
scene_2,user_1506,item_1469,0.30709257318568767
scene_2,user_1506,item_5495,0.30709257318568767
scene_2,user_1506,item_5156,0.2507400360344115
scene_2,user_1506,item_6113,0.2507400360344115
scene_2,user_5024,item_1469,0.30709257318568767
scene_2,user_5024,item_5495,0.30709257318568767
scene_2,user_5024,item_5156,0.2507400360344115
scene_2,user_5024,item_6113,0.2507400360344115
scene_2,user_7591,item_1469,0.30709257318568767
scene_2,user_7591,item_5495,0.30709257318568767
scene_2,user_7591,item_5156,0.2507400360344115
scene_2,user_7591,item_6113,0.2507400360344115
scene_2,user_6511,item_1469,0.30709257318568767
scene_2,user_6511,item_5495,0.30709257318568767
scene_2,user_6511,item_5156,0.2507400360344115
scene_2,user_6511,item_6113,0.2507400360344115
scene_2,user_2956,item_1469,0.30709257318568767
scene_2,user_2956,item_5495,0.30709257318568767
scene_2,user_2956,item_5156,0.2507400360344115
scene_2,user_2956,item_6113,0.2507400360344115
scene_2,user_3879,item_3182,0.43935014561520125
scene_2,user_3879,item_8105,0.43935014561520125
scene_2,user_2071,item_3182,0.31066746727980593
scene_2,user_2325,item_3182,0.43935014561520125
scene_2,user_2325,item_8105,0.43935014561520125
scene_2,user_3683,item_5063,0.5100697232983947
scene_2,user_3683,item_8432,0.5100697232983947
scene_2,user_7607,item_5063,0.36067376022224085
scene_2,user_7607,item_5996,0.36067376022224085
scene_2,user_2765,item_3392,0.39464380868665966
scene_2,user_2765,item_3908,0.3222253204769533
scene_2,user_2765,item_5669,0.3222253204769533
scene_2,user_4193,item_3392,0.39464380868665966
scene_2,user_4193,item_3908,0.3222253204769533
scene_2,user_4193,item_5669,0.3222253204769533
scene_2,user_9395,item_3392,0.39464380868665966
scene_2,user_9395,item_3908,0.3222253204769533
scene_2,user_9395,item_5669,0.3222253204769533
scene_2,user_3433,item_4439,0.3400464821989298
scene_2,user_3433,item_644,0.3400464821989298
scene_2,user_3433,item_6737,0.3400464821989298
scene_2,user_3433,item_7760,0.3400464821989298
scene_2,user_3433,item_8537,0.3400464821989298
scene_2,user_4283,item_4439,0.24044917348149392
scene_2,user_4283,item_6737,0.24044917348149392
scene_2,user_4283,item_7760,0.24044917348149392
scene_2,user_4283,item_8537,0.24044917348149392
scene_2,user_6516,item_4439,0.3400464821989298
scene_2,user_6516,item_644,0.3400464821989298
scene_2,user_6516,item_6737,0.3400464821989298
scene_2,user_6516,item_7760,0.3400464821989298
scene_2,user_6516,item_8537,0.3400464821989298
scene_2,user_4232,item_158,0.24044917348149392
scene_2,user_4232,item_2756,0.24044917348149392
scene_2,user_4232,item_4439,0.24044917348149392
scene_2,user_4232,item_644,0.24044917348149392
scene_2,user_4232,item_6737,0.24044917348149392
scene_2,user_4232,item_7760,0.24044917348149392
scene_2,user_818,item_1622,0.25694917118487537
scene_2,user_818,item_3257,0.25694917118487537
scene_2,user_818,item_3314,0.25694917118487537
scene_2,user_818,item_4439,0.24044917348149392
scene_2,user_818,item_644,0.24044917348149392
scene_2,user_818,item_7760,0.24044917348149392
scene_2,user_818,item_8537,0.24044917348149392
scene_2,user_818,item_176,0.20979811974466375
scene_2,user_818,item_728,0.20979811974466375
scene_2,user_1194,item_4439,0.24044917348149392
scene_2,user_1194,item_644,0.24044917348149392
scene_2,user_1194,item_6737,0.24044917348149392
scene_2,user_1194,item_8537,0.24044917348149392
scene_2,user_8597,item_3350,0.5100697232983947
scene_2,user_8597,item_5984,0.5100697232983947
scene_2,user_7921,item_8582,0.6436363296498353
scene_2,user_1306,item_1304,0.2790553132756236
scene_2,user_8610,item_4214,0.32181816482491765
scene_2,user_8610,item_1151,0.13138171562999032
scene_2,user_8610,item_1400,0.13138171562999032
scene_2,user_8610,item_1976,0.13138171562999032
scene_2,user_8610,item_3113,0.13138171562999032
scene_2,user_8610,item_5036,0.13138171562999032
scene_2,user_8610,item_5363,0.13138171562999032
scene_2,user_8610,item_812,0.13138171562999032
scene_2,user_8610,item_8255,0.13138171562999032
scene_2,user_8610,item_8348,0.13138171562999032
scene_2,user_8610,item_878,0.13138171562999032
scene_2,user_8610,item_9311,0.13138171562999032
scene_2,user_904,item_4214,0.32181816482491765
scene_2,user_904,item_1151,0.13138171562999032
scene_2,user_904,item_1400,0.13138171562999032
scene_2,user_904,item_1976,0.13138171562999032
scene_2,user_904,item_3113,0.13138171562999032
scene_2,user_904,item_5036,0.13138171562999032
scene_2,user_904,item_5363,0.13138171562999032
scene_2,user_904,item_812,0.13138171562999032
scene_2,user_904,item_8255,0.13138171562999032
scene_2,user_904,item_8348,0.13138171562999032
scene_2,user_904,item_878,0.13138171562999032
scene_2,user_904,item_9311,0.13138171562999032
scene_2,user_3148,item_4214,0.32181816482491765
scene_2,user_3148,item_1151,0.13138171562999032
scene_2,user_3148,item_1400,0.13138171562999032
scene_2,user_3148,item_1976,0.13138171562999032
scene_2,user_3148,item_3113,0.13138171562999032
scene_2,user_3148,item_5036,0.13138171562999032
scene_2,user_3148,item_5363,0.13138171562999032
scene_2,user_3148,item_812,0.13138171562999032
scene_2,user_3148,item_8255,0.13138171562999032
scene_2,user_3148,item_8348,0.13138171562999032
scene_2,user_3148,item_878,0.13138171562999032
scene_2,user_3148,item_9311,0.13138171562999032
scene_2,user_989,item_4214,0.32181816482491765
scene_2,user_989,item_1151,0.13138171562999032
scene_2,user_989,item_1400,0.13138171562999032
scene_2,user_989,item_1976,0.13138171562999032
scene_2,user_989,item_3113,0.13138171562999032
scene_2,user_989,item_5036,0.13138171562999032
scene_2,user_989,item_5363,0.13138171562999032
scene_2,user_989,item_812,0.13138171562999032
scene_2,user_989,item_8255,0.13138171562999032
scene_2,user_989,item_8348,0.13138171562999032
scene_2,user_989,item_878,0.13138171562999032
scene_2,user_989,item_9311,0.13138171562999032
scene_2,user_3368,item_4214,0.32181816482491765
scene_2,user_3368,item_1151,0.13138171562999032
scene_2,user_3368,item_1400,0.13138171562999032
scene_2,user_3368,item_1976,0.13138171562999032
scene_2,user_3368,item_3113,0.13138171562999032
scene_2,user_3368,item_5036,0.13138171562999032
scene_2,user_3368,item_5363,0.13138171562999032
scene_2,user_3368,item_812,0.13138171562999032
scene_2,user_3368,item_8255,0.13138171562999032
scene_2,user_3368,item_8348,0.13138171562999032
scene_2,user_3368,item_878,0.13138171562999032
scene_2,user_3368,item_9311,0.13138171562999032
scene_2,user_4208,item_4214,0.32181816482491765
scene_2,user_4208,item_1151,0.13138171562999032
scene_2,user_4208,item_1400,0.13138171562999032
scene_2,user_4208,item_1976,0.13138171562999032
scene_2,user_4208,item_3113,0.13138171562999032
scene_2,user_4208,item_5036,0.13138171562999032
scene_2,user_4208,item_5363,0.13138171562999032
scene_2,user_4208,item_812,0.13138171562999032
scene_2,user_4208,item_8255,0.13138171562999032
scene_2,user_4208,item_8348,0.13138171562999032
scene_2,user_4208,item_878,0.13138171562999032
scene_2,user_4208,item_9311,0.13138171562999032
scene_2,user_5194,item_8699,0.30709257318568767
scene_2,user_5194,item_9428,0.30709257318568767
scene_2,user_5194,item_1976,0.2507400360344115
scene_2,user_5194,item_3860,0.2507400360344115
scene_2,user_9373,item_8699,0.30709257318568767
scene_2,user_9373,item_9428,0.30709257318568767
scene_2,user_9373,item_1976,0.2507400360344115
scene_2,user_9373,item_3860,0.2507400360344115
scene_2,user_6377,item_8699,0.30709257318568767
scene_2,user_6377,item_9428,0.30709257318568767
scene_2,user_6377,item_1976,0.2507400360344115
scene_2,user_6377,item_3860,0.2507400360344115
scene_2,user_8508,item_5588,0.24044917348149392
scene_2,user_8508,item_9428,0.21714724095162588
scene_2,user_8508,item_5480,0.19632592803453744
scene_2,user_8508,item_7640,0.19632592803453744
scene_2,user_8508,item_1976,0.17729997979489165
scene_2,user_8508,item_3860,0.17729997979489165
scene_2,user_833,item_8699,0.30709257318568767
scene_2,user_833,item_9428,0.30709257318568767
scene_2,user_833,item_1976,0.2507400360344115
scene_2,user_833,item_3860,0.2507400360344115
scene_2,user_9340,item_2441,0.31066746727980593
scene_2,user_9340,item_8699,0.21714724095162588
scene_2,user_9340,item_1976,0.17729997979489165
scene_2,user_9340,item_3860,0.17729997979489165
scene_2,user_4219,item_8699,0.30709257318568767
scene_2,user_4219,item_9428,0.30709257318568767
scene_2,user_4219,item_1976,0.2507400360344115
scene_2,user_4219,item_3860,0.2507400360344115
scene_2,user_9153,item_8699,0.30709257318568767
scene_2,user_9153,item_9428,0.30709257318568767
scene_2,user_9153,item_1976,0.2507400360344115
scene_2,user_9153,item_3860,0.2507400360344115
scene_2,user_9671,item_2822,0.36067376022224085
scene_2,user_860,item_2822,0.5100697232983947
scene_2,user_860,item_8207,0.5100697232983947
scene_2,user_7710,item_3683,0.5255268625199613
scene_2,user_7710,item_7469,0.5255268625199613
scene_2,user_887,item_3125,0.37160360818355515
scene_2,user_887,item_6104,0.37160360818355515
scene_2,user_252,item_4958,0.39464380868665966
scene_2,user_252,item_65,0.39464380868665966
scene_2,user_7443,item_4958,0.39464380868665966
scene_2,user_7443,item_65,0.39464380868665966
scene_2,user_1062,item_4958,0.39464380868665966
scene_2,user_1062,item_65,0.39464380868665966
scene_2,user_533,item_4958,0.2790553132756236
scene_2,user_9874,item_5654,0.31066746727980593
scene_2,user_8550,item_1715,0.43935014561520125
scene_2,user_8550,item_5654,0.43935014561520125
scene_2,user_7017,item_1715,0.31066746727980593
scene_2,user_1087,item_1715,0.43935014561520125
scene_2,user_1087,item_5654,0.43935014561520125
scene_2,user_258,item_4304,0.31066746727980593
scene_2,user_258,item_3254,0.2790553132756236
scene_2,user_258,item_9725,0.2790553132756236
scene_2,user_1800,item_3254,0.2790553132756236
scene_2,user_1800,item_8078,0.2790553132756236
scene_2,user_8552,item_3254,0.39464380868665966
scene_2,user_8552,item_8078,0.39464380868665966
scene_2,user_8552,item_9725,0.39464380868665966
scene_2,user_4390,item_3254,0.39464380868665966
scene_2,user_4390,item_8078,0.39464380868665966
scene_2,user_4390,item_9725,0.39464380868665966
scene_2,user_7502,item_6260,0.43935014561520125
scene_2,user_2132,item_6260,0.43935014561520125
scene_2,user_5428,item_6260,0.43935014561520125
scene_2,user_2380,item_3479,0.3633810027301768
scene_2,user_2380,item_4283,0.3633810027301768
scene_2,user_2380,item_8516,0.3633810027301768
scene_2,user_46,item_3479,0.3633810027301768
scene_2,user_46,item_4283,0.3633810027301768
scene_2,user_46,item_8516,0.3633810027301768
scene_2,user_9894,item_3479,0.25694917118487537
scene_2,user_9894,item_4283,0.25694917118487537
scene_2,user_755,item_3479,0.3633810027301768
scene_2,user_755,item_4283,0.3633810027301768
scene_2,user_755,item_8516,0.3633810027301768
scene_2,user_3642,item_3221,0.6436363296498353
scene_2,user_5882,item_7736,0.5100697232983947
scene_2,user_5882,item_9944,0.5100697232983947
scene_2,user_9517,item_4808,0.45511961331341866
scene_2,user_9517,item_9944,0.36067376022224085
scene_2,user_3868,item_7736,0.36067376022224085
scene_2,user_5928,item_2006,0.39464380868665966
scene_2,user_1606,item_2006,0.39464380868665966
scene_2,user_975,item_2006,0.39464380868665966
scene_2,user_3223,item_2006,0.39464380868665966
scene_2,user_7535,item_6389,0.6436363296498353
scene_2,user_6520,item_7268,0.6436363296498353
scene_2,user_4469,item_1811,0.39464380868665966
scene_2,user_4469,item_5165,0.39464380868665966
scene_2,user_3057,item_1811,0.39464380868665966
scene_2,user_3057,item_5165,0.39464380868665966
scene_2,user_5615,item_1811,0.39464380868665966
scene_2,user_5615,item_5165,0.39464380868665966
scene_2,user_3012,item_4046,0.5100697232983947
scene_2,user_3012,item_7301,0.5100697232983947
scene_2,user_6416,item_7631,0.45511961331341866
scene_2,user_6416,item_4046,0.36067376022224085
scene_2,user_7219,item_6137,0.6436363296498353
scene_2,user_4140,item_7418,0.3633810027301768
scene_2,user_8617,item_7418,0.3633810027301768
scene_2,user_1422,item_7418,0.3633810027301768
scene_2,user_8496,item_7418,0.3633810027301768
scene_2,user_704,item_5783,0.36067376022224085
scene_2,user_704,item_3599,0.2944888920518062
scene_2,user_704,item_7817,0.2944888920518062
scene_2,user_9312,item_7418,0.3633810027301768
scene_2,user_7316,item_8243,0.5100697232983947
scene_2,user_9842,item_8243,0.5100697232983947
scene_2,user_2382,item_9329,0.22755980665670933
scene_2,user_2382,item_4205,0.18580180409177757
scene_2,user_2382,item_8789,0.18580180409177757
scene_2,user_3150,item_9341,0.43935014561520125
scene_2,user_1551,item_9341,0.43935014561520125
scene_2,user_8160,item_9341,0.43935014561520125
scene_2,user_2850,item_5495,0.5100697232983947
scene_2,user_2850,item_8081,0.5100697232983947
scene_2,user_4339,item_5495,0.36067376022224085
scene_2,user_4339,item_287,0.2790553132756236
scene_2,user_4339,item_7325,0.2790553132756236
scene_2,user_4339,item_8717,0.2790553132756236
scene_2,user_7280,item_4046,0.45511961331341866
scene_2,user_7280,item_4244,0.31066746727980593
scene_2,user_7280,item_518,0.31066746727980593
scene_2,user_7280,item_5909,0.31066746727980593
scene_2,user_7925,item_3608,0.45511961331341866
scene_2,user_1834,item_1505,0.25365892483943775
scene_2,user_1834,item_9287,0.25365892483943775
scene_2,user_1834,item_9962,0.22784770917926217
scene_2,user_4124,item_1505,0.43935014561520125
scene_2,user_4124,item_9287,0.43935014561520125
scene_2,user_4124,item_7253,0.35872789172491043
scene_2,user_4124,item_9899,0.35872789172491043
scene_2,user_1543,item_1505,0.31066746727980593
scene_2,user_1543,item_4220,0.31066746727980593
scene_2,user_1543,item_7253,0.25365892483943775
scene_2,user_1543,item_9899,0.25365892483943775
scene_2,user_3315,item_1622,0.19632592803453744
scene_2,user_3315,item_6443,0.19632592803453744
scene_2,user_4429,item_4160,0.3400464821989298
scene_2,user_4429,item_1622,0.2776467900719271
scene_2,user_4429,item_6443,0.2776467900719271
scene_2,user_9065,item_4160,0.3400464821989298
scene_2,user_9065,item_1622,0.2776467900719271
scene_2,user_9065,item_6443,0.2776467900719271
scene_2,user_1075,item_4160,0.3400464821989298
scene_2,user_1075,item_1622,0.2776467900719271
scene_2,user_1075,item_6443,0.2776467900719271
scene_2,user_7420,item_4160,0.3400464821989298
scene_2,user_7420,item_1622,0.2776467900719271
scene_2,user_7420,item_6443,0.2776467900719271
scene_2,user_8499,item_4160,0.3400464821989298
scene_2,user_8499,item_1622,0.2776467900719271
scene_2,user_8499,item_6443,0.2776467900719271
scene_2,user_425,item_9080,0.39464380868665966
scene_2,user_1019,item_9080,0.39464380868665966
scene_2,user_1896,item_9080,0.39464380868665966
scene_2,user_2962,item_6080,0.20851619571212315
scene_2,user_2962,item_8267,0.20851619571212315
scene_2,user_2962,item_962,0.20851619571212315
scene_2,user_1134,item_9080,0.39464380868665966
scene_2,user_9036,item_4739,0.31066746727980593
scene_2,user_9036,item_8930,0.31066746727980593
scene_2,user_5969,item_2357,0.43935014561520125
scene_2,user_5969,item_4739,0.43935014561520125
scene_2,user_5969,item_8930,0.43935014561520125
scene_2,user_3772,item_1286,0.36067376022224085
scene_2,user_3772,item_2357,0.31066746727980593
scene_2,user_3772,item_4739,0.31066746727980593
scene_2,user_5713,item_5276,0.45511961331341866
scene_2,user_5713,item_842,0.36067376022224085
scene_2,user_4921,item_1622,0.3633810027301768
scene_2,user_4921,item_3257,0.3633810027301768
scene_2,user_4921,item_3314,0.3633810027301768
scene_2,user_4921,item_6260,0.3633810027301768
scene_2,user_4921,item_176,0.29669934630327804
scene_2,user_4921,item_728,0.29669934630327804
scene_2,user_4957,item_2960,0.39464380868665966
scene_2,user_4957,item_6386,0.39464380868665966
scene_2,user_4957,item_7772,0.39464380868665966
scene_2,user_6388,item_2960,0.2790553132756236
scene_2,user_6388,item_6386,0.2790553132756236
scene_2,user_6388,item_8261,0.25694917118487537
scene_2,user_6388,item_4619,0.20979811974466375
scene_2,user_6388,item_9656,0.20979811974466375
scene_2,user_259,item_2960,0.39464380868665966
scene_2,user_259,item_6386,0.39464380868665966
scene_2,user_259,item_7772,0.39464380868665966
scene_2,user_1348,item_2960,0.2790553132756236
scene_2,user_1348,item_7772,0.2790553132756236
scene_2,user_7797,item_7388,0.3400464821989298
scene_2,user_7797,item_9578,0.3400464821989298
scene_2,user_2074,item_7388,0.3400464821989298
scene_2,user_2074,item_9578,0.3400464821989298
scene_2,user_7862,item_7388,0.3400464821989298
scene_2,user_7862,item_9578,0.3400464821989298
scene_2,user_5943,item_7388,0.24044917348149392
scene_2,user_6913,item_7388,0.3400464821989298
scene_2,user_6913,item_9578,0.3400464821989298
scene_2,user_7924,item_9635,0.2790553132756236
scene_2,user_7924,item_9578,0.24044917348149392
scene_2,user_489,item_7388,0.3400464821989298
scene_2,user_489,item_9578,0.3400464821989298
scene_2,user_1232,item_3488,0.2790553132756236
scene_2,user_7791,item_5903,0.2790553132756236
scene_2,user_9808,item_3488,0.39464380868665966
scene_2,user_9808,item_5903,0.39464380868665966
scene_2,user_2182,item_3488,0.39464380868665966
scene_2,user_2182,item_5903,0.39464380868665966
scene_2,user_1223,item_3488,0.39464380868665966
scene_2,user_1223,item_5903,0.39464380868665966
scene_2,user_5073,item_8630,0.3633810027301768
scene_2,user_5073,item_5495,0.29669934630327804
scene_2,user_5073,item_9122,0.29669934630327804
scene_2,user_3293,item_5495,0.20979811974466375
scene_2,user_3293,item_9122,0.20979811974466375
scene_2,user_5433,item_8630,0.3633810027301768
scene_2,user_5433,item_5495,0.29669934630327804
scene_2,user_5433,item_9122,0.29669934630327804
scene_2,user_4886,item_8630,0.3633810027301768
scene_2,user_4886,item_5495,0.29669934630327804
scene_2,user_4886,item_9122,0.29669934630327804
scene_2,user_6658,item_8630,0.3633810027301768
scene_2,user_6658,item_5495,0.29669934630327804
scene_2,user_6658,item_9122,0.29669934630327804
scene_2,user_3705,item_1451,0.39464380868665966
scene_2,user_3705,item_179,0.39464380868665966
scene_2,user_71,item_179,0.2790553132756236
scene_2,user_7050,item_1451,0.39464380868665966
scene_2,user_7050,item_179,0.39464380868665966
scene_2,user_1167,item_1451,0.39464380868665966
scene_2,user_1167,item_179,0.39464380868665966
scene_2,user_9839,item_1781,0.5100697232983947
scene_2,user_1916,item_1781,0.5100697232983947
scene_2,user_3570,item_5393,0.25365892483943775
scene_2,user_3570,item_8993,0.25365892483943775
scene_2,user_3570,item_179,0.19632592803453744
scene_2,user_3570,item_5108,0.19632592803453744
scene_2,user_3570,item_9482,0.17729997979489165
scene_2,user_4417,item_179,0.3400464821989298
scene_2,user_4417,item_5108,0.3400464821989298
scene_2,user_4417,item_8183,0.2776467900719271
scene_2,user_4417,item_9995,0.2776467900719271
scene_2,user_3762,item_179,0.3400464821989298
scene_2,user_3762,item_5108,0.3400464821989298
scene_2,user_3762,item_8183,0.2776467900719271
scene_2,user_3762,item_9995,0.2776467900719271
scene_2,user_852,item_179,0.3400464821989298
scene_2,user_852,item_5108,0.3400464821989298
scene_2,user_852,item_8183,0.2776467900719271
scene_2,user_852,item_9995,0.2776467900719271
scene_2,user_7265,item_179,0.3400464821989298
scene_2,user_7265,item_5108,0.3400464821989298
scene_2,user_7265,item_8183,0.2776467900719271
scene_2,user_7265,item_9995,0.2776467900719271
scene_2,user_7183,item_179,0.24044917348149392
scene_2,user_7183,item_8183,0.19632592803453744
scene_2,user_7183,item_9995,0.19632592803453744
scene_2,user_9867,item_9425,0.2790553132756236
scene_2,user_9867,item_3257,0.25365892483943775
scene_2,user_9867,item_878,0.25365892483943775
scene_2,user_5427,item_9410,0.43935014561520125
scene_2,user_5427,item_3257,0.35872789172491043
scene_2,user_5427,item_878,0.35872789172491043
scene_2,user_5120,item_9410,0.43935014561520125
scene_2,user_5120,item_3257,0.35872789172491043
scene_2,user_5120,item_878,0.35872789172491043
scene_2,user_1341,item_1442,0.6436363296498353
scene_2,user_9890,item_731,0.31066746727980593
scene_2,user_9890,item_9641,0.2790553132756236
scene_2,user_6337,item_9218,0.31066746727980593
scene_2,user_6337,item_602,0.25694917118487537
scene_2,user_6337,item_9305,0.25694917118487537
scene_2,user_6337,item_3575,0.20979811974466375
scene_2,user_6337,item_9179,0.20979811974466375
scene_2,user_417,item_731,0.43935014561520125
scene_2,user_417,item_9218,0.43935014561520125
scene_2,user_9515,item_731,0.43935014561520125
scene_2,user_9515,item_9218,0.43935014561520125
scene_2,user_5832,item_5813,0.5255268625199613
scene_2,user_5832,item_647,0.5255268625199613
scene_2,user_5163,item_5312,0.3633810027301768
scene_2,user_5163,item_5726,0.3633810027301768
scene_2,user_7146,item_5312,0.3633810027301768
scene_2,user_7146,item_5726,0.3633810027301768
scene_2,user_8229,item_5312,0.3633810027301768
scene_2,user_8229,item_5726,0.3633810027301768
scene_2,user_8937,item_5312,0.3633810027301768
scene_2,user_8937,item_5726,0.3633810027301768
scene_2,user_7847,item_7886,0.3633810027301768
scene_2,user_7847,item_5744,0.29669934630327804
scene_2,user_7847,item_7934,0.29669934630327804
scene_2,user_7847,item_8846,0.29669934630327804
scene_2,user_7847,item_9017,0.29669934630327804
scene_2,user_9035,item_7886,0.3633810027301768
scene_2,user_9035,item_5744,0.29669934630327804
scene_2,user_9035,item_7934,0.29669934630327804
scene_2,user_9035,item_8846,0.29669934630327804
scene_2,user_9035,item_9017,0.29669934630327804
scene_2,user_8826,item_7886,0.20979811974466375
scene_2,user_8826,item_5744,0.17129944745658357
scene_2,user_8826,item_8846,0.17129944745658357
scene_2,user_742,item_3392,0.45511961331341866
scene_2,user_742,item_5744,0.20979811974466375
scene_2,user_742,item_7934,0.20979811974466375
scene_2,user_742,item_8846,0.20979811974466375
scene_2,user_742,item_9017,0.20979811974466375
scene_2,user_9782,item_7886,0.3633810027301768
scene_2,user_9782,item_5744,0.29669934630327804
scene_2,user_9782,item_7934,0.29669934630327804
scene_2,user_9782,item_8846,0.29669934630327804
scene_2,user_9782,item_9017,0.29669934630327804
scene_2,user_3215,item_6719,0.6436363296498353
scene_2,user_5979,item_1763,0.5100697232983947
scene_2,user_5979,item_5975,0.5100697232983947
scene_2,user_5057,item_1763,0.36067376022224085
scene_2,user_7439,item_8756,0.45511961331341866
scene_2,user_9827,item_5579,0.45511961331341866
scene_2,user_207,item_5063,0.31066746727980593
scene_2,user_207,item_9650,0.31066746727980593
scene_2,user_2290,item_1016,0.43935014561520125
scene_2,user_2290,item_5063,0.43935014561520125
scene_2,user_2290,item_9650,0.43935014561520125
scene_2,user_123,item_1016,0.31066746727980593
scene_2,user_123,item_5063,0.31066746727980593
scene_2,user_123,item_7904,0.25694917118487537
scene_2,user_123,item_9830,0.25694917118487537
scene_2,user_5950,item_3998,0.6436363296498353
scene_2,user_9829,item_2069,0.5100697232983947
scene_2,user_7944,item_2069,0.5100697232983947
scene_2,user_6556,item_392,0.3400464821989298
scene_2,user_6556,item_7925,0.3400464821989298
scene_2,user_5942,item_392,0.3400464821989298
scene_2,user_5942,item_7925,0.3400464821989298
scene_2,user_2932,item_392,0.3400464821989298
scene_2,user_2932,item_7925,0.3400464821989298
scene_2,user_9046,item_392,0.3400464821989298
scene_2,user_9046,item_7925,0.3400464821989298
scene_2,user_895,item_392,0.24044917348149392
scene_2,user_3464,item_392,0.3400464821989298
scene_2,user_3464,item_7925,0.3400464821989298
scene_2,user_1459,item_5786,0.3400464821989298
scene_2,user_1459,item_2654,0.2776467900719271
scene_2,user_1459,item_7481,0.2776467900719271
scene_2,user_5443,item_5786,0.3400464821989298
scene_2,user_5443,item_2654,0.2776467900719271
scene_2,user_5443,item_7481,0.2776467900719271
scene_2,user_8039,item_5786,0.3400464821989298
scene_2,user_8039,item_2654,0.2776467900719271
scene_2,user_8039,item_7481,0.2776467900719271
scene_2,user_7015,item_5786,0.3400464821989298
scene_2,user_7015,item_2654,0.2776467900719271
scene_2,user_7015,item_7481,0.2776467900719271
scene_2,user_2151,item_5786,0.3400464821989298
scene_2,user_2151,item_2654,0.2776467900719271
scene_2,user_2151,item_7481,0.2776467900719271
scene_2,user_550,item_3086,0.39464380868665966
scene_2,user_550,item_9209,0.39464380868665966
scene_2,user_6036,item_3086,0.39464380868665966
scene_2,user_6036,item_9209,0.39464380868665966
scene_2,user_2164,item_3086,0.39464380868665966
scene_2,user_2164,item_9209,0.39464380868665966
scene_2,user_2949,item_3086,0.2790553132756236
scene_2,user_2949,item_167,0.25365892483943775
scene_2,user_2949,item_5693,0.25365892483943775
scene_2,user_1307,item_1127,0.43935014561520125
scene_2,user_1307,item_506,0.43935014561520125
scene_2,user_1330,item_506,0.31066746727980593
scene_2,user_9933,item_1127,0.43935014561520125
scene_2,user_9933,item_506,0.43935014561520125
scene_2,user_809,item_3686,0.5100697232983947
scene_2,user_8506,item_3686,0.5100697232983947
scene_2,user_5538,item_4133,0.36067376022224085
scene_2,user_9192,item_4133,0.5100697232983947
scene_2,user_9192,item_9347,0.5100697232983947
scene_2,user_2279,item_8015,0.6436363296498353
scene_2,user_7452,item_5291,0.5100697232983947
scene_2,user_3037,item_5291,0.5100697232983947
scene_2,user_1593,item_1262,0.5100697232983947
scene_2,user_1100,item_1262,0.5100697232983947
scene_2,user_9961,item_4163,0.43935014561520125
scene_2,user_8772,item_4163,0.43935014561520125
scene_2,user_3065,item_4163,0.43935014561520125
scene_2,user_6069,item_4283,0.5100697232983947
scene_2,user_5788,item_4283,0.5100697232983947
scene_2,user_9278,item_6551,0.45511961331341866
scene_2,user_5566,item_182,0.31066746727980593
scene_2,user_5566,item_4604,0.25365892483943775
scene_2,user_5566,item_7382,0.25365892483943775
scene_2,user_57,item_182,0.25365892483943775
scene_2,user_57,item_4469,0.25365892483943775
scene_2,user_8997,item_182,0.43935014561520125
scene_2,user_8997,item_4469,0.43935014561520125
scene_2,user_8997,item_4604,0.35872789172491043
scene_2,user_8997,item_7382,0.35872789172491043
scene_2,user_3891,item_602,0.3633810027301768
scene_2,user_3891,item_692,0.3633810027301768
scene_2,user_3891,item_9305,0.3633810027301768
scene_2,user_3891,item_3575,0.29669934630327804
scene_2,user_3891,item_9179,0.29669934630327804
scene_2,user_8214,item_5984,0.31066746727980593
scene_2,user_8214,item_602,0.25694917118487537
scene_2,user_8214,item_692,0.25694917118487537
scene_2,user_8214,item_3575,0.20979811974466375
scene_2,user_8214,item_9179,0.20979811974466375
scene_2,user_8768,item_602,0.3633810027301768
scene_2,user_8768,item_692,0.3633810027301768
scene_2,user_8768,item_9305,0.3633810027301768
scene_2,user_8768,item_3575,0.29669934630327804
scene_2,user_8768,item_9179,0.29669934630327804
scene_2,user_4102,item_6143,0.43935014561520125
scene_2,user_6011,item_6143,0.43935014561520125
scene_2,user_7408,item_6143,0.43935014561520125
scene_2,user_4641,item_5948,0.19632592803453744
scene_2,user_4641,item_7814,0.19632592803453744
scene_2,user_4641,item_8081,0.19632592803453744
scene_2,user_1721,item_5948,0.3400464821989298
scene_2,user_1721,item_7814,0.3400464821989298
scene_2,user_1721,item_8081,0.3400464821989298
scene_2,user_1721,item_2075,0.2776467900719271
scene_2,user_1721,item_6995,0.2776467900719271
scene_2,user_5463,item_5948,0.3400464821989298
scene_2,user_5463,item_7814,0.3400464821989298
scene_2,user_5463,item_8081,0.3400464821989298
scene_2,user_5463,item_2075,0.2776467900719271
scene_2,user_5463,item_6995,0.2776467900719271
scene_2,user_1760,item_5948,0.3400464821989298
scene_2,user_1760,item_7814,0.3400464821989298
scene_2,user_1760,item_8081,0.3400464821989298
scene_2,user_1760,item_2075,0.2776467900719271
scene_2,user_1760,item_6995,0.2776467900719271
scene_2,user_44,item_5948,0.24044917348149392
scene_2,user_44,item_8081,0.24044917348149392
scene_2,user_44,item_2075,0.19632592803453744
scene_2,user_44,item_6995,0.19632592803453744
scene_2,user_3940,item_287,0.2790553132756236
scene_2,user_3940,item_6638,0.2790553132756236
scene_2,user_3940,item_8717,0.2790553132756236
scene_2,user_3940,item_5948,0.24044917348149392
scene_2,user_3940,item_7814,0.24044917348149392
scene_2,user_3940,item_2075,0.19632592803453744
scene_2,user_3940,item_6995,0.19632592803453744
scene_2,user_9420,item_8867,0.39464380868665966
scene_2,user_5035,item_1286,0.2790553132756236
scene_2,user_4249,item_8867,0.39464380868665966
scene_2,user_8814,item_8867,0.39464380868665966
scene_2,user_2231,item_8867,0.39464380868665966
scene_2,user_204,item_3254,0.39464380868665966
scene_2,user_204,item_5057,0.39464380868665966
scene_2,user_204,item_9371,0.39464380868665966
scene_2,user_3650,item_3254,0.39464380868665966
scene_2,user_3650,item_5057,0.39464380868665966
scene_2,user_3650,item_9371,0.39464380868665966
scene_2,user_3046,item_3254,0.2790553132756236
scene_2,user_3046,item_5057,0.2790553132756236
scene_2,user_7601,item_2555,0.43935014561520125
scene_2,user_3733,item_2555,0.43935014561520125
scene_2,user_5818,item_2555,0.43935014561520125
scene_2,user_4706,item_293,0.3633810027301768
scene_2,user_8942,item_293,0.3633810027301768
scene_2,user_4914,item_293,0.3633810027301768
scene_2,user_2544,item_293,0.3633810027301768
scene_2,user_6701,item_293,0.3633810027301768
scene_2,user_2933,item_2564,0.2790553132756236
scene_2,user_2933,item_5837,0.2790553132756236
scene_2,user_2933,item_854,0.2790553132756236
scene_2,user_1132,item_2564,0.2790553132756236
scene_2,user_1132,item_5837,0.2790553132756236
scene_2,user_1132,item_854,0.2790553132756236
scene_2,user_291,item_2564,0.2790553132756236
scene_2,user_291,item_5837,0.2790553132756236
scene_2,user_291,item_854,0.2790553132756236
scene_2,user_7669,item_2564,0.2790553132756236
scene_2,user_7669,item_5837,0.2790553132756236
scene_2,user_7669,item_854,0.2790553132756236
scene_2,user_4907,item_4604,0.5255268625199613
scene_2,user_4907,item_7304,0.5255268625199613
scene_2,user_683,item_6824,0.39464380868665966
scene_2,user_683,item_9635,0.39464380868665966
scene_2,user_4416,item_6824,0.2790553132756236
scene_2,user_850,item_6824,0.39464380868665966
scene_2,user_850,item_9635,0.39464380868665966
scene_2,user_6655,item_6824,0.39464380868665966
scene_2,user_6655,item_9635,0.39464380868665966
scene_2,user_256,item_5090,0.30709257318568767
scene_2,user_6067,item_5090,0.30709257318568767
scene_2,user_6674,item_5090,0.30709257318568767
scene_2,user_3354,item_5090,0.30709257318568767
scene_2,user_8714,item_5090,0.30709257318568767
scene_2,user_3323,item_5090,0.30709257318568767
scene_2,user_7411,item_5090,0.30709257318568767
scene_2,user_3259,item_5090,0.30709257318568767
scene_2,user_9099,item_3047,0.39464380868665966
scene_2,user_9099,item_5165,0.39464380868665966
scene_2,user_9099,item_8573,0.39464380868665966
scene_2,user_9099,item_1400,0.3222253204769533
scene_2,user_9099,item_9839,0.3222253204769533
scene_2,user_7570,item_9179,0.36067376022224085
scene_2,user_7570,item_3047,0.2790553132756236
scene_2,user_7570,item_5165,0.2790553132756236
scene_2,user_7570,item_1400,0.22784770917926217
scene_2,user_7570,item_9839,0.22784770917926217
scene_2,user_1027,item_659,0.36067376022224085
scene_2,user_1027,item_3599,0.2944888920518062
scene_2,user_1027,item_7817,0.2944888920518062
scene_2,user_890,item_3575,0.5100697232983947
scene_2,user_6108,item_3575,0.5100697232983947
scene_2,user_3471,item_8549,0.43935014561520125
scene_2,user_5890,item_8549,0.43935014561520125
scene_2,user_4065,item_4997,0.24044917348149392
scene_2,user_4065,item_6029,0.19632592803453744
scene_2,user_4065,item_9416,0.19632592803453744
scene_2,user_4522,item_8549,0.43935014561520125
scene_2,user_2736,item_3518,0.2944888920518062
scene_2,user_2736,item_7904,0.2944888920518062
scene_2,user_879,item_4034,0.5100697232983947
scene_2,user_879,item_3518,0.4164701851078906
scene_2,user_879,item_7904,0.4164701851078906
scene_2,user_2927,item_4034,0.2944888920518062
scene_2,user_2927,item_3686,0.19632592803453744
scene_2,user_2927,item_4790,0.19632592803453744
scene_2,user_2927,item_9650,0.19632592803453744
scene_2,user_2927,item_998,0.19632592803453744
scene_2,user_8425,item_2501,0.6436363296498353
scene_2,user_8338,item_14,0.35872789172491043
scene_2,user_8338,item_3683,0.35872789172491043
scene_2,user_8338,item_3836,0.35872789172491043
scene_2,user_8338,item_6365,0.35872789172491043
scene_2,user_3542,item_14,0.35872789172491043
scene_2,user_3542,item_3683,0.35872789172491043
scene_2,user_3542,item_3836,0.35872789172491043
scene_2,user_3542,item_6365,0.35872789172491043
scene_2,user_1431,item_2756,0.39464380868665966
scene_2,user_1431,item_5564,0.39464380868665966
scene_2,user_2419,item_2756,0.2790553132756236
scene_2,user_5597,item_2756,0.39464380868665966
scene_2,user_5597,item_5564,0.39464380868665966
scene_2,user_5691,item_2756,0.39464380868665966
scene_2,user_5691,item_5564,0.39464380868665966
scene_2,user_7341,item_4388,0.39464380868665966
scene_2,user_7341,item_8375,0.39464380868665966
scene_2,user_7341,item_9476,0.39464380868665966
scene_2,user_7341,item_2654,0.3222253204769533
scene_2,user_7341,item_7049,0.3222253204769533
scene_2,user_7383,item_4388,0.2790553132756236
scene_2,user_7383,item_9476,0.2790553132756236
scene_2,user_7383,item_2654,0.22784770917926217
scene_2,user_7383,item_7049,0.22784770917926217
scene_2,user_7383,item_2309,0.20851619571212315
scene_2,user_7383,item_8180,0.20851619571212315
scene_2,user_7383,item_9149,0.20851619571212315
scene_2,user_3795,item_4388,0.2790553132756236
scene_2,user_3795,item_8375,0.2790553132756236
scene_2,user_3795,item_2654,0.22784770917926217
scene_2,user_3795,item_7049,0.22784770917926217
scene_2,user_9901,item_5210,0.6436363296498353
scene_2,user_4173,item_8849,0.6436363296498353
scene_2,user_8791,item_9044,0.45511961331341866
scene_2,user_2310,item_9749,0.3404766061009319
scene_2,user_2310,item_2480,0.21967507280760062
scene_2,user_2310,item_8984,0.21967507280760062
scene_2,user_2310,item_5828,0.19732190434332983
scene_2,user_2310,item_9602,0.17936394586245522
scene_2,user_2310,item_9500,0.16111266023847665
scene_2,user_2310,item_1151,0.08055633011923832
scene_2,user_2310,item_1400,0.08055633011923832
scene_2,user_2310,item_1976,0.08055633011923832
scene_2,user_2310,item_3113,0.08055633011923832
scene_2,user_2310,item_5036,0.08055633011923832
scene_2,user_2310,item_5363,0.08055633011923832
scene_2,user_2310,item_6335,0.08055633011923832
scene_2,user_2310,item_812,0.08055633011923832
scene_2,user_2310,item_8255,0.08055633011923832
scene_2,user_2310,item_878,0.08055633011923832
scene_2,user_2310,item_9311,0.08055633011923832
scene_2,user_3493,item_8984,0.31066746727980593
scene_2,user_3493,item_761,0.21967507280760062
scene_2,user_3493,item_8348,0.21967507280760062
scene_2,user_3493,item_9848,0.21967507280760062
scene_2,user_5214,item_2480,0.31066746727980593
scene_2,user_5214,item_761,0.21967507280760062
scene_2,user_5214,item_8348,0.21967507280760062
scene_2,user_5214,item_9848,0.21967507280760062
scene_2,user_1702,item_2480,0.43935014561520125
scene_2,user_1702,item_8984,0.43935014561520125
scene_2,user_1702,item_761,0.31066746727980593
scene_2,user_1702,item_8348,0.31066746727980593
scene_2,user_1702,item_9848,0.31066746727980593
scene_2,user_4252,item_7319,0.31066746727980593
scene_2,user_2883,item_7637,0.31066746727980593
scene_2,user_3828,item_7319,0.43935014561520125
scene_2,user_3828,item_7637,0.43935014561520125
scene_2,user_8517,item_7319,0.43935014561520125
scene_2,user_8517,item_7637,0.43935014561520125
scene_2,user_5219,item_8576,0.5100697232983947
scene_2,user_9851,item_8576,0.5100697232983947
scene_2,user_6495,item_9623,0.31066746727980593
scene_2,user_5272,item_9623,0.43935014561520125
scene_2,user_5272,item_9929,0.43935014561520125
scene_2,user_5514,item_9623,0.43935014561520125
scene_2,user_5514,item_9929,0.43935014561520125
scene_2,user_3307,item_9929,0.31066746727980593
scene_2,user_3307,item_1094,0.25694917118487537
scene_2,user_3307,item_2126,0.25694917118487537
scene_2,user_703,item_3314,0.6436363296498353
scene_2,user_3467,item_7766,0.5255268625199613
scene_2,user_3467,item_9785,0.5255268625199613
scene_2,user_1746,item_7301,0.6436363296498353
scene_2,user_9519,item_7553,0.6436363296498353
scene_2,user_2116,item_5480,0.29669934630327804
scene_2,user_2116,item_8699,0.29669934630327804
scene_2,user_8227,item_5588,0.19632592803453744
scene_2,user_8227,item_6347,0.19632592803453744
scene_2,user_6053,item_5480,0.29669934630327804
scene_2,user_6053,item_8699,0.29669934630327804
scene_2,user_7566,item_5480,0.29669934630327804
scene_2,user_7566,item_8699,0.29669934630327804
scene_2,user_7297,item_5480,0.29669934630327804
scene_2,user_7297,item_8699,0.29669934630327804
scene_2,user_8809,item_5480,0.29669934630327804
scene_2,user_8809,item_8699,0.29669934630327804
scene_2,user_5787,item_527,0.3633810027301768
scene_2,user_5787,item_4265,0.29669934630327804
scene_2,user_5787,item_5393,0.29669934630327804
scene_2,user_4462,item_527,0.3633810027301768
scene_2,user_4462,item_4265,0.29669934630327804
scene_2,user_4462,item_5393,0.29669934630327804
scene_2,user_9152,item_527,0.3633810027301768
scene_2,user_9152,item_4265,0.29669934630327804
scene_2,user_9152,item_5393,0.29669934630327804
scene_2,user_5466,item_527,0.3633810027301768
scene_2,user_5466,item_4265,0.29669934630327804
scene_2,user_5466,item_5393,0.29669934630327804
scene_2,user_5270,item_3356,0.2944888920518062
scene_2,user_5270,item_4361,0.2944888920518062
scene_2,user_5270,item_8927,0.19632592803453744
scene_2,user_9977,item_2537,0.43935014561520125
scene_2,user_9977,item_3221,0.35872789172491043
scene_2,user_9977,item_8750,0.35872789172491043
scene_2,user_4816,item_2537,0.43935014561520125
scene_2,user_4816,item_3221,0.35872789172491043
scene_2,user_4816,item_8750,0.35872789172491043
scene_2,user_7645,item_2534,0.5255268625199613
scene_2,user_7645,item_6371,0.5255268625199613
scene_2,user_8588,item_6470,0.45511961331341866
scene_2,user_28,item_6266,0.6436363296498353
scene_2,user_5753,item_4859,0.6436363296498353
scene_2,user_4080,item_3353,0.43935014561520125
scene_2,user_4080,item_9173,0.43935014561520125
scene_2,user_3402,item_3353,0.43935014561520125
scene_2,user_3402,item_9173,0.43935014561520125
scene_2,user_6634,item_1835,0.31066746727980593
scene_2,user_6634,item_3353,0.31066746727980593
scene_2,user_1267,item_7622,0.5255268625199613
scene_2,user_1267,item_9785,0.5255268625199613
scene_2,user_7225,item_6758,0.3633810027301768
scene_2,user_7225,item_8261,0.3633810027301768
scene_2,user_7225,item_4619,0.29669934630327804
scene_2,user_7225,item_9656,0.29669934630327804
scene_2,user_8078,item_6758,0.3633810027301768
scene_2,user_8078,item_8261,0.3633810027301768
scene_2,user_8078,item_4619,0.29669934630327804
scene_2,user_8078,item_9656,0.29669934630327804
scene_2,user_8762,item_6758,0.25694917118487537
scene_2,user_8762,item_4619,0.20979811974466375
scene_2,user_8762,item_9656,0.20979811974466375
scene_2,user_8723,item_6758,0.3633810027301768
scene_2,user_8723,item_8261,0.3633810027301768
scene_2,user_8723,item_4619,0.29669934630327804
scene_2,user_8723,item_9656,0.29669934630327804
scene_2,user_1448,item_593,0.6436363296498353
scene_2,user_97,item_3839,0.5100697232983947
scene_2,user_3548,item_3839,0.5100697232983947
scene_2,user_3213,item_2198,0.3633810027301768
scene_2,user_8533,item_2198,0.3633810027301768
scene_2,user_1772,item_2198,0.3633810027301768
scene_2,user_1477,item_2198,0.3633810027301768
scene_2,user_3600,item_2198,0.3633810027301768
scene_2,user_1719,item_7325,0.6436363296498353
scene_2,user_3296,item_3599,0.5255268625199613
scene_2,user_3296,item_7418,0.5255268625199613
scene_2,user_1360,item_4907,0.6436363296498353
scene_2,user_6046,item_3308,0.37160360818355515
scene_2,user_6046,item_3602,0.37160360818355515
scene_2,user_6046,item_4934,0.2790553132756236
scene_2,user_6587,item_2276,0.31066746727980593
scene_2,user_6587,item_23,0.31066746727980593
scene_2,user_6587,item_2351,0.31066746727980593
scene_2,user_6587,item_3830,0.31066746727980593
scene_2,user_6587,item_5114,0.31066746727980593
scene_2,user_6587,item_527,0.31066746727980593
scene_2,user_4873,item_2276,0.31066746727980593
scene_2,user_4873,item_23,0.31066746727980593
scene_2,user_4873,item_2351,0.31066746727980593
scene_2,user_4873,item_3830,0.31066746727980593
scene_2,user_4873,item_5114,0.31066746727980593
scene_2,user_4873,item_527,0.31066746727980593
scene_2,user_8760,item_3599,0.29669934630327804
scene_2,user_8760,item_8282,0.29669934630327804
scene_2,user_4889,item_3599,0.29669934630327804
scene_2,user_4889,item_8282,0.29669934630327804
scene_2,user_556,item_3599,0.29669934630327804
scene_2,user_556,item_8282,0.29669934630327804
scene_2,user_1567,item_3599,0.29669934630327804
scene_2,user_1567,item_8282,0.29669934630327804
scene_2,user_7124,item_3599,0.29669934630327804
scene_2,user_7124,item_8282,0.29669934630327804
scene_2,user_2110,item_3812,0.39464380868665966
scene_2,user_2110,item_6890,0.39464380868665966
scene_2,user_2110,item_4439,0.3222253204769533
scene_2,user_2110,item_5594,0.3222253204769533
scene_2,user_970,item_3812,0.39464380868665966
scene_2,user_970,item_6890,0.39464380868665966
scene_2,user_970,item_4439,0.3222253204769533
scene_2,user_970,item_5594,0.3222253204769533
scene_2,user_5202,item_3812,0.2790553132756236
scene_2,user_5202,item_4439,0.22784770917926217
scene_2,user_5202,item_5594,0.22784770917926217
scene_2,user_2963,item_3686,0.24044917348149392
scene_2,user_2963,item_9650,0.24044917348149392
scene_2,user_2963,item_998,0.24044917348149392
scene_2,user_2963,item_3518,0.19632592803453744
scene_2,user_2963,item_746,0.19632592803453744
scene_2,user_4569,item_3686,0.3400464821989298
scene_2,user_4569,item_4790,0.3400464821989298
scene_2,user_4569,item_9650,0.3400464821989298
scene_2,user_4569,item_998,0.3400464821989298
scene_2,user_4569,item_3518,0.2776467900719271
scene_2,user_4569,item_746,0.2776467900719271
scene_2,user_4766,item_7019,0.25694917118487537
scene_2,user_4766,item_9830,0.25694917118487537
scene_2,user_4766,item_3686,0.24044917348149392
scene_2,user_4766,item_4790,0.24044917348149392
scene_2,user_4766,item_998,0.24044917348149392
scene_2,user_4766,item_3518,0.19632592803453744
scene_2,user_4766,item_746,0.19632592803453744
scene_2,user_2178,item_4100,0.2790553132756236
scene_2,user_2178,item_3686,0.24044917348149392
scene_2,user_2178,item_4790,0.24044917348149392
scene_2,user_2178,item_9650,0.24044917348149392
scene_2,user_2178,item_3518,0.19632592803453744
scene_2,user_2178,item_746,0.19632592803453744
scene_2,user_587,item_3686,0.3400464821989298
scene_2,user_587,item_4790,0.3400464821989298
scene_2,user_587,item_9650,0.3400464821989298
scene_2,user_587,item_998,0.3400464821989298
scene_2,user_587,item_3518,0.2776467900719271
scene_2,user_587,item_746,0.2776467900719271
scene_2,user_1385,item_2660,0.3400464821989298
scene_2,user_1385,item_4721,0.3400464821989298
scene_2,user_1385,item_2309,0.2776467900719271
scene_2,user_1385,item_3929,0.2776467900719271
scene_2,user_1385,item_4046,0.2776467900719271
scene_2,user_1385,item_7610,0.2776467900719271
scene_2,user_788,item_2660,0.3400464821989298
scene_2,user_788,item_4721,0.3400464821989298
scene_2,user_788,item_2309,0.2776467900719271
scene_2,user_788,item_3929,0.2776467900719271
scene_2,user_788,item_4046,0.2776467900719271
scene_2,user_788,item_7610,0.2776467900719271
scene_2,user_7333,item_2660,0.3400464821989298
scene_2,user_7333,item_4721,0.3400464821989298
scene_2,user_7333,item_2309,0.2776467900719271
scene_2,user_7333,item_3929,0.2776467900719271
scene_2,user_7333,item_4046,0.2776467900719271
scene_2,user_7333,item_7610,0.2776467900719271
scene_2,user_3838,item_7043,0.43935014561520125
scene_2,user_9529,item_7043,0.43935014561520125
scene_2,user_2753,item_7043,0.43935014561520125
scene_2,user_5237,item_3608,0.6436363296498353
scene_2,user_4853,item_3542,0.6436363296498353
scene_2,user_1654,item_1505,0.5255268625199613
scene_2,user_1654,item_5204,0.5255268625199613
scene_2,user_3770,item_989,0.39464380868665966
scene_2,user_9741,item_8234,0.45511961331341866
scene_2,user_647,item_989,0.39464380868665966
scene_2,user_9287,item_989,0.39464380868665966
scene_2,user_7346,item_989,0.39464380868665966
scene_2,user_8335,item_8951,0.6436363296498353
scene_2,user_4648,item_7151,0.43935014561520125
scene_2,user_2657,item_7151,0.43935014561520125
scene_2,user_2745,item_7151,0.43935014561520125
scene_2,user_3501,item_4019,0.43935014561520125
scene_2,user_2436,item_4019,0.43935014561520125
scene_2,user_4499,item_4019,0.43935014561520125
scene_2,user_11,item_1592,0.6436363296498353
scene_2,user_4695,item_7973,0.45511961331341866
scene_2,user_785,item_9581,0.45511961331341866
scene_2,user_8020,item_4304,0.43935014561520125
scene_2,user_8020,item_6425,0.43935014561520125
scene_2,user_3608,item_4304,0.43935014561520125
scene_2,user_3608,item_6425,0.43935014561520125
scene_2,user_6227,item_287,0.39464380868665966
scene_2,user_6227,item_6638,0.39464380868665966
scene_2,user_6227,item_7325,0.39464380868665966
scene_2,user_6227,item_8717,0.39464380868665966
scene_2,user_365,item_287,0.2790553132756236
scene_2,user_365,item_6638,0.2790553132756236
scene_2,user_365,item_7325,0.2790553132756236
scene_2,user_365,item_5501,0.22755980665670933
scene_2,user_365,item_8729,0.22755980665670933
scene_2,user_365,item_8786,0.22755980665670933
scene_2,user_365,item_9137,0.22755980665670933
scene_2,user_8788,item_527,0.6436363296498353
scene_2,user_7728,item_1502,0.5100697232983947
scene_2,user_2659,item_1502,0.5100697232983947
scene_2,user_3194,item_5987,0.3633810027301768
scene_2,user_876,item_5987,0.3633810027301768
scene_2,user_1310,item_5987,0.3633810027301768
scene_2,user_9443,item_5987,0.3633810027301768
scene_2,user_5373,item_5987,0.3633810027301768
scene_2,user_7161,item_6248,0.6436363296498353
scene_2,user_9302,item_5399,0.6436363296498353
scene_2,user_9774,item_1151,0.2082350925539453
scene_2,user_9774,item_1400,0.2082350925539453
scene_2,user_9774,item_1976,0.2082350925539453
scene_2,user_9774,item_3113,0.2082350925539453
scene_2,user_9774,item_5036,0.2082350925539453
scene_2,user_9774,item_5363,0.2082350925539453
scene_2,user_9774,item_6335,0.2082350925539453
scene_2,user_9774,item_8255,0.2082350925539453
scene_2,user_9774,item_8348,0.2082350925539453
scene_2,user_9774,item_878,0.2082350925539453
scene_2,user_9774,item_9311,0.2082350925539453
scene_2,user_4298,item_1151,0.2082350925539453
scene_2,user_4298,item_1400,0.2082350925539453
scene_2,user_4298,item_1976,0.2082350925539453
scene_2,user_4298,item_3113,0.2082350925539453
scene_2,user_4298,item_5036,0.2082350925539453
scene_2,user_4298,item_5363,0.2082350925539453
scene_2,user_4298,item_6335,0.2082350925539453
scene_2,user_4298,item_8255,0.2082350925539453
scene_2,user_4298,item_8348,0.2082350925539453
scene_2,user_4298,item_878,0.2082350925539453
scene_2,user_4298,item_9311,0.2082350925539453
scene_2,user_6848,item_8264,0.5100697232983947
scene_2,user_4378,item_8264,0.5100697232983947
scene_2,user_8509,item_5567,0.5100697232983947
scene_2,user_3443,item_5567,0.5100697232983947
scene_2,user_1794,item_2114,0.5255268625199613
scene_2,user_1794,item_3905,0.5255268625199613
scene_2,user_3406,item_4247,0.43935014561520125
scene_2,user_3406,item_9026,0.43935014561520125
scene_2,user_3406,item_3953,0.35872789172491043
scene_2,user_3406,item_8615,0.35872789172491043
scene_2,user_1797,item_4247,0.31066746727980593
scene_2,user_1797,item_3953,0.25365892483943775
scene_2,user_1797,item_8615,0.25365892483943775
scene_2,user_9723,item_9026,0.31066746727980593
scene_2,user_9723,item_3953,0.25365892483943775
scene_2,user_9723,item_8615,0.25365892483943775
scene_2,user_563,item_2231,0.25694917118487537
scene_2,user_563,item_4559,0.25694917118487537
scene_2,user_563,item_5306,0.25694917118487537
scene_2,user_9673,item_2231,0.3633810027301768
scene_2,user_9673,item_3110,0.3633810027301768
scene_2,user_9673,item_4559,0.3633810027301768
scene_2,user_9673,item_5306,0.3633810027301768
scene_2,user_1757,item_2231,0.3633810027301768
scene_2,user_1757,item_3110,0.3633810027301768
scene_2,user_1757,item_4559,0.3633810027301768
scene_2,user_1757,item_5306,0.3633810027301768
scene_2,user_7675,item_3263,0.32181816482491765
scene_2,user_7675,item_8375,0.32181816482491765
scene_2,user_3698,item_3263,0.32181816482491765
scene_2,user_3698,item_8375,0.32181816482491765
scene_2,user_6559,item_3263,0.32181816482491765
scene_2,user_6559,item_8375,0.32181816482491765
scene_2,user_55,item_3263,0.32181816482491765
scene_2,user_55,item_8375,0.32181816482491765
scene_2,user_3970,item_3263,0.32181816482491765
scene_2,user_3970,item_8375,0.32181816482491765
scene_2,user_7358,item_3263,0.22755980665670933
scene_2,user_7358,item_2309,0.20851619571212315
scene_2,user_7358,item_7481,0.20851619571212315
scene_2,user_7358,item_9149,0.20851619571212315
scene_2,user_5117,item_3263,0.32181816482491765
scene_2,user_5117,item_8375,0.32181816482491765
scene_2,user_8554,item_5393,0.43935014561520125
scene_2,user_8554,item_8993,0.43935014561520125
scene_2,user_8554,item_6884,0.35872789172491043
scene_2,user_8554,item_9995,0.35872789172491043
scene_2,user_8833,item_5393,0.31066746727980593
scene_2,user_8833,item_6884,0.25365892483943775
scene_2,user_8833,item_9995,0.25365892483943775
scene_2,user_8833,item_8570,0.22784770917926217
scene_2,user_8833,item_9248,0.22784770917926217
scene_2,user_8833,item_1262,0.19732190434332983
scene_2,user_8833,item_1694,0.19732190434332983
scene_2,user_8833,item_4616,0.19732190434332983
scene_2,user_7926,item_2372,0.5100697232983947
scene_2,user_34,item_2372,0.5100697232983947
scene_2,user_2560,item_1067,0.39464380868665966
scene_2,user_2560,item_2750,0.3222253204769533
scene_2,user_2560,item_383,0.3222253204769533
scene_2,user_9702,item_1067,0.39464380868665966
scene_2,user_9702,item_2750,0.3222253204769533
scene_2,user_9702,item_383,0.3222253204769533
scene_2,user_2456,item_1067,0.39464380868665966
scene_2,user_2456,item_2750,0.3222253204769533
scene_2,user_2456,item_383,0.3222253204769533
scene_2,user_8544,item_224,0.5100697232983947
scene_2,user_4555,item_224,0.5100697232983947
scene_2,user_8475,item_6359,0.6436363296498353
scene_2,user_7967,item_9161,0.6436363296498353
scene_2,user_7910,item_6611,0.6436363296498353
scene_2,user_9600,item_9431,0.29488643195052716
scene_2,user_9600,item_1151,0.120386881724791
scene_2,user_9600,item_1400,0.120386881724791
scene_2,user_9600,item_1976,0.120386881724791
scene_2,user_9600,item_3113,0.120386881724791
scene_2,user_9600,item_5036,0.120386881724791
scene_2,user_9600,item_5363,0.120386881724791
scene_2,user_9600,item_6335,0.120386881724791
scene_2,user_9600,item_812,0.120386881724791
scene_2,user_9600,item_8348,0.120386881724791
scene_2,user_9600,item_878,0.120386881724791
scene_2,user_9600,item_9311,0.120386881724791
scene_2,user_1113,item_9431,0.29488643195052716
scene_2,user_1113,item_1151,0.120386881724791
scene_2,user_1113,item_1400,0.120386881724791
scene_2,user_1113,item_1976,0.120386881724791
scene_2,user_1113,item_3113,0.120386881724791
scene_2,user_1113,item_5036,0.120386881724791
scene_2,user_1113,item_5363,0.120386881724791
scene_2,user_1113,item_6335,0.120386881724791
scene_2,user_1113,item_812,0.120386881724791
scene_2,user_1113,item_8348,0.120386881724791
scene_2,user_1113,item_878,0.120386881724791
scene_2,user_1113,item_9311,0.120386881724791
scene_2,user_8970,item_9431,0.29488643195052716
scene_2,user_8970,item_1151,0.120386881724791
scene_2,user_8970,item_1400,0.120386881724791
scene_2,user_8970,item_1976,0.120386881724791
scene_2,user_8970,item_3113,0.120386881724791
scene_2,user_8970,item_5036,0.120386881724791
scene_2,user_8970,item_5363,0.120386881724791
scene_2,user_8970,item_6335,0.120386881724791
scene_2,user_8970,item_812,0.120386881724791
scene_2,user_8970,item_8348,0.120386881724791
scene_2,user_8970,item_878,0.120386881724791
scene_2,user_8970,item_9311,0.120386881724791
scene_2,user_1484,item_9431,0.29488643195052716
scene_2,user_1484,item_1151,0.120386881724791
scene_2,user_1484,item_1400,0.120386881724791
scene_2,user_1484,item_1976,0.120386881724791
scene_2,user_1484,item_3113,0.120386881724791
scene_2,user_1484,item_5036,0.120386881724791
scene_2,user_1484,item_5363,0.120386881724791
scene_2,user_1484,item_6335,0.120386881724791
scene_2,user_1484,item_812,0.120386881724791
scene_2,user_1484,item_8348,0.120386881724791
scene_2,user_1484,item_878,0.120386881724791
scene_2,user_1484,item_9311,0.120386881724791
scene_2,user_1779,item_3857,0.2944888920518062
scene_2,user_1779,item_4091,0.2944888920518062
scene_2,user_1779,item_1151,0.08512638043350257
scene_2,user_1779,item_1400,0.08512638043350257
scene_2,user_1779,item_1976,0.08512638043350257
scene_2,user_1779,item_3113,0.08512638043350257
scene_2,user_1779,item_5036,0.08512638043350257
scene_2,user_1779,item_5363,0.08512638043350257
scene_2,user_1779,item_6335,0.08512638043350257
scene_2,user_1779,item_812,0.08512638043350257
scene_2,user_1779,item_8348,0.08512638043350257
scene_2,user_1779,item_878,0.08512638043350257
scene_2,user_1779,item_9311,0.08512638043350257
scene_2,user_4549,item_9431,0.29488643195052716
scene_2,user_4549,item_1151,0.120386881724791
scene_2,user_4549,item_1400,0.120386881724791
scene_2,user_4549,item_1976,0.120386881724791
scene_2,user_4549,item_3113,0.120386881724791
scene_2,user_4549,item_5036,0.120386881724791
scene_2,user_4549,item_5363,0.120386881724791
scene_2,user_4549,item_6335,0.120386881724791
scene_2,user_4549,item_812,0.120386881724791
scene_2,user_4549,item_8348,0.120386881724791
scene_2,user_4549,item_878,0.120386881724791
scene_2,user_4549,item_9311,0.120386881724791
scene_2,user_5084,item_9431,0.29488643195052716
scene_2,user_5084,item_1151,0.120386881724791
scene_2,user_5084,item_1400,0.120386881724791
scene_2,user_5084,item_1976,0.120386881724791
scene_2,user_5084,item_3113,0.120386881724791
scene_2,user_5084,item_5036,0.120386881724791
scene_2,user_5084,item_5363,0.120386881724791
scene_2,user_5084,item_6335,0.120386881724791
scene_2,user_5084,item_812,0.120386881724791
scene_2,user_5084,item_8348,0.120386881724791
scene_2,user_5084,item_878,0.120386881724791
scene_2,user_5084,item_9311,0.120386881724791
scene_2,user_7662,item_9431,0.29488643195052716
scene_2,user_7662,item_1151,0.120386881724791
scene_2,user_7662,item_1400,0.120386881724791
scene_2,user_7662,item_1976,0.120386881724791
scene_2,user_7662,item_3113,0.120386881724791
scene_2,user_7662,item_5036,0.120386881724791
scene_2,user_7662,item_5363,0.120386881724791
scene_2,user_7662,item_6335,0.120386881724791
scene_2,user_7662,item_812,0.120386881724791
scene_2,user_7662,item_8348,0.120386881724791
scene_2,user_7662,item_878,0.120386881724791
scene_2,user_7662,item_9311,0.120386881724791
scene_2,user_5553,item_9431,0.29488643195052716
scene_2,user_5553,item_1151,0.120386881724791
scene_2,user_5553,item_1400,0.120386881724791
scene_2,user_5553,item_1976,0.120386881724791
scene_2,user_5553,item_3113,0.120386881724791
scene_2,user_5553,item_5036,0.120386881724791
scene_2,user_5553,item_5363,0.120386881724791
scene_2,user_5553,item_6335,0.120386881724791
scene_2,user_5553,item_812,0.120386881724791
scene_2,user_5553,item_8348,0.120386881724791
scene_2,user_5553,item_878,0.120386881724791
scene_2,user_5553,item_9311,0.120386881724791
scene_2,user_5101,item_7772,0.5100697232983947
scene_2,user_2515,item_7772,0.5100697232983947
scene_2,user_549,item_5312,0.30709257318568767
scene_2,user_549,item_9080,0.30709257318568767
scene_2,user_6372,item_5312,0.30709257318568767
scene_2,user_6372,item_9080,0.30709257318568767
scene_2,user_2694,item_5312,0.21714724095162588
scene_2,user_2694,item_6080,0.20851619571212315
scene_2,user_2694,item_671,0.20851619571212315
scene_2,user_2694,item_962,0.20851619571212315
scene_2,user_3042,item_5312,0.30709257318568767
scene_2,user_3042,item_9080,0.30709257318568767
scene_2,user_7300,item_5312,0.30709257318568767
scene_2,user_7300,item_9080,0.30709257318568767
scene_2,user_9224,item_5312,0.30709257318568767
scene_2,user_9224,item_9080,0.30709257318568767
scene_2,user_638,item_5312,0.30709257318568767
scene_2,user_638,item_9080,0.30709257318568767
scene_2,user_4791,item_5312,0.30709257318568767
scene_2,user_4791,item_9080,0.30709257318568767
scene_2,user_9489,item_3080,0.43935014561520125
scene_2,user_9489,item_6617,0.43935014561520125
scene_2,user_2776,item_3080,0.43935014561520125
scene_2,user_2776,item_6617,0.43935014561520125
scene_2,user_4912,item_3080,0.31066746727980593
scene_2,user_9378,item_6617,0.31066746727980593
scene_2,user_2017,item_3599,0.5255268625199613
scene_2,user_2017,item_788,0.5255268625199613
scene_2,user_4508,item_1607,0.36067376022224085
scene_2,user_3273,item_1607,0.5100697232983947
scene_2,user_3273,item_2975,0.5100697232983947
scene_2,user_7318,item_5000,0.31066746727980593
scene_2,user_7318,item_8606,0.22755980665670933
scene_2,user_9314,item_8606,0.32181816482491765
scene_2,user_9314,item_9668,0.32181816482491765
scene_2,user_4813,item_8606,0.32181816482491765
scene_2,user_4813,item_9668,0.32181816482491765
scene_2,user_8348,item_8606,0.32181816482491765
scene_2,user_8348,item_9668,0.32181816482491765
scene_2,user_5705,item_9668,0.22755980665670933
scene_2,user_6550,item_8606,0.32181816482491765
scene_2,user_6550,item_9668,0.32181816482491765
scene_2,user_8946,item_8606,0.32181816482491765
scene_2,user_8946,item_9668,0.32181816482491765
scene_2,user_1346,item_8606,0.32181816482491765
scene_2,user_1346,item_9668,0.32181816482491765
scene_2,user_9016,item_1337,0.5100697232983947
scene_2,user_9016,item_3443,0.5100697232983947
scene_2,user_7659,item_1337,0.36067376022224085
scene_2,user_5201,item_3350,0.3633810027301768
scene_2,user_5201,item_6023,0.3633810027301768
scene_2,user_3201,item_3350,0.3633810027301768
scene_2,user_3201,item_6023,0.3633810027301768
scene_2,user_1952,item_3350,0.3633810027301768
scene_2,user_1952,item_6023,0.3633810027301768
scene_2,user_4167,item_3350,0.3633810027301768
scene_2,user_4167,item_6023,0.3633810027301768
scene_2,user_3776,item_5828,0.39464380868665966
scene_2,user_3776,item_9500,0.3222253204769533
scene_2,user_3776,item_9749,0.3222253204769533
scene_2,user_3776,item_7511,0.2790553132756236
scene_2,user_3776,item_761,0.2790553132756236
scene_2,user_3776,item_9848,0.2790553132756236
scene_2,user_3776,item_1151,0.16111266023847665
scene_2,user_3776,item_1400,0.16111266023847665
scene_2,user_3776,item_1976,0.16111266023847665
scene_2,user_3776,item_3113,0.16111266023847665
scene_2,user_3776,item_5036,0.16111266023847665
scene_2,user_3776,item_5363,0.16111266023847665
scene_2,user_3776,item_6335,0.16111266023847665
scene_2,user_3776,item_812,0.16111266023847665
scene_2,user_3776,item_8255,0.16111266023847665
scene_2,user_3776,item_878,0.16111266023847665
scene_2,user_3776,item_9311,0.16111266023847665
scene_2,user_8643,item_9848,0.2874203874684604
scene_2,user_8643,item_5828,0.22784770917926217
scene_2,user_8643,item_7511,0.16111266023847665
scene_2,user_8643,item_761,0.16111266023847665
scene_2,user_8643,item_3269,0.15469474114205034
scene_2,user_8643,item_9602,0.12630772722998374
scene_2,user_8643,item_1151,0.0930184377585412
scene_2,user_8643,item_1400,0.0930184377585412
scene_2,user_8643,item_1976,0.0930184377585412
scene_2,user_8643,item_3113,0.0930184377585412
scene_2,user_8643,item_5036,0.0930184377585412
scene_2,user_8643,item_5363,0.0930184377585412
scene_2,user_8643,item_6335,0.0930184377585412
scene_2,user_8643,item_812,0.0930184377585412
scene_2,user_8643,item_8255,0.0930184377585412
scene_2,user_8643,item_878,0.0930184377585412
scene_2,user_8643,item_9311,0.0930184377585412
scene_2,user_20,item_2048,0.5255268625199613
scene_2,user_20,item_2450,0.5255268625199613
scene_2,user_114,item_167,0.6436363296498353
scene_2,user_3857,item_2309,0.29488643195052716
scene_2,user_3857,item_7481,0.29488643195052716
scene_2,user_3857,item_8180,0.29488643195052716
scene_2,user_3857,item_9149,0.29488643195052716
scene_2,user_4097,item_2309,0.29488643195052716
scene_2,user_4097,item_7481,0.29488643195052716
scene_2,user_4097,item_8180,0.29488643195052716
scene_2,user_4097,item_9149,0.29488643195052716
scene_2,user_6205,item_2309,0.20851619571212315
scene_2,user_6205,item_7481,0.20851619571212315
scene_2,user_6205,item_8180,0.20851619571212315
scene_2,user_9893,item_2309,0.29488643195052716
scene_2,user_9893,item_7481,0.29488643195052716
scene_2,user_9893,item_8180,0.29488643195052716
scene_2,user_9893,item_9149,0.29488643195052716
scene_2,user_5014,item_2309,0.29488643195052716
scene_2,user_5014,item_7481,0.29488643195052716
scene_2,user_5014,item_8180,0.29488643195052716
scene_2,user_5014,item_9149,0.29488643195052716
scene_2,user_9601,item_2309,0.29488643195052716
scene_2,user_9601,item_7481,0.29488643195052716
scene_2,user_9601,item_8180,0.29488643195052716
scene_2,user_9601,item_9149,0.29488643195052716
scene_2,user_9753,item_2309,0.29488643195052716
scene_2,user_9753,item_7481,0.29488643195052716
scene_2,user_9753,item_8180,0.29488643195052716
scene_2,user_9753,item_9149,0.29488643195052716
scene_2,user_8373,item_521,0.31066746727980593
scene_2,user_1338,item_8891,0.39464380868665966
scene_2,user_6849,item_8891,0.39464380868665966
scene_2,user_6687,item_8891,0.39464380868665966
scene_2,user_492,item_8891,0.39464380868665966
scene_2,user_2430,item_7922,0.5100697232983947
scene_2,user_6466,item_7922,0.5100697232983947
scene_2,user_3342,item_4661,0.37160360818355515
scene_2,user_3342,item_5147,0.37160360818355515
scene_2,user_3342,item_6734,0.36067376022224085
scene_2,user_8474,item_5996,0.5100697232983947
scene_2,user_8474,item_6251,0.5100697232983947
scene_2,user_3247,item_6671,0.5255268625199613
scene_2,user_3247,item_8918,0.5255268625199613
scene_2,user_6789,item_6836,0.39464380868665966
scene_2,user_3023,item_6836,0.39464380868665966
scene_2,user_655,item_6836,0.39464380868665966
scene_2,user_8947,item_6836,0.39464380868665966
scene_2,user_8528,item_1811,0.39464380868665966
scene_2,user_8528,item_4907,0.39464380868665966
scene_2,user_1133,item_1811,0.39464380868665966
scene_2,user_1133,item_4907,0.39464380868665966
scene_2,user_2118,item_1811,0.39464380868665966
scene_2,user_2118,item_4907,0.39464380868665966
scene_2,user_8999,item_4838,0.5255268625199613
scene_2,user_8999,item_6443,0.5255268625199613
scene_2,user_6165,item_158,0.3400464821989298
scene_2,user_6165,item_2756,0.3400464821989298
scene_2,user_6165,item_6260,0.3400464821989298
scene_2,user_7314,item_2756,0.24044917348149392
scene_2,user_7314,item_6260,0.24044917348149392
scene_2,user_8910,item_158,0.3400464821989298
scene_2,user_8910,item_2756,0.3400464821989298
scene_2,user_8910,item_6260,0.3400464821989298
scene_2,user_146,item_158,0.3400464821989298
scene_2,user_146,item_2756,0.3400464821989298
scene_2,user_146,item_6260,0.3400464821989298
scene_2,user_1646,item_158,0.3400464821989298
scene_2,user_1646,item_2756,0.3400464821989298
scene_2,user_1646,item_6260,0.3400464821989298
scene_2,user_5708,item_2909,0.39464380868665966
scene_2,user_5708,item_2564,0.2790553132756236
scene_2,user_5708,item_5837,0.2790553132756236
scene_2,user_5708,item_7379,0.2790553132756236
scene_2,user_8086,item_2909,0.39464380868665966
scene_2,user_8086,item_2564,0.2790553132756236
scene_2,user_8086,item_5837,0.2790553132756236
scene_2,user_8086,item_7379,0.2790553132756236
scene_2,user_6653,item_2909,0.39464380868665966
scene_2,user_6653,item_2564,0.2790553132756236
scene_2,user_6653,item_5837,0.2790553132756236
scene_2,user_6653,item_7379,0.2790553132756236
scene_2,user_433,item_2564,0.19732190434332983
scene_2,user_433,item_5837,0.19732190434332983
scene_2,user_433,item_7379,0.19732190434332983
scene_2,user_4234,item_3842,0.39464380868665966
scene_2,user_3332,item_3842,0.39464380868665966
scene_2,user_9390,item_3842,0.39464380868665966
scene_2,user_5891,item_3842,0.39464380868665966
scene_2,user_1774,item_4997,0.3400464821989298
scene_2,user_1774,item_7448,0.3400464821989298
scene_2,user_1774,item_6029,0.2776467900719271
scene_2,user_1774,item_9416,0.2776467900719271
scene_2,user_1694,item_4997,0.3400464821989298
scene_2,user_1694,item_7448,0.3400464821989298
scene_2,user_1694,item_6029,0.2776467900719271
scene_2,user_1694,item_9416,0.2776467900719271
scene_2,user_4189,item_4997,0.3400464821989298
scene_2,user_4189,item_7448,0.3400464821989298
scene_2,user_4189,item_6029,0.2776467900719271
scene_2,user_4189,item_9416,0.2776467900719271
scene_2,user_6797,item_4997,0.3400464821989298
scene_2,user_6797,item_7448,0.3400464821989298
scene_2,user_6797,item_6029,0.2776467900719271
scene_2,user_6797,item_9416,0.2776467900719271
scene_2,user_1025,item_2420,0.3400464821989298
scene_2,user_1025,item_4304,0.3400464821989298
scene_2,user_1025,item_95,0.3400464821989298
scene_2,user_1025,item_2084,0.2776467900719271
scene_2,user_1025,item_8963,0.2776467900719271
scene_2,user_4966,item_2420,0.3400464821989298
scene_2,user_4966,item_4304,0.3400464821989298
scene_2,user_4966,item_95,0.3400464821989298
scene_2,user_4966,item_2084,0.2776467900719271
scene_2,user_4966,item_8963,0.2776467900719271
scene_2,user_6960,item_2420,0.3400464821989298
scene_2,user_6960,item_4304,0.3400464821989298
scene_2,user_6960,item_95,0.3400464821989298
scene_2,user_6960,item_2084,0.2776467900719271
scene_2,user_6960,item_8963,0.2776467900719271
scene_2,user_914,item_8789,0.36067376022224085
scene_2,user_914,item_2420,0.24044917348149392
scene_2,user_914,item_4304,0.24044917348149392
scene_2,user_914,item_2084,0.19632592803453744
scene_2,user_914,item_8963,0.19632592803453744
scene_2,user_5964,item_2609,0.22784770917926217
scene_2,user_5964,item_5648,0.22784770917926217
scene_2,user_5512,item_2339,0.39464380868665966
scene_2,user_5512,item_2609,0.3222253204769533
scene_2,user_5512,item_5648,0.3222253204769533
scene_2,user_4545,item_2339,0.39464380868665966
scene_2,user_4545,item_2609,0.3222253204769533
scene_2,user_4545,item_5648,0.3222253204769533
scene_2,user_8209,item_2339,0.39464380868665966
scene_2,user_8209,item_2609,0.3222253204769533
scene_2,user_8209,item_5648,0.3222253204769533
scene_2,user_6143,item_1592,0.43935014561520125
scene_2,user_6143,item_4100,0.43935014561520125
scene_2,user_6143,item_8993,0.35872789172491043
scene_2,user_6143,item_9248,0.35872789172491043
scene_2,user_6281,item_1592,0.25365892483943775
scene_2,user_6281,item_4100,0.25365892483943775
scene_2,user_6281,item_8183,0.22784770917926217
scene_2,user_6281,item_326,0.19632592803453744
scene_2,user_6281,item_1262,0.16111266023847665
scene_2,user_6281,item_1694,0.16111266023847665
scene_2,user_6281,item_4616,0.16111266023847665
scene_2,user_6281,item_482,0.1602994489876626
scene_2,user_6281,item_518,0.1602994489876626
scene_2,user_1235,item_2825,0.36067376022224085
scene_2,user_1235,item_740,0.36067376022224085
scene_2,user_1235,item_3575,0.2944888920518062
scene_2,user_1235,item_731,0.2944888920518062
scene_2,user_2733,item_740,0.5100697232983947
scene_2,user_2733,item_9179,0.5100697232983947
scene_2,user_9306,item_7556,0.6436363296498353
scene_2,user_1743,item_2537,0.3400464821989298
scene_2,user_1743,item_3212,0.3400464821989298
scene_2,user_1743,item_7505,0.3400464821989298
scene_2,user_4164,item_2537,0.24044917348149392
scene_2,user_4164,item_3212,0.24044917348149392
scene_2,user_4270,item_2537,0.3400464821989298
scene_2,user_4270,item_3212,0.3400464821989298
scene_2,user_4270,item_7505,0.3400464821989298
scene_2,user_1549,item_2537,0.3400464821989298
scene_2,user_1549,item_3212,0.3400464821989298
scene_2,user_1549,item_7505,0.3400464821989298
scene_2,user_24,item_2537,0.3400464821989298
scene_2,user_24,item_3212,0.3400464821989298
scene_2,user_24,item_7505,0.3400464821989298
scene_2,user_5598,item_1304,0.39464380868665966
scene_2,user_5598,item_629,0.39464380868665966
scene_2,user_7648,item_1304,0.39464380868665966
scene_2,user_7648,item_629,0.39464380868665966
scene_2,user_7377,item_1304,0.39464380868665966
scene_2,user_7377,item_629,0.39464380868665966
scene_2,user_4209,item_3593,0.36067376022224085
scene_2,user_4209,item_6038,0.2944888920518062
scene_2,user_4209,item_6125,0.2944888920518062
scene_2,user_9351,item_4703,0.31066746727980593
scene_2,user_9351,item_8696,0.31066746727980593
scene_2,user_6061,item_131,0.31066746727980593
scene_2,user_6061,item_4703,0.31066746727980593
scene_2,user_3587,item_131,0.43935014561520125
scene_2,user_3587,item_4703,0.43935014561520125
scene_2,user_3587,item_8696,0.43935014561520125
scene_2,user_1480,item_3047,0.43935014561520125
scene_2,user_1480,item_3953,0.35872789172491043
scene_2,user_1480,item_8153,0.35872789172491043
scene_2,user_4024,item_3047,0.43935014561520125
scene_2,user_4024,item_3953,0.35872789172491043
scene_2,user_4024,item_8153,0.35872789172491043
scene_2,user_2739,item_2996,0.43935014561520125
scene_2,user_9896,item_2996,0.43935014561520125
scene_2,user_4112,item_2996,0.43935014561520125
scene_2,user_3235,item_6845,0.6436363296498353
scene_2,user_5543,item_5960,0.5100697232983947
scene_2,user_8715,item_5960,0.5100697232983947
scene_2,user_8638,item_6380,0.39464380868665966
scene_2,user_9824,item_6380,0.39464380868665966
scene_2,user_5069,item_6380,0.39464380868665966
scene_2,user_4899,item_6380,0.39464380868665966
scene_2,user_7604,item_3746,0.4164701851078906
scene_2,user_7604,item_8597,0.4164701851078906
scene_2,user_8466,item_3746,0.4164701851078906
scene_2,user_8466,item_8597,0.4164701851078906
scene_2,user_7247,item_8612,0.6436363296498353
scene_2,user_5846,item_5588,0.3400464821989298
scene_2,user_5846,item_6347,0.3400464821989298
scene_2,user_5846,item_5480,0.2776467900719271
scene_2,user_5846,item_7640,0.2776467900719271
scene_2,user_1742,item_5588,0.3400464821989298
scene_2,user_1742,item_6347,0.3400464821989298
scene_2,user_1742,item_5480,0.2776467900719271
scene_2,user_1742,item_7640,0.2776467900719271
scene_2,user_8014,item_5588,0.3400464821989298
scene_2,user_8014,item_6347,0.3400464821989298
scene_2,user_8014,item_5480,0.2776467900719271
scene_2,user_8014,item_7640,0.2776467900719271
scene_2,user_8200,item_5588,0.3400464821989298
scene_2,user_8200,item_6347,0.3400464821989298
scene_2,user_8200,item_5480,0.2776467900719271
scene_2,user_8200,item_7640,0.2776467900719271
scene_2,user_2090,item_5501,0.32181816482491765
scene_2,user_2090,item_8081,0.32181816482491765
scene_2,user_2090,item_8729,0.32181816482491765
scene_2,user_2090,item_8786,0.32181816482491765
scene_2,user_2090,item_9137,0.32181816482491765
scene_2,user_2916,item_5501,0.22755980665670933
scene_2,user_2916,item_8081,0.22755980665670933
scene_2,user_2916,item_8729,0.22755980665670933
scene_2,user_2916,item_8786,0.22755980665670933
scene_2,user_8755,item_5501,0.32181816482491765
scene_2,user_8755,item_8081,0.32181816482491765
scene_2,user_8755,item_8729,0.32181816482491765
scene_2,user_8755,item_8786,0.32181816482491765
scene_2,user_8755,item_9137,0.32181816482491765
scene_2,user_9950,item_488,0.25694917118487537
scene_2,user_9950,item_5504,0.25694917118487537
scene_2,user_9950,item_5501,0.22755980665670933
scene_2,user_9950,item_8081,0.22755980665670933
scene_2,user_9950,item_8786,0.22755980665670933
scene_2,user_9950,item_9137,0.22755980665670933
scene_2,user_7521,item_5501,0.22755980665670933
scene_2,user_7521,item_8081,0.22755980665670933
scene_2,user_7521,item_8729,0.22755980665670933
scene_2,user_7521,item_9137,0.22755980665670933
scene_2,user_4450,item_5501,0.32181816482491765
scene_2,user_4450,item_8081,0.32181816482491765
scene_2,user_4450,item_8729,0.32181816482491765
scene_2,user_4450,item_8786,0.32181816482491765
scene_2,user_4450,item_9137,0.32181816482491765
scene_2,user_6535,item_488,0.3633810027301768
scene_2,user_6535,item_5504,0.3633810027301768
scene_2,user_6535,item_8717,0.3633810027301768
scene_2,user_868,item_488,0.3633810027301768
scene_2,user_868,item_5504,0.3633810027301768
scene_2,user_868,item_8717,0.3633810027301768
scene_2,user_1153,item_5504,0.25694917118487537
scene_2,user_1153,item_8717,0.25694917118487537
scene_2,user_6456,item_488,0.3633810027301768
scene_2,user_6456,item_5504,0.3633810027301768
scene_2,user_6456,item_8717,0.3633810027301768
scene_2,user_5071,item_6998,0.32181816482491765
scene_2,user_6724,item_6998,0.32181816482491765
scene_2,user_5238,item_6998,0.32181816482491765
scene_2,user_7705,item_6998,0.32181816482491765
scene_2,user_8377,item_6998,0.32181816482491765
scene_2,user_5780,item_6998,0.32181816482491765
scene_2,user_6794,item_6998,0.32181816482491765
scene_2,user_3375,item_4796,0.3633810027301768
scene_2,user_3375,item_3257,0.29669934630327804
scene_2,user_3375,item_689,0.29669934630327804
scene_2,user_3375,item_1151,0.14834967315163902
scene_2,user_3375,item_1400,0.14834967315163902
scene_2,user_3375,item_1976,0.14834967315163902
scene_2,user_3375,item_3113,0.14834967315163902
scene_2,user_3375,item_5036,0.14834967315163902
scene_2,user_3375,item_5363,0.14834967315163902
scene_2,user_3375,item_6335,0.14834967315163902
scene_2,user_3375,item_812,0.14834967315163902
scene_2,user_3375,item_8255,0.14834967315163902
scene_2,user_3375,item_8348,0.14834967315163902
scene_2,user_3375,item_9311,0.14834967315163902
scene_2,user_1513,item_4796,0.3633810027301768
scene_2,user_1513,item_3257,0.29669934630327804
scene_2,user_1513,item_689,0.29669934630327804
scene_2,user_1513,item_1151,0.14834967315163902
scene_2,user_1513,item_1400,0.14834967315163902
scene_2,user_1513,item_1976,0.14834967315163902
scene_2,user_1513,item_3113,0.14834967315163902
scene_2,user_1513,item_5036,0.14834967315163902
scene_2,user_1513,item_5363,0.14834967315163902
scene_2,user_1513,item_6335,0.14834967315163902
scene_2,user_1513,item_812,0.14834967315163902
scene_2,user_1513,item_8255,0.14834967315163902
scene_2,user_1513,item_8348,0.14834967315163902
scene_2,user_1513,item_9311,0.14834967315163902
scene_2,user_5908,item_4796,0.3633810027301768
scene_2,user_5908,item_3257,0.29669934630327804
scene_2,user_5908,item_689,0.29669934630327804
scene_2,user_5908,item_1151,0.14834967315163902
scene_2,user_5908,item_1400,0.14834967315163902
scene_2,user_5908,item_1976,0.14834967315163902
scene_2,user_5908,item_3113,0.14834967315163902
scene_2,user_5908,item_5036,0.14834967315163902
scene_2,user_5908,item_5363,0.14834967315163902
scene_2,user_5908,item_6335,0.14834967315163902
scene_2,user_5908,item_812,0.14834967315163902
scene_2,user_5908,item_8255,0.14834967315163902
scene_2,user_5908,item_8348,0.14834967315163902
scene_2,user_5908,item_9311,0.14834967315163902
scene_2,user_689,item_5843,0.43935014561520125
scene_2,user_689,item_3914,0.35872789172491043
scene_2,user_689,item_899,0.35872789172491043
scene_2,user_5133,item_5843,0.25365892483943775
scene_2,user_5133,item_1472,0.15469474114205034
scene_2,user_5133,item_410,0.15469474114205034
scene_2,user_5133,item_5909,0.15469474114205034
scene_2,user_5133,item_4022,0.12630772722998374
scene_2,user_5133,item_5777,0.12630772722998374
scene_2,user_2496,item_5843,0.43935014561520125
scene_2,user_2496,item_3914,0.35872789172491043
scene_2,user_2496,item_899,0.35872789172491043
scene_2,user_9919,item_8717,0.30709257318568767
scene_2,user_6665,item_8717,0.30709257318568767
scene_2,user_6088,item_8717,0.30709257318568767
scene_2,user_8713,item_8717,0.30709257318568767
scene_2,user_9795,item_8717,0.30709257318568767
scene_2,user_6585,item_8717,0.30709257318568767
scene_2,user_9114,item_8717,0.30709257318568767
scene_2,user_5730,item_8717,0.30709257318568767
scene_2,user_1054,item_95,0.39464380868665966
scene_2,user_1054,item_4205,0.3222253204769533
scene_2,user_1054,item_9341,0.3222253204769533
scene_2,user_8359,item_95,0.39464380868665966
scene_2,user_8359,item_4205,0.3222253204769533
scene_2,user_8359,item_9341,0.3222253204769533
scene_2,user_1936,item_95,0.22784770917926217
scene_2,user_1936,item_662,0.18580180409177757
scene_2,user_1936,item_9329,0.18580180409177757
scene_2,user_3630,item_8561,0.36067376022224085
scene_2,user_3630,item_4205,0.22784770917926217
scene_2,user_3630,item_9341,0.22784770917926217
scene_2,user_4294,item_95,0.39464380868665966
scene_2,user_4294,item_4205,0.3222253204769533
scene_2,user_4294,item_9341,0.3222253204769533
scene_2,user_5815,item_3599,0.39464380868665966
scene_2,user_5815,item_5744,0.3222253204769533
scene_2,user_5815,item_6974,0.3222253204769533
scene_2,user_8722,item_3599,0.39464380868665966
scene_2,user_8722,item_5744,0.3222253204769533
scene_2,user_8722,item_6974,0.3222253204769533
scene_2,user_7348,item_3599,0.39464380868665966
scene_2,user_7348,item_5744,0.3222253204769533
scene_2,user_7348,item_6974,0.3222253204769533
scene_2,user_5129,item_7496,0.45511961331341866
scene_2,user_1011,item_1286,0.39464380868665966
scene_2,user_1011,item_7343,0.39464380868665966
scene_2,user_9122,item_1286,0.39464380868665966
scene_2,user_9122,item_7343,0.39464380868665966
scene_2,user_3316,item_1286,0.39464380868665966
scene_2,user_3316,item_7343,0.39464380868665966
scene_2,user_2473,item_521,0.43935014561520125
scene_2,user_2473,item_839,0.43935014561520125
scene_2,user_4604,item_839,0.31066746727980593
scene_2,user_4931,item_521,0.43935014561520125
scene_2,user_4931,item_839,0.43935014561520125
scene_2,user_9339,item_6671,0.5255268625199613
scene_2,user_9339,item_8471,0.5255268625199613
scene_2,user_8087,item_9590,0.2790553132756236
scene_2,user_1533,item_3164,0.39464380868665966
scene_2,user_1533,item_9590,0.39464380868665966
scene_2,user_2438,item_3164,0.39464380868665966
scene_2,user_2438,item_9590,0.39464380868665966
scene_2,user_1748,item_3164,0.39464380868665966
scene_2,user_1748,item_9590,0.39464380868665966
scene_2,user_1784,item_3164,0.2790553132756236
scene_2,user_1784,item_7682,0.19632592803453744
scene_2,user_1784,item_9068,0.19632592803453744
scene_2,user_8902,item_1286,0.5100697232983947
scene_2,user_8902,item_6713,0.5100697232983947
scene_2,user_1993,item_9425,0.5100697232983947
scene_2,user_5557,item_9410,0.36067376022224085
scene_2,user_2788,item_9425,0.5100697232983947
scene_2,user_5670,item_8009,0.43935014561520125
scene_2,user_4229,item_8009,0.43935014561520125
scene_2,user_8392,item_8009,0.43935014561520125
scene_2,user_1753,item_2084,0.39464380868665966
scene_2,user_8935,item_2084,0.39464380868665966
scene_2,user_2766,item_2084,0.39464380868665966
scene_2,user_4711,item_2084,0.39464380868665966
scene_2,user_1840,item_1472,0.2679391513217467
scene_2,user_1840,item_410,0.2679391513217467
scene_2,user_1840,item_5909,0.2679391513217467
scene_2,user_1840,item_3914,0.21877140095088282
scene_2,user_1840,item_4022,0.21877140095088282
scene_2,user_1840,item_5777,0.21877140095088282
scene_2,user_1840,item_8780,0.21877140095088282
scene_2,user_8103,item_1472,0.2679391513217467
scene_2,user_8103,item_410,0.2679391513217467
scene_2,user_8103,item_5909,0.2679391513217467
scene_2,user_8103,item_3914,0.21877140095088282
scene_2,user_8103,item_4022,0.21877140095088282
scene_2,user_8103,item_5777,0.21877140095088282
scene_2,user_8103,item_8780,0.21877140095088282
scene_2,user_5407,item_1472,0.1894615908449756
scene_2,user_5407,item_5909,0.1894615908449756
scene_2,user_5407,item_3914,0.15469474114205034
scene_2,user_5407,item_4022,0.15469474114205034
scene_2,user_5407,item_5777,0.15469474114205034
scene_2,user_5407,item_8780,0.15469474114205034
scene_2,user_5982,item_1472,0.2679391513217467
scene_2,user_5982,item_410,0.2679391513217467
scene_2,user_5982,item_5909,0.2679391513217467
scene_2,user_5982,item_3914,0.21877140095088282
scene_2,user_5982,item_4022,0.21877140095088282
scene_2,user_5982,item_5777,0.21877140095088282
scene_2,user_5982,item_8780,0.21877140095088282
scene_2,user_710,item_1472,0.2679391513217467
scene_2,user_710,item_410,0.2679391513217467
scene_2,user_710,item_5909,0.2679391513217467
scene_2,user_710,item_3914,0.21877140095088282
scene_2,user_710,item_4022,0.21877140095088282
scene_2,user_710,item_5777,0.21877140095088282
scene_2,user_710,item_8780,0.21877140095088282
scene_2,user_737,item_410,0.1894615908449756
scene_2,user_737,item_5909,0.1894615908449756
scene_2,user_737,item_3914,0.15469474114205034
scene_2,user_737,item_4022,0.15469474114205034
scene_2,user_737,item_5777,0.15469474114205034
scene_2,user_737,item_8780,0.15469474114205034
scene_2,user_455,item_1472,0.2679391513217467
scene_2,user_455,item_410,0.2679391513217467
scene_2,user_455,item_5909,0.2679391513217467
scene_2,user_455,item_3914,0.21877140095088282
scene_2,user_455,item_4022,0.21877140095088282
scene_2,user_455,item_5777,0.21877140095088282
scene_2,user_455,item_8780,0.21877140095088282
scene_2,user_5186,item_1472,0.2679391513217467
scene_2,user_5186,item_410,0.2679391513217467
scene_2,user_5186,item_5909,0.2679391513217467
scene_2,user_5186,item_3914,0.21877140095088282
scene_2,user_5186,item_4022,0.21877140095088282
scene_2,user_5186,item_5777,0.21877140095088282
scene_2,user_5186,item_8780,0.21877140095088282
scene_2,user_9866,item_1472,0.2679391513217467
scene_2,user_9866,item_410,0.2679391513217467
scene_2,user_9866,item_5909,0.2679391513217467
scene_2,user_9866,item_3914,0.21877140095088282
scene_2,user_9866,item_4022,0.21877140095088282
scene_2,user_9866,item_5777,0.21877140095088282
scene_2,user_9866,item_8780,0.21877140095088282
scene_2,user_8669,item_1472,0.2679391513217467
scene_2,user_8669,item_410,0.2679391513217467
scene_2,user_8669,item_5909,0.2679391513217467
scene_2,user_8669,item_3914,0.21877140095088282
scene_2,user_8669,item_4022,0.21877140095088282
scene_2,user_8669,item_5777,0.21877140095088282
scene_2,user_8669,item_8780,0.21877140095088282
scene_2,user_5340,item_8183,0.39464380868665966
scene_2,user_5340,item_8570,0.3222253204769533
scene_2,user_5340,item_9248,0.3222253204769533
scene_2,user_5340,item_1262,0.2790553132756236
scene_2,user_5340,item_1694,0.2790553132756236
scene_2,user_5340,item_4616,0.2790553132756236
scene_2,user_9850,item_8183,0.39464380868665966
scene_2,user_9850,item_8570,0.3222253204769533
scene_2,user_9850,item_9248,0.3222253204769533
scene_2,user_9850,item_1262,0.2790553132756236
scene_2,user_9850,item_1694,0.2790553132756236
scene_2,user_9850,item_4616,0.2790553132756236
scene_2,user_3102,item_11,0.31066746727980593
scene_2,user_3102,item_881,0.31066746727980593
scene_2,user_3270,item_11,0.43935014561520125
scene_2,user_3270,item_2642,0.43935014561520125
scene_2,user_3270,item_881,0.43935014561520125
scene_2,user_3655,item_11,0.31066746727980593
scene_2,user_3655,item_2642,0.31066746727980593
scene_2,user_8150,item_8153,0.5100697232983947
scene_2,user_623,item_8153,0.5100697232983947
scene_2,user_2117,item_2018,0.6436363296498353
scene_2,user_959,item_8849,0.3633810027301768
scene_2,user_4293,item_8849,0.3633810027301768
scene_2,user_5655,item_8849,0.3633810027301768
scene_2,user_4865,item_8849,0.3633810027301768
scene_2,user_6669,item_8849,0.3633810027301768
scene_2,user_5813,item_548,0.5255268625199613
scene_2,user_5813,item_6563,0.5255268625199613
scene_2,user_6854,item_6080,0.29488643195052716
scene_2,user_6854,item_671,0.29488643195052716
scene_2,user_6854,item_8267,0.29488643195052716
scene_2,user_6854,item_962,0.29488643195052716
scene_2,user_9124,item_671,0.20851619571212315
scene_2,user_9124,item_8267,0.20851619571212315
scene_2,user_9124,item_962,0.20851619571212315
scene_2,user_6457,item_6080,0.29488643195052716
scene_2,user_6457,item_671,0.29488643195052716
scene_2,user_6457,item_8267,0.29488643195052716
scene_2,user_6457,item_962,0.29488643195052716
scene_2,user_2112,item_6080,0.20851619571212315
scene_2,user_2112,item_671,0.20851619571212315
scene_2,user_2112,item_8267,0.20851619571212315
scene_2,user_1030,item_6080,0.29488643195052716
scene_2,user_1030,item_671,0.29488643195052716
scene_2,user_1030,item_8267,0.29488643195052716
scene_2,user_1030,item_962,0.29488643195052716
scene_2,user_2573,item_6080,0.29488643195052716
scene_2,user_2573,item_671,0.29488643195052716
scene_2,user_2573,item_8267,0.29488643195052716
scene_2,user_2573,item_962,0.29488643195052716
scene_2,user_1955,item_6080,0.29488643195052716
scene_2,user_1955,item_671,0.29488643195052716
scene_2,user_1955,item_8267,0.29488643195052716
scene_2,user_1955,item_962,0.29488643195052716
scene_2,user_4934,item_6080,0.29488643195052716
scene_2,user_4934,item_671,0.29488643195052716
scene_2,user_4934,item_8267,0.29488643195052716
scene_2,user_4934,item_962,0.29488643195052716
scene_2,user_3447,item_2315,0.36067376022224085
scene_2,user_3447,item_365,0.2944888920518062
scene_2,user_3447,item_4436,0.2944888920518062
scene_2,user_5293,item_6734,0.5100697232983947
scene_2,user_5293,item_842,0.5100697232983947
scene_2,user_465,item_7154,0.5100697232983947
scene_2,user_1967,item_7154,0.5100697232983947
scene_2,user_5912,item_5483,0.43935014561520125
scene_2,user_605,item_5483,0.43935014561520125
scene_2,user_7955,item_5483,0.43935014561520125
scene_2,user_1415,item_5018,0.3400464821989298
scene_2,user_1415,item_5126,0.3400464821989298
scene_2,user_1415,item_9881,0.3400464821989298
scene_2,user_1415,item_1307,0.2776467900719271
scene_2,user_1415,item_3476,0.2776467900719271
scene_2,user_1415,item_5495,0.2776467900719271
scene_2,user_1415,item_6845,0.2776467900719271
scene_2,user_4998,item_5018,0.3400464821989298
scene_2,user_4998,item_5126,0.3400464821989298
scene_2,user_4998,item_9881,0.3400464821989298
scene_2,user_4998,item_1307,0.2776467900719271
scene_2,user_4998,item_3476,0.2776467900719271
scene_2,user_4998,item_5495,0.2776467900719271
scene_2,user_4998,item_6845,0.2776467900719271
scene_2,user_327,item_1904,0.2944888920518062
scene_2,user_327,item_3896,0.2944888920518062
scene_2,user_327,item_5018,0.24044917348149392
scene_2,user_327,item_5126,0.24044917348149392
scene_2,user_327,item_1307,0.19632592803453744
scene_2,user_327,item_3476,0.19632592803453744
scene_2,user_327,item_5495,0.19632592803453744
scene_2,user_327,item_6845,0.19632592803453744
scene_2,user_7962,item_8717,0.43935014561520125
scene_2,user_7954,item_8717,0.43935014561520125
scene_2,user_7165,item_8717,0.43935014561520125
scene_2,user_7709,item_8375,0.5100697232983947
scene_2,user_2418,item_8375,0.5100697232983947
scene_2,user_1225,item_3263,0.3633810027301768
scene_2,user_1225,item_4091,0.3633810027301768
scene_2,user_5581,item_3263,0.3633810027301768
scene_2,user_5581,item_4091,0.3633810027301768
scene_2,user_9492,item_3263,0.3633810027301768
scene_2,user_9492,item_4091,0.3633810027301768
scene_2,user_1976,item_3263,0.3633810027301768
scene_2,user_1976,item_4091,0.3633810027301768
scene_2,user_1651,item_7757,0.31066746727980593
scene_2,user_3553,item_1835,0.43935014561520125
scene_2,user_3553,item_7757,0.43935014561520125
scene_2,user_2815,item_1835,0.43935014561520125
scene_2,user_2815,item_7757,0.43935014561520125
scene_2,user_4769,item_8573,0.36067376022224085
scene_2,user_4769,item_3575,0.2944888920518062
scene_2,user_4769,item_731,0.2944888920518062
scene_2,user_1111,item_1766,0.5255268625199613
scene_2,user_1111,item_6341,0.5255268625199613
scene_2,user_763,item_710,0.43935014561520125
scene_2,user_763,item_167,0.35872789172491043
scene_2,user_763,item_5693,0.35872789172491043
scene_2,user_7479,item_710,0.43935014561520125
scene_2,user_7479,item_167,0.35872789172491043
scene_2,user_7479,item_5693,0.35872789172491043
scene_2,user_6309,item_692,0.39464380868665966
scene_2,user_6309,item_9641,0.39464380868665966
scene_2,user_5976,item_692,0.39464380868665966
scene_2,user_5976,item_9641,0.39464380868665966
scene_2,user_1180,item_692,0.39464380868665966
scene_2,user_1180,item_9641,0.39464380868665966
scene_2,user_4622,item_692,0.2790553132756236
scene_2,user_9285,item_326,0.3400464821989298
scene_2,user_9285,item_482,0.2776467900719271
scene_2,user_9285,item_518,0.2776467900719271
scene_2,user_9285,item_8570,0.2776467900719271
scene_2,user_9285,item_8993,0.2776467900719271
scene_2,user_4094,item_326,0.3400464821989298
scene_2,user_4094,item_482,0.2776467900719271
scene_2,user_4094,item_518,0.2776467900719271
scene_2,user_4094,item_8570,0.2776467900719271
scene_2,user_4094,item_8993,0.2776467900719271
scene_2,user_232,item_326,0.3400464821989298
scene_2,user_232,item_482,0.2776467900719271
scene_2,user_232,item_518,0.2776467900719271
scene_2,user_232,item_8570,0.2776467900719271
scene_2,user_232,item_8993,0.2776467900719271
scene_2,user_5391,item_482,0.19632592803453744
scene_2,user_5391,item_518,0.19632592803453744
scene_2,user_5391,item_8570,0.19632592803453744
scene_2,user_5391,item_8993,0.19632592803453744
scene_2,user_2924,item_326,0.3400464821989298
scene_2,user_2924,item_482,0.2776467900719271
scene_2,user_2924,item_518,0.2776467900719271
scene_2,user_2924,item_8570,0.2776467900719271
scene_2,user_2924,item_8993,0.2776467900719271
scene_2,user_7859,item_4742,0.6436363296498353
scene_2,user_3742,item_4220,0.43935014561520125
scene_2,user_3742,item_6656,0.43935014561520125
scene_2,user_518,item_4220,0.43935014561520125
scene_2,user_518,item_6656,0.43935014561520125
scene_2,user_9070,item_5984,0.43935014561520125
scene_2,user_9070,item_731,0.43935014561520125
scene_2,user_4049,item_5984,0.43935014561520125
scene_2,user_4049,item_731,0.43935014561520125
scene_2,user_6465,item_4571,0.3633810027301768
scene_2,user_6465,item_7754,0.3633810027301768
scene_2,user_6465,item_1151,0.14834967315163902
scene_2,user_6465,item_1400,0.14834967315163902
scene_2,user_6465,item_1976,0.14834967315163902
scene_2,user_6465,item_3113,0.14834967315163902
scene_2,user_6465,item_5036,0.14834967315163902
scene_2,user_6465,item_5363,0.14834967315163902
scene_2,user_6465,item_6335,0.14834967315163902
scene_2,user_6465,item_812,0.14834967315163902
scene_2,user_6465,item_8255,0.14834967315163902
scene_2,user_6465,item_8348,0.14834967315163902
scene_2,user_6465,item_878,0.14834967315163902
scene_2,user_5937,item_4571,0.3633810027301768
scene_2,user_5937,item_7754,0.3633810027301768
scene_2,user_5937,item_1151,0.14834967315163902
scene_2,user_5937,item_1400,0.14834967315163902
scene_2,user_5937,item_1976,0.14834967315163902
scene_2,user_5937,item_3113,0.14834967315163902
scene_2,user_5937,item_5036,0.14834967315163902
scene_2,user_5937,item_5363,0.14834967315163902
scene_2,user_5937,item_6335,0.14834967315163902
scene_2,user_5937,item_812,0.14834967315163902
scene_2,user_5937,item_8255,0.14834967315163902
scene_2,user_5937,item_8348,0.14834967315163902
scene_2,user_5937,item_878,0.14834967315163902
scene_2,user_3231,item_4571,0.25694917118487537
scene_2,user_3231,item_1151,0.10489905987233188
scene_2,user_3231,item_1400,0.10489905987233188
scene_2,user_3231,item_1976,0.10489905987233188
scene_2,user_3231,item_3113,0.10489905987233188
scene_2,user_3231,item_5036,0.10489905987233188
scene_2,user_3231,item_5363,0.10489905987233188
scene_2,user_3231,item_6335,0.10489905987233188
scene_2,user_3231,item_812,0.10489905987233188
scene_2,user_3231,item_8255,0.10489905987233188
scene_2,user_3231,item_8348,0.10489905987233188
scene_2,user_3231,item_878,0.10489905987233188
scene_2,user_4125,item_7754,0.25694917118487537
scene_2,user_4125,item_1151,0.10489905987233188
scene_2,user_4125,item_1400,0.10489905987233188
scene_2,user_4125,item_1976,0.10489905987233188
scene_2,user_4125,item_3113,0.10489905987233188
scene_2,user_4125,item_5036,0.10489905987233188
scene_2,user_4125,item_5363,0.10489905987233188
scene_2,user_4125,item_6335,0.10489905987233188
scene_2,user_4125,item_812,0.10489905987233188
scene_2,user_4125,item_8255,0.10489905987233188
scene_2,user_4125,item_8348,0.10489905987233188
scene_2,user_4125,item_878,0.10489905987233188
scene_2,user_5933,item_4571,0.3633810027301768
scene_2,user_5933,item_7754,0.3633810027301768
scene_2,user_5933,item_1151,0.14834967315163902
scene_2,user_5933,item_1400,0.14834967315163902
scene_2,user_5933,item_1976,0.14834967315163902
scene_2,user_5933,item_3113,0.14834967315163902
scene_2,user_5933,item_5036,0.14834967315163902
scene_2,user_5933,item_5363,0.14834967315163902
scene_2,user_5933,item_6335,0.14834967315163902
scene_2,user_5933,item_812,0.14834967315163902
scene_2,user_5933,item_8255,0.14834967315163902
scene_2,user_5933,item_8348,0.14834967315163902
scene_2,user_5933,item_878,0.14834967315163902
scene_2,user_9425,item_4958,0.6436363296498353
scene_2,user_5916,item_662,0.32181816482491765
scene_2,user_5916,item_9329,0.32181816482491765
scene_2,user_5916,item_4205,0.26276343125998064
scene_2,user_5916,item_8789,0.26276343125998064
scene_2,user_9072,item_662,0.32181816482491765
scene_2,user_9072,item_9329,0.32181816482491765
scene_2,user_9072,item_4205,0.26276343125998064
scene_2,user_9072,item_8789,0.26276343125998064
scene_2,user_9769,item_662,0.32181816482491765
scene_2,user_9769,item_9329,0.32181816482491765
scene_2,user_9769,item_4205,0.26276343125998064
scene_2,user_9769,item_8789,0.26276343125998064
scene_2,user_8012,item_662,0.32181816482491765
scene_2,user_8012,item_9329,0.32181816482491765
scene_2,user_8012,item_4205,0.26276343125998064
scene_2,user_8012,item_8789,0.26276343125998064
scene_2,user_5175,item_662,0.22755980665670933
scene_2,user_5175,item_4205,0.18580180409177757
scene_2,user_5175,item_8789,0.18580180409177757
scene_2,user_9437,item_662,0.32181816482491765
scene_2,user_9437,item_9329,0.32181816482491765
scene_2,user_9437,item_4205,0.26276343125998064
scene_2,user_9437,item_8789,0.26276343125998064
scene_2,user_1071,item_1670,0.3633810027301768
scene_2,user_9646,item_1670,0.3633810027301768
scene_2,user_6771,item_1670,0.3633810027301768
scene_2,user_2509,item_1670,0.3633810027301768
scene_2,user_9161,item_1670,0.3633810027301768
scene_2,user_6732,item_2018,0.39464380868665966
scene_2,user_3888,item_2018,0.39464380868665966
scene_2,user_9367,item_2018,0.39464380868665966
scene_2,user_980,item_2018,0.39464380868665966
scene_2,user_2696,item_1991,0.3633810027301768
scene_2,user_2696,item_791,0.3633810027301768
scene_2,user_2696,item_3152,0.29669934630327804
scene_2,user_2696,item_9446,0.29669934630327804
scene_2,user_4610,item_1991,0.3633810027301768
scene_2,user_4610,item_791,0.3633810027301768
scene_2,user_4610,item_3152,0.29669934630327804
scene_2,user_4610,item_9446,0.29669934630327804
scene_2,user_1017,item_1991,0.25694917118487537
scene_2,user_1017,item_3152,0.20979811974466375
scene_2,user_1017,item_9446,0.20979811974466375
scene_2,user_7222,item_1991,0.3633810027301768
scene_2,user_7222,item_791,0.3633810027301768
scene_2,user_7222,item_3152,0.29669934630327804
scene_2,user_7222,item_9446,0.29669934630327804
scene_2,user_6891,item_4934,0.39464380868665966
scene_2,user_6891,item_7853,0.39464380868665966
scene_2,user_6989,item_4934,0.39464380868665966
scene_2,user_6989,item_7853,0.39464380868665966
scene_2,user_3848,item_4934,0.39464380868665966
scene_2,user_3848,item_7853,0.39464380868665966
scene_2,user_9746,item_689,0.39464380868665966
scene_2,user_9746,item_9425,0.39464380868665966
scene_2,user_5395,item_689,0.39464380868665966
scene_2,user_5395,item_9425,0.39464380868665966
scene_2,user_5351,item_689,0.39464380868665966
scene_2,user_5351,item_9425,0.39464380868665966
scene_2,user_6509,item_8942,0.36067376022224085
scene_2,user_6509,item_689,0.2790553132756236
scene_2,user_6970,item_6029,0.5255268625199613
scene_2,user_6970,item_8549,0.5255268625199613
scene_2,user_21,item_8942,0.5100697232983947
scene_2,user_21,item_9410,0.5100697232983947
scene_2,user_462,item_2441,0.43935014561520125
scene_2,user_462,item_6347,0.43935014561520125
scene_2,user_9174,item_2441,0.43935014561520125
scene_2,user_9174,item_6347,0.43935014561520125
scene_2,user_836,item_8255,0.5100697232983947
scene_2,user_836,item_3857,0.4164701851078906
scene_2,user_836,item_4091,0.4164701851078906
scene_2,user_6487,item_2654,0.6436363296498353
scene_2,user_1811,item_1307,0.6436363296498353
scene_2,user_305,item_3152,0.4164701851078906
scene_2,user_305,item_9392,0.4164701851078906
scene_2,user_8923,item_3152,0.4164701851078906
scene_2,user_8923,item_9392,0.4164701851078906
scene_2,user_3120,item_7481,0.6436363296498353
scene_2,user_2067,item_2780,0.36067376022224085
scene_2,user_2067,item_3905,0.2944888920518062
scene_2,user_2067,item_9821,0.2944888920518062
scene_2,user_2067,item_6884,0.17729997979489165
scene_2,user_2067,item_8183,0.17729997979489165
scene_2,user_5824,item_8561,0.5100697232983947
scene_2,user_5824,item_8789,0.5100697232983947
scene_2,user_3013,item_953,0.3400464821989298
scene_2,user_3013,item_1508,0.2776467900719271
scene_2,user_3013,item_3863,0.2776467900719271
scene_2,user_7150,item_953,0.3400464821989298
scene_2,user_7150,item_1508,0.2776467900719271
scene_2,user_7150,item_3863,0.2776467900719271
scene_2,user_4660,item_953,0.3400464821989298
scene_2,user_4660,item_1508,0.2776467900719271
scene_2,user_4660,item_3863,0.2776467900719271
scene_2,user_1708,item_953,0.3400464821989298
scene_2,user_1708,item_1508,0.2776467900719271
scene_2,user_1708,item_3863,0.2776467900719271
scene_2,user_5657,item_953,0.3400464821989298
scene_2,user_5657,item_1508,0.2776467900719271
scene_2,user_5657,item_3863,0.2776467900719271
scene_2,user_2391,item_1232,0.20851619571212315
scene_2,user_2391,item_308,0.20851619571212315
scene_2,user_2391,item_3167,0.20851619571212315
scene_2,user_2391,item_5816,0.20851619571212315
scene_2,user_2391,item_1508,0.19632592803453744
scene_2,user_2391,item_3863,0.19632592803453744
scene_2,user_6672,item_8348,0.4164701851078906
scene_2,user_6672,item_9749,0.4164701851078906
scene_2,user_7754,item_8348,0.4164701851078906
scene_2,user_7754,item_9749,0.4164701851078906
scene_2,user_7840,item_6104,0.36067376022224085
scene_2,user_7972,item_5924,0.5100697232983947
scene_2,user_7972,item_6104,0.5100697232983947
scene_2,user_1921,item_308,0.20851619571212315
scene_2,user_1921,item_3167,0.20851619571212315
scene_2,user_1921,item_5816,0.20851619571212315
scene_2,user_1921,item_950,0.20851619571212315
scene_2,user_7911,item_1232,0.29488643195052716
scene_2,user_7911,item_308,0.29488643195052716
scene_2,user_7911,item_3167,0.29488643195052716
scene_2,user_7911,item_5816,0.29488643195052716
scene_2,user_7911,item_950,0.29488643195052716
scene_2,user_7354,item_1232,0.29488643195052716
scene_2,user_7354,item_308,0.29488643195052716
scene_2,user_7354,item_3167,0.29488643195052716
scene_2,user_7354,item_5816,0.29488643195052716
scene_2,user_7354,item_950,0.29488643195052716
scene_2,user_101,item_1232,0.29488643195052716
scene_2,user_101,item_308,0.29488643195052716
scene_2,user_101,item_3167,0.29488643195052716
scene_2,user_101,item_5816,0.29488643195052716
scene_2,user_101,item_950,0.29488643195052716
scene_2,user_9461,item_1232,0.29488643195052716
scene_2,user_9461,item_308,0.29488643195052716
scene_2,user_9461,item_3167,0.29488643195052716
scene_2,user_9461,item_5816,0.29488643195052716
scene_2,user_9461,item_950,0.29488643195052716
scene_2,user_3877,item_1232,0.29488643195052716
scene_2,user_3877,item_308,0.29488643195052716
scene_2,user_3877,item_3167,0.29488643195052716
scene_2,user_3877,item_5816,0.29488643195052716
scene_2,user_3877,item_950,0.29488643195052716
scene_2,user_9271,item_4016,0.5100697232983947
scene_2,user_5715,item_4016,0.5100697232983947
scene_2,user_5789,item_6824,0.43935014561520125
scene_2,user_6402,item_6824,0.43935014561520125
scene_2,user_4652,item_6824,0.43935014561520125
scene_2,user_239,item_8042,0.5100697232983947
scene_2,user_8823,item_8042,0.5100697232983947
scene_2,user_336,item_8927,0.3400464821989298
scene_2,user_336,item_7682,0.2776467900719271
scene_2,user_336,item_9068,0.2776467900719271
scene_2,user_3941,item_8927,0.3400464821989298
scene_2,user_3941,item_7682,0.2776467900719271
scene_2,user_3941,item_9068,0.2776467900719271
scene_2,user_8316,item_8927,0.3400464821989298
scene_2,user_8316,item_7682,0.2776467900719271
scene_2,user_8316,item_9068,0.2776467900719271
scene_2,user_8396,item_8927,0.3400464821989298
scene_2,user_8396,item_7682,0.2776467900719271
scene_2,user_8396,item_9068,0.2776467900719271
scene_2,user_7624,item_8927,0.3400464821989298
scene_2,user_7624,item_7682,0.2776467900719271
scene_2,user_7624,item_9068,0.2776467900719271
scene_2,user_3432,item_9824,0.43935014561520125
scene_2,user_2872,item_9824,0.43935014561520125
scene_2,user_4724,item_9824,0.43935014561520125
scene_2,user_7622,item_9080,0.5100697232983947
scene_2,user_175,item_9080,0.5100697232983947
scene_2,user_3832,item_1094,0.3633810027301768
scene_2,user_3832,item_2126,0.3633810027301768
scene_2,user_3832,item_7574,0.3633810027301768
scene_2,user_149,item_1094,0.3633810027301768
scene_2,user_149,item_2126,0.3633810027301768
scene_2,user_149,item_7574,0.3633810027301768
scene_2,user_5404,item_1094,0.3633810027301768
scene_2,user_5404,item_2126,0.3633810027301768
scene_2,user_5404,item_7574,0.3633810027301768
scene_2,user_4663,item_4052,0.6436363296498353
scene_2,user_4451,item_2813,0.31066746727980593
scene_2,user_5633,item_2813,0.43935014561520125
scene_2,user_5633,item_4310,0.43935014561520125
scene_2,user_3949,item_2813,0.43935014561520125
scene_2,user_3949,item_4310,0.43935014561520125
scene_2,user_2488,item_7019,0.25694917118487537
scene_2,user_2488,item_7904,0.25694917118487537
scene_2,user_6624,item_7019,0.3633810027301768
scene_2,user_6624,item_7904,0.3633810027301768
scene_2,user_6624,item_9830,0.3633810027301768
scene_2,user_552,item_7019,0.3633810027301768
scene_2,user_552,item_7904,0.3633810027301768
scene_2,user_552,item_9830,0.3633810027301768
scene_2,user_5873,item_7019,0.3633810027301768
scene_2,user_5873,item_7904,0.3633810027301768
scene_2,user_5873,item_9830,0.3633810027301768
scene_2,user_7800,item_4907,0.3633810027301768
scene_2,user_7800,item_4619,0.29669934630327804
scene_2,user_7800,item_7772,0.29669934630327804
scene_2,user_6916,item_4907,0.3633810027301768
scene_2,user_6916,item_4619,0.29669934630327804
scene_2,user_6916,item_7772,0.29669934630327804
scene_2,user_1294,item_4907,0.3633810027301768
scene_2,user_1294,item_4619,0.29669934630327804
scene_2,user_1294,item_7772,0.29669934630327804
scene_2,user_571,item_4907,0.3633810027301768
scene_2,user_571,item_4619,0.29669934630327804
scene_2,user_571,item_7772,0.29669934630327804
scene_2,user_8759,item_5000,0.43935014561520125
scene_2,user_8759,item_8300,0.43935014561520125
scene_2,user_6139,item_5000,0.43935014561520125
scene_2,user_6139,item_8300,0.43935014561520125
scene_2,user_8236,item_2387,0.5100697232983947
scene_2,user_9823,item_2387,0.5100697232983947
scene_2,user_7895,item_8657,0.6436363296498353
scene_2,user_6114,item_7085,0.6436363296498353
scene_2,user_8108,item_5129,0.3633810027301768
scene_2,user_8108,item_515,0.3633810027301768
scene_2,user_8108,item_62,0.3633810027301768
scene_2,user_3071,item_5129,0.3633810027301768
scene_2,user_3071,item_515,0.3633810027301768
scene_2,user_3071,item_62,0.3633810027301768
scene_2,user_7263,item_5129,0.3633810027301768
scene_2,user_7263,item_515,0.3633810027301768
scene_2,user_7263,item_62,0.3633810027301768
scene_2,user_6537,item_515,0.25694917118487537
scene_2,user_6537,item_62,0.25694917118487537
scene_2,user_4250,item_6425,0.6436363296498353
scene_2,user_2408,item_2726,0.43935014561520125
scene_2,user_3596,item_2726,0.43935014561520125
scene_2,user_7501,item_2726,0.43935014561520125
scene_2,user_5046,item_3269,0.2679391513217467
scene_2,user_5046,item_8348,0.21877140095088282
scene_2,user_5046,item_9500,0.21877140095088282
scene_2,user_5046,item_9602,0.21877140095088282
scene_2,user_5046,item_9848,0.21877140095088282
scene_2,user_1340,item_3269,0.2679391513217467
scene_2,user_1340,item_8348,0.21877140095088282
scene_2,user_1340,item_9500,0.21877140095088282
scene_2,user_1340,item_9602,0.21877140095088282
scene_2,user_1340,item_9848,0.21877140095088282
scene_2,user_9168,item_3269,0.2679391513217467
scene_2,user_9168,item_8348,0.21877140095088282
scene_2,user_9168,item_9500,0.21877140095088282
scene_2,user_9168,item_9602,0.21877140095088282
scene_2,user_9168,item_9848,0.21877140095088282
scene_2,user_7877,item_8348,0.3056716730924389
scene_2,user_7877,item_7511,0.17936394586245522
scene_2,user_7877,item_761,0.17936394586245522
scene_2,user_7877,item_3269,0.15469474114205034
scene_2,user_7877,item_9500,0.12630772722998374
scene_2,user_1510,item_3269,0.2679391513217467
scene_2,user_1510,item_8348,0.21877140095088282
scene_2,user_1510,item_9500,0.21877140095088282
scene_2,user_1510,item_9602,0.21877140095088282
scene_2,user_1510,item_9848,0.21877140095088282
scene_2,user_8059,item_3269,0.2679391513217467
scene_2,user_8059,item_8348,0.21877140095088282
scene_2,user_8059,item_9500,0.21877140095088282
scene_2,user_8059,item_9602,0.21877140095088282
scene_2,user_8059,item_9848,0.21877140095088282
scene_2,user_6776,item_3269,0.2679391513217467
scene_2,user_6776,item_8348,0.21877140095088282
scene_2,user_6776,item_9500,0.21877140095088282
scene_2,user_6776,item_9602,0.21877140095088282
scene_2,user_6776,item_9848,0.21877140095088282
scene_2,user_458,item_3269,0.2679391513217467
scene_2,user_458,item_8348,0.21877140095088282
scene_2,user_458,item_9500,0.21877140095088282
scene_2,user_458,item_9602,0.21877140095088282
scene_2,user_458,item_9848,0.21877140095088282
scene_2,user_8260,item_3269,0.2679391513217467
scene_2,user_8260,item_8348,0.21877140095088282
scene_2,user_8260,item_9500,0.21877140095088282
scene_2,user_8260,item_9602,0.21877140095088282
scene_2,user_8260,item_9848,0.21877140095088282
scene_2,user_2495,item_3269,0.2679391513217467
scene_2,user_2495,item_8348,0.21877140095088282
scene_2,user_2495,item_9500,0.21877140095088282
scene_2,user_2495,item_9602,0.21877140095088282
scene_2,user_2495,item_9848,0.21877140095088282
scene_2,user_7890,item_3269,0.2679391513217467
scene_2,user_7890,item_8348,0.21877140095088282
scene_2,user_7890,item_9500,0.21877140095088282
scene_2,user_7890,item_9602,0.21877140095088282
scene_2,user_7890,item_9848,0.21877140095088282
scene_2,user_271,item_4355,0.30709257318568767
scene_2,user_271,item_5399,0.30709257318568767
scene_2,user_7627,item_4355,0.30709257318568767
scene_2,user_7627,item_5399,0.30709257318568767
scene_2,user_696,item_4355,0.30709257318568767
scene_2,user_696,item_5399,0.30709257318568767
scene_2,user_3780,item_4355,0.30709257318568767
scene_2,user_3780,item_5399,0.30709257318568767
scene_2,user_7210,item_4355,0.30709257318568767
scene_2,user_7210,item_5399,0.30709257318568767
scene_2,user_6502,item_4355,0.30709257318568767
scene_2,user_6502,item_5399,0.30709257318568767
scene_2,user_7742,item_4355,0.30709257318568767
scene_2,user_7742,item_5399,0.30709257318568767
scene_2,user_8987,item_101,0.4164701851078906
scene_2,user_8987,item_5834,0.4164701851078906
scene_2,user_1312,item_101,0.4164701851078906
scene_2,user_1312,item_5834,0.4164701851078906
scene_2,user_1815,item_3458,0.43935014561520125
scene_2,user_1815,item_4850,0.43935014561520125
scene_2,user_5966,item_3458,0.43935014561520125
scene_2,user_5966,item_4850,0.43935014561520125
scene_2,user_9074,item_4325,0.43935014561520125
scene_2,user_6637,item_4325,0.43935014561520125
scene_2,user_9187,item_4325,0.43935014561520125
scene_2,user_7176,item_3905,0.35872789172491043
scene_2,user_7176,item_9482,0.35872789172491043
scene_2,user_7960,item_3905,0.35872789172491043
scene_2,user_7960,item_9482,0.35872789172491043
scene_2,user_4944,item_3905,0.35872789172491043
scene_2,user_4944,item_9482,0.35872789172491043
scene_2,user_3854,item_3356,0.32181816482491765
scene_2,user_3854,item_1400,0.26276343125998064
scene_2,user_3854,item_740,0.26276343125998064
scene_2,user_6383,item_3356,0.32181816482491765
scene_2,user_6383,item_1400,0.26276343125998064
scene_2,user_6383,item_740,0.26276343125998064
scene_2,user_798,item_3356,0.32181816482491765
scene_2,user_798,item_1400,0.26276343125998064
scene_2,user_798,item_740,0.26276343125998064
scene_2,user_9613,item_3356,0.32181816482491765
scene_2,user_9613,item_1400,0.26276343125998064
scene_2,user_9613,item_740,0.26276343125998064
scene_2,user_9149,item_3356,0.32181816482491765
scene_2,user_9149,item_1400,0.26276343125998064
scene_2,user_9149,item_740,0.26276343125998064
scene_2,user_5656,item_3356,0.32181816482491765
scene_2,user_5656,item_1400,0.26276343125998064
scene_2,user_5656,item_740,0.26276343125998064
scene_2,user_8058,item_1505,0.5255268625199613
scene_2,user_8058,item_1913,0.5255268625199613
scene_2,user_7567,item_9602,0.35872789172491043
scene_2,user_7567,item_9749,0.35872789172491043
scene_2,user_7567,item_7511,0.31066746727980593
scene_2,user_7567,item_761,0.31066746727980593
scene_2,user_7567,item_8348,0.31066746727980593
scene_2,user_2348,item_9602,0.35872789172491043
scene_2,user_2348,item_9749,0.35872789172491043
scene_2,user_2348,item_7511,0.31066746727980593
scene_2,user_2348,item_761,0.31066746727980593
scene_2,user_2348,item_8348,0.31066746727980593
scene_2,user_6921,item_9122,0.5100697232983947
scene_2,user_6921,item_1904,0.4164701851078906
scene_2,user_6921,item_3896,0.4164701851078906
scene_2,user_2846,item_8003,0.45511961331341866
scene_2,user_9511,item_9962,0.39464380868665966
scene_2,user_9511,item_6656,0.3222253204769533
scene_2,user_9511,item_7253,0.3222253204769533
scene_2,user_3320,item_6656,0.22784770917926217
scene_2,user_3320,item_7253,0.22784770917926217
scene_2,user_4179,item_9962,0.39464380868665966
scene_2,user_4179,item_6656,0.3222253204769533
scene_2,user_4179,item_7253,0.3222253204769533
scene_2,user_9154,item_9962,0.39464380868665966
scene_2,user_9154,item_6656,0.3222253204769533
scene_2,user_9154,item_7253,0.3222253204769533
scene_2,user_4146,item_7430,0.6436363296498353
scene_2,user_4185,item_4967,0.5100697232983947
scene_2,user_6376,item_4967,0.5100697232983947
scene_2,user_1951,item_9899,0.43935014561520125
scene_2,user_1751,item_9899,0.43935014561520125
scene_2,user_9284,item_9899,0.43935014561520125
scene_2,user_859,item_4100,0.39464380868665966
scene_2,user_859,item_7904,0.39464380868665966
scene_2,user_7206,item_4100,0.39464380868665966
scene_2,user_7206,item_7904,0.39464380868665966
scene_2,user_7936,item_4100,0.39464380868665966
scene_2,user_7936,item_7904,0.39464380868665966
scene_2,user_6092,item_5666,0.6436363296498353
scene_2,user_1373,item_5036,0.43935014561520125
scene_2,user_1373,item_5834,0.43935014561520125
scene_2,user_8370,item_5036,0.43935014561520125
scene_2,user_8370,item_5834,0.43935014561520125
scene_2,user_1803,item_9482,0.30709257318568767
scene_2,user_1803,item_6884,0.2507400360344115
scene_2,user_1803,item_8183,0.2507400360344115
scene_2,user_9043,item_9482,0.30709257318568767
scene_2,user_9043,item_6884,0.2507400360344115
scene_2,user_9043,item_8183,0.2507400360344115
scene_2,user_8563,item_9482,0.30709257318568767
scene_2,user_8563,item_6884,0.2507400360344115
scene_2,user_8563,item_8183,0.2507400360344115
scene_2,user_3816,item_9482,0.30709257318568767
scene_2,user_3816,item_6884,0.2507400360344115
scene_2,user_3816,item_8183,0.2507400360344115
scene_2,user_3581,item_9482,0.30709257318568767
scene_2,user_3581,item_6884,0.2507400360344115
scene_2,user_3581,item_8183,0.2507400360344115
scene_2,user_2086,item_9482,0.30709257318568767
scene_2,user_2086,item_6884,0.2507400360344115
scene_2,user_2086,item_8183,0.2507400360344115
scene_2,user_4106,item_9482,0.30709257318568767
scene_2,user_4106,item_6884,0.2507400360344115
scene_2,user_4106,item_8183,0.2507400360344115
